"group","source_rel","target_root_rel","target_file","source_sha256","gate","contract_file","contract_sha256"
"systems_dashboard_5min","12_systems_neuroscience_summary/5min_based/figures/Fig_integrated_systems_dashboard.pdf","analyses/systems_dashboard/5min","figures/Fig_integrated_systems_dashboard.pdf","8d43cf620641575c136425a6e7f43aa297a2270b0a950dd0151c5ba90b8a1308","ready","docs/behavior_output_code_contracts/systems_dashboard_5min.csv","9e4afc691c443fc9c24f87f5e677b61f99bc25fac9ae0e32fbaa576a7d038f91"
"systems_dashboard_5min","12_systems_neuroscience_summary/5min_based/figures/Fig_integrated_systems_dashboard.png","analyses/systems_dashboard/5min","figures/Fig_integrated_systems_dashboard.png","8fcf0e00d2fcf7880db83bfb380ddab14c7df31e76448282410d4ae75bfb7c98","ready","docs/behavior_output_code_contracts/systems_dashboard_5min.csv","9e4afc691c443fc9c24f87f5e677b61f99bc25fac9ae0e32fbaa576a7d038f91"
"systems_dashboard_5min","12_systems_neuroscience_summary/5min_based/figures/Fig_integrated_systems_dashboard.svg","analyses/systems_dashboard/5min","figures/Fig_integrated_systems_dashboard.svg","a10585ed45a18394996dc77193c8fe173d745c03944347efe54cd747e0724422","ready","docs/behavior_output_code_contracts/systems_dashboard_5min.csv","9e4afc691c443fc9c24f87f5e677b61f99bc25fac9ae0e32fbaa576a7d038f91"
"systems_dashboard_5min","12_systems_neuroscience_summary/5min_based/figures/interactive/systems_named_biological_scores_files/crosstalk-1.2.2/css/crosstalk.min.css","analyses/systems_dashboard/5min","figures/interactive/systems_named_biological_scores_files/crosstalk-1.2.2/css/crosstalk.min.css","47bfd8c2b16c29c0c5d03656963e26730f7c566f8f7ea9dd4448bbaaca09ca0d","ready","docs/behavior_output_code_contracts/systems_dashboard_5min.csv","9e4afc691c443fc9c24f87f5e677b61f99bc25fac9ae0e32fbaa576a7d038f91"
"systems_dashboard_5min","12_systems_neuroscience_summary/5min_based/figures/interactive/systems_named_biological_scores_files/crosstalk-1.2.2/js/crosstalk.js","analyses/systems_dashboard/5min","figures/interactive/systems_named_biological_scores_files/crosstalk-1.2.2/js/crosstalk.js","6640e1c8218f1f8479ac6fab11b07362e48e82c739ef1f167bb9a504756e169a","ready","docs/behavior_output_code_contracts/systems_dashboard_5min.csv","9e4afc691c443fc9c24f87f5e677b61f99bc25fac9ae0e32fbaa576a7d038f91"
"systems_dashboard_5min","12_systems_neuroscience_summary/5min_based/figures/interactive/systems_named_biological_scores_files/crosstalk-1.2.2/js/crosstalk.js.map","analyses/systems_dashboard/5min","figures/interactive/systems_named_biological_scores_files/crosstalk-1.2.2/js/crosstalk.js.map","e042433b718cb57864be57b6e912cfdfff37e75f0be9d6d27ea91460c964b7cc","ready","docs/behavior_output_code_contracts/systems_dashboard_5min.csv","9e4afc691c443fc9c24f87f5e677b61f99bc25fac9ae0e32fbaa576a7d038f91"
"systems_dashboard_5min","12_systems_neuroscience_summary/5min_based/figures/interactive/systems_named_biological_scores_files/crosstalk-1.2.2/js/crosstalk.min.js","analyses/systems_dashboard/5min","figures/interactive/systems_named_biological_scores_files/crosstalk-1.2.2/js/crosstalk.min.js","abd7f07e2e8acbe5ba7aa3dc76712efaece662fb65560fbbcb3e8fb1df66b2e9","ready","docs/behavior_output_code_contracts/systems_dashboard_5min.csv","9e4afc691c443fc9c24f87f5e677b61f99bc25fac9ae0e32fbaa576a7d038f91"
"systems_dashboard_5min","12_systems_neuroscience_summary/5min_based/figures/interactive/systems_named_biological_scores_files/crosstalk-1.2.2/js/crosstalk.min.js.map","analyses/systems_dashboard/5min","figures/interactive/systems_named_biological_scores_files/crosstalk-1.2.2/js/crosstalk.min.js.map","5ffcb3703b9f002b255ef30d30a0521c08e5c5894c53b8726da6502654a1063a","ready","docs/behavior_output_code_contracts/systems_dashboard_5min.csv","9e4afc691c443fc9c24f87f5e677b61f99bc25fac9ae0e32fbaa576a7d038f91"
"systems_dashboard_5min","12_systems_neuroscience_summary/5min_based/figures/interactive/systems_named_biological_scores_files/crosstalk-1.2.2/scss/crosstalk.scss","analyses/systems_dashboard/5min","figures/interactive/systems_named_biological_scores_files/crosstalk-1.2.2/scss/crosstalk.scss","a2a4d7222509d20ef1ee56291714feceb25fee06e666f37af8e61dc35986d9cd","ready","docs/behavior_output_code_contracts/systems_dashboard_5min.csv","9e4afc691c443fc9c24f87f5e677b61f99bc25fac9ae0e32fbaa576a7d038f91"
"systems_dashboard_5min","12_systems_neuroscience_summary/5min_based/figures/interactive/systems_named_biological_scores_files/htmltools-fill-0.5.9/fill.css","analyses/systems_dashboard/5min","figures/interactive/systems_named_biological_scores_files/htmltools-fill-0.5.9/fill.css","0f41825dd6d8bb9923f39a10cd5de929daf009243c64e3e30fc008e45b8c3325","ready","docs/behavior_output_code_contracts/systems_dashboard_5min.csv","9e4afc691c443fc9c24f87f5e677b61f99bc25fac9ae0e32fbaa576a7d038f91"
"systems_dashboard_5min","12_systems_neuroscience_summary/5min_based/figures/interactive/systems_named_biological_scores_files/htmlwidgets-1.6.4/htmlwidgets.js","analyses/systems_dashboard/5min","figures/interactive/systems_named_biological_scores_files/htmlwidgets-1.6.4/htmlwidgets.js","4578d2a0732228ac3381eb2b3dfd81d30dc1d8000beb96a1b20e4f2088b2b9a4","ready","docs/behavior_output_code_contracts/systems_dashboard_5min.csv","9e4afc691c443fc9c24f87f5e677b61f99bc25fac9ae0e32fbaa576a7d038f91"
"systems_dashboard_5min","12_systems_neuroscience_summary/5min_based/figures/interactive/systems_named_biological_scores_files/jquery-3.5.1/jquery-AUTHORS.txt","analyses/systems_dashboard/5min","figures/interactive/systems_named_biological_scores_files/jquery-3.5.1/jquery-AUTHORS.txt","2e30eead6100c8d506d8606bf67d11713807a179bdca57a9e49974df5eaadbf4","ready","docs/behavior_output_code_contracts/systems_dashboard_5min.csv","9e4afc691c443fc9c24f87f5e677b61f99bc25fac9ae0e32fbaa576a7d038f91"
"systems_dashboard_5min","12_systems_neuroscience_summary/5min_based/figures/interactive/systems_named_biological_scores_files/jquery-3.5.1/jquery.js","analyses/systems_dashboard/5min","figures/interactive/systems_named_biological_scores_files/jquery-3.5.1/jquery.js","416a3b2c3bf16d64f6b5b6d0f7b079df2267614dd6847fc2f3271b4409233c37","ready","docs/behavior_output_code_contracts/systems_dashboard_5min.csv","9e4afc691c443fc9c24f87f5e677b61f99bc25fac9ae0e32fbaa576a7d038f91"
"systems_dashboard_5min","12_systems_neuroscience_summary/5min_based/figures/interactive/systems_named_biological_scores_files/jquery-3.5.1/jquery.min.js","analyses/systems_dashboard/5min","figures/interactive/systems_named_biological_scores_files/jquery-3.5.1/jquery.min.js","f7f6a5894f1d19ddad6fa392b2ece2c5e578cbf7da4ea805b6885eb6985b6e3d","ready","docs/behavior_output_code_contracts/systems_dashboard_5min.csv","9e4afc691c443fc9c24f87f5e677b61f99bc25fac9ae0e32fbaa576a7d038f91"
"systems_dashboard_5min","12_systems_neuroscience_summary/5min_based/figures/interactive/systems_named_biological_scores_files/jquery-3.5.1/jquery.min.map","analyses/systems_dashboard/5min","figures/interactive/systems_named_biological_scores_files/jquery-3.5.1/jquery.min.map","511d6f6d3e7acec78cd2505f04282b6e01329b4c24931f39d91739d0d1ddeef8","ready","docs/behavior_output_code_contracts/systems_dashboard_5min.csv","9e4afc691c443fc9c24f87f5e677b61f99bc25fac9ae0e32fbaa576a7d038f91"
"systems_dashboard_5min","12_systems_neuroscience_summary/5min_based/figures/interactive/systems_named_biological_scores_files/plotly-binding-4.12.0/plotly.js","analyses/systems_dashboard/5min","figures/interactive/systems_named_biological_scores_files/plotly-binding-4.12.0/plotly.js","56288752cfa1613e53ced81ac2769ba23674feebf32cbd171ff5f22a747077e9","ready","docs/behavior_output_code_contracts/systems_dashboard_5min.csv","9e4afc691c443fc9c24f87f5e677b61f99bc25fac9ae0e32fbaa576a7d038f91"
"systems_dashboard_5min","12_systems_neuroscience_summary/5min_based/figures/interactive/systems_named_biological_scores_files/plotly-htmlwidgets-css-2.25.2/plotly-htmlwidgets.css","analyses/systems_dashboard/5min","figures/interactive/systems_named_biological_scores_files/plotly-htmlwidgets-css-2.25.2/plotly-htmlwidgets.css","44356da5c42f304af74d60ee75225f216d5241f353f07fdef30c99536e103d9b","ready","docs/behavior_output_code_contracts/systems_dashboard_5min.csv","9e4afc691c443fc9c24f87f5e677b61f99bc25fac9ae0e32fbaa576a7d038f91"
"systems_dashboard_5min","12_systems_neuroscience_summary/5min_based/figures/interactive/systems_named_biological_scores_files/plotly-main-2.25.2/plotly-latest.min.js","analyses/systems_dashboard/5min","figures/interactive/systems_named_biological_scores_files/plotly-main-2.25.2/plotly-latest.min.js","419deebe105f4c993feb7e6d1fe94fb1c2f7f98716db5d9b8fe3e37773838898","ready","docs/behavior_output_code_contracts/systems_dashboard_5min.csv","9e4afc691c443fc9c24f87f5e677b61f99bc25fac9ae0e32fbaa576a7d038f91"
"systems_dashboard_5min","12_systems_neuroscience_summary/5min_based/figures/interactive/systems_named_biological_scores_files/typedarray-0.1/typedarray.min.js","analyses/systems_dashboard/5min","figures/interactive/systems_named_biological_scores_files/typedarray-0.1/typedarray.min.js","d95dda2a9a0ac6d74f2a473074b9d613b5a43a83b1dbc8590c247d9da1e22b3b","ready","docs/behavior_output_code_contracts/systems_dashboard_5min.csv","9e4afc691c443fc9c24f87f5e677b61f99bc25fac9ae0e32fbaa576a7d038f91"
"systems_dashboard_5min","12_systems_neuroscience_summary/5min_based/figures/interactive/systems_named_biological_scores.html","analyses/systems_dashboard/5min","figures/interactive/systems_named_biological_scores.html","ff98fefdea69ba07546af3b15aff8ebebc557030f47c699fd8ad3b5473c55903","ready","docs/behavior_output_code_contracts/systems_dashboard_5min.csv","9e4afc691c443fc9c24f87f5e677b61f99bc25fac9ae0e32fbaa576a7d038f91"
"systems_dashboard_5min","12_systems_neuroscience_summary/5min_based/figures/publication_panels/Fig_early_active_adaptation_architecture.pdf","analyses/systems_dashboard/5min","figures/publication_panels/Fig_early_active_adaptation_architecture.pdf","609051ddfabf0f552c4de4fb0b055ab1d5273b77983b76be6806a5c6a4bd5158","ready","docs/behavior_output_code_contracts/systems_dashboard_5min.csv","9e4afc691c443fc9c24f87f5e677b61f99bc25fac9ae0e32fbaa576a7d038f91"
"systems_dashboard_5min","12_systems_neuroscience_summary/5min_based/figures/publication_panels/Fig_early_active_adaptation_architecture.png","analyses/systems_dashboard/5min","figures/publication_panels/Fig_early_active_adaptation_architecture.png","a5f30b4c5fdcd786353aa65984febe03e7aeab581b58d52bb56cea8e65a4980a","ready","docs/behavior_output_code_contracts/systems_dashboard_5min.csv","9e4afc691c443fc9c24f87f5e677b61f99bc25fac9ae0e32fbaa576a7d038f91"
"systems_dashboard_5min","12_systems_neuroscience_summary/5min_based/figures/publication_panels/Fig_early_active_adaptation_architecture.svg","analyses/systems_dashboard/5min","figures/publication_panels/Fig_early_active_adaptation_architecture.svg","9a88c5414e5e0606e2a5df5584910a5c92b563b9c63973f012849defe61b1ea2","ready","docs/behavior_output_code_contracts/systems_dashboard_5min.csv","9e4afc691c443fc9c24f87f5e677b61f99bc25fac9ae0e32fbaa576a7d038f91"
"systems_dashboard_5min","12_systems_neuroscience_summary/5min_based/figures/publication_panels/Fig_ethological_phase_transition_structure.pdf","analyses/systems_dashboard/5min","figures/publication_panels/Fig_ethological_phase_transition_structure.pdf","6f8d3807623d023aeb6fd3b1e7d987ce1f7fd7ba6967149f522f9ca8a79222b0","ready","docs/behavior_output_code_contracts/systems_dashboard_5min.csv","9e4afc691c443fc9c24f87f5e677b61f99bc25fac9ae0e32fbaa576a7d038f91"
"systems_dashboard_5min","12_systems_neuroscience_summary/5min_based/figures/publication_panels/Fig_ethological_phase_transition_structure.png","analyses/systems_dashboard/5min","figures/publication_panels/Fig_ethological_phase_transition_structure.png","20d1dd87279813774d69ef551a9c49f2352915d1d174139688a2d7775b3d15a5","ready","docs/behavior_output_code_contracts/systems_dashboard_5min.csv","9e4afc691c443fc9c24f87f5e677b61f99bc25fac9ae0e32fbaa576a7d038f91"
"systems_dashboard_5min","12_systems_neuroscience_summary/5min_based/figures/publication_panels/Fig_ethological_phase_transition_structure.svg","analyses/systems_dashboard/5min","figures/publication_panels/Fig_ethological_phase_transition_structure.svg","16fadc5ec932e4be839dbdbf228d8d684c39a1b185da113eea92f2e42f269444","ready","docs/behavior_output_code_contracts/systems_dashboard_5min.csv","9e4afc691c443fc9c24f87f5e677b61f99bc25fac9ae0e32fbaa576a7d038f91"
"systems_dashboard_5min","12_systems_neuroscience_summary/5min_based/figures/publication_panels/Fig_first_active_entropy_acf1_or_instability.pdf","analyses/systems_dashboard/5min","figures/publication_panels/Fig_first_active_entropy_acf1_or_instability.pdf","bf1dbd960cf734ea549538213024cf1334ca9bd4979bb78b5471ba026ec73088","ready","docs/behavior_output_code_contracts/systems_dashboard_5min.csv","9e4afc691c443fc9c24f87f5e677b61f99bc25fac9ae0e32fbaa576a7d038f91"
"systems_dashboard_5min","12_systems_neuroscience_summary/5min_based/figures/publication_panels/Fig_first_active_entropy_acf1_or_instability.png","analyses/systems_dashboard/5min","figures/publication_panels/Fig_first_active_entropy_acf1_or_instability.png","eec10521bdd204125270e4b7774a3289767aa0f264425d4e00efe4c7d01ac71b","ready","docs/behavior_output_code_contracts/systems_dashboard_5min.csv","9e4afc691c443fc9c24f87f5e677b61f99bc25fac9ae0e32fbaa576a7d038f91"
"systems_dashboard_5min","12_systems_neuroscience_summary/5min_based/figures/publication_panels/Fig_first_active_entropy_acf1_or_instability.svg","analyses/systems_dashboard/5min","figures/publication_panels/Fig_first_active_entropy_acf1_or_instability.svg","f4ca5e16856d931234e474d79305ce7955ccc52071d54f66da2ee463e42d5b1b","ready","docs/behavior_output_code_contracts/systems_dashboard_5min.csv","9e4afc691c443fc9c24f87f5e677b61f99bc25fac9ae0e32fbaa576a7d038f91"
"systems_dashboard_5min","12_systems_neuroscience_summary/5min_based/figures/publication_panels/Fig_first_active_movement_trajectory_by_group_sex.pdf","analyses/systems_dashboard/5min","figures/publication_panels/Fig_first_active_movement_trajectory_by_group_sex.pdf","87a085fb701a64274a5c72906c0f2f48542b5f4977725ae97eea456975f5ab7e","ready","docs/behavior_output_code_contracts/systems_dashboard_5min.csv","9e4afc691c443fc9c24f87f5e677b61f99bc25fac9ae0e32fbaa576a7d038f91"
"systems_dashboard_5min","12_systems_neuroscience_summary/5min_based/figures/publication_panels/Fig_first_active_movement_trajectory_by_group_sex.png","analyses/systems_dashboard/5min","figures/publication_panels/Fig_first_active_movement_trajectory_by_group_sex.png","9b8ed1c8382031b9a2c3de7c2a7c6e2d8d698f431e0d5190bbf21141a78a18e0","ready","docs/behavior_output_code_contracts/systems_dashboard_5min.csv","9e4afc691c443fc9c24f87f5e677b61f99bc25fac9ae0e32fbaa576a7d038f91"
"systems_dashboard_5min","12_systems_neuroscience_summary/5min_based/figures/publication_panels/Fig_first_active_movement_trajectory_by_group_sex.svg","analyses/systems_dashboard/5min","figures/publication_panels/Fig_first_active_movement_trajectory_by_group_sex.svg","82adc4cddeaa6691cfe84eb1f14543c83b9f385c45e462c3cf00b0a27a9be2e0","ready","docs/behavior_output_code_contracts/systems_dashboard_5min.csv","9e4afc691c443fc9c24f87f5e677b61f99bc25fac9ae0e32fbaa576a7d038f91"
"systems_dashboard_5min","12_systems_neuroscience_summary/5min_based/figures/publication_panels/Fig_group_sex_interaction_effects.pdf","analyses/systems_dashboard/5min","figures/publication_panels/Fig_group_sex_interaction_effects.pdf","c93510c340bd208b75670324914f8e235a4b3127c28387141bde06bf9c925e11","ready","docs/behavior_output_code_contracts/systems_dashboard_5min.csv","9e4afc691c443fc9c24f87f5e677b61f99bc25fac9ae0e32fbaa576a7d038f91"
"systems_dashboard_5min","12_systems_neuroscience_summary/5min_based/figures/publication_panels/Fig_group_sex_interaction_effects.png","analyses/systems_dashboard/5min","figures/publication_panels/Fig_group_sex_interaction_effects.png","4ecc82078de1135e2fffcbe6ed8604e9a249c37b085ce3c5d1acac7a77457636","ready","docs/behavior_output_code_contracts/systems_dashboard_5min.csv","9e4afc691c443fc9c24f87f5e677b61f99bc25fac9ae0e32fbaa576a7d038f91"
"systems_dashboard_5min","12_systems_neuroscience_summary/5min_based/figures/publication_panels/Fig_group_sex_interaction_effects.svg","analyses/systems_dashboard/5min","figures/publication_panels/Fig_group_sex_interaction_effects.svg","f9b466dab3c94486e9a852e1365c5d7117c50379df81e83eff935a1af080d3d0","ready","docs/behavior_output_code_contracts/systems_dashboard_5min.csv","9e4afc691c443fc9c24f87f5e677b61f99bc25fac9ae0e32fbaa576a7d038f91"
"systems_dashboard_5min","12_systems_neuroscience_summary/5min_based/figures/publication_panels/Fig_linear_vs_nonlinear_model_ladder.pdf","analyses/systems_dashboard/5min","figures/publication_panels/Fig_linear_vs_nonlinear_model_ladder.pdf","1b1169c38531f26a4383fc9f2d4ea267c6771ecd22fc56a799735ffc88581cdb","ready","docs/behavior_output_code_contracts/systems_dashboard_5min.csv","9e4afc691c443fc9c24f87f5e677b61f99bc25fac9ae0e32fbaa576a7d038f91"
"systems_dashboard_5min","12_systems_neuroscience_summary/5min_based/figures/publication_panels/Fig_linear_vs_nonlinear_model_ladder.png","analyses/systems_dashboard/5min","figures/publication_panels/Fig_linear_vs_nonlinear_model_ladder.png","f5d7718f14b32d67b4131eb5db7cce5180833333d0e8e32351035c8e4fdbc30c","ready","docs/behavior_output_code_contracts/systems_dashboard_5min.csv","9e4afc691c443fc9c24f87f5e677b61f99bc25fac9ae0e32fbaa576a7d038f91"
"systems_dashboard_5min","12_systems_neuroscience_summary/5min_based/figures/publication_panels/Fig_linear_vs_nonlinear_model_ladder.svg","analyses/systems_dashboard/5min","figures/publication_panels/Fig_linear_vs_nonlinear_model_ladder.svg","c30ec4c08f3ab94a31bc9cb6498d033b0fd258f26323b74c2937457e95665dfb","ready","docs/behavior_output_code_contracts/systems_dashboard_5min.csv","9e4afc691c443fc9c24f87f5e677b61f99bc25fac9ae0e32fbaa576a7d038f91"
"systems_dashboard_5min","12_systems_neuroscience_summary/5min_based/figures/publication_panels/Fig_multiscale_behavioral_organization.pdf","analyses/systems_dashboard/5min","figures/publication_panels/Fig_multiscale_behavioral_organization.pdf","f15beab664eecbaeb6f556ee8193a736bc132d5fc80b0c6f2593e71f5dad6a82","ready","docs/behavior_output_code_contracts/systems_dashboard_5min.csv","9e4afc691c443fc9c24f87f5e677b61f99bc25fac9ae0e32fbaa576a7d038f91"
"systems_dashboard_5min","12_systems_neuroscience_summary/5min_based/figures/publication_panels/Fig_multiscale_behavioral_organization.png","analyses/systems_dashboard/5min","figures/publication_panels/Fig_multiscale_behavioral_organization.png","c45400a59aa50c1391a5ba1e3167ea660cc5cb092f1eaf8b2e05355cc0a166fc","ready","docs/behavior_output_code_contracts/systems_dashboard_5min.csv","9e4afc691c443fc9c24f87f5e677b61f99bc25fac9ae0e32fbaa576a7d038f91"
"systems_dashboard_5min","12_systems_neuroscience_summary/5min_based/figures/publication_panels/Fig_multiscale_behavioral_organization.svg","analyses/systems_dashboard/5min","figures/publication_panels/Fig_multiscale_behavioral_organization.svg","54948f90e844f8f9232188c55da17b1696818eec90ee2fa3c347f40fce63a2d1","ready","docs/behavior_output_code_contracts/systems_dashboard_5min.csv","9e4afc691c443fc9c24f87f5e677b61f99bc25fac9ae0e32fbaa576a7d038f91"
"systems_dashboard_5min","12_systems_neuroscience_summary/5min_based/figures/publication_panels/Fig_rest_fragmentation_and_circadian_structure.pdf","analyses/systems_dashboard/5min","figures/publication_panels/Fig_rest_fragmentation_and_circadian_structure.pdf","512841f1e3a96a7d2d631123d6bbec33ee45fea2a3ce5a6df58b68bbe9e82433","ready","docs/behavior_output_code_contracts/systems_dashboard_5min.csv","9e4afc691c443fc9c24f87f5e677b61f99bc25fac9ae0e32fbaa576a7d038f91"
"systems_dashboard_5min","12_systems_neuroscience_summary/5min_based/figures/publication_panels/Fig_rest_fragmentation_and_circadian_structure.png","analyses/systems_dashboard/5min","figures/publication_panels/Fig_rest_fragmentation_and_circadian_structure.png","fbb9274407b08e1782b676224788860cad188a64257e6cf784e11f2352575a5e","ready","docs/behavior_output_code_contracts/systems_dashboard_5min.csv","9e4afc691c443fc9c24f87f5e677b61f99bc25fac9ae0e32fbaa576a7d038f91"
"systems_dashboard_5min","12_systems_neuroscience_summary/5min_based/figures/publication_panels/Fig_rest_fragmentation_and_circadian_structure.svg","analyses/systems_dashboard/5min","figures/publication_panels/Fig_rest_fragmentation_and_circadian_structure.svg","069aafb8f691d6bd212f804799185e99879a7cdb20d5a61de1acd973136bfe5a","ready","docs/behavior_output_code_contracts/systems_dashboard_5min.csv","9e4afc691c443fc9c24f87f5e677b61f99bc25fac9ae0e32fbaa576a7d038f91"
"systems_dashboard_5min","12_systems_neuroscience_summary/5min_based/figures/publication_panels/Fig_sis_active_inactive_domain_heatmap.pdf","analyses/systems_dashboard/5min","figures/publication_panels/Fig_sis_active_inactive_domain_heatmap.pdf","88edf8a8e4d12e360ebce8bdbebde135ef737b10f93e0ede7cc354af2c7eb12d","ready","docs/behavior_output_code_contracts/systems_dashboard_5min.csv","9e4afc691c443fc9c24f87f5e677b61f99bc25fac9ae0e32fbaa576a7d038f91"
"systems_dashboard_5min","12_systems_neuroscience_summary/5min_based/figures/publication_panels/Fig_sis_active_inactive_domain_heatmap.png","analyses/systems_dashboard/5min","figures/publication_panels/Fig_sis_active_inactive_domain_heatmap.png","60efa1027dea12acea99d0120573a435b66232b7f50a4fde4b6ec4a512a83780","ready","docs/behavior_output_code_contracts/systems_dashboard_5min.csv","9e4afc691c443fc9c24f87f5e677b61f99bc25fac9ae0e32fbaa576a7d038f91"
"systems_dashboard_5min","12_systems_neuroscience_summary/5min_based/figures/publication_panels/Fig_sis_active_inactive_domain_heatmap.svg","analyses/systems_dashboard/5min","figures/publication_panels/Fig_sis_active_inactive_domain_heatmap.svg","a6163c86be3746cb61f905e338e97333436a5430ee9afdda07bb7c2c1e0c7692","ready","docs/behavior_output_code_contracts/systems_dashboard_5min.csv","9e4afc691c443fc9c24f87f5e677b61f99bc25fac9ae0e32fbaa576a7d038f91"
"systems_dashboard_5min","12_systems_neuroscience_summary/5min_based/figures/publication_panels/Fig_sis_behavioral_flexibility_trajectory.pdf","analyses/systems_dashboard/5min","figures/publication_panels/Fig_sis_behavioral_flexibility_trajectory.pdf","c14bb80d044f57af6f153faed46b33a54f73ef57b08129d5ee72f83993dd90bc","ready","docs/behavior_output_code_contracts/systems_dashboard_5min.csv","9e4afc691c443fc9c24f87f5e677b61f99bc25fac9ae0e32fbaa576a7d038f91"
"systems_dashboard_5min","12_systems_neuroscience_summary/5min_based/figures/publication_panels/Fig_sis_behavioral_flexibility_trajectory.png","analyses/systems_dashboard/5min","figures/publication_panels/Fig_sis_behavioral_flexibility_trajectory.png","f71c97cc724c556931ecd64d64ab40becff1a69ec82e443fe154df50fe5301ee","ready","docs/behavior_output_code_contracts/systems_dashboard_5min.csv","9e4afc691c443fc9c24f87f5e677b61f99bc25fac9ae0e32fbaa576a7d038f91"
"systems_dashboard_5min","12_systems_neuroscience_summary/5min_based/figures/publication_panels/Fig_sis_behavioral_flexibility_trajectory.svg","analyses/systems_dashboard/5min","figures/publication_panels/Fig_sis_behavioral_flexibility_trajectory.svg","5c477c375c5f8aff673ef1c49941cb63851d64f446bd580237a2aa46bdb43484","ready","docs/behavior_output_code_contracts/systems_dashboard_5min.csv","9e4afc691c443fc9c24f87f5e677b61f99bc25fac9ae0e32fbaa576a7d038f91"
"systems_dashboard_5min","12_systems_neuroscience_summary/5min_based/figures/publication_panels/Fig_sis_CC1_first_active_domain_heatmap.pdf","analyses/systems_dashboard/5min","figures/publication_panels/Fig_sis_CC1_first_active_domain_heatmap.pdf","ac88211bf39b7dcc55cbfb46868b80ee647ffc6d1806e588de0c0bf5d9c9eaf0","ready","docs/behavior_output_code_contracts/systems_dashboard_5min.csv","9e4afc691c443fc9c24f87f5e677b61f99bc25fac9ae0e32fbaa576a7d038f91"
"systems_dashboard_5min","12_systems_neuroscience_summary/5min_based/figures/publication_panels/Fig_sis_CC1_first_active_domain_heatmap.png","analyses/systems_dashboard/5min","figures/publication_panels/Fig_sis_CC1_first_active_domain_heatmap.png","aeb1cf44d8eb7265f0ac8c8e9069f8a014202121f1ef36ea47bd237712264e2d","ready","docs/behavior_output_code_contracts/systems_dashboard_5min.csv","9e4afc691c443fc9c24f87f5e677b61f99bc25fac9ae0e32fbaa576a7d038f91"
"systems_dashboard_5min","12_systems_neuroscience_summary/5min_based/figures/publication_panels/Fig_sis_CC1_first_active_domain_heatmap.svg","analyses/systems_dashboard/5min","figures/publication_panels/Fig_sis_CC1_first_active_domain_heatmap.svg","bcb3404285738bd1b825ed49e888fdb4ccae2f54bdc7971964f9d56b78d7b080","ready","docs/behavior_output_code_contracts/systems_dashboard_5min.csv","9e4afc691c443fc9c24f87f5e677b61f99bc25fac9ae0e32fbaa576a7d038f91"
"systems_dashboard_5min","12_systems_neuroscience_summary/5min_based/figures/publication_panels/Fig_sis_early_prediction_first_active_12h.pdf","analyses/systems_dashboard/5min","figures/publication_panels/Fig_sis_early_prediction_first_active_12h.pdf","ec7db334446cfed0e17687c50bd3ede2af560903c7574efdf5fa066e632b1d77","ready","docs/behavior_output_code_contracts/systems_dashboard_5min.csv","9e4afc691c443fc9c24f87f5e677b61f99bc25fac9ae0e32fbaa576a7d038f91"
"systems_dashboard_5min","12_systems_neuroscience_summary/5min_based/figures/publication_panels/Fig_sis_early_prediction_first_active_12h.png","analyses/systems_dashboard/5min","figures/publication_panels/Fig_sis_early_prediction_first_active_12h.png","6e2e75d0603c09aca5359660c6c67165e24ed97786bf1f8c5fec773fa4e2bc5a","ready","docs/behavior_output_code_contracts/systems_dashboard_5min.csv","9e4afc691c443fc9c24f87f5e677b61f99bc25fac9ae0e32fbaa576a7d038f91"
"systems_dashboard_5min","12_systems_neuroscience_summary/5min_based/figures/publication_panels/Fig_sis_early_prediction_first_active_12h.svg","analyses/systems_dashboard/5min","figures/publication_panels/Fig_sis_early_prediction_first_active_12h.svg","ab4dc58f9ec8e98028de90ffb1ac0f3e5c4ca84c116544967de4fc6a6cf5ace6","ready","docs/behavior_output_code_contracts/systems_dashboard_5min.csv","9e4afc691c443fc9c24f87f5e677b61f99bc25fac9ae0e32fbaa576a7d038f91"
"systems_dashboard_5min","12_systems_neuroscience_summary/5min_based/figures/publication_panels/Fig_sis_first_night_domain_heatmap_5min_sensitivity.pdf","analyses/systems_dashboard/5min","figures/publication_panels/Fig_sis_first_night_domain_heatmap_5min_sensitivity.pdf","53e903ca003bb306666af639b0777a790ba18fc91340affccf8b0639ac16304f","ready","docs/behavior_output_code_contracts/systems_dashboard_5min.csv","9e4afc691c443fc9c24f87f5e677b61f99bc25fac9ae0e32fbaa576a7d038f91"
"systems_dashboard_5min","12_systems_neuroscience_summary/5min_based/figures/publication_panels/Fig_sis_first_night_domain_heatmap_5min_sensitivity.png","analyses/systems_dashboard/5min","figures/publication_panels/Fig_sis_first_night_domain_heatmap_5min_sensitivity.png","1348ccffa23641abec1cc434f06e3d378d62c1d032f8ae2bbf3a77bb5cc4dffd","ready","docs/behavior_output_code_contracts/systems_dashboard_5min.csv","9e4afc691c443fc9c24f87f5e677b61f99bc25fac9ae0e32fbaa576a7d038f91"
"systems_dashboard_5min","12_systems_neuroscience_summary/5min_based/figures/publication_panels/Fig_sis_first_night_domain_heatmap_5min_sensitivity.svg","analyses/systems_dashboard/5min","figures/publication_panels/Fig_sis_first_night_domain_heatmap_5min_sensitivity.svg","10158397fcdfa6a1b6d9c7bd90bcb54f23d9753000bbc86c767b95f87a80f307","ready","docs/behavior_output_code_contracts/systems_dashboard_5min.csv","9e4afc691c443fc9c24f87f5e677b61f99bc25fac9ae0e32fbaa576a7d038f91"
"systems_dashboard_5min","12_systems_neuroscience_summary/5min_based/figures/publication_panels/Fig_sis_hmm_resolution_sensitivity.pdf","analyses/systems_dashboard/5min","figures/publication_panels/Fig_sis_hmm_resolution_sensitivity.pdf","84510e495f999d8da771912cc058bf0fbbfcfb60cc887bb10bd4295d9134d8eb","ready","docs/behavior_output_code_contracts/systems_dashboard_5min.csv","9e4afc691c443fc9c24f87f5e677b61f99bc25fac9ae0e32fbaa576a7d038f91"
"systems_dashboard_5min","12_systems_neuroscience_summary/5min_based/figures/publication_panels/Fig_sis_hmm_resolution_sensitivity.png","analyses/systems_dashboard/5min","figures/publication_panels/Fig_sis_hmm_resolution_sensitivity.png","78d47aae5b4f56307051202c3629712878e8be4d59659383b413cf04c07de0d0","ready","docs/behavior_output_code_contracts/systems_dashboard_5min.csv","9e4afc691c443fc9c24f87f5e677b61f99bc25fac9ae0e32fbaa576a7d038f91"
"systems_dashboard_5min","12_systems_neuroscience_summary/5min_based/figures/publication_panels/Fig_sis_hmm_resolution_sensitivity.svg","analyses/systems_dashboard/5min","figures/publication_panels/Fig_sis_hmm_resolution_sensitivity.svg","60ebcf75eae76168871e7af58f1cd633a5f28af3855f54c822c5ed79049b451e","ready","docs/behavior_output_code_contracts/systems_dashboard_5min.csv","9e4afc691c443fc9c24f87f5e677b61f99bc25fac9ae0e32fbaa576a7d038f91"
"systems_dashboard_5min","12_systems_neuroscience_summary/5min_based/figures/publication_panels/Fig_sis_repeated_active_phase_adaptation.pdf","analyses/systems_dashboard/5min","figures/publication_panels/Fig_sis_repeated_active_phase_adaptation.pdf","1d40c970e3666885a3cdfeb1be364052a8b32e672a3c8ec6711c21b612cfc839","ready","docs/behavior_output_code_contracts/systems_dashboard_5min.csv","9e4afc691c443fc9c24f87f5e677b61f99bc25fac9ae0e32fbaa576a7d038f91"
"systems_dashboard_5min","12_systems_neuroscience_summary/5min_based/figures/publication_panels/Fig_sis_repeated_active_phase_adaptation.png","analyses/systems_dashboard/5min","figures/publication_panels/Fig_sis_repeated_active_phase_adaptation.png","50efe9fc9997e3fd4d9f5d584886e263bc72dc71d68d53d80dd209792c7508e5","ready","docs/behavior_output_code_contracts/systems_dashboard_5min.csv","9e4afc691c443fc9c24f87f5e677b61f99bc25fac9ae0e32fbaa576a7d038f91"
"systems_dashboard_5min","12_systems_neuroscience_summary/5min_based/figures/publication_panels/Fig_sis_repeated_active_phase_adaptation.svg","analyses/systems_dashboard/5min","figures/publication_panels/Fig_sis_repeated_active_phase_adaptation.svg","aa84dedf5556f29eb878887bc0ab2875255b3b80b702e2c3acc2f4ead92b68f7","ready","docs/behavior_output_code_contracts/systems_dashboard_5min.csv","9e4afc691c443fc9c24f87f5e677b61f99bc25fac9ae0e32fbaa576a7d038f91"
"systems_dashboard_5min","12_systems_neuroscience_summary/5min_based/figures/publication_panels/Fig_sis_rest_or_state_architecture.pdf","analyses/systems_dashboard/5min","figures/publication_panels/Fig_sis_rest_or_state_architecture.pdf","9883e8082091c163667c702f346eeebd7b0190d052f9d0e74b251ca0142cd3ef","ready","docs/behavior_output_code_contracts/systems_dashboard_5min.csv","9e4afc691c443fc9c24f87f5e677b61f99bc25fac9ae0e32fbaa576a7d038f91"
"systems_dashboard_5min","12_systems_neuroscience_summary/5min_based/figures/publication_panels/Fig_sis_rest_or_state_architecture.png","analyses/systems_dashboard/5min","figures/publication_panels/Fig_sis_rest_or_state_architecture.png","23a684e57ef757bdb4b89aef6d287a6d2660d28fceaec6f4ee0506244099de9d","ready","docs/behavior_output_code_contracts/systems_dashboard_5min.csv","9e4afc691c443fc9c24f87f5e677b61f99bc25fac9ae0e32fbaa576a7d038f91"
"systems_dashboard_5min","12_systems_neuroscience_summary/5min_based/figures/publication_panels/Fig_sis_rest_or_state_architecture.svg","analyses/systems_dashboard/5min","figures/publication_panels/Fig_sis_rest_or_state_architecture.svg","0e8865a4ec8841b623f38aa8585a2af0a57e1eed9eeb0c0d19c5091092b6d453","ready","docs/behavior_output_code_contracts/systems_dashboard_5min.csv","9e4afc691c443fc9c24f87f5e677b61f99bc25fac9ae0e32fbaa576a7d038f91"
"systems_dashboard_5min","12_systems_neuroscience_summary/5min_based/figures/publication_panels/Fig_sis_social_spatial_organization.pdf","analyses/systems_dashboard/5min","figures/publication_panels/Fig_sis_social_spatial_organization.pdf","7b3c207ab32b9ec670620bdc439ed4abf49de9503cc9327c141a729d2a33c88f","ready","docs/behavior_output_code_contracts/systems_dashboard_5min.csv","9e4afc691c443fc9c24f87f5e677b61f99bc25fac9ae0e32fbaa576a7d038f91"
"systems_dashboard_5min","12_systems_neuroscience_summary/5min_based/figures/publication_panels/Fig_sis_social_spatial_organization.png","analyses/systems_dashboard/5min","figures/publication_panels/Fig_sis_social_spatial_organization.png","f5a03d65c98c884dbab0cbcf0ce6680f21148fc0584a80f9404848306167bb33","ready","docs/behavior_output_code_contracts/systems_dashboard_5min.csv","9e4afc691c443fc9c24f87f5e677b61f99bc25fac9ae0e32fbaa576a7d038f91"
"systems_dashboard_5min","12_systems_neuroscience_summary/5min_based/figures/publication_panels/Fig_sis_social_spatial_organization.svg","analyses/systems_dashboard/5min","figures/publication_panels/Fig_sis_social_spatial_organization.svg","c7ecd29a3668b839cb5afeda1e7c1a9ab509bcafa58224a1b90a300bfee6723a","ready","docs/behavior_output_code_contracts/systems_dashboard_5min.csv","9e4afc691c443fc9c24f87f5e677b61f99bc25fac9ae0e32fbaa576a7d038f91"
"systems_dashboard_5min","12_systems_neuroscience_summary/5min_based/figures/publication_panels/Fig_sis_systems_neuroscience_dashboard.pdf","analyses/systems_dashboard/5min","figures/publication_panels/Fig_sis_systems_neuroscience_dashboard.pdf","cffa465a5cea6a93a88fbe7582a9f8bfccbd3e10cb0dcf7ab069a611f8bbee5d","ready","docs/behavior_output_code_contracts/systems_dashboard_5min.csv","9e4afc691c443fc9c24f87f5e677b61f99bc25fac9ae0e32fbaa576a7d038f91"
"systems_dashboard_5min","12_systems_neuroscience_summary/5min_based/figures/publication_panels/Fig_sis_systems_neuroscience_dashboard.png","analyses/systems_dashboard/5min","figures/publication_panels/Fig_sis_systems_neuroscience_dashboard.png","8fcf0e00d2fcf7880db83bfb380ddab14c7df31e76448282410d4ae75bfb7c98","ready","docs/behavior_output_code_contracts/systems_dashboard_5min.csv","9e4afc691c443fc9c24f87f5e677b61f99bc25fac9ae0e32fbaa576a7d038f91"
"systems_dashboard_5min","12_systems_neuroscience_summary/5min_based/figures/publication_panels/Fig_sis_systems_neuroscience_dashboard.svg","analyses/systems_dashboard/5min","figures/publication_panels/Fig_sis_systems_neuroscience_dashboard.svg","a10585ed45a18394996dc77193c8fe173d745c03944347efe54cd747e0724422","ready","docs/behavior_output_code_contracts/systems_dashboard_5min.csv","9e4afc691c443fc9c24f87f5e677b61f99bc25fac9ae0e32fbaa576a7d038f91"
"systems_dashboard_5min","12_systems_neuroscience_summary/5min_based/figures/publication_panels/Fig_sleep_like_inactivity_by_group_sex.pdf","analyses/systems_dashboard/5min","figures/publication_panels/Fig_sleep_like_inactivity_by_group_sex.pdf","5cc2af1671bc5a5caaf2eb7ace692f515cebf009f0b205a035de0aa2685d9631","ready","docs/behavior_output_code_contracts/systems_dashboard_5min.csv","9e4afc691c443fc9c24f87f5e677b61f99bc25fac9ae0e32fbaa576a7d038f91"
"systems_dashboard_5min","12_systems_neuroscience_summary/5min_based/figures/publication_panels/Fig_sleep_like_inactivity_by_group_sex.png","analyses/systems_dashboard/5min","figures/publication_panels/Fig_sleep_like_inactivity_by_group_sex.png","f55ea4e1b35188509d6c61f1acc82ba85f53e0ea8a04eec9923144cfc18f08ac","ready","docs/behavior_output_code_contracts/systems_dashboard_5min.csv","9e4afc691c443fc9c24f87f5e677b61f99bc25fac9ae0e32fbaa576a7d038f91"
"systems_dashboard_5min","12_systems_neuroscience_summary/5min_based/figures/publication_panels/Fig_sleep_like_inactivity_by_group_sex.svg","analyses/systems_dashboard/5min","figures/publication_panels/Fig_sleep_like_inactivity_by_group_sex.svg","b36b8b2ead407262209414c4e2b29e7b0cd4141239e1ee9807e0b8b6d66e7422","ready","docs/behavior_output_code_contracts/systems_dashboard_5min.csv","9e4afc691c443fc9c24f87f5e677b61f99bc25fac9ae0e32fbaa576a7d038f91"
"systems_dashboard_5min","12_systems_neuroscience_summary/5min_based/figures/publication_panels/Fig_social_reorganization_dynamics.pdf","analyses/systems_dashboard/5min","figures/publication_panels/Fig_social_reorganization_dynamics.pdf","f150f3afc5ac7e09cab7885747f3aa10505cb9c7d682694d0dee1148620cfb2b","ready","docs/behavior_output_code_contracts/systems_dashboard_5min.csv","9e4afc691c443fc9c24f87f5e677b61f99bc25fac9ae0e32fbaa576a7d038f91"
"systems_dashboard_5min","12_systems_neuroscience_summary/5min_based/figures/publication_panels/Fig_social_reorganization_dynamics.png","analyses/systems_dashboard/5min","figures/publication_panels/Fig_social_reorganization_dynamics.png","2c721a8dbbabc713fa466d7f71afc1fb282644d2179c8a9b4762e17712494023","ready","docs/behavior_output_code_contracts/systems_dashboard_5min.csv","9e4afc691c443fc9c24f87f5e677b61f99bc25fac9ae0e32fbaa576a7d038f91"
"systems_dashboard_5min","12_systems_neuroscience_summary/5min_based/figures/publication_panels/Fig_social_reorganization_dynamics.svg","analyses/systems_dashboard/5min","figures/publication_panels/Fig_social_reorganization_dynamics.svg","537d10adeb333bf02201046a5dfaff2cc3fab923de94f8764a027321d1c0bb2f","ready","docs/behavior_output_code_contracts/systems_dashboard_5min.csv","9e4afc691c443fc9c24f87f5e677b61f99bc25fac9ae0e32fbaa576a7d038f91"
"systems_dashboard_5min","12_systems_neuroscience_summary/5min_based/figures/publication_panels/Fig_systems_effect_size_heatmap.pdf","analyses/systems_dashboard/5min","figures/publication_panels/Fig_systems_effect_size_heatmap.pdf","1e135ae62c4b20e6c48c5f808dbc6c44b0df0e72dd01ad91055adbd13383a094","ready","docs/behavior_output_code_contracts/systems_dashboard_5min.csv","9e4afc691c443fc9c24f87f5e677b61f99bc25fac9ae0e32fbaa576a7d038f91"
"systems_dashboard_5min","12_systems_neuroscience_summary/5min_based/figures/publication_panels/Fig_systems_effect_size_heatmap.png","analyses/systems_dashboard/5min","figures/publication_panels/Fig_systems_effect_size_heatmap.png","2a3e872e474019be2218feb207b0daeecf9d3ca820c6cd7e3cdc07fc4092ebbc","ready","docs/behavior_output_code_contracts/systems_dashboard_5min.csv","9e4afc691c443fc9c24f87f5e677b61f99bc25fac9ae0e32fbaa576a7d038f91"
"systems_dashboard_5min","12_systems_neuroscience_summary/5min_based/figures/publication_panels/Fig_systems_effect_size_heatmap.svg","analyses/systems_dashboard/5min","figures/publication_panels/Fig_systems_effect_size_heatmap.svg","5f80bbd6bd19317b9860908bd43df3d22600e5ae924569a517d95c0f71ef17a3","ready","docs/behavior_output_code_contracts/systems_dashboard_5min.csv","9e4afc691c443fc9c24f87f5e677b61f99bc25fac9ae0e32fbaa576a7d038f91"
"systems_dashboard_5min","12_systems_neuroscience_summary/5min_based/figures/publication_panels/Fig_systems_feature_coupling_network_summary.pdf","analyses/systems_dashboard/5min","figures/publication_panels/Fig_systems_feature_coupling_network_summary.pdf","ee3a5a630970c386108f8df9b2ffd8bd6fb2d0df999b2f3da338891b60e3d2f6","ready","docs/behavior_output_code_contracts/systems_dashboard_5min.csv","9e4afc691c443fc9c24f87f5e677b61f99bc25fac9ae0e32fbaa576a7d038f91"
"systems_dashboard_5min","12_systems_neuroscience_summary/5min_based/figures/publication_panels/Fig_systems_feature_coupling_network_summary.png","analyses/systems_dashboard/5min","figures/publication_panels/Fig_systems_feature_coupling_network_summary.png","bc2c4ca7ea194e676ff47b942df0e3a0a1055f754e3b98bb532fce4c1201701d","ready","docs/behavior_output_code_contracts/systems_dashboard_5min.csv","9e4afc691c443fc9c24f87f5e677b61f99bc25fac9ae0e32fbaa576a7d038f91"
"systems_dashboard_5min","12_systems_neuroscience_summary/5min_based/figures/publication_panels/Fig_systems_feature_coupling_network_summary.svg","analyses/systems_dashboard/5min","figures/publication_panels/Fig_systems_feature_coupling_network_summary.svg","dd3689c6de8d5878dcdddc52e1d7c8cd35320940680e8aa49559e09f944faba4","ready","docs/behavior_output_code_contracts/systems_dashboard_5min.csv","9e4afc691c443fc9c24f87f5e677b61f99bc25fac9ae0e32fbaa576a7d038f91"
"systems_dashboard_5min","12_systems_neuroscience_summary/5min_based/figures/publication_panels/Fig_systems_hmm_dwell_time_ridges.pdf","analyses/systems_dashboard/5min","figures/publication_panels/Fig_systems_hmm_dwell_time_ridges.pdf","5cb8dcdbf34cc3afdbadb9aeeeefaa9fbf9685ff6addec3f9d76e66dbb2e9bf2","ready","docs/behavior_output_code_contracts/systems_dashboard_5min.csv","9e4afc691c443fc9c24f87f5e677b61f99bc25fac9ae0e32fbaa576a7d038f91"
"systems_dashboard_5min","12_systems_neuroscience_summary/5min_based/figures/publication_panels/Fig_systems_hmm_dwell_time_ridges.png","analyses/systems_dashboard/5min","figures/publication_panels/Fig_systems_hmm_dwell_time_ridges.png","2cca70e84fdb5978dae8be48b7ede868e0fe2dcfc323c6000729997894eee134","ready","docs/behavior_output_code_contracts/systems_dashboard_5min.csv","9e4afc691c443fc9c24f87f5e677b61f99bc25fac9ae0e32fbaa576a7d038f91"
"systems_dashboard_5min","12_systems_neuroscience_summary/5min_based/figures/publication_panels/Fig_systems_hmm_dwell_time_ridges.svg","analyses/systems_dashboard/5min","figures/publication_panels/Fig_systems_hmm_dwell_time_ridges.svg","087dc4c7ee20fcb7d892b65123095d5a873953a9451c51753ba8848050fa2c68","ready","docs/behavior_output_code_contracts/systems_dashboard_5min.csv","9e4afc691c443fc9c24f87f5e677b61f99bc25fac9ae0e32fbaa576a7d038f91"
"systems_dashboard_5min","12_systems_neuroscience_summary/5min_based/figures/publication_panels/Fig_systems_hmm_state_flow_alluvial.pdf","analyses/systems_dashboard/5min","figures/publication_panels/Fig_systems_hmm_state_flow_alluvial.pdf","da1a944e3615a082110605ec48bd15a5cea0dc6a68640df970224765aff74009","ready","docs/behavior_output_code_contracts/systems_dashboard_5min.csv","9e4afc691c443fc9c24f87f5e677b61f99bc25fac9ae0e32fbaa576a7d038f91"
"systems_dashboard_5min","12_systems_neuroscience_summary/5min_based/figures/publication_panels/Fig_systems_hmm_state_flow_alluvial.png","analyses/systems_dashboard/5min","figures/publication_panels/Fig_systems_hmm_state_flow_alluvial.png","85a37f5e99858b02f64623a962086b7920f7d3961362f14c5faf18eb002f1d6d","ready","docs/behavior_output_code_contracts/systems_dashboard_5min.csv","9e4afc691c443fc9c24f87f5e677b61f99bc25fac9ae0e32fbaa576a7d038f91"
"systems_dashboard_5min","12_systems_neuroscience_summary/5min_based/figures/publication_panels/Fig_systems_hmm_state_flow_alluvial.svg","analyses/systems_dashboard/5min","figures/publication_panels/Fig_systems_hmm_state_flow_alluvial.svg","0cdc773352891e6bf8601582d08b064204e3a1c1212c491585afeba770155bd7","ready","docs/behavior_output_code_contracts/systems_dashboard_5min.csv","9e4afc691c443fc9c24f87f5e677b61f99bc25fac9ae0e32fbaa576a7d038f91"
"systems_dashboard_5min","12_systems_neuroscience_summary/5min_based/figures/publication_panels/Fig_systems_hmm_transition_difference.pdf","analyses/systems_dashboard/5min","figures/publication_panels/Fig_systems_hmm_transition_difference.pdf","6f75d03529f582cb1b2469d89a3ae4d55adcd8b5c213a40f35d5e6ddb76dc45b","ready","docs/behavior_output_code_contracts/systems_dashboard_5min.csv","9e4afc691c443fc9c24f87f5e677b61f99bc25fac9ae0e32fbaa576a7d038f91"
"systems_dashboard_5min","12_systems_neuroscience_summary/5min_based/figures/publication_panels/Fig_systems_hmm_transition_difference.png","analyses/systems_dashboard/5min","figures/publication_panels/Fig_systems_hmm_transition_difference.png","f6a04e743930f9ee67bf920046111a13968b4508cac207dda3ae5b5b3f365b22","ready","docs/behavior_output_code_contracts/systems_dashboard_5min.csv","9e4afc691c443fc9c24f87f5e677b61f99bc25fac9ae0e32fbaa576a7d038f91"
"systems_dashboard_5min","12_systems_neuroscience_summary/5min_based/figures/publication_panels/Fig_systems_hmm_transition_difference.svg","analyses/systems_dashboard/5min","figures/publication_panels/Fig_systems_hmm_transition_difference.svg","c5af5daf009bd9f32f1d0f8cebfd69a35e05191ee65d7ca8f52bbb3421f9325f","ready","docs/behavior_output_code_contracts/systems_dashboard_5min.csv","9e4afc691c443fc9c24f87f5e677b61f99bc25fac9ae0e32fbaa576a7d038f91"
"systems_dashboard_5min","12_systems_neuroscience_summary/5min_based/figures/publication_panels/Fig_systems_latent_trajectory_instability.pdf","analyses/systems_dashboard/5min","figures/publication_panels/Fig_systems_latent_trajectory_instability.pdf","11d9acc4eba645f4cb477a334f4a29dc1817583d5ca30eef7083a9a35f77d1a0","ready","docs/behavior_output_code_contracts/systems_dashboard_5min.csv","9e4afc691c443fc9c24f87f5e677b61f99bc25fac9ae0e32fbaa576a7d038f91"
"systems_dashboard_5min","12_systems_neuroscience_summary/5min_based/figures/publication_panels/Fig_systems_latent_trajectory_instability.png","analyses/systems_dashboard/5min","figures/publication_panels/Fig_systems_latent_trajectory_instability.png","60f3bf5778a3daa98df0325652611991bb82f2288e5c416c64601f6dbb516167","ready","docs/behavior_output_code_contracts/systems_dashboard_5min.csv","9e4afc691c443fc9c24f87f5e677b61f99bc25fac9ae0e32fbaa576a7d038f91"
"systems_dashboard_5min","12_systems_neuroscience_summary/5min_based/figures/publication_panels/Fig_systems_latent_trajectory_instability.svg","analyses/systems_dashboard/5min","figures/publication_panels/Fig_systems_latent_trajectory_instability.svg","9529d21bc53748fc515a478bc1f7db58c86de5110e9949288bca41088c04148b","ready","docs/behavior_output_code_contracts/systems_dashboard_5min.csv","9e4afc691c443fc9c24f87f5e677b61f99bc25fac9ae0e32fbaa576a7d038f91"
"systems_dashboard_5min","12_systems_neuroscience_summary/5min_based/figures/publication_panels/Fig_systems_module_coupling_network.pdf","analyses/systems_dashboard/5min","figures/publication_panels/Fig_systems_module_coupling_network.pdf","d5b0a450b8a626dc69675c77d05589242e9d6be313d686ee9d3c962ed4b56beb","ready","docs/behavior_output_code_contracts/systems_dashboard_5min.csv","9e4afc691c443fc9c24f87f5e677b61f99bc25fac9ae0e32fbaa576a7d038f91"
"systems_dashboard_5min","12_systems_neuroscience_summary/5min_based/figures/publication_panels/Fig_systems_module_coupling_network.png","analyses/systems_dashboard/5min","figures/publication_panels/Fig_systems_module_coupling_network.png","c684c1dbe18c859668dce7f611706269551f920e2144178e43e98bcaa0eadc09","ready","docs/behavior_output_code_contracts/systems_dashboard_5min.csv","9e4afc691c443fc9c24f87f5e677b61f99bc25fac9ae0e32fbaa576a7d038f91"
"systems_dashboard_5min","12_systems_neuroscience_summary/5min_based/figures/publication_panels/Fig_systems_module_coupling_network.svg","analyses/systems_dashboard/5min","figures/publication_panels/Fig_systems_module_coupling_network.svg","b4da10015ebaadd4cee4f3ad7daa38143a11d21058fb2033e9ba9158430dcc65","ready","docs/behavior_output_code_contracts/systems_dashboard_5min.csv","9e4afc691c443fc9c24f87f5e677b61f99bc25fac9ae0e32fbaa576a7d038f91"
"systems_dashboard_5min","12_systems_neuroscience_summary/5min_based/figures/publication_panels/Fig_systems_module_scorecard.pdf","analyses/systems_dashboard/5min","figures/publication_panels/Fig_systems_module_scorecard.pdf","6274eddc0faaec317bf53f04021eb2d368324e70fcb5b7e18af9ba4602cce87c","ready","docs/behavior_output_code_contracts/systems_dashboard_5min.csv","9e4afc691c443fc9c24f87f5e677b61f99bc25fac9ae0e32fbaa576a7d038f91"
"systems_dashboard_5min","12_systems_neuroscience_summary/5min_based/figures/publication_panels/Fig_systems_module_scorecard.png","analyses/systems_dashboard/5min","figures/publication_panels/Fig_systems_module_scorecard.png","82253fafa3fea17a78ccd786cf44c21e426c1c702267595f82b42d788b8c754f","ready","docs/behavior_output_code_contracts/systems_dashboard_5min.csv","9e4afc691c443fc9c24f87f5e677b61f99bc25fac9ae0e32fbaa576a7d038f91"
"systems_dashboard_5min","12_systems_neuroscience_summary/5min_based/figures/publication_panels/Fig_systems_module_scorecard.svg","analyses/systems_dashboard/5min","figures/publication_panels/Fig_systems_module_scorecard.svg","952b63fbbab3ec3d05df49710fdcb649bbfaa67717ae779a92f74dfb72cae43a","ready","docs/behavior_output_code_contracts/systems_dashboard_5min.csv","9e4afc691c443fc9c24f87f5e677b61f99bc25fac9ae0e32fbaa576a7d038f91"
"systems_dashboard_5min","12_systems_neuroscience_summary/5min_based/figures/publication_panels/Fig_systems_named_biological_scores.pdf","analyses/systems_dashboard/5min","figures/publication_panels/Fig_systems_named_biological_scores.pdf","31c224faad58454f790c938ad46e2e877fa4213b6d15abcfd2802023a374aaa2","ready","docs/behavior_output_code_contracts/systems_dashboard_5min.csv","9e4afc691c443fc9c24f87f5e677b61f99bc25fac9ae0e32fbaa576a7d038f91"
"systems_dashboard_5min","12_systems_neuroscience_summary/5min_based/figures/publication_panels/Fig_systems_named_biological_scores.png","analyses/systems_dashboard/5min","figures/publication_panels/Fig_systems_named_biological_scores.png","902bf8bbabe217e089aa7f83178729e02b2ccdbf32aa1baae7e7ff8ad93a4ee8","ready","docs/behavior_output_code_contracts/systems_dashboard_5min.csv","9e4afc691c443fc9c24f87f5e677b61f99bc25fac9ae0e32fbaa576a7d038f91"
"systems_dashboard_5min","12_systems_neuroscience_summary/5min_based/figures/publication_panels/Fig_systems_named_biological_scores.svg","analyses/systems_dashboard/5min","figures/publication_panels/Fig_systems_named_biological_scores.svg","c95d50b35689f8288d5a38cd39fe57931b8853ae7b3577b62eda53acf72ebc45","ready","docs/behavior_output_code_contracts/systems_dashboard_5min.csv","9e4afc691c443fc9c24f87f5e677b61f99bc25fac9ae0e32fbaa576a7d038f91"
"systems_dashboard_5min","12_systems_neuroscience_summary/5min_based/figures/publication_panels/Fig_systems_outcome_association_rank.pdf","analyses/systems_dashboard/5min","figures/publication_panels/Fig_systems_outcome_association_rank.pdf","b50ba9cf3193e2e845f52520c842b43592c4953a930d1f89e42ebb40f36ffd6e","ready","docs/behavior_output_code_contracts/systems_dashboard_5min.csv","9e4afc691c443fc9c24f87f5e677b61f99bc25fac9ae0e32fbaa576a7d038f91"
"systems_dashboard_5min","12_systems_neuroscience_summary/5min_based/figures/publication_panels/Fig_systems_outcome_association_rank.png","analyses/systems_dashboard/5min","figures/publication_panels/Fig_systems_outcome_association_rank.png","4e92b237c0814d3a9c312c85fb6d6063da8e0efad0d57e839f2e71c859146954","ready","docs/behavior_output_code_contracts/systems_dashboard_5min.csv","9e4afc691c443fc9c24f87f5e677b61f99bc25fac9ae0e32fbaa576a7d038f91"
"systems_dashboard_5min","12_systems_neuroscience_summary/5min_based/figures/publication_panels/Fig_systems_outcome_association_rank.svg","analyses/systems_dashboard/5min","figures/publication_panels/Fig_systems_outcome_association_rank.svg","e0c572c90699477f614bce6bc6f634f17fe9aeff71b8077c43f33f0b58e56140","ready","docs/behavior_output_code_contracts/systems_dashboard_5min.csv","9e4afc691c443fc9c24f87f5e677b61f99bc25fac9ae0e32fbaa576a7d038f91"
"systems_dashboard_5min","12_systems_neuroscience_summary/5min_based/figures/publication_panels/Fig_systems_prediction_delta_waterfall.pdf","analyses/systems_dashboard/5min","figures/publication_panels/Fig_systems_prediction_delta_waterfall.pdf","36638c3a6f667bf887152bad6894ed74fa2b48e91a1ff0ad7001a409ea1588ef","ready","docs/behavior_output_code_contracts/systems_dashboard_5min.csv","9e4afc691c443fc9c24f87f5e677b61f99bc25fac9ae0e32fbaa576a7d038f91"
"systems_dashboard_5min","12_systems_neuroscience_summary/5min_based/figures/publication_panels/Fig_systems_prediction_delta_waterfall.png","analyses/systems_dashboard/5min","figures/publication_panels/Fig_systems_prediction_delta_waterfall.png","09aa2d5582233bb7d0cb4326297f1b7d650f167a6638fb62f5484a3932cc3f98","ready","docs/behavior_output_code_contracts/systems_dashboard_5min.csv","9e4afc691c443fc9c24f87f5e677b61f99bc25fac9ae0e32fbaa576a7d038f91"
"systems_dashboard_5min","12_systems_neuroscience_summary/5min_based/figures/publication_panels/Fig_systems_prediction_delta_waterfall.svg","analyses/systems_dashboard/5min","figures/publication_panels/Fig_systems_prediction_delta_waterfall.svg","b67230e10255b1923e00c23c93d85c6155b62ea2ee2b10c8aaba3c32fac4ad22","ready","docs/behavior_output_code_contracts/systems_dashboard_5min.csv","9e4afc691c443fc9c24f87f5e677b61f99bc25fac9ae0e32fbaa576a7d038f91"
"systems_dashboard_5min","12_systems_neuroscience_summary/5min_based/figures/publication_panels/Fig_systems_prediction_duration_sensitivity.pdf","analyses/systems_dashboard/5min","figures/publication_panels/Fig_systems_prediction_duration_sensitivity.pdf","27027d6205cb4657cbb9be465edc5fd2782da6897185b21dc6907fd41688f468","ready","docs/behavior_output_code_contracts/systems_dashboard_5min.csv","9e4afc691c443fc9c24f87f5e677b61f99bc25fac9ae0e32fbaa576a7d038f91"
"systems_dashboard_5min","12_systems_neuroscience_summary/5min_based/figures/publication_panels/Fig_systems_prediction_duration_sensitivity.png","analyses/systems_dashboard/5min","figures/publication_panels/Fig_systems_prediction_duration_sensitivity.png","2ba0b4309f254a131531d183246904e194017c568cea03925c639403850fb7e3","ready","docs/behavior_output_code_contracts/systems_dashboard_5min.csv","9e4afc691c443fc9c24f87f5e677b61f99bc25fac9ae0e32fbaa576a7d038f91"
"systems_dashboard_5min","12_systems_neuroscience_summary/5min_based/figures/publication_panels/Fig_systems_prediction_duration_sensitivity.svg","analyses/systems_dashboard/5min","figures/publication_panels/Fig_systems_prediction_duration_sensitivity.svg","8f9542aa94ae25fc6545dbfab656175cb403f496825eea8112a4de97ed0c9d2e","ready","docs/behavior_output_code_contracts/systems_dashboard_5min.csv","9e4afc691c443fc9c24f87f5e677b61f99bc25fac9ae0e32fbaa576a7d038f91"
"systems_dashboard_5min","12_systems_neuroscience_summary/5min_based/figures/publication_panels/Fig_systems_prediction_ladder.pdf","analyses/systems_dashboard/5min","figures/publication_panels/Fig_systems_prediction_ladder.pdf","a83ca30de2df73e0d3c9d7fde3d49d23920634e9a4a75f39a79a1bc82d083d53","ready","docs/behavior_output_code_contracts/systems_dashboard_5min.csv","9e4afc691c443fc9c24f87f5e677b61f99bc25fac9ae0e32fbaa576a7d038f91"
"systems_dashboard_5min","12_systems_neuroscience_summary/5min_based/figures/publication_panels/Fig_systems_prediction_ladder.png","analyses/systems_dashboard/5min","figures/publication_panels/Fig_systems_prediction_ladder.png","9adfa1c62ed739f0ce549f79380811a02bdb6045a900a5a65513240c36c1693a","ready","docs/behavior_output_code_contracts/systems_dashboard_5min.csv","9e4afc691c443fc9c24f87f5e677b61f99bc25fac9ae0e32fbaa576a7d038f91"
"systems_dashboard_5min","12_systems_neuroscience_summary/5min_based/figures/publication_panels/Fig_systems_prediction_ladder.svg","analyses/systems_dashboard/5min","figures/publication_panels/Fig_systems_prediction_ladder.svg","e855061cd2a3dc07c3a565edf966836fe07c238a371374b1aa493b0225e99b3a","ready","docs/behavior_output_code_contracts/systems_dashboard_5min.csv","9e4afc691c443fc9c24f87f5e677b61f99bc25fac9ae0e32fbaa576a7d038f91"
"systems_dashboard_5min","12_systems_neuroscience_summary/5min_based/figures/publication_panels/Fig_systems_prospective_crossvalidated_prediction.pdf","analyses/systems_dashboard/5min","figures/publication_panels/Fig_systems_prospective_crossvalidated_prediction.pdf","c74ea4a5505d6451d57f8d6388f9712179e5972490c85ea803b0cbf1c1159ffd","ready","docs/behavior_output_code_contracts/systems_dashboard_5min.csv","9e4afc691c443fc9c24f87f5e677b61f99bc25fac9ae0e32fbaa576a7d038f91"
"systems_dashboard_5min","12_systems_neuroscience_summary/5min_based/figures/publication_panels/Fig_systems_prospective_crossvalidated_prediction.png","analyses/systems_dashboard/5min","figures/publication_panels/Fig_systems_prospective_crossvalidated_prediction.png","7ce1e31b5aff1020285e49834bba24ffba5a4a5b4691b629fe7224a5d9626101","ready","docs/behavior_output_code_contracts/systems_dashboard_5min.csv","9e4afc691c443fc9c24f87f5e677b61f99bc25fac9ae0e32fbaa576a7d038f91"
"systems_dashboard_5min","12_systems_neuroscience_summary/5min_based/figures/publication_panels/Fig_systems_prospective_crossvalidated_prediction.svg","analyses/systems_dashboard/5min","figures/publication_panels/Fig_systems_prospective_crossvalidated_prediction.svg","00b709dec3763bcde4892d0d2a84db1a2a69b0b1ba8a2907d9f1a0360f5eb890","ready","docs/behavior_output_code_contracts/systems_dashboard_5min.csv","9e4afc691c443fc9c24f87f5e677b61f99bc25fac9ae0e32fbaa576a7d038f91"
"systems_dashboard_5min","12_systems_neuroscience_summary/5min_based/figures/publication_panels/Fig_systems_prospective_feature_scatter.pdf","analyses/systems_dashboard/5min","figures/publication_panels/Fig_systems_prospective_feature_scatter.pdf","65d200c0c00605a9612cfcdb47438fca2118abe8a59b5db9410a3f87404c7e76","ready","docs/behavior_output_code_contracts/systems_dashboard_5min.csv","9e4afc691c443fc9c24f87f5e677b61f99bc25fac9ae0e32fbaa576a7d038f91"
"systems_dashboard_5min","12_systems_neuroscience_summary/5min_based/figures/publication_panels/Fig_systems_prospective_feature_scatter.png","analyses/systems_dashboard/5min","figures/publication_panels/Fig_systems_prospective_feature_scatter.png","369138fbd15846ae5fb7629ddb88cb3cac69c3c2697b0b8a19b05aff0cd4c9aa","ready","docs/behavior_output_code_contracts/systems_dashboard_5min.csv","9e4afc691c443fc9c24f87f5e677b61f99bc25fac9ae0e32fbaa576a7d038f91"
"systems_dashboard_5min","12_systems_neuroscience_summary/5min_based/figures/publication_panels/Fig_systems_prospective_feature_scatter.svg","analyses/systems_dashboard/5min","figures/publication_panels/Fig_systems_prospective_feature_scatter.svg","36ebf463ec9d8b85ee96474bc6f946ddea98b1ceaf9c29ee807864fd4c448ab6","ready","docs/behavior_output_code_contracts/systems_dashboard_5min.csv","9e4afc691c443fc9c24f87f5e677b61f99bc25fac9ae0e32fbaa576a7d038f91"
"systems_dashboard_5min","12_systems_neuroscience_summary/5min_based/figures/publication_panels/Fig_systems_prospective_outcome_association_rank.pdf","analyses/systems_dashboard/5min","figures/publication_panels/Fig_systems_prospective_outcome_association_rank.pdf","0911515a0469d11c4e756347fd44caf7be8b88eb25da0e8072f39abadc3ed33a","ready","docs/behavior_output_code_contracts/systems_dashboard_5min.csv","9e4afc691c443fc9c24f87f5e677b61f99bc25fac9ae0e32fbaa576a7d038f91"
"systems_dashboard_5min","12_systems_neuroscience_summary/5min_based/figures/publication_panels/Fig_systems_prospective_outcome_association_rank.png","analyses/systems_dashboard/5min","figures/publication_panels/Fig_systems_prospective_outcome_association_rank.png","d3c33860fdd15a8a92e3d9f526ad9f0b4ec4325c5cf7ad8df3071e1398c4274f","ready","docs/behavior_output_code_contracts/systems_dashboard_5min.csv","9e4afc691c443fc9c24f87f5e677b61f99bc25fac9ae0e32fbaa576a7d038f91"
"systems_dashboard_5min","12_systems_neuroscience_summary/5min_based/figures/publication_panels/Fig_systems_prospective_outcome_association_rank.svg","analyses/systems_dashboard/5min","figures/publication_panels/Fig_systems_prospective_outcome_association_rank.svg","aa7bf38e295e1c11acc727b75fb92675badfadba682d99ac6190cb5148fbd3cc","ready","docs/behavior_output_code_contracts/systems_dashboard_5min.csv","9e4afc691c443fc9c24f87f5e677b61f99bc25fac9ae0e32fbaa576a7d038f91"
"systems_dashboard_5min","12_systems_neuroscience_summary/5min_based/figures/publication_panels/Fig_systems_social_phenotype_map.pdf","analyses/systems_dashboard/5min","figures/publication_panels/Fig_systems_social_phenotype_map.pdf","68838bb67694fc522dd22042386f398924eb16d1acd1010eefd34e0597ff3d89","ready","docs/behavior_output_code_contracts/systems_dashboard_5min.csv","9e4afc691c443fc9c24f87f5e677b61f99bc25fac9ae0e32fbaa576a7d038f91"
"systems_dashboard_5min","12_systems_neuroscience_summary/5min_based/figures/publication_panels/Fig_systems_social_phenotype_map.png","analyses/systems_dashboard/5min","figures/publication_panels/Fig_systems_social_phenotype_map.png","c88bbe5c4de8ce1a97d873312316bb4a2b91eb750f626be7e2c2ddd8ad6bdf08","ready","docs/behavior_output_code_contracts/systems_dashboard_5min.csv","9e4afc691c443fc9c24f87f5e677b61f99bc25fac9ae0e32fbaa576a7d038f91"
"systems_dashboard_5min","12_systems_neuroscience_summary/5min_based/figures/publication_panels/Fig_systems_social_phenotype_map.svg","analyses/systems_dashboard/5min","figures/publication_panels/Fig_systems_social_phenotype_map.svg","0b419b98263f7c71959021b3f0da6dc6181124ebe2f2ea2613f708545ae0a796","ready","docs/behavior_output_code_contracts/systems_dashboard_5min.csv","9e4afc691c443fc9c24f87f5e677b61f99bc25fac9ae0e32fbaa576a7d038f91"
"systems_dashboard_5min","12_systems_neuroscience_summary/5min_based/figures/publication_panels/Fig_systems_state_space_PCA.pdf","analyses/systems_dashboard/5min","figures/publication_panels/Fig_systems_state_space_PCA.pdf","e8e73d901990b1cfebc33426693e44c4c7da267fb7626f87b1430decbd366b0f","ready","docs/behavior_output_code_contracts/systems_dashboard_5min.csv","9e4afc691c443fc9c24f87f5e677b61f99bc25fac9ae0e32fbaa576a7d038f91"
"systems_dashboard_5min","12_systems_neuroscience_summary/5min_based/figures/publication_panels/Fig_systems_state_space_PCA.png","analyses/systems_dashboard/5min","figures/publication_panels/Fig_systems_state_space_PCA.png","9afd851f9f1e3d26aa745e8e22e6c929649f3dfda8ad9c1a1d0417aedc4916a8","ready","docs/behavior_output_code_contracts/systems_dashboard_5min.csv","9e4afc691c443fc9c24f87f5e677b61f99bc25fac9ae0e32fbaa576a7d038f91"
"systems_dashboard_5min","12_systems_neuroscience_summary/5min_based/figures/publication_panels/Fig_systems_state_space_PCA.svg","analyses/systems_dashboard/5min","figures/publication_panels/Fig_systems_state_space_PCA.svg","14b1dd9114171b10e462f5c833841cc79925f10d021b0850b246941666b43a6b","ready","docs/behavior_output_code_contracts/systems_dashboard_5min.csv","9e4afc691c443fc9c24f87f5e677b61f99bc25fac9ae0e32fbaa576a7d038f91"
"systems_dashboard_5min","12_systems_neuroscience_summary/5min_based/figures/publication_panels/Fig_systems_state_space_UMAP.pdf","analyses/systems_dashboard/5min","figures/publication_panels/Fig_systems_state_space_UMAP.pdf","ab53da2ad08a35f3001727f4f6e9433712867c84d5effa96a3f4ab1c23904b96","ready","docs/behavior_output_code_contracts/systems_dashboard_5min.csv","9e4afc691c443fc9c24f87f5e677b61f99bc25fac9ae0e32fbaa576a7d038f91"
"systems_dashboard_5min","12_systems_neuroscience_summary/5min_based/figures/publication_panels/Fig_systems_state_space_UMAP.png","analyses/systems_dashboard/5min","figures/publication_panels/Fig_systems_state_space_UMAP.png","4dd51381c93250f51459841e378edb7242be2e6fabb6495a3cc40408ac24682c","ready","docs/behavior_output_code_contracts/systems_dashboard_5min.csv","9e4afc691c443fc9c24f87f5e677b61f99bc25fac9ae0e32fbaa576a7d038f91"
"systems_dashboard_5min","12_systems_neuroscience_summary/5min_based/figures/publication_panels/Fig_systems_state_space_UMAP.svg","analyses/systems_dashboard/5min","figures/publication_panels/Fig_systems_state_space_UMAP.svg","34b1e41ea6aef4e919a8e12469847db81c5d13a8b960d14d71f21dac640b265a","ready","docs/behavior_output_code_contracts/systems_dashboard_5min.csv","9e4afc691c443fc9c24f87f5e677b61f99bc25fac9ae0e32fbaa576a7d038f91"
"systems_dashboard_5min","12_systems_neuroscience_summary/5min_based/figures/publication_panels/Fig_systems_temporal_latent_trajectories.pdf","analyses/systems_dashboard/5min","figures/publication_panels/Fig_systems_temporal_latent_trajectories.pdf","9d898111c8f8054da5c113b8dd834d100ed97c76c014a15d31ad54a9b2bd2f49","ready","docs/behavior_output_code_contracts/systems_dashboard_5min.csv","9e4afc691c443fc9c24f87f5e677b61f99bc25fac9ae0e32fbaa576a7d038f91"
"systems_dashboard_5min","12_systems_neuroscience_summary/5min_based/figures/publication_panels/Fig_systems_temporal_latent_trajectories.png","analyses/systems_dashboard/5min","figures/publication_panels/Fig_systems_temporal_latent_trajectories.png","75765999a4c4a2fff6b9f043b097e210aecb04350afdfc53508643bdaa5088c1","ready","docs/behavior_output_code_contracts/systems_dashboard_5min.csv","9e4afc691c443fc9c24f87f5e677b61f99bc25fac9ae0e32fbaa576a7d038f91"
"systems_dashboard_5min","12_systems_neuroscience_summary/5min_based/figures/publication_panels/Fig_systems_temporal_latent_trajectories.svg","analyses/systems_dashboard/5min","figures/publication_panels/Fig_systems_temporal_latent_trajectories.svg","14afc1cd97861c5a3ca5ff34291a854ae24269d4f53fb6080725c501905a9b2f","ready","docs/behavior_output_code_contracts/systems_dashboard_5min.csv","9e4afc691c443fc9c24f87f5e677b61f99bc25fac9ae0e32fbaa576a7d038f91"
"systems_dashboard_5min","12_systems_neuroscience_summary/5min_based/figures/publication_panels/Fig_systems_temporal_umap_trajectories.pdf","analyses/systems_dashboard/5min","figures/publication_panels/Fig_systems_temporal_umap_trajectories.pdf","3a0710faa23b02982121bd2cbf446cbd9024d0cf6beda70b7a63239b50d98f6b","ready","docs/behavior_output_code_contracts/systems_dashboard_5min.csv","9e4afc691c443fc9c24f87f5e677b61f99bc25fac9ae0e32fbaa576a7d038f91"
"systems_dashboard_5min","12_systems_neuroscience_summary/5min_based/figures/publication_panels/Fig_systems_temporal_umap_trajectories.png","analyses/systems_dashboard/5min","figures/publication_panels/Fig_systems_temporal_umap_trajectories.png","14a4bb5ba96a2c87554e971bc9a7460511afbda31e9f1109350d1cd3f3553ced","ready","docs/behavior_output_code_contracts/systems_dashboard_5min.csv","9e4afc691c443fc9c24f87f5e677b61f99bc25fac9ae0e32fbaa576a7d038f91"
"systems_dashboard_5min","12_systems_neuroscience_summary/5min_based/figures/publication_panels/Fig_systems_temporal_umap_trajectories.svg","analyses/systems_dashboard/5min","figures/publication_panels/Fig_systems_temporal_umap_trajectories.svg","5ba4258200e2ba2df8d9a4556b1a5abd9588d0cfa8f257943515d822915cfa2f","ready","docs/behavior_output_code_contracts/systems_dashboard_5min.csv","9e4afc691c443fc9c24f87f5e677b61f99bc25fac9ae0e32fbaa576a7d038f91"
"systems_dashboard_5min","12_systems_neuroscience_summary/5min_based/figures/publication_panels/Fig_systems_trajectory_adaptation_phase_portrait.pdf","analyses/systems_dashboard/5min","figures/publication_panels/Fig_systems_trajectory_adaptation_phase_portrait.pdf","05732cfc8da790dd444c752bbcca1ff2b034303b6d362e4ec5e03594f528d02a","ready","docs/behavior_output_code_contracts/systems_dashboard_5min.csv","9e4afc691c443fc9c24f87f5e677b61f99bc25fac9ae0e32fbaa576a7d038f91"
"systems_dashboard_5min","12_systems_neuroscience_summary/5min_based/figures/publication_panels/Fig_systems_trajectory_adaptation_phase_portrait.png","analyses/systems_dashboard/5min","figures/publication_panels/Fig_systems_trajectory_adaptation_phase_portrait.png","b856beddf02649858fa557010792e6e6f61ed491f13d86ea20c6a0b6021fd800","ready","docs/behavior_output_code_contracts/systems_dashboard_5min.csv","9e4afc691c443fc9c24f87f5e677b61f99bc25fac9ae0e32fbaa576a7d038f91"
"systems_dashboard_5min","12_systems_neuroscience_summary/5min_based/figures/publication_panels/Fig_systems_trajectory_adaptation_phase_portrait.svg","analyses/systems_dashboard/5min","figures/publication_panels/Fig_systems_trajectory_adaptation_phase_portrait.svg","05552a491b6b3c677ea3f6ec732dc8de170af14c3f67fe74998a236bc2a57785","ready","docs/behavior_output_code_contracts/systems_dashboard_5min.csv","9e4afc691c443fc9c24f87f5e677b61f99bc25fac9ae0e32fbaa576a7d038f91"
"systems_dashboard_5min","12_systems_neuroscience_summary/5min_based/figures/publication_panels/Fig_temporal_flexibility_vs_rigidity.pdf","analyses/systems_dashboard/5min","figures/publication_panels/Fig_temporal_flexibility_vs_rigidity.pdf","2678d627037811889337c56632d3b1f8152441706d411998df7de5bae3c3cdf1","ready","docs/behavior_output_code_contracts/systems_dashboard_5min.csv","9e4afc691c443fc9c24f87f5e677b61f99bc25fac9ae0e32fbaa576a7d038f91"
"systems_dashboard_5min","12_systems_neuroscience_summary/5min_based/figures/publication_panels/Fig_temporal_flexibility_vs_rigidity.png","analyses/systems_dashboard/5min","figures/publication_panels/Fig_temporal_flexibility_vs_rigidity.png","89b0f4e6d0a73134e20f04598f582a344334845831dadad56c9a69378f3cbdfd","ready","docs/behavior_output_code_contracts/systems_dashboard_5min.csv","9e4afc691c443fc9c24f87f5e677b61f99bc25fac9ae0e32fbaa576a7d038f91"
"systems_dashboard_5min","12_systems_neuroscience_summary/5min_based/figures/publication_panels/Fig_temporal_flexibility_vs_rigidity.svg","analyses/systems_dashboard/5min","figures/publication_panels/Fig_temporal_flexibility_vs_rigidity.svg","11e9f937f012af11394e41a0ef5e05ecc985bd1e4dec7d1c909567f5ccf63265","ready","docs/behavior_output_code_contracts/systems_dashboard_5min.csv","9e4afc691c443fc9c24f87f5e677b61f99bc25fac9ae0e32fbaa576a7d038f91"
"systems_dashboard_5min","12_systems_neuroscience_summary/5min_based/figures/qc/Fig_batch_system_feature_bias.pdf","analyses/systems_dashboard/5min","figures/qc/Fig_batch_system_feature_bias.pdf","0d12dff2236244ad41e9afd447ae89831a9feb77f02d9c1bfcdb5b48eebfcbbd","ready","docs/behavior_output_code_contracts/systems_dashboard_5min.csv","9e4afc691c443fc9c24f87f5e677b61f99bc25fac9ae0e32fbaa576a7d038f91"
"systems_dashboard_5min","12_systems_neuroscience_summary/5min_based/figures/qc/Fig_batch_system_feature_bias.png","analyses/systems_dashboard/5min","figures/qc/Fig_batch_system_feature_bias.png","66a89be33eb934cb77a1b50f31ae992ad52d347bd47b9633104de2118ae214bf","ready","docs/behavior_output_code_contracts/systems_dashboard_5min.csv","9e4afc691c443fc9c24f87f5e677b61f99bc25fac9ae0e32fbaa576a7d038f91"
"systems_dashboard_5min","12_systems_neuroscience_summary/5min_based/figures/qc/Fig_batch_system_feature_bias.svg","analyses/systems_dashboard/5min","figures/qc/Fig_batch_system_feature_bias.svg","becb04a3eeb5263e10534f721872b523b17282fdb729c28c1fe5187b5ecc765b","ready","docs/behavior_output_code_contracts/systems_dashboard_5min.csv","9e4afc691c443fc9c24f87f5e677b61f99bc25fac9ae0e32fbaa576a7d038f91"
"systems_dashboard_5min","12_systems_neuroscience_summary/5min_based/figures/qc/Fig_chip_loss_dropout_timeline.pdf","analyses/systems_dashboard/5min","figures/qc/Fig_chip_loss_dropout_timeline.pdf","509f8db45140ece0125c2876657f20e759515a5f89e519908f241826064a2e7e","ready","docs/behavior_output_code_contracts/systems_dashboard_5min.csv","9e4afc691c443fc9c24f87f5e677b61f99bc25fac9ae0e32fbaa576a7d038f91"
"systems_dashboard_5min","12_systems_neuroscience_summary/5min_based/figures/qc/Fig_chip_loss_dropout_timeline.png","analyses/systems_dashboard/5min","figures/qc/Fig_chip_loss_dropout_timeline.png","d3199512d74fc8e22c482f88be274c4913e7f8029b241ac92226c749b99caa95","ready","docs/behavior_output_code_contracts/systems_dashboard_5min.csv","9e4afc691c443fc9c24f87f5e677b61f99bc25fac9ae0e32fbaa576a7d038f91"
"systems_dashboard_5min","12_systems_neuroscience_summary/5min_based/figures/qc/Fig_chip_loss_dropout_timeline.svg","analyses/systems_dashboard/5min","figures/qc/Fig_chip_loss_dropout_timeline.svg","44f29ca316b1a1e58f3842570762697d4b010778d2850351c1915ef98ae3e097","ready","docs/behavior_output_code_contracts/systems_dashboard_5min.csv","9e4afc691c443fc9c24f87f5e677b61f99bc25fac9ae0e32fbaa576a7d038f91"
"systems_dashboard_5min","12_systems_neuroscience_summary/5min_based/figures/qc/Fig_chip_loss_movement_proximity_diagnostics.pdf","analyses/systems_dashboard/5min","figures/qc/Fig_chip_loss_movement_proximity_diagnostics.pdf","9dc9ffb8c38bd8620c003134d696307051d82c9480b2a8de99560fc1a6bd35fd","ready","docs/behavior_output_code_contracts/systems_dashboard_5min.csv","9e4afc691c443fc9c24f87f5e677b61f99bc25fac9ae0e32fbaa576a7d038f91"
"systems_dashboard_5min","12_systems_neuroscience_summary/5min_based/figures/qc/Fig_chip_loss_movement_proximity_diagnostics.png","analyses/systems_dashboard/5min","figures/qc/Fig_chip_loss_movement_proximity_diagnostics.png","3b94852591d833504a93449b6996bbad6e5c411a4a82b5250d902f929e6ca2b8","ready","docs/behavior_output_code_contracts/systems_dashboard_5min.csv","9e4afc691c443fc9c24f87f5e677b61f99bc25fac9ae0e32fbaa576a7d038f91"
"systems_dashboard_5min","12_systems_neuroscience_summary/5min_based/figures/qc/Fig_chip_loss_movement_proximity_diagnostics.svg","analyses/systems_dashboard/5min","figures/qc/Fig_chip_loss_movement_proximity_diagnostics.svg","b58f7acb3eb020ef69f9fc20eb6e5039a514c09f7bbe4878202cd098e93c2b12","ready","docs/behavior_output_code_contracts/systems_dashboard_5min.csv","9e4afc691c443fc9c24f87f5e677b61f99bc25fac9ae0e32fbaa576a7d038f91"
"systems_dashboard_5min","12_systems_neuroscience_summary/5min_based/figures/qc/Fig_group_balance_by_batch_system.pdf","analyses/systems_dashboard/5min","figures/qc/Fig_group_balance_by_batch_system.pdf","85c0315bfce9c0ec3e90fbe20c0db697cf2042b2ca247af81b11250747c8ab35","ready","docs/behavior_output_code_contracts/systems_dashboard_5min.csv","9e4afc691c443fc9c24f87f5e677b61f99bc25fac9ae0e32fbaa576a7d038f91"
"systems_dashboard_5min","12_systems_neuroscience_summary/5min_based/figures/qc/Fig_group_balance_by_batch_system.png","analyses/systems_dashboard/5min","figures/qc/Fig_group_balance_by_batch_system.png","c1128984359fcc8c664374d4cca804603a7d57b4813721bdd83504a730cb6f96","ready","docs/behavior_output_code_contracts/systems_dashboard_5min.csv","9e4afc691c443fc9c24f87f5e677b61f99bc25fac9ae0e32fbaa576a7d038f91"
"systems_dashboard_5min","12_systems_neuroscience_summary/5min_based/figures/qc/Fig_group_balance_by_batch_system.svg","analyses/systems_dashboard/5min","figures/qc/Fig_group_balance_by_batch_system.svg","4069a3b32794401b18067d8e3c09b6aa4717340d2783043b6086cab318589352","ready","docs/behavior_output_code_contracts/systems_dashboard_5min.csv","9e4afc691c443fc9c24f87f5e677b61f99bc25fac9ae0e32fbaa576a7d038f91"
"systems_dashboard_5min","12_systems_neuroscience_summary/5min_based/figures/qc/Fig_primary_feature_robustness.pdf","analyses/systems_dashboard/5min","figures/qc/Fig_primary_feature_robustness.pdf","e15f7bcc527b797eb29e878b5b68ad3f7f61272e2a7c198f16b718838d341783","ready","docs/behavior_output_code_contracts/systems_dashboard_5min.csv","9e4afc691c443fc9c24f87f5e677b61f99bc25fac9ae0e32fbaa576a7d038f91"
"systems_dashboard_5min","12_systems_neuroscience_summary/5min_based/figures/qc/Fig_primary_feature_robustness.png","analyses/systems_dashboard/5min","figures/qc/Fig_primary_feature_robustness.png","bec331d90931d77ca066934dabea70e92cfef8851504533f0f9f7ef9e0a59c12","ready","docs/behavior_output_code_contracts/systems_dashboard_5min.csv","9e4afc691c443fc9c24f87f5e677b61f99bc25fac9ae0e32fbaa576a7d038f91"
"systems_dashboard_5min","12_systems_neuroscience_summary/5min_based/figures/qc/Fig_primary_feature_robustness.svg","analyses/systems_dashboard/5min","figures/qc/Fig_primary_feature_robustness.svg","0f390906ad67ed01c6ce2ca184d54644acb151ecbc92c609f2bb0efd46716340","ready","docs/behavior_output_code_contracts/systems_dashboard_5min.csv","9e4afc691c443fc9c24f87f5e677b61f99bc25fac9ae0e32fbaa576a7d038f91"
"systems_dashboard_5min","12_systems_neuroscience_summary/5min_based/stats_tables/sis_first_night_full_raw_candidate_family_sensitivity.csv","analyses/systems_dashboard/5min","stats_tables/sis_first_night_full_raw_candidate_family_sensitivity.csv","67c5a21a57b3647e49ef9fdacd960e430d1a96aaa80f72a3aab73954e263a130","ready","docs/behavior_output_code_contracts/systems_dashboard_5min.csv","9e4afc691c443fc9c24f87f5e677b61f99bc25fac9ae0e32fbaa576a7d038f91"
"systems_dashboard_5min","12_systems_neuroscience_summary/5min_based/stats_tables/sis_first_night_group_contrasts.csv","analyses/systems_dashboard/5min","stats_tables/sis_first_night_group_contrasts.csv","740de76ddd4392eee20d8b348c393c25c42090fc7a1c96f2fc8e8723ac8b3e02","ready","docs/behavior_output_code_contracts/systems_dashboard_5min.csv","9e4afc691c443fc9c24f87f5e677b61f99bc25fac9ae0e32fbaa576a7d038f91"
"systems_dashboard_5min","12_systems_neuroscience_summary/5min_based/stats_tables/sis_first_night_group_sex_interactions.csv","analyses/systems_dashboard/5min","stats_tables/sis_first_night_group_sex_interactions.csv","03e09711fc48eb5ce58f662717dba872bf75eae1cc9a4dd0feeee66fd37a7cd3","ready","docs/behavior_output_code_contracts/systems_dashboard_5min.csv","9e4afc691c443fc9c24f87f5e677b61f99bc25fac9ae0e32fbaa576a7d038f91"
"systems_dashboard_5min","12_systems_neuroscience_summary/5min_based/stats_tables/systems_duration_negative_control_endpoint_correlations.csv","analyses/systems_dashboard/5min","stats_tables/systems_duration_negative_control_endpoint_correlations.csv","630a61fdb6ee27fb00a21c620ce4960e2a2d1a574aa232107f61d62bb73fe31c","ready","docs/behavior_output_code_contracts/systems_dashboard_5min.csv","9e4afc691c443fc9c24f87f5e677b61f99bc25fac9ae0e32fbaa576a7d038f91"
"systems_dashboard_5min","12_systems_neuroscience_summary/5min_based/stats_tables/systems_group_contrasts.csv","analyses/systems_dashboard/5min","stats_tables/systems_group_contrasts.csv","aeec31eda197bdef34e6a4b1a1d6642440c643f1f279deabc5dbb2ad381e646f","ready","docs/behavior_output_code_contracts/systems_dashboard_5min.csv","9e4afc691c443fc9c24f87f5e677b61f99bc25fac9ae0e32fbaa576a7d038f91"
"systems_dashboard_5min","12_systems_neuroscience_summary/5min_based/stats_tables/systems_group_sex_interaction_models.csv","analyses/systems_dashboard/5min","stats_tables/systems_group_sex_interaction_models.csv","7b21006cbe822b98e17a77d9aeb44e2fbee2bfcb3c6ccb9a783eb7ffe314a1e9","ready","docs/behavior_output_code_contracts/systems_dashboard_5min.csv","9e4afc691c443fc9c24f87f5e677b61f99bc25fac9ae0e32fbaa576a7d038f91"
"systems_dashboard_5min","12_systems_neuroscience_summary/5min_based/stats_tables/systems_group_summary.csv","analyses/systems_dashboard/5min","stats_tables/systems_group_summary.csv","2125bf27e929c84517beaf20e6f9ed816dca36c48e2987c130ba6a91f58cfbec","ready","docs/behavior_output_code_contracts/systems_dashboard_5min.csv","9e4afc691c443fc9c24f87f5e677b61f99bc25fac9ae0e32fbaa576a7d038f91"
"systems_dashboard_5min","12_systems_neuroscience_summary/5min_based/stats_tables/systems_latent_instability_combz_associations.csv","analyses/systems_dashboard/5min","stats_tables/systems_latent_instability_combz_associations.csv","4e008285b383cbf6ab25bc8ee3e2df3f702352068957c0d35f7bfc756b1fc1c5","ready","docs/behavior_output_code_contracts/systems_dashboard_5min.csv","9e4afc691c443fc9c24f87f5e677b61f99bc25fac9ae0e32fbaa576a7d038f91"
"systems_dashboard_5min","12_systems_neuroscience_summary/5min_based/stats_tables/systems_named_biological_score_group_summary.csv","analyses/systems_dashboard/5min","stats_tables/systems_named_biological_score_group_summary.csv","80c922560b6973bbf2c8b61d09d32b0483eae47f9b120a98b9ab4e9bd5bef5ae","ready","docs/behavior_output_code_contracts/systems_dashboard_5min.csv","9e4afc691c443fc9c24f87f5e677b61f99bc25fac9ae0e32fbaa576a7d038f91"
"systems_dashboard_5min","12_systems_neuroscience_summary/5min_based/stats_tables/systems_outcome_associations.csv","analyses/systems_dashboard/5min","stats_tables/systems_outcome_associations.csv","edb3ead24a2ff50d7db64bc7c138abbd2e0958688d25da9245187189737b7cea","ready","docs/behavior_output_code_contracts/systems_dashboard_5min.csv","9e4afc691c443fc9c24f87f5e677b61f99bc25fac9ae0e32fbaa576a7d038f91"
"systems_dashboard_5min","12_systems_neuroscience_summary/5min_based/stats_tables/systems_pc1_combz_association_by_sex.csv","analyses/systems_dashboard/5min","stats_tables/systems_pc1_combz_association_by_sex.csv","6d5339011f3d717ce70c3af889dcc14ea364ea250fdb503932f2d2b3597add43","ready","docs/behavior_output_code_contracts/systems_dashboard_5min.csv","9e4afc691c443fc9c24f87f5e677b61f99bc25fac9ae0e32fbaa576a7d038f91"
"systems_dashboard_5min","12_systems_neuroscience_summary/5min_based/stats_tables/systems_prospective_feature_scatter_sex_stats.csv","analyses/systems_dashboard/5min","stats_tables/systems_prospective_feature_scatter_sex_stats.csv","3b4ae4d2f7eb86ef94b33cd110c9935b2156cc38616de0971c000b9b1fec315d","ready","docs/behavior_output_code_contracts/systems_dashboard_5min.csv","9e4afc691c443fc9c24f87f5e677b61f99bc25fac9ae0e32fbaa576a7d038f91"
"systems_dashboard_5min","12_systems_neuroscience_summary/5min_based/stats_tables/systems_prospective_outcome_associations.csv","analyses/systems_dashboard/5min","stats_tables/systems_prospective_outcome_associations.csv","f6dda35c685facdcbc5acc78437a5703ccee5b6d962a7561a95f751158b723fa","ready","docs/behavior_output_code_contracts/systems_dashboard_5min.csv","9e4afc691c443fc9c24f87f5e677b61f99bc25fac9ae0e32fbaa576a7d038f91"
"systems_dashboard_5min","12_systems_neuroscience_summary/5min_based/stats_tables/systems_sis_domain_effect_summary.csv","analyses/systems_dashboard/5min","stats_tables/systems_sis_domain_effect_summary.csv","1fcff4830618b84cb6c9508a0d52281ef84489e749e3a7a7825185701cae5545","ready","docs/behavior_output_code_contracts/systems_dashboard_5min.csv","9e4afc691c443fc9c24f87f5e677b61f99bc25fac9ae0e32fbaa576a7d038f91"
"systems_dashboard_5min","12_systems_neuroscience_summary/5min_based/stats_tables/systems_sis_domain_group_sex_interactions_by_hmm_resolution.csv","analyses/systems_dashboard/5min","stats_tables/systems_sis_domain_group_sex_interactions_by_hmm_resolution.csv","75287879b2dbeae2fc1d080ccb8f85d88e63116a567a5d67d3e58308a116f4b3","ready","docs/behavior_output_code_contracts/systems_dashboard_5min.csv","9e4afc691c443fc9c24f87f5e677b61f99bc25fac9ae0e32fbaa576a7d038f91"
"systems_dashboard_5min","12_systems_neuroscience_summary/5min_based/stats_tables/systems_sis_domain_group_summary.csv","analyses/systems_dashboard/5min","stats_tables/systems_sis_domain_group_summary.csv","3b80235145619e5fda9d7937bfd83125f7198aacc48d527fa77587dc36f2a085","ready","docs/behavior_output_code_contracts/systems_dashboard_5min.csv","9e4afc691c443fc9c24f87f5e677b61f99bc25fac9ae0e32fbaa576a7d038f91"
"systems_dashboard_5min","12_systems_neuroscience_summary/5min_based/stats_tables/systems_sis_domain_mixed_model_stats.csv","analyses/systems_dashboard/5min","stats_tables/systems_sis_domain_mixed_model_stats.csv","6573d77ab8c8bc1d783d7c758deeaa648938238e8fe92d21107610e34d5399c6","ready","docs/behavior_output_code_contracts/systems_dashboard_5min.csv","9e4afc691c443fc9c24f87f5e677b61f99bc25fac9ae0e32fbaa576a7d038f91"
"systems_dashboard_5min","12_systems_neuroscience_summary/5min_based/stats_tables/systems_sis_female_active_state_architecture_before_after.csv","analyses/systems_dashboard/5min","stats_tables/systems_sis_female_active_state_architecture_before_after.csv","af542739a033554b5259ae1a8dce7c2fd5aa9f1adad14edefd8fafc6605a88fe","ready","docs/behavior_output_code_contracts/systems_dashboard_5min.csv","9e4afc691c443fc9c24f87f5e677b61f99bc25fac9ae0e32fbaa576a7d038f91"
"systems_dashboard_5min","12_systems_neuroscience_summary/5min_based/stats_tables/systems_sis_first_active_12h_prediction_table.csv","analyses/systems_dashboard/5min","stats_tables/systems_sis_first_active_12h_prediction_table.csv","8b28f9fafd46251dd5ff55b0debffd24d4d12fd8d27eb5900dfaad47143c150f","ready","docs/behavior_output_code_contracts/systems_dashboard_5min.csv","9e4afc691c443fc9c24f87f5e677b61f99bc25fac9ae0e32fbaa576a7d038f91"
"systems_dashboard_5min","12_systems_neuroscience_summary/5min_based/stats_tables/systems_sis_hmm_resolution_sensitivity.csv","analyses/systems_dashboard/5min","stats_tables/systems_sis_hmm_resolution_sensitivity.csv","d3a79a1afd938e7f63ce0e054125d2affd3a34c9159b42e3ecb772645b58ffa5","ready","docs/behavior_output_code_contracts/systems_dashboard_5min.csv","9e4afc691c443fc9c24f87f5e677b61f99bc25fac9ae0e32fbaa576a7d038f91"
"systems_dashboard_5min","12_systems_neuroscience_summary/5min_based/tables/duration_normalization_methods_text.csv","analyses/systems_dashboard/5min","tables/duration_normalization_methods_text.csv","a155fe186af52ee133974e3f4685ee1db575d14a87db5f0cc4427e8b5bf17ea1","ready","docs/behavior_output_code_contracts/systems_dashboard_5min.csv","9e4afc691c443fc9c24f87f5e677b61f99bc25fac9ae0e32fbaa576a7d038f91"
"systems_dashboard_5min","12_systems_neuroscience_summary/5min_based/tables/duration_sensitivity_audit.csv","analyses/systems_dashboard/5min","tables/duration_sensitivity_audit.csv","5a679ade8e7fa9dcf870a23d25f334f02c6f568a1fd80e55b0cc571b86b4ab4f","ready","docs/behavior_output_code_contracts/systems_dashboard_5min.csv","9e4afc691c443fc9c24f87f5e677b61f99bc25fac9ae0e32fbaa576a7d038f91"
"systems_dashboard_5min","12_systems_neuroscience_summary/5min_based/tables/epoch_duration_qc.csv","analyses/systems_dashboard/5min","tables/epoch_duration_qc.csv","f246242dd03bb710a0dcfe468308f15fa5ca0caecc8f051b8ea553b978b4b873","ready","docs/behavior_output_code_contracts/systems_dashboard_5min.csv","9e4afc691c443fc9c24f87f5e677b61f99bc25fac9ae0e32fbaa576a7d038f91"
"systems_dashboard_5min","12_systems_neuroscience_summary/5min_based/tables/input_path_registry.csv","analyses/systems_dashboard/5min","tables/input_path_registry.csv","bb4edbf029e0164c9a3ff1a79929a841cf711ab32a81a7819cb231d34051eb28","ready","docs/behavior_output_code_contracts/systems_dashboard_5min.csv","9e4afc691c443fc9c24f87f5e677b61f99bc25fac9ae0e32fbaa576a7d038f91"
"systems_dashboard_5min","12_systems_neuroscience_summary/5min_based/tables/qc_chip_loss_flags.csv","analyses/systems_dashboard/5min","tables/qc_chip_loss_flags.csv","f992afc794fbaef4314b080734cc1f9d0ed585bbd79ba244662caf7f78c51bf1","ready","docs/behavior_output_code_contracts/systems_dashboard_5min.csv","9e4afc691c443fc9c24f87f5e677b61f99bc25fac9ae0e32fbaa576a7d038f91"
"systems_dashboard_5min","12_systems_neuroscience_summary/5min_based/tables/qc/chip_loss_downstream_feature_audit.csv","analyses/systems_dashboard/5min","tables/qc/chip_loss_downstream_feature_audit.csv","a9eb87aec098d93dc48c415b9016ebb905acf660d11716eef28dc3c34aa50487","ready","docs/behavior_output_code_contracts/systems_dashboard_5min.csv","9e4afc691c443fc9c24f87f5e677b61f99bc25fac9ae0e32fbaa576a7d038f91"
"systems_dashboard_5min","12_systems_neuroscience_summary/5min_based/tables/qc/group_balance_by_batch_system.csv","analyses/systems_dashboard/5min","tables/qc/group_balance_by_batch_system.csv","e8790d92c2ed4adafdc5618259a6abe78166dd821fb66be80e948eef0b734036","ready","docs/behavior_output_code_contracts/systems_dashboard_5min.csv","9e4afc691c443fc9c24f87f5e677b61f99bc25fac9ae0e32fbaa576a7d038f91"
"systems_dashboard_5min","12_systems_neuroscience_summary/5min_based/tables/sis_CC1_first_active_domain_contrasts.csv","analyses/systems_dashboard/5min","tables/sis_CC1_first_active_domain_contrasts.csv","7d5a7ea2d18c65ea3cea39a528fbd0d9aff5b9dd963a1f36d3a371f1a49a7f5b","ready","docs/behavior_output_code_contracts/systems_dashboard_5min.csv","9e4afc691c443fc9c24f87f5e677b61f99bc25fac9ae0e32fbaa576a7d038f91"
"systems_dashboard_5min","12_systems_neuroscience_summary/5min_based/tables/sis_CC1_first_active_domain_heatmap_data.csv","analyses/systems_dashboard/5min","tables/sis_CC1_first_active_domain_heatmap_data.csv","22041be83c59a0867ac6a961897cd4d79720803ab341a13e1c1394bc885e04a3","ready","docs/behavior_output_code_contracts/systems_dashboard_5min.csv","9e4afc691c443fc9c24f87f5e677b61f99bc25fac9ae0e32fbaa576a7d038f91"
"systems_dashboard_5min","12_systems_neuroscience_summary/5min_based/tables/sis_first_night_animal_window_qc.csv","analyses/systems_dashboard/5min","tables/sis_first_night_animal_window_qc.csv","022d402097e3b11757bb01b37a8d31a7d8725332524c1faf0a5acdea092118a8","ready","docs/behavior_output_code_contracts/systems_dashboard_5min.csv","9e4afc691c443fc9c24f87f5e677b61f99bc25fac9ae0e32fbaa576a7d038f91"
"systems_dashboard_5min","12_systems_neuroscience_summary/5min_based/tables/sis_first_night_documentation.csv","analyses/systems_dashboard/5min","tables/sis_first_night_documentation.csv","7b347aeac66b7caf22859d946cd2d1f9018069a04686585e938251e6b2989ef5","ready","docs/behavior_output_code_contracts/systems_dashboard_5min.csv","9e4afc691c443fc9c24f87f5e677b61f99bc25fac9ae0e32fbaa576a7d038f91"
"systems_dashboard_5min","12_systems_neuroscience_summary/5min_based/tables/sis_first_night_domain_contributor_qc.csv","analyses/systems_dashboard/5min","tables/sis_first_night_domain_contributor_qc.csv","6a18458e95255f9434fc023aee55ede01b544494fcd5c7be54d24d22a52b8fb9","ready","docs/behavior_output_code_contracts/systems_dashboard_5min.csv","9e4afc691c443fc9c24f87f5e677b61f99bc25fac9ae0e32fbaa576a7d038f91"
"systems_dashboard_5min","12_systems_neuroscience_summary/5min_based/tables/sis_first_night_domain_n_by_sex_group.csv","analyses/systems_dashboard/5min","tables/sis_first_night_domain_n_by_sex_group.csv","870b52329104229612281d6ad68e2b5381f2ecb3e6dafd1c304e634e19e575d6","ready","docs/behavior_output_code_contracts/systems_dashboard_5min.csv","9e4afc691c443fc9c24f87f5e677b61f99bc25fac9ae0e32fbaa576a7d038f91"
"systems_dashboard_5min","12_systems_neuroscience_summary/5min_based/tables/sis_first_night_domain_scores.csv","analyses/systems_dashboard/5min","tables/sis_first_night_domain_scores.csv","6fc52537314eb19f4a165d72bfafcaf8a287a49b7756d1d45ad480734f39396a","ready","docs/behavior_output_code_contracts/systems_dashboard_5min.csv","9e4afc691c443fc9c24f87f5e677b61f99bc25fac9ae0e32fbaa576a7d038f91"
"systems_dashboard_5min","12_systems_neuroscience_summary/5min_based/tables/sis_first_night_raw_features.csv","analyses/systems_dashboard/5min","tables/sis_first_night_raw_features.csv","15cfc74f73ae31c02d7e026cda5c1d41b364d559547aaacbaf31224c65520724","ready","docs/behavior_output_code_contracts/systems_dashboard_5min.csv","9e4afc691c443fc9c24f87f5e677b61f99bc25fac9ae0e32fbaa576a7d038f91"
"systems_dashboard_5min","12_systems_neuroscience_summary/5min_based/tables/sis_first_night_window_contract.csv","analyses/systems_dashboard/5min","tables/sis_first_night_window_contract.csv","2a7a6b8cc2e683a84ee39d8380636563c331cf2f2fd2835af3390d6a9096be6c","ready","docs/behavior_output_code_contracts/systems_dashboard_5min.csv","9e4afc691c443fc9c24f87f5e677b61f99bc25fac9ae0e32fbaa576a7d038f91"
"systems_dashboard_5min","12_systems_neuroscience_summary/5min_based/tables/systems_analysis_summary.csv","analyses/systems_dashboard/5min","tables/systems_analysis_summary.csv","d0ee4d698b018da460ce5ad6b90563c757d9b14bb2ec5c5165179239c084961f","ready","docs/behavior_output_code_contracts/systems_dashboard_5min.csv","9e4afc691c443fc9c24f87f5e677b61f99bc25fac9ae0e32fbaa576a7d038f91"
"systems_dashboard_5min","12_systems_neuroscience_summary/5min_based/tables/systems_animal_feature_matrix.csv","analyses/systems_dashboard/5min","tables/systems_animal_feature_matrix.csv","b9e9d4fbb47d4d796e26d59fc98e49b6bcebc9adec53a754602cf2f9390e98d2","ready","docs/behavior_output_code_contracts/systems_dashboard_5min.csv","9e4afc691c443fc9c24f87f5e677b61f99bc25fac9ae0e32fbaa576a7d038f91"
"systems_dashboard_5min","12_systems_neuroscience_summary/5min_based/tables/systems_batch_system_cage_audit.csv","analyses/systems_dashboard/5min","tables/systems_batch_system_cage_audit.csv","0db4eb7d006e011132d11c894712cbd502f82bddde3ced83220546ee57995954","ready","docs/behavior_output_code_contracts/systems_dashboard_5min.csv","9e4afc691c443fc9c24f87f5e677b61f99bc25fac9ae0e32fbaa576a7d038f91"
"systems_dashboard_5min","12_systems_neuroscience_summary/5min_based/tables/systems_behavior_proteomics_bridge.csv","analyses/systems_dashboard/5min","tables/systems_behavior_proteomics_bridge.csv","17ff0b89b9b7d51de4e2cd804ca8dd176ebbb238be532e46e6f1af34a8f4ce84","ready","docs/behavior_output_code_contracts/systems_dashboard_5min.csv","9e4afc691c443fc9c24f87f5e677b61f99bc25fac9ae0e32fbaa576a7d038f91"
"systems_dashboard_5min","12_systems_neuroscience_summary/5min_based/tables/systems_bin_size_sensitivity_summary.csv","analyses/systems_dashboard/5min","tables/systems_bin_size_sensitivity_summary.csv","08eb0d7dae243954dc6da1527f1f6bcb2c6c7c8e0b456dbacaaefd698fbfd89a","ready","docs/behavior_output_code_contracts/systems_dashboard_5min.csv","9e4afc691c443fc9c24f87f5e677b61f99bc25fac9ae0e32fbaa576a7d038f91"
"systems_dashboard_5min","12_systems_neuroscience_summary/5min_based/tables/systems_claim_hierarchy.csv","analyses/systems_dashboard/5min","tables/systems_claim_hierarchy.csv","c51b5fcfdbc062ce448c9e3cfe54ba14f9feee415b0b2f63f9ac786e3cc44cb2","ready","docs/behavior_output_code_contracts/systems_dashboard_5min.csv","9e4afc691c443fc9c24f87f5e677b61f99bc25fac9ae0e32fbaa576a7d038f91"
"systems_dashboard_5min","12_systems_neuroscience_summary/5min_based/tables/systems_computation_integration_audit.csv","analyses/systems_dashboard/5min","tables/systems_computation_integration_audit.csv","b8eef961db9c52f15084f4920f03c869fba9d0a1ea6b39d1e2dfc44b98144f0e","ready","docs/behavior_output_code_contracts/systems_dashboard_5min.csv","9e4afc691c443fc9c24f87f5e677b61f99bc25fac9ae0e32fbaa576a7d038f91"
"systems_dashboard_5min","12_systems_neuroscience_summary/5min_based/tables/systems_dashboard_group_n_by_sex.csv","analyses/systems_dashboard/5min","tables/systems_dashboard_group_n_by_sex.csv","ee0523a0afd0ea7530e66443dc5027e2f0be0334b6418e5fab278b617c797ad9","ready","docs/behavior_output_code_contracts/systems_dashboard_5min.csv","9e4afc691c443fc9c24f87f5e677b61f99bc25fac9ae0e32fbaa576a7d038f91"
"systems_dashboard_5min","12_systems_neuroscience_summary/5min_based/tables/systems_dashboard_module_effect_summary.csv","analyses/systems_dashboard/5min","tables/systems_dashboard_module_effect_summary.csv","6b4dd082ad4bfa67874c001ab6287bcda8f3098faf5bcea12ccf84e2f67031ca","ready","docs/behavior_output_code_contracts/systems_dashboard_5min.csv","9e4afc691c443fc9c24f87f5e677b61f99bc25fac9ae0e32fbaa576a7d038f91"
"systems_dashboard_5min","12_systems_neuroscience_summary/5min_based/tables/systems_domain_bin_preference_audit.csv","analyses/systems_dashboard/5min","tables/systems_domain_bin_preference_audit.csv","097bc3ec871d720ac02907ab91e3bc398f41431262a2b786cfcf4ca4a969090d","ready","docs/behavior_output_code_contracts/systems_dashboard_5min.csv","9e4afc691c443fc9c24f87f5e677b61f99bc25fac9ae0e32fbaa576a7d038f91"
"systems_dashboard_5min","12_systems_neuroscience_summary/5min_based/tables/systems_duration_negative_control_by_animal.csv","analyses/systems_dashboard/5min","tables/systems_duration_negative_control_by_animal.csv","6abc297c0e1b6e5c2d37e601c7a2a629f243ea2aecdfd4caff050136322893f7","ready","docs/behavior_output_code_contracts/systems_dashboard_5min.csv","9e4afc691c443fc9c24f87f5e677b61f99bc25fac9ae0e32fbaa576a7d038f91"
"systems_dashboard_5min","12_systems_neuroscience_summary/5min_based/tables/systems_early_active_baseline_relative_reorganization.csv","analyses/systems_dashboard/5min","tables/systems_early_active_baseline_relative_reorganization.csv","175ea9b283d2def38aef71599fb32f01052d054eb75e7df7a90059c7e4d22eb6","ready","docs/behavior_output_code_contracts/systems_dashboard_5min.csv","9e4afc691c443fc9c24f87f5e677b61f99bc25fac9ae0e32fbaa576a7d038f91"
"systems_dashboard_5min","12_systems_neuroscience_summary/5min_based/tables/systems_early_active_domain_scores.csv","analyses/systems_dashboard/5min","tables/systems_early_active_domain_scores.csv","32a44a82ee3fd740e462313b8714351ceb8efd0e7b261ef8d03ca0932099827c","ready","docs/behavior_output_code_contracts/systems_dashboard_5min.csv","9e4afc691c443fc9c24f87f5e677b61f99bc25fac9ae0e32fbaa576a7d038f91"
"systems_dashboard_5min","12_systems_neuroscience_summary/5min_based/tables/systems_early_active_recovery_kinetics.csv","analyses/systems_dashboard/5min","tables/systems_early_active_recovery_kinetics.csv","f3774173caae0e2d55c3e1c852f78bab003f99f3f623f99ba6ab9ad159c90a42","ready","docs/behavior_output_code_contracts/systems_dashboard_5min.csv","9e4afc691c443fc9c24f87f5e677b61f99bc25fac9ae0e32fbaa576a7d038f91"
"systems_dashboard_5min","12_systems_neuroscience_summary/5min_based/tables/systems_endpoint_leakage_audit.csv","analyses/systems_dashboard/5min","tables/systems_endpoint_leakage_audit.csv","cb06e767433ab3822ec4c13a5c2e7cc9c9601a05abd6f6b245a84644dc1e7a98","ready","docs/behavior_output_code_contracts/systems_dashboard_5min.csv","9e4afc691c443fc9c24f87f5e677b61f99bc25fac9ae0e32fbaa576a7d038f91"
"systems_dashboard_5min","12_systems_neuroscience_summary/5min_based/tables/systems_ethological_phase_organization.csv","analyses/systems_dashboard/5min","tables/systems_ethological_phase_organization.csv","96bf63f06d83cc4335761b2557310f9233af4f926efa3ff4b6c6a947c52a226d","ready","docs/behavior_output_code_contracts/systems_dashboard_5min.csv","9e4afc691c443fc9c24f87f5e677b61f99bc25fac9ae0e32fbaa576a7d038f91"
"systems_dashboard_5min","12_systems_neuroscience_summary/5min_based/tables/systems_feature_correlation_network_edges.csv","analyses/systems_dashboard/5min","tables/systems_feature_correlation_network_edges.csv","a5a1e10f5c2f41713085f2854fcd0e8b3b772803b3eff98c6a462620f94438f7","ready","docs/behavior_output_code_contracts/systems_dashboard_5min.csv","9e4afc691c443fc9c24f87f5e677b61f99bc25fac9ae0e32fbaa576a7d038f91"
"systems_dashboard_5min","12_systems_neuroscience_summary/5min_based/tables/systems_feature_dictionary.csv","analyses/systems_dashboard/5min","tables/systems_feature_dictionary.csv","63e89b6121ffe540636cf709c2715c5540503cd4df21262ff20a9fc158b0f591","ready","docs/behavior_output_code_contracts/systems_dashboard_5min.csv","9e4afc691c443fc9c24f87f5e677b61f99bc25fac9ae0e32fbaa576a7d038f91"
"systems_dashboard_5min","12_systems_neuroscience_summary/5min_based/tables/systems_feature_qc.csv","analyses/systems_dashboard/5min","tables/systems_feature_qc.csv","253914877ebebefd1dc842ffb1a76449fbdbea2eb53e09efb33acb58841186a0","ready","docs/behavior_output_code_contracts/systems_dashboard_5min.csv","9e4afc691c443fc9c24f87f5e677b61f99bc25fac9ae0e32fbaa576a7d038f91"
"systems_dashboard_5min","12_systems_neuroscience_summary/5min_based/tables/systems_feature_redundancy_within_modules.csv","analyses/systems_dashboard/5min","tables/systems_feature_redundancy_within_modules.csv","0cefe5e10f45a8361a16c77a65adebfe2035a92197bc468c81b0bf3c2094798a","ready","docs/behavior_output_code_contracts/systems_dashboard_5min.csv","9e4afc691c443fc9c24f87f5e677b61f99bc25fac9ae0e32fbaa576a7d038f91"
"systems_dashboard_5min","12_systems_neuroscience_summary/5min_based/tables/systems_feature_sets.csv","analyses/systems_dashboard/5min","tables/systems_feature_sets.csv","fdbfb0f25e6ba6b7cccd1916d318eccc8aeab079f8f69d554fb7ab424249272a","ready","docs/behavior_output_code_contracts/systems_dashboard_5min.csv","9e4afc691c443fc9c24f87f5e677b61f99bc25fac9ae0e32fbaa576a7d038f91"
"systems_dashboard_5min","12_systems_neuroscience_summary/5min_based/tables/systems_first_active_window_qc.csv","analyses/systems_dashboard/5min","tables/systems_first_active_window_qc.csv","eb4e12a4c5bad46c814622615c6d57b87193386440804354fe43d8c96851c784","ready","docs/behavior_output_code_contracts/systems_dashboard_5min.csv","9e4afc691c443fc9c24f87f5e677b61f99bc25fac9ae0e32fbaa576a7d038f91"
"systems_dashboard_5min","12_systems_neuroscience_summary/5min_based/tables/systems_hmm_composite_component_audit.csv","analyses/systems_dashboard/5min","tables/systems_hmm_composite_component_audit.csv","50971483cc998488f49dd2047b2f5748fa4d2a1fb8b121bb8efa11072f02d001","ready","docs/behavior_output_code_contracts/systems_dashboard_5min.csv","9e4afc691c443fc9c24f87f5e677b61f99bc25fac9ae0e32fbaa576a7d038f91"
"systems_dashboard_5min","12_systems_neuroscience_summary/5min_based/tables/systems_hmm_epoch_scores_by_resolution.csv","analyses/systems_dashboard/5min","tables/systems_hmm_epoch_scores_by_resolution.csv","08dda2eda8e75cd132f74c6065f257a82d4b67c3b2423d58c0b8a0c2dd3bcd3d","ready","docs/behavior_output_code_contracts/systems_dashboard_5min.csv","9e4afc691c443fc9c24f87f5e677b61f99bc25fac9ae0e32fbaa576a7d038f91"
"systems_dashboard_5min","12_systems_neuroscience_summary/5min_based/tables/systems_hmm_group_sex_concordance.csv","analyses/systems_dashboard/5min","tables/systems_hmm_group_sex_concordance.csv","9bbbc1d7b08248936f7b6cdfb0fe5004dab7339a6332064b0be35d5ac4609a9a","ready","docs/behavior_output_code_contracts/systems_dashboard_5min.csv","9e4afc691c443fc9c24f87f5e677b61f99bc25fac9ae0e32fbaa576a7d038f91"
"systems_dashboard_5min","12_systems_neuroscience_summary/5min_based/tables/systems_hmm_identity_alias_audit.csv","analyses/systems_dashboard/5min","tables/systems_hmm_identity_alias_audit.csv","771cad058c9677e6e0bb8760863225446e53f7d5faeebce9d089e05b5de2b327","ready","docs/behavior_output_code_contracts/systems_dashboard_5min.csv","9e4afc691c443fc9c24f87f5e677b61f99bc25fac9ae0e32fbaa576a7d038f91"
"systems_dashboard_5min","12_systems_neuroscience_summary/5min_based/tables/systems_hmm_identity_conflicts.csv","analyses/systems_dashboard/5min","tables/systems_hmm_identity_conflicts.csv","b8841b7f70d33409f15d8c7fe1a2fe8a96b25cac4705daa70147e414705042a6","ready","docs/behavior_output_code_contracts/systems_dashboard_5min.csv","9e4afc691c443fc9c24f87f5e677b61f99bc25fac9ae0e32fbaa576a7d038f91"
"systems_dashboard_5min","12_systems_neuroscience_summary/5min_based/tables/systems_hmm_identity_summary.csv","analyses/systems_dashboard/5min","tables/systems_hmm_identity_summary.csv","7aa499271655b905b48124bfd98a05c3f08fd9d5c33eedb69aec580d43bdbbd3","ready","docs/behavior_output_code_contracts/systems_dashboard_5min.csv","9e4afc691c443fc9c24f87f5e677b61f99bc25fac9ae0e32fbaa576a7d038f91"
"systems_dashboard_5min","12_systems_neuroscience_summary/5min_based/tables/systems_hmm_path_audit.csv","analyses/systems_dashboard/5min","tables/systems_hmm_path_audit.csv","47fe5c88bd1755fb5e07e9fcc022151ef7aa6f6c0768b40502b5c6c8ba88148c","ready","docs/behavior_output_code_contracts/systems_dashboard_5min.csv","9e4afc691c443fc9c24f87f5e677b61f99bc25fac9ae0e32fbaa576a7d038f91"
"systems_dashboard_5min","12_systems_neuroscience_summary/5min_based/tables/systems_hmm_resolution_provenance.csv","analyses/systems_dashboard/5min","tables/systems_hmm_resolution_provenance.csv","a22e3a94d2846fb77e7c0aa3940a77a5d27227afc7f5ab4f7fb640f2e5d40769","ready","docs/behavior_output_code_contracts/systems_dashboard_5min.csv","9e4afc691c443fc9c24f87f5e677b61f99bc25fac9ae0e32fbaa576a7d038f91"
"systems_dashboard_5min","12_systems_neuroscience_summary/5min_based/tables/systems_hmm_semantic_category_audit.csv","analyses/systems_dashboard/5min","tables/systems_hmm_semantic_category_audit.csv","203fa5ba89d3f876c7127e5b50e1652b77b667b5abf112e8399d6122fcb52373","ready","docs/behavior_output_code_contracts/systems_dashboard_5min.csv","9e4afc691c443fc9c24f87f5e677b61f99bc25fac9ae0e32fbaa576a7d038f91"
"systems_dashboard_5min","12_systems_neuroscience_summary/5min_based/tables/systems_hmm_standardization_context_audit.csv","analyses/systems_dashboard/5min","tables/systems_hmm_standardization_context_audit.csv","48539eec25002e7559c0881ed6ee432b194d7dd84e01a4c3c1cc75868afc4dcd","ready","docs/behavior_output_code_contracts/systems_dashboard_5min.csv","9e4afc691c443fc9c24f87f5e677b61f99bc25fac9ae0e32fbaa576a7d038f91"
"systems_dashboard_5min","12_systems_neuroscience_summary/5min_based/tables/systems_hmm_state_semantic_labels.csv","analyses/systems_dashboard/5min","tables/systems_hmm_state_semantic_labels.csv","af387d68b9ab2b2af53d53a3ae58a4adc713a4475d2dd7d3e0f503bd5a2d870c","ready","docs/behavior_output_code_contracts/systems_dashboard_5min.csv","9e4afc691c443fc9c24f87f5e677b61f99bc25fac9ae0e32fbaa576a7d038f91"
"systems_dashboard_5min","12_systems_neuroscience_summary/5min_based/tables/systems_hmm_transition_probability_differences.csv","analyses/systems_dashboard/5min","tables/systems_hmm_transition_probability_differences.csv","222208fb9742b4e45b3b2c7c806843765fd5a59e78a534193415cf20d645a568","ready","docs/behavior_output_code_contracts/systems_dashboard_5min.csv","9e4afc691c443fc9c24f87f5e677b61f99bc25fac9ae0e32fbaa576a7d038f91"
"systems_dashboard_5min","12_systems_neuroscience_summary/5min_based/tables/systems_hmm_transition_probability_summary.csv","analyses/systems_dashboard/5min","tables/systems_hmm_transition_probability_summary.csv","0279d418ceca5c6b43f60c02574dca24537712925ac4c63a654af25b42b39837","ready","docs/behavior_output_code_contracts/systems_dashboard_5min.csv","9e4afc691c443fc9c24f87f5e677b61f99bc25fac9ae0e32fbaa576a7d038f91"
"systems_dashboard_5min","12_systems_neuroscience_summary/5min_based/tables/systems_incremental_prediction_loo_predictions.csv","analyses/systems_dashboard/5min","tables/systems_incremental_prediction_loo_predictions.csv","3247b8817b50ce8598fed4dff428548fb7e0895fd55728c2208b6c49fb3ea408","ready","docs/behavior_output_code_contracts/systems_dashboard_5min.csv","9e4afc691c443fc9c24f87f5e677b61f99bc25fac9ae0e32fbaa576a7d038f91"
"systems_dashboard_5min","12_systems_neuroscience_summary/5min_based/tables/systems_incremental_prediction_model_ladder.csv","analyses/systems_dashboard/5min","tables/systems_incremental_prediction_model_ladder.csv","3e51208061682857cff4c746aa2deb869e1c2fd5c0e91e2f507e5e88614329f1","ready","docs/behavior_output_code_contracts/systems_dashboard_5min.csv","9e4afc691c443fc9c24f87f5e677b61f99bc25fac9ae0e32fbaa576a7d038f91"
"systems_dashboard_5min","12_systems_neuroscience_summary/5min_based/tables/systems_interpretation_guide.csv","analyses/systems_dashboard/5min","tables/systems_interpretation_guide.csv","5a6f4b604654899725ea7d3863b6c4512f426fee5a196a6ea90a2285b67f1cba","ready","docs/behavior_output_code_contracts/systems_dashboard_5min.csv","9e4afc691c443fc9c24f87f5e677b61f99bc25fac9ae0e32fbaa576a7d038f91"
"systems_dashboard_5min","12_systems_neuroscience_summary/5min_based/tables/systems_latent_instability_by_animal.csv","analyses/systems_dashboard/5min","tables/systems_latent_instability_by_animal.csv","bea04bed99c92162392f9193d05dfabf483a12b072b5583462bc0ef43a6d160b","ready","docs/behavior_output_code_contracts/systems_dashboard_5min.csv","9e4afc691c443fc9c24f87f5e677b61f99bc25fac9ae0e32fbaa576a7d038f91"
"systems_dashboard_5min","12_systems_neuroscience_summary/5min_based/tables/systems_leave_one_context_out_robustness.csv","analyses/systems_dashboard/5min","tables/systems_leave_one_context_out_robustness.csv","e99838f0f67e8a20331771e9b0d67c206fbf6f8867bf0e30d847d433c2aed1ae","ready","docs/behavior_output_code_contracts/systems_dashboard_5min.csv","9e4afc691c443fc9c24f87f5e677b61f99bc25fac9ae0e32fbaa576a7d038f91"
"systems_dashboard_5min","12_systems_neuroscience_summary/5min_based/tables/systems_linear_vs_nonlinear_feature_audit.csv","analyses/systems_dashboard/5min","tables/systems_linear_vs_nonlinear_feature_audit.csv","07ce550a2916d888ae3387ced4ac77e94d9ca260aa855397e9777a1cddd723d1","ready","docs/behavior_output_code_contracts/systems_dashboard_5min.csv","9e4afc691c443fc9c24f87f5e677b61f99bc25fac9ae0e32fbaa576a7d038f91"
"systems_dashboard_5min","12_systems_neuroscience_summary/5min_based/tables/systems_module_coupling_edges.csv","analyses/systems_dashboard/5min","tables/systems_module_coupling_edges.csv","7f75fc694cefde8aa1b5e531d377b6819dd90217dc11074d2bec20d0d2c859a6","ready","docs/behavior_output_code_contracts/systems_dashboard_5min.csv","9e4afc691c443fc9c24f87f5e677b61f99bc25fac9ae0e32fbaa576a7d038f91"
"systems_dashboard_5min","12_systems_neuroscience_summary/5min_based/tables/systems_module_feature_inventory.csv","analyses/systems_dashboard/5min","tables/systems_module_feature_inventory.csv","78ee806087a2817f14ca0c96f946cfb6fa4a1bb2d950e1d9c7b426c1b7983824","ready","docs/behavior_output_code_contracts/systems_dashboard_5min.csv","9e4afc691c443fc9c24f87f5e677b61f99bc25fac9ae0e32fbaa576a7d038f91"
"systems_dashboard_5min","12_systems_neuroscience_summary/5min_based/tables/systems_module_scorecards_base.csv","analyses/systems_dashboard/5min","tables/systems_module_scorecards_base.csv","4755d7170041651866ac9d4bc0eea3871ea58c8ee8dc36b6c39deda00ab0d4f2","ready","docs/behavior_output_code_contracts/systems_dashboard_5min.csv","9e4afc691c443fc9c24f87f5e677b61f99bc25fac9ae0e32fbaa576a7d038f91"
"systems_dashboard_5min","12_systems_neuroscience_summary/5min_based/tables/systems_module_scorecards.csv","analyses/systems_dashboard/5min","tables/systems_module_scorecards.csv","ce3feb70f383fc898066572487ac62cca1b4f6e418ef0678ee0156ec77a7d72e","ready","docs/behavior_output_code_contracts/systems_dashboard_5min.csv","9e4afc691c443fc9c24f87f5e677b61f99bc25fac9ae0e32fbaa576a7d038f91"
"systems_dashboard_5min","12_systems_neuroscience_summary/5min_based/tables/systems_module_scores_by_animal.csv","analyses/systems_dashboard/5min","tables/systems_module_scores_by_animal.csv","9c2cf8cf6b203eb61d253bd71bf3fc1848abfd02d15b3e5021237085ee5260c0","ready","docs/behavior_output_code_contracts/systems_dashboard_5min.csv","9e4afc691c443fc9c24f87f5e677b61f99bc25fac9ae0e32fbaa576a7d038f91"
"systems_dashboard_5min","12_systems_neuroscience_summary/5min_based/tables/systems_multiscale_temporal_organization.csv","analyses/systems_dashboard/5min","tables/systems_multiscale_temporal_organization.csv","f31b6adaecd7979c3f7734c8f69fdd8a72bf92d92a498ae766996b6a730b6f52","ready","docs/behavior_output_code_contracts/systems_dashboard_5min.csv","9e4afc691c443fc9c24f87f5e677b61f99bc25fac9ae0e32fbaa576a7d038f91"
"systems_dashboard_5min","12_systems_neuroscience_summary/5min_based/tables/systems_named_biological_scores.csv","analyses/systems_dashboard/5min","tables/systems_named_biological_scores.csv","6e5c6ff0876aab1abbc7eca166f9d2ef1f22093c5e46b5be3eb62c57827f9e6a","ready","docs/behavior_output_code_contracts/systems_dashboard_5min.csv","9e4afc691c443fc9c24f87f5e677b61f99bc25fac9ae0e32fbaa576a7d038f91"
"systems_dashboard_5min","12_systems_neuroscience_summary/5min_based/tables/systems_output_naming_conventions.csv","analyses/systems_dashboard/5min","tables/systems_output_naming_conventions.csv","421aad77aaa669f3cac73f7270a8d12b7134b2f2603e5185786277406d17a177","ready","docs/behavior_output_code_contracts/systems_dashboard_5min.csv","9e4afc691c443fc9c24f87f5e677b61f99bc25fac9ae0e32fbaa576a7d038f91"
"systems_dashboard_5min","12_systems_neuroscience_summary/5min_based/tables/systems_pca_loadings.csv","analyses/systems_dashboard/5min","tables/systems_pca_loadings.csv","47c582304ee6a52acc69aecd517994056743ca2ea57efa3df056b0f3fb5f9a4f","ready","docs/behavior_output_code_contracts/systems_dashboard_5min.csv","9e4afc691c443fc9c24f87f5e677b61f99bc25fac9ae0e32fbaa576a7d038f91"
"systems_dashboard_5min","12_systems_neuroscience_summary/5min_based/tables/systems_pca_scores.csv","analyses/systems_dashboard/5min","tables/systems_pca_scores.csv","db82f40edd1b9921a3c0875970696b9fe9048ce336f8799444fc0a60c6a8e328","ready","docs/behavior_output_code_contracts/systems_dashboard_5min.csv","9e4afc691c443fc9c24f87f5e677b61f99bc25fac9ae0e32fbaa576a7d038f91"
"systems_dashboard_5min","12_systems_neuroscience_summary/5min_based/tables/systems_pca_variance.csv","analyses/systems_dashboard/5min","tables/systems_pca_variance.csv","20b8eb6783d4e5d2936733548133a7db237c514c3ebb8af5eafc49629ed8d569","ready","docs/behavior_output_code_contracts/systems_dashboard_5min.csv","9e4afc691c443fc9c24f87f5e677b61f99bc25fac9ae0e32fbaa576a7d038f91"
"systems_dashboard_5min","12_systems_neuroscience_summary/5min_based/tables/systems_prediction_ladder_coefficients_duration_sensitivity.csv","analyses/systems_dashboard/5min","tables/systems_prediction_ladder_coefficients_duration_sensitivity.csv","a54d9d8ef242c56a255eac38981fe8b7adc71ef358d6897c1430237877351bbb","ready","docs/behavior_output_code_contracts/systems_dashboard_5min.csv","9e4afc691c443fc9c24f87f5e677b61f99bc25fac9ae0e32fbaa576a7d038f91"
"systems_dashboard_5min","12_systems_neuroscience_summary/5min_based/tables/systems_prediction_ladder_coefficients.csv","analyses/systems_dashboard/5min","tables/systems_prediction_ladder_coefficients.csv","a54d9d8ef242c56a255eac38981fe8b7adc71ef358d6897c1430237877351bbb","ready","docs/behavior_output_code_contracts/systems_dashboard_5min.csv","9e4afc691c443fc9c24f87f5e677b61f99bc25fac9ae0e32fbaa576a7d038f91"
"systems_dashboard_5min","12_systems_neuroscience_summary/5min_based/tables/systems_prediction_ladder_loo_predictions_duration_sensitivity.csv","analyses/systems_dashboard/5min","tables/systems_prediction_ladder_loo_predictions_duration_sensitivity.csv","25499cf4ab08d7180cd856d0ea49ed143f42c1b5fbc98c5ec42cba02854d2170","ready","docs/behavior_output_code_contracts/systems_dashboard_5min.csv","9e4afc691c443fc9c24f87f5e677b61f99bc25fac9ae0e32fbaa576a7d038f91"
"systems_dashboard_5min","12_systems_neuroscience_summary/5min_based/tables/systems_prediction_ladder_loo_predictions.csv","analyses/systems_dashboard/5min","tables/systems_prediction_ladder_loo_predictions.csv","25499cf4ab08d7180cd856d0ea49ed143f42c1b5fbc98c5ec42cba02854d2170","ready","docs/behavior_output_code_contracts/systems_dashboard_5min.csv","9e4afc691c443fc9c24f87f5e677b61f99bc25fac9ae0e32fbaa576a7d038f91"
"systems_dashboard_5min","12_systems_neuroscience_summary/5min_based/tables/systems_prediction_ladder_performance_duration_sensitivity.csv","analyses/systems_dashboard/5min","tables/systems_prediction_ladder_performance_duration_sensitivity.csv","1cf8eb7d965a374661677611289f3d6c349d9c8215b4940f8d7921ce247a8db5","ready","docs/behavior_output_code_contracts/systems_dashboard_5min.csv","9e4afc691c443fc9c24f87f5e677b61f99bc25fac9ae0e32fbaa576a7d038f91"
"systems_dashboard_5min","12_systems_neuroscience_summary/5min_based/tables/systems_prediction_ladder_performance.csv","analyses/systems_dashboard/5min","tables/systems_prediction_ladder_performance.csv","03eb2964c1eb5446b6a8c997d7f4b2e799e50170410f6d10ff2de6691cfd1b11","ready","docs/behavior_output_code_contracts/systems_dashboard_5min.csv","9e4afc691c443fc9c24f87f5e677b61f99bc25fac9ae0e32fbaa576a7d038f91"
"systems_dashboard_5min","12_systems_neuroscience_summary/5min_based/tables/systems_prediction_module_delta_waterfall.csv","analyses/systems_dashboard/5min","tables/systems_prediction_module_delta_waterfall.csv","ec27e3f96959e2fb3b9000f61656f2a02c858621c60f71dce466d098d72d3453","ready","docs/behavior_output_code_contracts/systems_dashboard_5min.csv","9e4afc691c443fc9c24f87f5e677b61f99bc25fac9ae0e32fbaa576a7d038f91"
"systems_dashboard_5min","12_systems_neuroscience_summary/5min_based/tables/systems_prediction_module_scores_duration_sensitivity.csv","analyses/systems_dashboard/5min","tables/systems_prediction_module_scores_duration_sensitivity.csv","a1b56e232aa93b2fb9f839e6f253f838db71e54b40df553b87f665e7efd10f4b","ready","docs/behavior_output_code_contracts/systems_dashboard_5min.csv","9e4afc691c443fc9c24f87f5e677b61f99bc25fac9ae0e32fbaa576a7d038f91"
"systems_dashboard_5min","12_systems_neuroscience_summary/5min_based/tables/systems_prediction_module_scores.csv","analyses/systems_dashboard/5min","tables/systems_prediction_module_scores.csv","a1b56e232aa93b2fb9f839e6f253f838db71e54b40df553b87f665e7efd10f4b","ready","docs/behavior_output_code_contracts/systems_dashboard_5min.csv","9e4afc691c443fc9c24f87f5e677b61f99bc25fac9ae0e32fbaa576a7d038f91"
"systems_dashboard_5min","12_systems_neuroscience_summary/5min_based/tables/systems_primary_claims_table.csv","analyses/systems_dashboard/5min","tables/systems_primary_claims_table.csv","11d30b54d7967f0ff138d2e3f944e3ca158e4d532e0f347652d41162b7919f3f","ready","docs/behavior_output_code_contracts/systems_dashboard_5min.csv","9e4afc691c443fc9c24f87f5e677b61f99bc25fac9ae0e32fbaa576a7d038f91"
"systems_dashboard_5min","12_systems_neuroscience_summary/5min_based/tables/systems_primary_feature_set.csv","analyses/systems_dashboard/5min","tables/systems_primary_feature_set.csv","3e300422f45bb06e4d0f1c964328210030cbd6b6059ccf0cd6fcfda6d4e901eb","ready","docs/behavior_output_code_contracts/systems_dashboard_5min.csv","9e4afc691c443fc9c24f87f5e677b61f99bc25fac9ae0e32fbaa576a7d038f91"
"systems_dashboard_5min","12_systems_neuroscience_summary/5min_based/tables/systems_primary_findings_summary.csv","analyses/systems_dashboard/5min","tables/systems_primary_findings_summary.csv","9cffa57e201d60abf179cdf8db2a5df9553062624e47a1a922b2c529afec91e8","ready","docs/behavior_output_code_contracts/systems_dashboard_5min.csv","9e4afc691c443fc9c24f87f5e677b61f99bc25fac9ae0e32fbaa576a7d038f91"
"systems_dashboard_5min","12_systems_neuroscience_summary/5min_based/tables/systems_prospective_outcome_loo_performance_by_sex.csv","analyses/systems_dashboard/5min","tables/systems_prospective_outcome_loo_performance_by_sex.csv","b9aa2ebeae6ac26bb1e396510f75efd5632226375a74c2b39b8def1d7f213257","ready","docs/behavior_output_code_contracts/systems_dashboard_5min.csv","9e4afc691c443fc9c24f87f5e677b61f99bc25fac9ae0e32fbaa576a7d038f91"
"systems_dashboard_5min","12_systems_neuroscience_summary/5min_based/tables/systems_prospective_outcome_loo_performance.csv","analyses/systems_dashboard/5min","tables/systems_prospective_outcome_loo_performance.csv","f07efbae13fdc64a1f2b013844df32de77b7fd7e294503158bfc178c90caa306","ready","docs/behavior_output_code_contracts/systems_dashboard_5min.csv","9e4afc691c443fc9c24f87f5e677b61f99bc25fac9ae0e32fbaa576a7d038f91"
"systems_dashboard_5min","12_systems_neuroscience_summary/5min_based/tables/systems_prospective_outcome_loo_predictions.csv","analyses/systems_dashboard/5min","tables/systems_prospective_outcome_loo_predictions.csv","7215d962999fcbdc0f9f4d69e9b88140300094514a4541fd640249770e80473f","ready","docs/behavior_output_code_contracts/systems_dashboard_5min.csv","9e4afc691c443fc9c24f87f5e677b61f99bc25fac9ae0e32fbaa576a7d038f91"
"systems_dashboard_5min","12_systems_neuroscience_summary/5min_based/tables/systems_rest_fragmentation_metrics.csv","analyses/systems_dashboard/5min","tables/systems_rest_fragmentation_metrics.csv","0904f30fb52ebe3791956f770936690451cad17fecd666981f31e7cb388886e1","ready","docs/behavior_output_code_contracts/systems_dashboard_5min.csv","9e4afc691c443fc9c24f87f5e677b61f99bc25fac9ae0e32fbaa576a7d038f91"
"systems_dashboard_5min","12_systems_neuroscience_summary/5min_based/tables/systems_robustness_audit.csv","analyses/systems_dashboard/5min","tables/systems_robustness_audit.csv","953ec85fff0b7a7c714349c952b8c2fda9e726de90331330f7241b2d73345a44","ready","docs/behavior_output_code_contracts/systems_dashboard_5min.csv","9e4afc691c443fc9c24f87f5e677b61f99bc25fac9ae0e32fbaa576a7d038f91"
"systems_dashboard_5min","12_systems_neuroscience_summary/5min_based/tables/systems_robustness_summary.csv","analyses/systems_dashboard/5min","tables/systems_robustness_summary.csv","900c6b22fcfc64e4af2902dfa34951aab9de54f5402e1524ac61614fa98a1a4c","ready","docs/behavior_output_code_contracts/systems_dashboard_5min.csv","9e4afc691c443fc9c24f87f5e677b61f99bc25fac9ae0e32fbaa576a7d038f91"
"systems_dashboard_5min","12_systems_neuroscience_summary/5min_based/tables/systems_sis_active_inactive_domain_contrasts.csv","analyses/systems_dashboard/5min","tables/systems_sis_active_inactive_domain_contrasts.csv","e5a5b0f70fc86ad11dc7c0dcd780901988af5eb7b05eb49c4cf2a58a0927eb7d","ready","docs/behavior_output_code_contracts/systems_dashboard_5min.csv","9e4afc691c443fc9c24f87f5e677b61f99bc25fac9ae0e32fbaa576a7d038f91"
"systems_dashboard_5min","12_systems_neuroscience_summary/5min_based/tables/systems_sis_dashboard_figure_legend_draft.csv","analyses/systems_dashboard/5min","tables/systems_sis_dashboard_figure_legend_draft.csv","364c382a38d771c43a7e31f579c570060869433a7bbb296f533c7b3fb9166bac","ready","docs/behavior_output_code_contracts/systems_dashboard_5min.csv","9e4afc691c443fc9c24f87f5e677b61f99bc25fac9ae0e32fbaa576a7d038f91"
"systems_dashboard_5min","12_systems_neuroscience_summary/5min_based/tables/systems_sis_domain_feature_inventory.csv","analyses/systems_dashboard/5min","tables/systems_sis_domain_feature_inventory.csv","daf1dc4c377eff074a9b653395d7e77d83460cbb2614c3d618b25fd3f43bffa7","ready","docs/behavior_output_code_contracts/systems_dashboard_5min.csv","9e4afc691c443fc9c24f87f5e677b61f99bc25fac9ae0e32fbaa576a7d038f91"
"systems_dashboard_5min","12_systems_neuroscience_summary/5min_based/tables/systems_sis_domain_interpretation_guide.csv","analyses/systems_dashboard/5min","tables/systems_sis_domain_interpretation_guide.csv","9001231c1c65c9939101181b9b0aa4f7baa7b2079f148cb7329d181133567fed","ready","docs/behavior_output_code_contracts/systems_dashboard_5min.csv","9e4afc691c443fc9c24f87f5e677b61f99bc25fac9ae0e32fbaa576a7d038f91"
"systems_dashboard_5min","12_systems_neuroscience_summary/5min_based/tables/systems_sis_domain_pca_loadings.csv","analyses/systems_dashboard/5min","tables/systems_sis_domain_pca_loadings.csv","463342c03459c11e588ae72a6c495eeb8a2dfaf706ef8eb46fbc019c1335f9d6","ready","docs/behavior_output_code_contracts/systems_dashboard_5min.csv","9e4afc691c443fc9c24f87f5e677b61f99bc25fac9ae0e32fbaa576a7d038f91"
"systems_dashboard_5min","12_systems_neuroscience_summary/5min_based/tables/systems_sis_domain_pca_scores.csv","analyses/systems_dashboard/5min","tables/systems_sis_domain_pca_scores.csv","e01333a55cc534f8f76c76a109632b1255c19a8baa39737aa35ba74dd2812dee","ready","docs/behavior_output_code_contracts/systems_dashboard_5min.csv","9e4afc691c443fc9c24f87f5e677b61f99bc25fac9ae0e32fbaa576a7d038f91"
"systems_dashboard_5min","12_systems_neuroscience_summary/5min_based/tables/systems_sis_domain_scores.csv","analyses/systems_dashboard/5min","tables/systems_sis_domain_scores.csv","e076bcd1a3d781d92fa827717477b6bbf890a76579c2a43b2865745b5fad79c4","ready","docs/behavior_output_code_contracts/systems_dashboard_5min.csv","9e4afc691c443fc9c24f87f5e677b61f99bc25fac9ae0e32fbaa576a7d038f91"
"systems_dashboard_5min","12_systems_neuroscience_summary/5min_based/tables/systems_sis_feature_redundancy_diagnostics.csv","analyses/systems_dashboard/5min","tables/systems_sis_feature_redundancy_diagnostics.csv","21c3403e372ce9f33d4362095f275361133d5f946d6a0312dd7b451c724b69a9","ready","docs/behavior_output_code_contracts/systems_dashboard_5min.csv","9e4afc691c443fc9c24f87f5e677b61f99bc25fac9ae0e32fbaa576a7d038f91"
"systems_dashboard_5min","12_systems_neuroscience_summary/5min_based/tables/systems_sis_first_active_12h_domain_scores.csv","analyses/systems_dashboard/5min","tables/systems_sis_first_active_12h_domain_scores.csv","9e76356d78a07c48eb0fae6a53b2dcfaafa8481e6a15614bf2ad7e512ffdf66a","ready","docs/behavior_output_code_contracts/systems_dashboard_5min.csv","9e4afc691c443fc9c24f87f5e677b61f99bc25fac9ae0e32fbaa576a7d038f91"
"systems_dashboard_5min","12_systems_neuroscience_summary/5min_based/tables/systems_sis_locomotion_dominance_audit.csv","analyses/systems_dashboard/5min","tables/systems_sis_locomotion_dominance_audit.csv","9bd90357409b737db21a530427f67782762e61748056030496cfe7c7a54acfda","ready","docs/behavior_output_code_contracts/systems_dashboard_5min.csv","9e4afc691c443fc9c24f87f5e677b61f99bc25fac9ae0e32fbaa576a7d038f91"
"systems_dashboard_5min","12_systems_neuroscience_summary/5min_based/tables/systems_sis_raw_phase_epoch_features.csv","analyses/systems_dashboard/5min","tables/systems_sis_raw_phase_epoch_features.csv","7107b1f827cdec0359013c80803a08e5390cdfcbb0615f8426b190baa550309d","ready","docs/behavior_output_code_contracts/systems_dashboard_5min.csv","9e4afc691c443fc9c24f87f5e677b61f99bc25fac9ae0e32fbaa576a7d038f91"
"systems_dashboard_5min","12_systems_neuroscience_summary/5min_based/tables/systems_sleep_like_inactivity_summary.csv","analyses/systems_dashboard/5min","tables/systems_sleep_like_inactivity_summary.csv","e6cafeab422fb219c954d17cf0a15c004352028039de53f041ab0555fc025ffe","ready","docs/behavior_output_code_contracts/systems_dashboard_5min.csv","9e4afc691c443fc9c24f87f5e677b61f99bc25fac9ae0e32fbaa576a7d038f91"
"systems_dashboard_5min","12_systems_neuroscience_summary/5min_based/tables/systems_sleep_like_path_audit.csv","analyses/systems_dashboard/5min","tables/systems_sleep_like_path_audit.csv","45b9879d4ffa28d93f72d7862a0961edf7750518cc7df4c8447e763eb5ec56f6","ready","docs/behavior_output_code_contracts/systems_dashboard_5min.csv","9e4afc691c443fc9c24f87f5e677b61f99bc25fac9ae0e32fbaa576a7d038f91"
"systems_dashboard_5min","12_systems_neuroscience_summary/5min_based/tables/systems_social_reorganization_metrics.csv","analyses/systems_dashboard/5min","tables/systems_social_reorganization_metrics.csv","36bb75b0c1659c83ef2e99debde508dab9ac57289cd1a7b62587e69862f8b96c","ready","docs/behavior_output_code_contracts/systems_dashboard_5min.csv","9e4afc691c443fc9c24f87f5e677b61f99bc25fac9ae0e32fbaa576a7d038f91"
"systems_dashboard_5min","12_systems_neuroscience_summary/5min_based/tables/systems_stage14_hmm_coverage_audit.csv","analyses/systems_dashboard/5min","tables/systems_stage14_hmm_coverage_audit.csv","1a13d78df3c2404075f02dae875fdbaa8eff058e4d57e51504eb39dd2afd1baa","ready","docs/behavior_output_code_contracts/systems_dashboard_5min.csv","9e4afc691c443fc9c24f87f5e677b61f99bc25fac9ae0e32fbaa576a7d038f91"
"systems_dashboard_5min","12_systems_neuroscience_summary/5min_based/tables/systems_stage14_hmm_epoch_coverage_detail.csv","analyses/systems_dashboard/5min","tables/systems_stage14_hmm_epoch_coverage_detail.csv","0a4a9eba6f5f1b1226034e00d0c91f8bcabf993cd35f9c5d960f244ab8426f35","ready","docs/behavior_output_code_contracts/systems_dashboard_5min.csv","9e4afc691c443fc9c24f87f5e677b61f99bc25fac9ae0e32fbaa576a7d038f91"
"systems_dashboard_5min","12_systems_neuroscience_summary/5min_based/tables/systems_stats_reporting_guide.csv","analyses/systems_dashboard/5min","tables/systems_stats_reporting_guide.csv","51310d0f8264fc3f13aa71bf4053dddcd159c8002334571f6200fdb352900c26","ready","docs/behavior_output_code_contracts/systems_dashboard_5min.csv","9e4afc691c443fc9c24f87f5e677b61f99bc25fac9ae0e32fbaa576a7d038f91"
"systems_dashboard_5min","12_systems_neuroscience_summary/5min_based/tables/systems_temporal_latent_epoch_embeddings.csv","analyses/systems_dashboard/5min","tables/systems_temporal_latent_epoch_embeddings.csv","94197a47b96a4edf62db53e598f7dc75b4f3684e66911876131407d96f215dc3","ready","docs/behavior_output_code_contracts/systems_dashboard_5min.csv","9e4afc691c443fc9c24f87f5e677b61f99bc25fac9ae0e32fbaa576a7d038f91"
"systems_dashboard_5min","12_systems_neuroscience_summary/5min_based/tables/systems_temporal_latent_group_trajectories.csv","analyses/systems_dashboard/5min","tables/systems_temporal_latent_group_trajectories.csv","691b511a8921e84538962fb080184fc088aac6660d999ad027475992e1db915e","ready","docs/behavior_output_code_contracts/systems_dashboard_5min.csv","9e4afc691c443fc9c24f87f5e677b61f99bc25fac9ae0e32fbaa576a7d038f91"
"systems_dashboard_5min","12_systems_neuroscience_summary/5min_based/tables/systems_top_findings_for_reporting.csv","analyses/systems_dashboard/5min","tables/systems_top_findings_for_reporting.csv","99e4dc534d041e7da389b5330d47ce5f40c4cade9e7fc7f0c53a765f56fbe798","ready","docs/behavior_output_code_contracts/systems_dashboard_5min.csv","9e4afc691c443fc9c24f87f5e677b61f99bc25fac9ae0e32fbaa576a7d038f91"
"systems_dashboard_5min","12_systems_neuroscience_summary/5min_based/tables/systems_umap_scores.csv","analyses/systems_dashboard/5min","tables/systems_umap_scores.csv","8fd8120e64215fb5d487a4923b30129bb73d6c35a2a95660b587e3da137b2767","ready","docs/behavior_output_code_contracts/systems_dashboard_5min.csv","9e4afc691c443fc9c24f87f5e677b61f99bc25fac9ae0e32fbaa576a7d038f91"
"systems_dashboard_5min","12_systems_neuroscience_summary/5min_based/tables/systems_upstream_dependency_audit.csv","analyses/systems_dashboard/5min","tables/systems_upstream_dependency_audit.csv","08d27a81abcf1ba546f2d0a7ab8eae28505b483228fd6202b9f851c0973c07c4","ready","docs/behavior_output_code_contracts/systems_dashboard_5min.csv","9e4afc691c443fc9c24f87f5e677b61f99bc25fac9ae0e32fbaa576a7d038f91"
"systems_dashboard_5min","12_systems_neuroscience_summary/5min_based/tables/systems_visualization_guide.csv","analyses/systems_dashboard/5min","tables/systems_visualization_guide.csv","70124cc697bb9dd81777f0ced5950f56f2f7398eec3c5f5bc9926d62b65acb49","ready","docs/behavior_output_code_contracts/systems_dashboard_5min.csv","9e4afc691c443fc9c24f87f5e677b61f99bc25fac9ae0e32fbaa576a7d038f91"
