"source_rel","owner_group","proposed_target_root_rel","state","ownership_basis","producer_evidence","active_reader_evidence"
"12_systems_neuroscience_summary/5min_based/audit_hmm_state_architecture/audit_doc_v1_state_semantics.csv","hmm_audit_other","","requires_review","Directory partition only; producer and reader evidence still required","audit script family; exact writer unverified","Testing/audits/audit_hmm_state_architecture_provenance.R"
"12_systems_neuroscience_summary/5min_based/audit_hmm_state_architecture/audit_doc_v2_component_reduction.csv","hmm_audit_other","","requires_review","Directory partition only; producer and reader evidence still required","audit script family; exact writer unverified","Testing/audits/audit_hmm_state_architecture_provenance.R"
"12_systems_neuroscience_summary/5min_based/audit_hmm_state_architecture/audit_doc_v3_permutation_invariance.csv","hmm_audit_other","","requires_review","Directory partition only; producer and reader evidence still required","audit script family; exact writer unverified","Testing/audits/audit_hmm_state_architecture_provenance.R"
"12_systems_neuroscience_summary/5min_based/audit_hmm_state_architecture/audit_doc_v3b_closed_form_reduction.csv","hmm_audit_other","","requires_review","Directory partition only; producer and reader evidence still required","audit script family; exact writer unverified","Testing/audits/audit_hmm_state_architecture_provenance.R"
"12_systems_neuroscience_summary/5min_based/audit_hmm_state_architecture/audit_doc_v4_model_fixed_effects.csv","hmm_audit_other","","requires_review","Directory partition only; producer and reader evidence still required","audit script family; exact writer unverified","Testing/audits/audit_hmm_state_architecture_provenance.R"
"12_systems_neuroscience_summary/5min_based/audit_hmm_state_architecture/audit_doc_v4b_helper_contrasts.csv","hmm_audit_other","","requires_review","Directory partition only; producer and reader evidence still required","audit script family; exact writer unverified","Testing/audits/audit_hmm_state_architecture_provenance.R"
"12_systems_neuroscience_summary/5min_based/audit_hmm_state_architecture/audit_doc_v5_context_cell_moments.csv","hmm_audit_other","","requires_review","Directory partition only; producer and reader evidence still required","audit script family; exact writer unverified","Testing/audits/audit_hmm_state_architecture_provenance.R"
"12_systems_neuroscience_summary/5min_based/audit_hmm_state_architecture/audit_doc_v5b_group_mean_zero_sum.csv","hmm_audit_other","","requires_review","Directory partition only; producer and reader evidence still required","audit script family; exact writer unverified","Testing/audits/audit_hmm_state_architecture_provenance.R"
"12_systems_neuroscience_summary/5min_based/audit_hmm_state_architecture/audit_doc_v6_sex_and_cc_terms.csv","hmm_audit_other","","requires_review","Directory partition only; producer and reader evidence still required","audit script family; exact writer unverified","Testing/audits/audit_hmm_state_architecture_provenance_addendum.R"
"12_systems_neuroscience_summary/5min_based/audit_hmm_state_architecture/audit_doc_v7_artifact_consumption_map.csv","hmm_audit_other","","requires_review","Directory partition only; producer and reader evidence still required","audit script family; exact writer unverified","Testing/audits/audit_hmm_state_architecture_provenance_addendum.R"
"12_systems_neuroscience_summary/5min_based/audit_hmm_state_architecture/audit_doc_v7b_stage08_files_present.csv","hmm_audit_other","","requires_review","Directory partition only; producer and reader evidence still required","audit script family; exact writer unverified","Testing/audits/audit_hmm_state_architecture_provenance_addendum.R"
"12_systems_neuroscience_summary/5min_based/audit_hmm_state_architecture/first_night_domain_heatmap/Fig_first_night_10domain_audit_heatmap.pdf","hmm_audit_first_night","","requires_review","Directory partition only; producer and reader evidence still required","audit script family; exact writer unverified",""
"12_systems_neuroscience_summary/5min_based/audit_hmm_state_architecture/first_night_domain_heatmap/Fig_first_night_10domain_audit_heatmap.png","hmm_audit_first_night","","requires_review","Directory partition only; producer and reader evidence still required","audit script family; exact writer unverified",""
"12_systems_neuroscience_summary/5min_based/audit_hmm_state_architecture/first_night_domain_heatmap/Fig_first_night_10domain_audit_heatmap.svg","hmm_audit_first_night","","requires_review","Directory partition only; producer and reader evidence still required","audit script family; exact writer unverified",""
"12_systems_neuroscience_summary/5min_based/audit_hmm_state_architecture/first_night_domain_heatmap/Fig_first_night_domain_heatmap.pdf","hmm_audit_first_night","","requires_review","Directory partition only; producer and reader evidence still required","audit script family; exact writer unverified",""
"12_systems_neuroscience_summary/5min_based/audit_hmm_state_architecture/first_night_domain_heatmap/Fig_first_night_domain_heatmap.png","hmm_audit_first_night","","requires_review","Directory partition only; producer and reader evidence still required","audit script family; exact writer unverified",""
"12_systems_neuroscience_summary/5min_based/audit_hmm_state_architecture/first_night_domain_heatmap/Fig_first_night_domain_heatmap.svg","hmm_audit_first_night","","requires_review","Directory partition only; producer and reader evidence still required","audit script family; exact writer unverified",""
"12_systems_neuroscience_summary/5min_based/audit_hmm_state_architecture/first_night_domain_heatmap/Fig_first_night_hmm_components.pdf","hmm_audit_first_night","","requires_review","Directory partition only; producer and reader evidence still required","audit script family; exact writer unverified","Testing/audits/audit_first_night_hmm_components.R"
"12_systems_neuroscience_summary/5min_based/audit_hmm_state_architecture/first_night_domain_heatmap/Fig_first_night_hmm_components.png","hmm_audit_first_night","","requires_review","Directory partition only; producer and reader evidence still required","audit script family; exact writer unverified",""
"12_systems_neuroscience_summary/5min_based/audit_hmm_state_architecture/first_night_domain_heatmap/Fig_first_night_hmm_components.svg","hmm_audit_first_night","","requires_review","Directory partition only; producer and reader evidence still required","audit script family; exact writer unverified","Testing/audits/audit_first_night_hmm_components.R"
"12_systems_neuroscience_summary/5min_based/audit_hmm_state_architecture/first_night_domain_heatmap/Fig_first_night_minimal_heatmap.pdf","hmm_audit_first_night","","requires_review","Directory partition only; producer and reader evidence still required","audit script family; exact writer unverified",""
"12_systems_neuroscience_summary/5min_based/audit_hmm_state_architecture/first_night_domain_heatmap/Fig_first_night_minimal_heatmap.png","hmm_audit_first_night","","requires_review","Directory partition only; producer and reader evidence still required","audit script family; exact writer unverified",""
"12_systems_neuroscience_summary/5min_based/audit_hmm_state_architecture/first_night_domain_heatmap/Fig_first_night_minimal_heatmap.svg","hmm_audit_first_night","","requires_review","Directory partition only; producer and reader evidence still required","audit script family; exact writer unverified",""
"12_systems_neuroscience_summary/5min_based/audit_hmm_state_architecture/first_night_domain_heatmap/first_night_10domain_effects.csv","hmm_audit_first_night","","requires_review","Directory partition only; producer and reader evidence still required","audit script family; exact writer unverified","Testing/audits/audit_first_night_candidate_set_decision.R; Testing/audits/audit_first_night_candidate_set_effects.R"
"12_systems_neuroscience_summary/5min_based/audit_hmm_state_architecture/first_night_domain_heatmap/first_night_10domain_formula_overlap.csv","hmm_audit_first_night","","requires_review","Directory partition only; producer and reader evidence still required","audit script family; exact writer unverified","Testing/audits/audit_first_night_candidate_set_decision.R; Testing/audits/audit_first_night_candidate_set_scores.R"
"12_systems_neuroscience_summary/5min_based/audit_hmm_state_architecture/first_night_domain_heatmap/first_night_10domain_locomotion_dominance.csv","hmm_audit_first_night","","requires_review","Directory partition only; producer and reader evidence still required","audit script family; exact writer unverified","Testing/audits/audit_first_night_candidate_set_decision.R; Testing/audits/audit_first_night_candidate_set_effects.R"
"12_systems_neuroscience_summary/5min_based/audit_hmm_state_architecture/first_night_domain_heatmap/first_night_10domain_redundancy.csv","hmm_audit_first_night","","requires_review","Directory partition only; producer and reader evidence still required","audit script family; exact writer unverified","Testing/audits/audit_first_night_candidate_set_decision.R; Testing/audits/audit_first_night_candidate_set_scores.R"
"12_systems_neuroscience_summary/5min_based/audit_hmm_state_architecture/first_night_domain_heatmap/first_night_10domain_resolution_agreement.csv","hmm_audit_first_night","","requires_review","Directory partition only; producer and reader evidence still required","audit script family; exact writer unverified","Testing/audits/audit_first_night_candidate_set_decision.R; Testing/audits/audit_first_night_candidate_set_effects.R"
"12_systems_neuroscience_summary/5min_based/audit_hmm_state_architecture/first_night_domain_heatmap/first_night_10domain_scores.csv","hmm_audit_first_night","","requires_review","Directory partition only; producer and reader evidence still required","audit script family; exact writer unverified","Testing/audits/audit_first_night_candidate_set_decision.R; Testing/audits/audit_first_night_candidate_set_effects.R; Testing/audits/audit_first_night_candidate_set_scores.R; Testing/audits/audit_first_night_production_parity.R"
"12_systems_neuroscience_summary/5min_based/audit_hmm_state_architecture/first_night_domain_heatmap/first_night_candidate_set_decision_assertions.csv","hmm_audit_first_night","","requires_review","Directory partition only; producer and reader evidence still required","audit script family; exact writer unverified","Testing/audits/audit_first_night_candidate_set_decision.R"
"12_systems_neuroscience_summary/5min_based/audit_hmm_state_architecture/first_night_domain_heatmap/first_night_candidate_set_effects_assertions.csv","hmm_audit_first_night","","requires_review","Directory partition only; producer and reader evidence still required","audit script family; exact writer unverified","Testing/audits/audit_first_night_candidate_set_effects.R"
"12_systems_neuroscience_summary/5min_based/audit_hmm_state_architecture/first_night_domain_heatmap/first_night_candidate_set_readme.md","hmm_audit_first_night","","requires_review","Directory partition only; producer and reader evidence still required","audit script family; exact writer unverified","Testing/audits/audit_first_night_candidate_set_decision.R"
"12_systems_neuroscience_summary/5min_based/audit_hmm_state_architecture/first_night_domain_heatmap/first_night_combz_exploratory_association.csv","hmm_audit_first_night","","requires_review","Directory partition only; producer and reader evidence still required","audit script family; exact writer unverified","Testing/audits/audit_first_night_domain_scores.R"
"12_systems_neuroscience_summary/5min_based/audit_hmm_state_architecture/first_night_domain_heatmap/first_night_cross_resolution_stability_v2.csv","hmm_audit_first_night","","requires_review","Directory partition only; producer and reader evidence still required","audit script family; exact writer unverified","Testing/audits/audit_first_night_domain_scores_v2.R"
"12_systems_neuroscience_summary/5min_based/audit_hmm_state_architecture/first_night_domain_heatmap/first_night_domain_contrasts_v2.csv","hmm_audit_first_night","","requires_review","Directory partition only; producer and reader evidence still required","audit script family; exact writer unverified","Testing/audits/audit_first_night_domain_scores_v2.R; Testing/audits/audit_first_night_heatmap_v2.R"
"12_systems_neuroscience_summary/5min_based/audit_hmm_state_architecture/first_night_domain_heatmap/first_night_domain_effect_summary.csv","hmm_audit_first_night","","requires_review","Directory partition only; producer and reader evidence still required","audit script family; exact writer unverified","Testing/audits/audit_first_night_heatmap_v2.R"
"12_systems_neuroscience_summary/5min_based/audit_hmm_state_architecture/first_night_domain_heatmap/first_night_domain_interaction_tests.csv","hmm_audit_first_night","","requires_review","Directory partition only; producer and reader evidence still required","audit script family; exact writer unverified","Testing/audits/audit_first_night_heatmap_v2.R"
"12_systems_neuroscience_summary/5min_based/audit_hmm_state_architecture/first_night_domain_heatmap/first_night_domain_provenance.csv","hmm_audit_first_night","","requires_review","Directory partition only; producer and reader evidence still required","audit script family; exact writer unverified","Testing/audits/audit_first_night_domain_scores.R; Testing/audits/audit_first_night_domain_scores_v2.R"
"12_systems_neuroscience_summary/5min_based/audit_hmm_state_architecture/first_night_domain_heatmap/first_night_domain_redundancy_audit.csv","hmm_audit_first_night","","requires_review","Directory partition only; producer and reader evidence still required","audit script family; exact writer unverified","Testing/audits/audit_first_night_domain_scores.R; Testing/audits/audit_first_night_domain_scores_v2.R"
"12_systems_neuroscience_summary/5min_based/audit_hmm_state_architecture/first_night_domain_heatmap/first_night_domain_scores.csv","hmm_audit_first_night","","requires_review","Directory partition only; producer and reader evidence still required","audit script family; exact writer unverified","Analysis/14_systems_neuroscience_summary_dashboard.R; Analysis/28_rfid_behavioral_domains.R; Analysis/build_publication_release.R; Functions/first_night_domain_driver.R; Testing/audits/audit_first_night_domain_scores.R; Testing/audits/audit_first_night_domain_scores_v2.R; Testing/audits/audit_first_night_heatmap_v2.R; Testing/audits/audit_first_night_window_sensitivity.R; Testing/audits/audit_rfid_alternative_inference.R; Testing/audits/audit_rfid_conservatism.R; Testing/audits/audit_rfid_domain_construct_blind.R; Testing/audits/audit_rfid_reliability_and_improvement.R"
"12_systems_neuroscience_summary/5min_based/audit_hmm_state_architecture/first_night_domain_heatmap/first_night_domain_source_classification.csv","hmm_audit_first_night","","requires_review","Directory partition only; producer and reader evidence still required","audit script family; exact writer unverified","Testing/audits/audit_first_night_domain_scores_v2.R"
"12_systems_neuroscience_summary/5min_based/audit_hmm_state_architecture/first_night_domain_heatmap/first_night_duplicate_domain_check.csv","hmm_audit_first_night","","requires_review","Directory partition only; producer and reader evidence still required","audit script family; exact writer unverified","Testing/audits/audit_first_night_domain_scores.R"
"12_systems_neuroscience_summary/5min_based/audit_hmm_state_architecture/first_night_domain_heatmap/first_night_duplicate_domain_check_v2.csv","hmm_audit_first_night","","requires_review","Directory partition only; producer and reader evidence still required","audit script family; exact writer unverified","Testing/audits/audit_first_night_domain_scores_v2.R; Testing/audits/audit_first_night_heatmap_v2.R"
"12_systems_neuroscience_summary/5min_based/audit_hmm_state_architecture/first_night_domain_heatmap/first_night_dwell_partition_stability_contrasts.csv","hmm_audit_first_night","","requires_review","Directory partition only; producer and reader evidence still required","audit script family; exact writer unverified","Testing/audits/audit_first_night_dwell_partition_stability.R"
"12_systems_neuroscience_summary/5min_based/audit_hmm_state_architecture/first_night_domain_heatmap/first_night_dwell_partition_stability_values.csv","hmm_audit_first_night","","requires_review","Directory partition only; producer and reader evidence still required","audit script family; exact writer unverified","Testing/audits/audit_first_night_dwell_partition_stability.R; Testing/audits/audit_first_night_dwell_shipped_vs_refit.R"
"12_systems_neuroscience_summary/5min_based/audit_hmm_state_architecture/first_night_domain_heatmap/first_night_dwell_shipped_vs_refit.csv","hmm_audit_first_night","","requires_review","Directory partition only; producer and reader evidence still required","audit script family; exact writer unverified","Testing/audits/audit_first_night_dwell_shipped_vs_refit.R"
"12_systems_neuroscience_summary/5min_based/audit_hmm_state_architecture/first_night_domain_heatmap/first_night_fdr_family_definition.csv","hmm_audit_first_night","","requires_review","Directory partition only; producer and reader evidence still required","audit script family; exact writer unverified","Testing/audits/audit_first_night_domain_scores.R"
"12_systems_neuroscience_summary/5min_based/audit_hmm_state_architecture/first_night_domain_heatmap/first_night_final_domain_decision.csv","hmm_audit_first_night","","requires_review","Directory partition only; producer and reader evidence still required","audit script family; exact writer unverified","Testing/audits/audit_first_night_candidate_set_decision.R"
"12_systems_neuroscience_summary/5min_based/audit_hmm_state_architecture/first_night_domain_heatmap/first_night_group_sex_interaction_v2.csv","hmm_audit_first_night","","requires_review","Directory partition only; producer and reader evidence still required","audit script family; exact writer unverified","Testing/audits/audit_first_night_domain_scores_v2.R"
"12_systems_neuroscience_summary/5min_based/audit_hmm_state_architecture/first_night_domain_heatmap/first_night_group_sex_interactions.csv","hmm_audit_first_night","","requires_review","Directory partition only; producer and reader evidence still required","audit script family; exact writer unverified","Analysis/14_systems_neuroscience_summary_dashboard.R; Analysis/build_publication_release.R; Functions/first_night_domain_driver.R; Testing/audits/audit_first_night_candidate_set_decision.R; Testing/audits/audit_first_night_candidate_set_effects.R; Testing/audits/audit_rfid_legacy_vs_new_domains.R"
"12_systems_neuroscience_summary/5min_based/audit_hmm_state_architecture/first_night_domain_heatmap/first_night_group_sex_n.csv","hmm_audit_first_night","","requires_review","Directory partition only; producer and reader evidence still required","audit script family; exact writer unverified","Testing/audits/audit_first_night_domain_scores.R; Testing/audits/audit_first_night_domain_scores_v2.R"
"12_systems_neuroscience_summary/5min_based/audit_hmm_state_architecture/first_night_domain_heatmap/first_night_heatmap_assertions.csv","hmm_audit_first_night","","requires_review","Directory partition only; producer and reader evidence still required","audit script family; exact writer unverified","Testing/audits/audit_first_night_heatmap_v2.R"
"12_systems_neuroscience_summary/5min_based/audit_hmm_state_architecture/first_night_domain_heatmap/first_night_heatmap_readme.md","hmm_audit_first_night","","requires_review","Directory partition only; producer and reader evidence still required","audit script family; exact writer unverified","Testing/audits/audit_first_night_heatmap_v2.R"
"12_systems_neuroscience_summary/5min_based/audit_hmm_state_architecture/first_night_domain_heatmap/first_night_hmm_block_structure_qc.csv","hmm_audit_first_night","","requires_review","Directory partition only; producer and reader evidence still required","audit script family; exact writer unverified","Testing/audits/audit_first_night_hmm_components.R"
"12_systems_neuroscience_summary/5min_based/audit_hmm_state_architecture/first_night_domain_heatmap/first_night_hmm_combz_association.csv","hmm_audit_first_night","","requires_review","Directory partition only; producer and reader evidence still required","audit script family; exact writer unverified","Testing/audits/audit_first_night_heatmap_v2.R"
"12_systems_neuroscience_summary/5min_based/audit_hmm_state_architecture/first_night_domain_heatmap/first_night_hmm_component_animal_features.csv","hmm_audit_first_night","","requires_review","Directory partition only; producer and reader evidence still required","audit script family; exact writer unverified","Testing/audits/audit_first_night_hmm_components.R"
"12_systems_neuroscience_summary/5min_based/audit_hmm_state_architecture/first_night_domain_heatmap/first_night_hmm_component_combz_association.csv","hmm_audit_first_night","","requires_review","Directory partition only; producer and reader evidence still required","audit script family; exact writer unverified","Testing/audits/audit_first_night_hmm_components.R"
"12_systems_neuroscience_summary/5min_based/audit_hmm_state_architecture/first_night_domain_heatmap/first_night_hmm_component_features_v2.csv","hmm_audit_first_night","","requires_review","Directory partition only; producer and reader evidence still required","audit script family; exact writer unverified","Testing/audits/audit_first_night_domain_scores_v2.R; Testing/audits/audit_first_night_heatmap_v2.R; Testing/audits/audit_first_night_window_sensitivity.R"
"12_systems_neuroscience_summary/5min_based/audit_hmm_state_architecture/first_night_domain_heatmap/first_night_hmm_component_interactions.csv","hmm_audit_first_night","","requires_review","Directory partition only; producer and reader evidence still required","audit script family; exact writer unverified","Testing/audits/audit_first_night_heatmap_v2.R; Testing/audits/audit_first_night_hmm_components.R"
"12_systems_neuroscience_summary/5min_based/audit_hmm_state_architecture/first_night_domain_heatmap/first_night_hmm_component_locomotion_dominance.csv","hmm_audit_first_night","","requires_review","Directory partition only; producer and reader evidence still required","audit script family; exact writer unverified","Testing/audits/audit_first_night_hmm_components.R"
"12_systems_neuroscience_summary/5min_based/audit_hmm_state_architecture/first_night_domain_heatmap/first_night_hmm_component_movement_adjustment.csv","hmm_audit_first_night","","requires_review","Directory partition only; producer and reader evidence still required","audit script family; exact writer unverified","Testing/audits/audit_first_night_candidate_set_decision.R; Testing/audits/audit_first_night_hmm_components.R"
"12_systems_neuroscience_summary/5min_based/audit_hmm_state_architecture/first_night_domain_heatmap/first_night_hmm_component_resolution_sensitivity.csv","hmm_audit_first_night","","requires_review","Directory partition only; producer and reader evidence still required","audit script family; exact writer unverified","Testing/audits/audit_first_night_hmm_components.R"
"12_systems_neuroscience_summary/5min_based/audit_hmm_state_architecture/first_night_domain_heatmap/first_night_hmm_component_results.csv","hmm_audit_first_night","","requires_review","Directory partition only; producer and reader evidence still required","audit script family; exact writer unverified","Testing/audits/audit_first_night_heatmap_v2.R; Testing/audits/audit_first_night_hmm_components.R"
"12_systems_neuroscience_summary/5min_based/audit_hmm_state_architecture/first_night_domain_heatmap/first_night_hmm_coverage_missing_animals.csv","hmm_audit_first_night","","requires_review","Directory partition only; producer and reader evidence still required","audit script family; exact writer unverified","Testing/audits/audit_first_night_domain_scores.R"
"12_systems_neuroscience_summary/5min_based/audit_hmm_state_architecture/first_night_domain_heatmap/first_night_hmm_coverage_v2.csv","hmm_audit_first_night","","requires_review","Directory partition only; producer and reader evidence still required","audit script family; exact writer unverified","Testing/audits/audit_first_night_domain_scores_v2.R"
"12_systems_neuroscience_summary/5min_based/audit_hmm_state_architecture/first_night_domain_heatmap/first_night_hmm_cross_resolution_dwell.csv","hmm_audit_first_night","","requires_review","Directory partition only; producer and reader evidence still required","audit script family; exact writer unverified","Testing/audits/audit_first_night_domain_scores.R"
"12_systems_neuroscience_summary/5min_based/audit_hmm_state_architecture/first_night_domain_heatmap/first_night_hmm_first_block_features.csv","hmm_audit_first_night","","requires_review","Directory partition only; producer and reader evidence still required","audit script family; exact writer unverified","Testing/audits/audit_first_night_domain_scores.R"
"12_systems_neuroscience_summary/5min_based/audit_hmm_state_architecture/first_night_domain_heatmap/first_night_hmm_first_block_geometry.csv","hmm_audit_first_night","","requires_review","Directory partition only; producer and reader evidence still required","audit script family; exact writer unverified","Testing/audits/audit_first_night_domain_scores.R"
"12_systems_neuroscience_summary/5min_based/audit_hmm_state_architecture/first_night_domain_heatmap/first_night_hmm_movement_adjustment.csv","hmm_audit_first_night","","requires_review","Directory partition only; producer and reader evidence still required","audit script family; exact writer unverified","Testing/audits/audit_first_night_heatmap_v2.R"
"12_systems_neuroscience_summary/5min_based/audit_hmm_state_architecture/first_night_domain_heatmap/first_night_hmm_production_reconciliation.csv","hmm_audit_first_night","","requires_review","Directory partition only; producer and reader evidence still required","audit script family; exact writer unverified","Testing/audits/audit_first_night_hmm_components.R"
"12_systems_neuroscience_summary/5min_based/audit_hmm_state_architecture/first_night_domain_heatmap/first_night_hmm_state_semantics.csv","hmm_audit_first_night","","requires_review","Directory partition only; producer and reader evidence still required","audit script family; exact writer unverified","Testing/audits/audit_first_night_domain_scores.R"
"12_systems_neuroscience_summary/5min_based/audit_hmm_state_architecture/first_night_domain_heatmap/first_night_hmm_state_semantics_v2.csv","hmm_audit_first_night","","requires_review","Directory partition only; producer and reader evidence still required","audit script family; exact writer unverified","Testing/audits/audit_first_night_candidate_set_decision.R; Testing/audits/audit_first_night_domain_scores_v2.R; Testing/audits/audit_first_night_heatmap_v2.R"
"12_systems_neuroscience_summary/5min_based/audit_hmm_state_architecture/first_night_domain_heatmap/first_night_hmm_state_space_semantics.csv","hmm_audit_first_night","","requires_review","Directory partition only; producer and reader evidence still required","audit script family; exact writer unverified","Testing/audits/audit_first_night_hmm_components.R"
"12_systems_neuroscience_summary/5min_based/audit_hmm_state_architecture/first_night_domain_heatmap/first_night_hmm_window_equivalence_assertions.csv","hmm_audit_first_night","","requires_review","Directory partition only; producer and reader evidence still required","audit script family; exact writer unverified","Testing/audits/audit_first_night_domain_scores_v2.R"
"12_systems_neuroscience_summary/5min_based/audit_hmm_state_architecture/first_night_domain_heatmap/first_night_hmm_window_provenance_impurity.csv","hmm_audit_first_night","","requires_review","Directory partition only; producer and reader evidence still required","audit script family; exact writer unverified","Testing/audits/audit_first_night_hmm_components.R"
"12_systems_neuroscience_summary/5min_based/audit_hmm_state_architecture/first_night_domain_heatmap/first_night_leakage_assertions.csv","hmm_audit_first_night","","requires_review","Directory partition only; producer and reader evidence still required","audit script family; exact writer unverified","Testing/audits/audit_first_night_domain_scores_v2.R"
"12_systems_neuroscience_summary/5min_based/audit_hmm_state_architecture/first_night_domain_heatmap/first_night_locomotion_dominance.csv","hmm_audit_first_night","","requires_review","Directory partition only; producer and reader evidence still required","audit script family; exact writer unverified","Testing/audits/audit_first_night_domain_scores.R"
"12_systems_neuroscience_summary/5min_based/audit_hmm_state_architecture/first_night_domain_heatmap/first_night_locomotion_dominance_v2.csv","hmm_audit_first_night","","requires_review","Directory partition only; producer and reader evidence still required","audit script family; exact writer unverified","Testing/audits/audit_first_night_domain_scores_v2.R"
"12_systems_neuroscience_summary/5min_based/audit_hmm_state_architecture/first_night_domain_heatmap/first_night_multiplicity_sensitivity.csv","hmm_audit_first_night","","requires_review","Directory partition only; producer and reader evidence still required","audit script family; exact writer unverified","Testing/audits/audit_first_night_candidate_set_decision.R; Testing/audits/audit_first_night_candidate_set_effects.R"
"12_systems_neuroscience_summary/5min_based/audit_hmm_state_architecture/first_night_domain_heatmap/first_night_raw_cc1_active_block_geometry.csv","hmm_audit_first_night","","requires_review","Directory partition only; producer and reader evidence still required","audit script family; exact writer unverified","Testing/audits/audit_first_night_domain_scores.R"
"12_systems_neuroscience_summary/5min_based/audit_hmm_state_architecture/first_night_domain_heatmap/first_night_raw_feature_missingness.csv","hmm_audit_first_night","","requires_review","Directory partition only; producer and reader evidence still required","audit script family; exact writer unverified","Testing/audits/audit_first_night_domain_scores.R"
"12_systems_neuroscience_summary/5min_based/audit_hmm_state_architecture/first_night_domain_heatmap/first_night_raw_window_impurity.csv","hmm_audit_first_night","","requires_review","Directory partition only; producer and reader evidence still required","audit script family; exact writer unverified","Testing/audits/audit_first_night_domain_scores.R"
"12_systems_neuroscience_summary/5min_based/audit_hmm_state_architecture/first_night_domain_heatmap/first_night_reconciliation_with_production.csv","hmm_audit_first_night","","requires_review","Directory partition only; producer and reader evidence still required","audit script family; exact writer unverified","Testing/audits/audit_first_night_domain_scores.R"
"12_systems_neuroscience_summary/5min_based/audit_hmm_state_architecture/first_night_domain_heatmap/first_night_time_anchor_audit.csv","hmm_audit_first_night","","requires_review","Directory partition only; producer and reader evidence still required","audit script family; exact writer unverified","Testing/audits/audit_first_night_time_anchor.R"
"12_systems_neuroscience_summary/5min_based/audit_hmm_state_architecture/first_night_domain_heatmap/first_night_time_anchor_audit_long.csv","hmm_audit_first_night","","requires_review","Directory partition only; producer and reader evidence still required","audit script family; exact writer unverified","Testing/audits/audit_first_night_candidate_set_decision.R; Testing/audits/audit_first_night_candidate_set_scores.R; Testing/audits/audit_first_night_domain_scores_v2.R; Testing/audits/audit_first_night_time_anchor.R"
"12_systems_neuroscience_summary/5min_based/audit_hmm_state_architecture/first_night_domain_heatmap/first_night_v1_countrule_vs_v2_clockwindow.csv","hmm_audit_first_night","","requires_review","Directory partition only; producer and reader evidence still required","audit script family; exact writer unverified","Testing/audits/audit_first_night_domain_scores_v2.R"
"12_systems_neuroscience_summary/5min_based/audit_hmm_state_architecture/first_night_domain_heatmap/first_night_volatility_formula_deviation.csv","hmm_audit_first_night","","requires_review","Directory partition only; producer and reader evidence still required","audit script family; exact writer unverified","Testing/audits/audit_first_night_domain_scores.R"
"12_systems_neuroscience_summary/5min_based/audit_hmm_state_architecture/first_night_domain_heatmap/first_night_volatility_multiplicity_focus.csv","hmm_audit_first_night","","requires_review","Directory partition only; producer and reader evidence still required","audit script family; exact writer unverified","Testing/audits/audit_first_night_candidate_set_decision.R; Testing/audits/audit_first_night_candidate_set_effects.R"
"12_systems_neuroscience_summary/5min_based/audit_hmm_state_architecture/first_night_domain_heatmap/first_night_vs_all_cc1_active_assertions.csv","hmm_audit_first_night","","requires_review","Directory partition only; producer and reader evidence still required","audit script family; exact writer unverified","Testing/audits/audit_first_night_window_sensitivity.R"
"12_systems_neuroscience_summary/5min_based/audit_hmm_state_architecture/first_night_domain_heatmap/first_night_vs_all_cc1_active_correlations.csv","hmm_audit_first_night","","requires_review","Directory partition only; producer and reader evidence still required","audit script family; exact writer unverified","Testing/audits/audit_first_night_window_sensitivity.R"
"12_systems_neuroscience_summary/5min_based/audit_hmm_state_architecture/first_night_domain_heatmap/first_night_vs_all_cc1_active_epoch_geometry.csv","hmm_audit_first_night","","requires_review","Directory partition only; producer and reader evidence still required","audit script family; exact writer unverified","Testing/audits/audit_first_night_window_sensitivity.R"
"12_systems_neuroscience_summary/5min_based/audit_hmm_state_architecture/first_night_domain_heatmap/first_night_vs_all_cc1_active_sensitivity.csv","hmm_audit_first_night","","requires_review","Directory partition only; producer and reader evidence still required","audit script family; exact writer unverified","Testing/audits/audit_first_night_window_sensitivity.R"
"12_systems_neuroscience_summary/5min_based/audit_hmm_state_architecture/first_night_domain_heatmap/first_night_vs_longitudinal_persistence.csv","hmm_audit_first_night","","requires_review","Directory partition only; producer and reader evidence still required","audit script family; exact writer unverified","Testing/audits/audit_first_night_hmm_components.R"
"12_systems_neuroscience_summary/5min_based/audit_hmm_state_architecture/first_night_domain_heatmap/first_night_vs_production_cc1_reconciliation.csv","hmm_audit_first_night","","requires_review","Directory partition only; producer and reader evidence still required","audit script family; exact writer unverified","Testing/audits/audit_first_night_heatmap_v2.R"
"12_systems_neuroscience_summary/5min_based/audit_hmm_state_architecture/first_night_domain_heatmap/first_night_window_contract.csv","hmm_audit_first_night","","requires_review","Directory partition only; producer and reader evidence still required","audit script family; exact writer unverified","Analysis/14_systems_neuroscience_summary_dashboard.R; Analysis/build_publication_release.R; Functions/first_night_domain_driver.R; Testing/audits/audit_first_night_time_anchor.R"
"12_systems_neuroscience_summary/5min_based/audit_hmm_state_architecture/first_night_domain_heatmap/stage09_downstream_consumer_audit.csv","hmm_audit_first_night","","requires_review","Directory partition only; producer and reader evidence still required","audit script family; exact writer unverified","Testing/audits/audit_stage09_stale_artifacts.R"
"12_systems_neuroscience_summary/5min_based/audit_hmm_state_architecture/first_night_domain_heatmap/stage09_stale_artifact_audit.csv","hmm_audit_first_night","","requires_review","Directory partition only; producer and reader evidence still required","audit script family; exact writer unverified","Testing/audits/audit_first_night_candidate_set_decision.R; Testing/audits/audit_stage09_stale_artifacts.R"
"12_systems_neuroscience_summary/5min_based/audit_hmm_state_architecture/hmm_architecture_check_a_counts.csv","hmm_audit_other","","requires_review","Directory partition only; producer and reader evidence still required","audit script family; exact writer unverified","Testing/audits/audit_hmm_state_architecture_components.R"
"12_systems_neuroscience_summary/5min_based/audit_hmm_state_architecture/hmm_architecture_check_b2_vs_shipped_artifact.csv","hmm_audit_other","","requires_review","Directory partition only; producer and reader evidence still required","audit script family; exact writer unverified","Testing/audits/audit_hmm_state_architecture_components.R"
"12_systems_neuroscience_summary/5min_based/audit_hmm_state_architecture/hmm_architecture_check_b_composite_reproduction.csv","hmm_audit_other","","requires_review","Directory partition only; producer and reader evidence still required","audit script family; exact writer unverified","Testing/audits/audit_hmm_state_architecture_components.R"
"12_systems_neuroscience_summary/5min_based/audit_hmm_state_architecture/hmm_architecture_check_c_social_zero.csv","hmm_audit_other","","requires_review","Directory partition only; producer and reader evidence still required","audit script family; exact writer unverified","Testing/audits/audit_hmm_state_architecture_components.R"
"12_systems_neuroscience_summary/5min_based/audit_hmm_state_architecture/hmm_architecture_check_d_complementarity.csv","hmm_audit_other","","requires_review","Directory partition only; producer and reader evidence still required","audit script family; exact writer unverified","Testing/audits/audit_hmm_state_architecture_components.R"
"12_systems_neuroscience_summary/5min_based/audit_hmm_state_architecture/hmm_architecture_check_e2_geometric_dwell_per_state.csv","hmm_audit_other","","requires_review","Directory partition only; producer and reader evidence still required","audit script family; exact writer unverified","Testing/audits/audit_hmm_state_architecture_components.R"
"12_systems_neuroscience_summary/5min_based/audit_hmm_state_architecture/hmm_architecture_check_e3_degenerate_epochs.csv","hmm_audit_other","","requires_review","Directory partition only; producer and reader evidence still required","audit script family; exact writer unverified","Testing/audits/audit_hmm_state_architecture_components.R"
"12_systems_neuroscience_summary/5min_based/audit_hmm_state_architecture/hmm_architecture_check_e_geometric_dwell.csv","hmm_audit_other","","requires_review","Directory partition only; producer and reader evidence still required","audit script family; exact writer unverified","Testing/audits/audit_hmm_state_architecture_components.R"
"12_systems_neuroscience_summary/5min_based/audit_hmm_state_architecture/hmm_architecture_check_f_entropy_ranges.csv","hmm_audit_other","","requires_review","Directory partition only; producer and reader evidence still required","audit script family; exact writer unverified","Testing/audits/audit_hmm_state_architecture_components.R"
"12_systems_neuroscience_summary/5min_based/audit_hmm_state_architecture/hmm_architecture_check_f_estimator_identities.csv","hmm_audit_other","","requires_review","Directory partition only; producer and reader evidence still required","audit script family; exact writer unverified","Testing/audits/audit_hmm_state_architecture_components.R"
"12_systems_neuroscience_summary/5min_based/audit_hmm_state_architecture/hmm_architecture_check_g2_length_dependence_by_phase.csv","hmm_audit_other","","requires_review","Directory partition only; producer and reader evidence still required","audit script family; exact writer unverified","Testing/audits/audit_hmm_state_architecture_components.R"
"12_systems_neuroscience_summary/5min_based/audit_hmm_state_architecture/hmm_architecture_check_g3_short_vs_standard_entropy.csv","hmm_audit_other","","requires_review","Directory partition only; producer and reader evidence still required","audit script family; exact writer unverified","Testing/audits/audit_hmm_state_architecture_components.R"
"12_systems_neuroscience_summary/5min_based/audit_hmm_state_architecture/hmm_architecture_check_g4_short_vs_standard_hedges_g.csv","hmm_audit_other","","requires_review","Directory partition only; producer and reader evidence still required","audit script family; exact writer unverified","Testing/audits/audit_hmm_state_architecture_components.R"
"12_systems_neuroscience_summary/5min_based/audit_hmm_state_architecture/hmm_architecture_check_g4c_length_dependence_standard_epochs.csv","hmm_audit_other","","requires_review","Directory partition only; producer and reader evidence still required","audit script family; exact writer unverified","Testing/audits/audit_hmm_state_architecture_components.R"
"12_systems_neuroscience_summary/5min_based/audit_hmm_state_architecture/hmm_architecture_check_g5_exact_redundancy.csv","hmm_audit_other","","requires_review","Directory partition only; producer and reader evidence still required","audit script family; exact writer unverified","Testing/audits/audit_hmm_state_architecture_components.R"
"12_systems_neuroscience_summary/5min_based/audit_hmm_state_architecture/hmm_architecture_check_g_length_dependence.csv","hmm_audit_other","","requires_review","Directory partition only; producer and reader evidence still required","audit script family; exact writer unverified","Testing/audits/audit_hmm_state_architecture_components.R"
"12_systems_neuroscience_summary/5min_based/audit_hmm_state_architecture/hmm_architecture_check_h_bin_size_dependence.csv","hmm_audit_other","","requires_review","Directory partition only; producer and reader evidence still required","audit script family; exact writer unverified","Testing/audits/audit_hmm_state_architecture_components.R"
"12_systems_neuroscience_summary/5min_based/audit_hmm_state_architecture/hmm_architecture_check_i_duration_and_completeness.csv","hmm_audit_other","","requires_review","Directory partition only; producer and reader evidence still required","audit script family; exact writer unverified","Testing/audits/audit_hmm_state_architecture_components.R"
"12_systems_neuroscience_summary/5min_based/audit_hmm_state_architecture/hmm_architecture_check_j2_read_density_within_context.csv","hmm_audit_other","","requires_review","Directory partition only; producer and reader evidence still required","audit script family; exact writer unverified","Testing/audits/audit_hmm_state_architecture_components.R"
"12_systems_neuroscience_summary/5min_based/audit_hmm_state_architecture/hmm_architecture_check_j3_read_density_animal_level.csv","hmm_audit_other","","requires_review","Directory partition only; producer and reader evidence still required","audit script family; exact writer unverified","Testing/audits/audit_hmm_state_architecture_components.R"
"12_systems_neuroscience_summary/5min_based/audit_hmm_state_architecture/hmm_architecture_check_j4_read_density_by_group.csv","hmm_audit_other","","requires_review","Directory partition only; producer and reader evidence still required","audit script family; exact writer unverified","Testing/audits/audit_hmm_state_architecture_components.R"
"12_systems_neuroscience_summary/5min_based/audit_hmm_state_architecture/hmm_architecture_check_j5_active_dropout_epochs.csv","hmm_audit_other","","requires_review","Directory partition only; producer and reader evidence still required","audit script family; exact writer unverified","Testing/audits/audit_hmm_state_architecture_components.R"
"12_systems_neuroscience_summary/5min_based/audit_hmm_state_architecture/hmm_architecture_check_j_read_density_pooled.csv","hmm_audit_other","","requires_review","Directory partition only; producer and reader evidence still required","audit script family; exact writer unverified","Testing/audits/audit_hmm_state_architecture_components.R"
"12_systems_neuroscience_summary/5min_based/audit_hmm_state_architecture/hmm_architecture_check_k2_covariate_sensitivity.csv","hmm_audit_other","","requires_review","Directory partition only; producer and reader evidence still required","audit script family; exact writer unverified","Testing/audits/audit_hmm_state_architecture_components.R"
"12_systems_neuroscience_summary/5min_based/audit_hmm_state_architecture/hmm_architecture_check_k_model_sensitivity.csv","hmm_audit_other","","requires_review","Directory partition only; producer and reader evidence still required","audit script family; exact writer unverified","Testing/audits/audit_hmm_state_architecture_components.R"
"12_systems_neuroscience_summary/5min_based/audit_hmm_state_architecture/hmm_architecture_check_l1_length_design_collinearity.csv","hmm_audit_other","","requires_review","Directory partition only; producer and reader evidence still required","audit script family; exact writer unverified","Testing/audits/audit_hmm_state_architecture_components.R"
"12_systems_neuroscience_summary/5min_based/audit_hmm_state_architecture/hmm_architecture_check_l2_subsampling_length_bias.csv","hmm_audit_other","","requires_review","Directory partition only; producer and reader evidence still required","audit script family; exact writer unverified","Testing/audits/audit_hmm_state_architecture_components.R; Testing/audits/audit_hmm_state_architecture_redundancy.R"
"12_systems_neuroscience_summary/5min_based/audit_hmm_state_architecture/hmm_architecture_check_l3_group_differences_transition_entropy.csv","hmm_audit_other","","requires_review","Directory partition only; producer and reader evidence still required","audit script family; exact writer unverified","Testing/audits/audit_hmm_state_architecture_components.R"
"12_systems_neuroscience_summary/5min_based/audit_hmm_state_architecture/hmm_architecture_check_m_temporal_contiguity.csv","hmm_audit_other","","requires_review","Directory partition only; producer and reader evidence still required","audit script family; exact writer unverified","Testing/audits/audit_hmm_state_architecture_components.R"
"12_systems_neuroscience_summary/5min_based/audit_hmm_state_architecture/hmm_architecture_component_correlations.csv","hmm_audit_other","","requires_review","Directory partition only; producer and reader evidence still required","audit script family; exact writer unverified","Testing/audits/audit_hmm_state_architecture_redundancy.R"
"12_systems_neuroscience_summary/5min_based/audit_hmm_state_architecture/hmm_architecture_component_coupling.csv","hmm_audit_other","","requires_review","Directory partition only; producer and reader evidence still required","audit script family; exact writer unverified","Testing/audits/audit_hmm_state_architecture_redundancy.R"
"12_systems_neuroscience_summary/5min_based/audit_hmm_state_architecture/hmm_architecture_component_descriptives.csv","hmm_audit_other","","requires_review","Directory partition only; producer and reader evidence still required","audit script family; exact writer unverified","Testing/audits/audit_hmm_state_architecture_components.R"
"12_systems_neuroscience_summary/5min_based/audit_hmm_state_architecture/hmm_architecture_component_distributions.csv","hmm_audit_other","","requires_review","Directory partition only; producer and reader evidence still required","audit script family; exact writer unverified","Testing/audits/audit_hmm_state_architecture_redundancy.R"
"12_systems_neuroscience_summary/5min_based/audit_hmm_state_architecture/hmm_architecture_component_epoch_metrics.csv","hmm_audit_other","","requires_review","Directory partition only; producer and reader evidence still required","audit script family; exact writer unverified","Testing/audits/audit_hmm_state_architecture_component_models.R; Testing/audits/audit_hmm_state_architecture_components.R; Testing/audits/audit_hmm_state_architecture_construct_comparison.R; Testing/audits/audit_hmm_state_architecture_longitudinal.R; Testing/audits/audit_hmm_state_architecture_phaseA_formula_units_qc.R; Testing/audits/audit_hmm_state_architecture_phaseA_gapaware_contrasts.R; Testing/audits/audit_hmm_state_architecture_phaseA_partition_and_gap.R; Testing/audits/audit_hmm_state_architecture_redundancy.R"
"12_systems_neuroscience_summary/5min_based/audit_hmm_state_architecture/hmm_architecture_component_interactions.csv","hmm_audit_other","","requires_review","Directory partition only; producer and reader evidence still required","audit script family; exact writer unverified","Testing/audits/audit_hmm_state_architecture_component_models.R"
"12_systems_neuroscience_summary/5min_based/audit_hmm_state_architecture/hmm_architecture_component_leaveout_sensitivity.csv","hmm_audit_other","","requires_review","Directory partition only; producer and reader evidence still required","audit script family; exact writer unverified","Testing/audits/audit_hmm_state_architecture_component_models.R"
"12_systems_neuroscience_summary/5min_based/audit_hmm_state_architecture/hmm_architecture_component_pca.csv","hmm_audit_other","","requires_review","Directory partition only; producer and reader evidence still required","audit script family; exact writer unverified","Testing/audits/audit_hmm_state_architecture_redundancy.R"
"12_systems_neuroscience_summary/5min_based/audit_hmm_state_architecture/hmm_architecture_component_rankings.csv","hmm_audit_other","","requires_review","Directory partition only; producer and reader evidence still required","audit script family; exact writer unverified","Testing/audits/audit_hmm_state_architecture_component_models.R"
"12_systems_neuroscience_summary/5min_based/audit_hmm_state_architecture/hmm_architecture_component_redundancy_mirror_check.csv","hmm_audit_other","","requires_review","Directory partition only; producer and reader evidence still required","audit script family; exact writer unverified","Testing/audits/audit_hmm_state_architecture_component_models.R"
"12_systems_neuroscience_summary/5min_based/audit_hmm_state_architecture/hmm_architecture_component_results.csv","hmm_audit_other","","requires_review","Directory partition only; producer and reader evidence still required","audit script family; exact writer unverified","Testing/audits/audit_hmm_state_architecture_component_models.R"
"12_systems_neuroscience_summary/5min_based/audit_hmm_state_architecture/hmm_architecture_component_scale_artefacts.csv","hmm_audit_other","","requires_review","Directory partition only; producer and reader evidence still required","audit script family; exact writer unverified","Testing/audits/audit_hmm_state_architecture_redundancy.R"
"12_systems_neuroscience_summary/5min_based/audit_hmm_state_architecture/hmm_architecture_component_spearman_correlations.csv","hmm_audit_other","","requires_review","Directory partition only; producer and reader evidence still required","audit script family; exact writer unverified","Testing/audits/audit_hmm_state_architecture_components.R"
"12_systems_neuroscience_summary/5min_based/audit_hmm_state_architecture/hmm_architecture_composite_additive_decomposition.csv","hmm_audit_other","","requires_review","Directory partition only; producer and reader evidence still required","audit script family; exact writer unverified","Testing/audits/audit_hmm_state_architecture_component_models.R"
"12_systems_neuroscience_summary/5min_based/audit_hmm_state_architecture/hmm_architecture_composite_loading.csv","hmm_audit_other","","requires_review","Directory partition only; producer and reader evidence still required","audit script family; exact writer unverified","Testing/audits/audit_hmm_state_architecture_components.R"
"12_systems_neuroscience_summary/5min_based/audit_hmm_state_architecture/hmm_architecture_construct_agreement.csv","hmm_audit_other","","requires_review","Directory partition only; producer and reader evidence still required","audit script family; exact writer unverified","Testing/audits/audit_hmm_state_architecture_construct_comparison.R"
"12_systems_neuroscience_summary/5min_based/audit_hmm_state_architecture/hmm_architecture_construct_comparison.csv","hmm_audit_other","","requires_review","Directory partition only; producer and reader evidence still required","audit script family; exact writer unverified","Testing/audits/audit_hmm_state_architecture_construct_comparison.R"
"12_systems_neuroscience_summary/5min_based/audit_hmm_state_architecture/hmm_architecture_construct_comparison_structural.csv","hmm_audit_other","","requires_review","Directory partition only; producer and reader evidence still required","audit script family; exact writer unverified","Testing/audits/audit_hmm_state_architecture_construct_comparison.R"
"12_systems_neuroscience_summary/5min_based/audit_hmm_state_architecture/hmm_architecture_construct_comparison_summary.md","hmm_audit_other","","requires_review","Directory partition only; producer and reader evidence still required","audit script family; exact writer unverified","Testing/audits/audit_hmm_state_architecture_construct_comparison.R"
"12_systems_neuroscience_summary/5min_based/audit_hmm_state_architecture/hmm_architecture_gap_aware_contrasts.csv","hmm_audit_other","","requires_review","Directory partition only; producer and reader evidence still required","audit script family; exact writer unverified","Testing/audits/audit_hmm_state_architecture_gap_aware.R"
"12_systems_neuroscience_summary/5min_based/audit_hmm_state_architecture/hmm_architecture_identifiability_probe.csv","hmm_audit_other","","requires_review","Directory partition only; producer and reader evidence still required","audit script family; exact writer unverified","Testing/audits/audit_hmm_state_architecture_identifiability.R"
"12_systems_neuroscience_summary/5min_based/audit_hmm_state_architecture/hmm_architecture_identity_audit_summary.csv","hmm_audit_other","","requires_review","Directory partition only; producer and reader evidence still required","audit script family; exact writer unverified","Testing/audits/audit_hmm_state_architecture_components.R"
"12_systems_neuroscience_summary/5min_based/audit_hmm_state_architecture/hmm_architecture_inactive_burst_complement.csv","hmm_audit_other","","requires_review","Directory partition only; producer and reader evidence still required","audit script family; exact writer unverified","Testing/audits/audit_hmm_state_architecture_components.R"
"12_systems_neuroscience_summary/5min_based/audit_hmm_state_architecture/hmm_architecture_locomotion_dominance_by_metric.csv","hmm_audit_other","","requires_review","Directory partition only; producer and reader evidence still required","audit script family; exact writer unverified","Testing/audits/audit_hmm_state_architecture_locomotion_dominance.R"
"12_systems_neuroscience_summary/5min_based/audit_hmm_state_architecture/hmm_architecture_longitudinal_cell_counts.csv","hmm_audit_other","","requires_review","Directory partition only; producer and reader evidence still required","audit script family; exact writer unverified","Testing/audits/audit_hmm_state_architecture_longitudinal.R"
"12_systems_neuroscience_summary/5min_based/audit_hmm_state_architecture/hmm_architecture_longitudinal_crosscheck_interaction_vs_lm.csv","hmm_audit_other","","requires_review","Directory partition only; producer and reader evidence still required","audit script family; exact writer unverified","Testing/audits/audit_hmm_state_architecture_longitudinal.R"
"12_systems_neuroscience_summary/5min_based/audit_hmm_state_architecture/hmm_architecture_longitudinal_crosscheck_summary.csv","hmm_audit_other","","requires_review","Directory partition only; producer and reader evidence still required","audit script family; exact writer unverified","Testing/audits/audit_hmm_state_architecture_longitudinal.R"
"12_systems_neuroscience_summary/5min_based/audit_hmm_state_architecture/hmm_architecture_longitudinal_model_diagnostics.csv","hmm_audit_other","","requires_review","Directory partition only; producer and reader evidence still required","audit script family; exact writer unverified","Testing/audits/audit_hmm_state_architecture_longitudinal.R"
"12_systems_neuroscience_summary/5min_based/audit_hmm_state_architecture/hmm_architecture_longitudinal_omnibus_tests.csv","hmm_audit_other","","requires_review","Directory partition only; producer and reader evidence still required","audit script family; exact writer unverified","Testing/audits/audit_hmm_state_architecture_longitudinal.R"
"12_systems_neuroscience_summary/5min_based/audit_hmm_state_architecture/hmm_architecture_longitudinal_results.csv","hmm_audit_other","","requires_review","Directory partition only; producer and reader evidence still required","audit script family; exact writer unverified","Testing/audits/audit_hmm_state_architecture_longitudinal.R"
"12_systems_neuroscience_summary/5min_based/audit_hmm_state_architecture/hmm_architecture_naive_formula_weights.csv","hmm_audit_other","","requires_review","Directory partition only; producer and reader evidence still required","audit script family; exact writer unverified","Testing/audits/audit_hmm_state_architecture_redundancy.R"
"12_systems_neuroscience_summary/5min_based/audit_hmm_state_architecture/hmm_architecture_occupied_state_distribution.csv","hmm_audit_other","","requires_review","Directory partition only; producer and reader evidence still required","audit script family; exact writer unverified","Testing/audits/audit_hmm_state_architecture_components.R"
"12_systems_neuroscience_summary/5min_based/audit_hmm_state_architecture/hmm_architecture_partition_robustness_contrasts.csv","hmm_audit_other","","requires_review","Directory partition only; producer and reader evidence still required","audit script family; exact writer unverified","Testing/audits/audit_hmm_state_architecture_partition_robustness.R"
"12_systems_neuroscience_summary/5min_based/audit_hmm_state_architecture/hmm_architecture_per_state_occupancy_contrasts.csv","hmm_audit_other","","requires_review","Directory partition only; producer and reader evidence still required","audit script family; exact writer unverified","Testing/audits/audit_hmm_state_architecture_semantic_erasure.R"
"12_systems_neuroscience_summary/5min_based/audit_hmm_state_architecture/hmm_architecture_proposed_construct_contrasts.csv","hmm_audit_other","","requires_review","Directory partition only; producer and reader evidence still required","audit script family; exact writer unverified","Testing/audits/audit_hmm_state_architecture_construct_comparison.R; Testing/audits/audit_hmm_state_architecture_redundancy.R"
"12_systems_neuroscience_summary/5min_based/audit_hmm_state_architecture/hmm_architecture_proposed_construct_definition.csv","hmm_audit_other","","requires_review","Directory partition only; producer and reader evidence still required","audit script family; exact writer unverified","Testing/audits/audit_hmm_state_architecture_redundancy.R"
"12_systems_neuroscience_summary/5min_based/audit_hmm_state_architecture/hmm_architecture_proposed_construct_readdensity_sensitivity.csv","hmm_audit_other","","requires_review","Directory partition only; producer and reader evidence still required","audit script family; exact writer unverified","Testing/audits/audit_hmm_state_architecture_redundancy.R"
"12_systems_neuroscience_summary/5min_based/audit_hmm_state_architecture/hmm_architecture_qc_leaveout_sensitivity.csv","hmm_audit_other","","requires_review","Directory partition only; producer and reader evidence still required","audit script family; exact writer unverified","Testing/audits/audit_hmm_state_architecture_qc_sensitivity.R"
"12_systems_neuroscience_summary/5min_based/audit_hmm_state_architecture/hmm_architecture_redundancy_identity_audit.csv","hmm_audit_other","","requires_review","Directory partition only; producer and reader evidence still required","audit script family; exact writer unverified","Testing/audits/audit_hmm_state_architecture_redundancy.R"
"12_systems_neuroscience_summary/5min_based/audit_hmm_state_architecture/hmm_architecture_state_label_report.csv","hmm_audit_other","","requires_review","Directory partition only; producer and reader evidence still required","audit script family; exact writer unverified","Testing/audits/audit_hmm_state_architecture_components.R"
"12_systems_neuroscience_summary/5min_based/audit_hmm_state_architecture/hmm_architecture_temporal_component_contrasts.csv","hmm_audit_other","","requires_review","Directory partition only; producer and reader evidence still required","audit script family; exact writer unverified","Testing/audits/audit_hmm_state_architecture_temporal_components.R"
"12_systems_neuroscience_summary/5min_based/audit_hmm_state_architecture/hmm_architecture_temporal_epoch_metrics.csv","hmm_audit_other","","requires_review","Directory partition only; producer and reader evidence still required","audit script family; exact writer unverified","Testing/audits/audit_hmm_state_architecture_gap_aware.R; Testing/audits/audit_hmm_state_architecture_locomotion_dominance.R; Testing/audits/audit_hmm_state_architecture_qc_sensitivity.R; Testing/audits/audit_hmm_state_architecture_temporal_components.R"
"12_systems_neuroscience_summary/5min_based/audit_hmm_state_architecture/hmm_cross_optimum_gapaware_claim_verdicts.csv","hmm_audit_other","","requires_review","Directory partition only; producer and reader evidence still required","audit script family; exact writer unverified","Testing/audits/audit_hmm_cross_optimum_gapaware.R"
"12_systems_neuroscience_summary/5min_based/audit_hmm_state_architecture/hmm_cross_optimum_gapaware_contrasts.csv","hmm_audit_other","","requires_review","Directory partition only; producer and reader evidence still required","audit script family; exact writer unverified","Testing/audits/audit_hmm_cross_optimum_gapaware.R"
"12_systems_neuroscience_summary/5min_based/audit_hmm_state_architecture/hmm_cross_optimum_gapaware_sign_stability.csv","hmm_audit_other","","requires_review","Directory partition only; producer and reader evidence still required","audit script family; exact writer unverified","Testing/audits/audit_hmm_cross_optimum_gapaware.R"
"12_systems_neuroscience_summary/5min_based/audit_hmm_state_architecture/hmm_cross_optimum_gapaware_state_profiles.csv","hmm_audit_other","","requires_review","Directory partition only; producer and reader evidence still required","audit script family; exact writer unverified","Testing/audits/audit_hmm_cross_optimum_gapaware.R"
"12_systems_neuroscience_summary/5min_based/audit_hmm_state_architecture/hmm_state_binlevel_profile_audit.csv","hmm_audit_other","","requires_review","Directory partition only; producer and reader evidence still required","audit script family; exact writer unverified","Testing/audits/audit_hmm_state_architecture_profile.R"
"12_systems_neuroscience_summary/5min_based/audit_hmm_state_architecture/hmm_state_emission_degeneracy_audit.csv","hmm_audit_other","","requires_review","Directory partition only; producer and reader evidence still required","audit script family; exact writer unverified","Testing/audits/audit_hmm_state_architecture_profile.R"
"12_systems_neuroscience_summary/5min_based/audit_hmm_state_architecture/hmm_state_multidimensional_profile_audit.csv","hmm_audit_other","","requires_review","Directory partition only; producer and reader evidence still required","audit script family; exact writer unverified","Testing/audits/audit_hmm_state_architecture_profile.R"
"12_systems_neuroscience_summary/5min_based/audit_hmm_state_architecture/phaseA_issue1_formula_preservation.csv","hmm_audit_other","","requires_review","Directory partition only; producer and reader evidence still required","audit script family; exact writer unverified","Testing/audits/audit_hmm_state_architecture_phaseA_formula_units_qc.R"
"12_systems_neuroscience_summary/5min_based/audit_hmm_state_architecture/phaseA_issue2_dwell_units.csv","hmm_audit_other","","requires_review","Directory partition only; producer and reader evidence still required","audit script family; exact writer unverified","Testing/audits/audit_hmm_state_architecture_phaseA_formula_units_qc.R"
"12_systems_neuroscience_summary/5min_based/audit_hmm_state_architecture/phaseA_issue3_topproximity_partition_contrasts.csv","hmm_audit_other","","requires_review","Directory partition only; producer and reader evidence still required","audit script family; exact writer unverified","Testing/audits/audit_hmm_state_architecture_phaseA_partition_and_gap.R"
"12_systems_neuroscience_summary/5min_based/audit_hmm_state_architecture/phaseA_issue3_topproximity_state_profiles.csv","hmm_audit_other","","requires_review","Directory partition only; producer and reader evidence still required","audit script family; exact writer unverified","Testing/audits/audit_hmm_state_architecture_phaseA_partition_and_gap.R"
"12_systems_neuroscience_summary/5min_based/audit_hmm_state_architecture/phaseA_issue4_gapaware_contrast_comparison.csv","hmm_audit_other","","requires_review","Directory partition only; producer and reader evidence still required","audit script family; exact writer unverified","Testing/audits/audit_hmm_state_architecture_phaseA_gapaware_contrasts.R; Testing/audits/audit_hmm_state_architecture_phaseA_partition_and_gap.R"
"12_systems_neuroscience_summary/5min_based/audit_hmm_state_architecture/phaseA_issue5_qc_population_ladder.csv","hmm_audit_other","","requires_review","Directory partition only; producer and reader evidence still required","audit script family; exact writer unverified","Testing/audits/audit_hmm_state_architecture_phaseA_formula_units_qc.R"
"12_systems_neuroscience_summary/5min_based/audit_hmm_state_architecture/phase_bug_impact_counterfactual.csv","hmm_audit_other","","requires_review","Directory partition only; producer and reader evidence still required","audit script family; exact writer unverified","Testing/audits/audit_phase_bug_impact.R"
"12_systems_neuroscience_summary/5min_based/audit_hmm_state_architecture/step6_longitudinal_gapaware_contrasts.csv","hmm_audit_other","","requires_review","Directory partition only; producer and reader evidence still required","audit script family; exact writer unverified","Testing/audits/audit_step6_longitudinal_gapaware_robustness.R"
"12_systems_neuroscience_summary/5min_based/audit_inactive_phase_qc/inactive_qc_epoch_evidence.csv","inactive_phase_qc_audit","analyses/inactive_phase_qc_audit","activated","Existing receipt-controlled three-file audit","audit script family; exact writer unverified","Testing/audits/audit_inactive_phase_qc_redesign.R"
"12_systems_neuroscience_summary/5min_based/audit_inactive_phase_qc/inactive_qc_proposed_specification.csv","inactive_phase_qc_audit","analyses/inactive_phase_qc_audit","activated","Existing receipt-controlled three-file audit","audit script family; exact writer unverified","Testing/audits/audit_inactive_phase_qc_redesign.R"
"12_systems_neuroscience_summary/5min_based/audit_inactive_phase_qc/inactive_qc_threshold_calibration.csv","inactive_phase_qc_audit","analyses/inactive_phase_qc_audit","activated","Existing receipt-controlled three-file audit","audit script family; exact writer unverified","Testing/audits/audit_inactive_phase_qc_redesign.R"
"12_systems_neuroscience_summary/5min_based/audit_rfid_alternative_inference/1_reliability_attenuation_ceiling.csv","audit_rfid_alternative_inference","","requires_review","Directory partition only; producer and reader evidence still required","audit script family; exact writer unverified","Testing/audits/audit_rfid_alternative_inference.R"
"12_systems_neuroscience_summary/5min_based/audit_rfid_alternative_inference/1b_disattenuated_effects.csv","audit_rfid_alternative_inference","","requires_review","Directory partition only; producer and reader evidence still required","audit script family; exact writer unverified","Testing/audits/audit_rfid_alternative_inference.R"
"12_systems_neuroscience_summary/5min_based/audit_rfid_alternative_inference/2a_permutation_between_cage.csv","audit_rfid_alternative_inference","","requires_review","Directory partition only; producer and reader evidence still required","audit script family; exact writer unverified","Testing/audits/audit_rfid_alternative_inference.R"
"12_systems_neuroscience_summary/5min_based/audit_rfid_alternative_inference/2b_permutation_within_cage.csv","audit_rfid_alternative_inference","","requires_review","Directory partition only; producer and reader evidence still required","audit script family; exact writer unverified","Testing/audits/audit_rfid_alternative_inference.R"
"12_systems_neuroscience_summary/5min_based/audit_rfid_alternative_inference/2c_wild_cluster_bootstrap.csv","audit_rfid_alternative_inference","","requires_review","Directory partition only; producer and reader evidence still required","audit script family; exact writer unverified","Testing/audits/audit_rfid_alternative_inference.R"
"12_systems_neuroscience_summary/5min_based/audit_rfid_alternative_inference/3a_within_block_fixed_cage_estimator.csv","audit_rfid_alternative_inference","","requires_review","Directory partition only; producer and reader evidence still required","audit script family; exact writer unverified","Testing/audits/audit_rfid_alternative_inference.R"
"12_systems_neuroscience_summary/5min_based/audit_rfid_alternative_inference/3b_batch_fixed_vs_random.csv","audit_rfid_alternative_inference","","requires_review","Directory partition only; producer and reader evidence still required","audit script family; exact writer unverified","Testing/audits/audit_rfid_alternative_inference.R"
"12_systems_neuroscience_summary/5min_based/audit_rfid_alternative_inference/3c_extreme_group_split.csv","audit_rfid_alternative_inference","","requires_review","Directory partition only; producer and reader evidence still required","audit script family; exact writer unverified","Testing/audits/audit_rfid_alternative_inference.R"
"12_systems_neuroscience_summary/5min_based/audit_rfid_alternative_inference/4_multiplicity_binding_or_not.csv","audit_rfid_alternative_inference","","requires_review","Directory partition only; producer and reader evidence still required","audit script family; exact writer unverified","Testing/audits/audit_rfid_alternative_inference.R"
"12_systems_neuroscience_summary/5min_based/audit_rfid_alternative_inference/VERDICT.csv","audit_rfid_alternative_inference","","requires_review","Directory partition only; producer and reader evidence still required","audit script family; exact writer unverified","Testing/audits/audit_rfid_alternative_inference.R; Testing/audits/audit_rfid_conservatism.R; Testing/audits/audit_rfid_reliability_and_improvement.R"
"12_systems_neuroscience_summary/5min_based/audit_rfid_conservatism/A_adjustment_cost.csv","audit_rfid_conservatism","","requires_review","Directory partition only; producer and reader evidence still required","audit script family; exact writer unverified","Testing/audits/audit_rfid_conservatism.R"
"12_systems_neuroscience_summary/5min_based/audit_rfid_conservatism/B_random_effect_warrant.csv","audit_rfid_conservatism","","requires_review","Directory partition only; producer and reader evidence still required","audit script family; exact writer unverified","Testing/audits/audit_rfid_conservatism.R"
"12_systems_neuroscience_summary/5min_based/audit_rfid_conservatism/C_distribution_and_robustness.csv","audit_rfid_conservatism","","requires_review","Directory partition only; producer and reader evidence still required","audit script family; exact writer unverified","Testing/audits/audit_rfid_conservatism.R"
"12_systems_neuroscience_summary/5min_based/audit_rfid_conservatism/D_prognostic_covariate_gain.csv","audit_rfid_conservatism","","requires_review","Directory partition only; producer and reader evidence still required","audit script family; exact writer unverified","Testing/audits/audit_rfid_conservatism.R"
"12_systems_neuroscience_summary/5min_based/audit_rfid_conservatism/E_ancova_vs_change_score.csv","audit_rfid_conservatism","","requires_review","Directory partition only; producer and reader evidence still required","audit script family; exact writer unverified","Testing/audits/audit_rfid_conservatism.R"
"12_systems_neuroscience_summary/5min_based/audit_rfid_conservatism/F_dispersion_estimand.csv","audit_rfid_conservatism","","requires_review","Directory partition only; producer and reader evidence still required","audit script family; exact writer unverified","Testing/audits/audit_rfid_conservatism.R"
"12_systems_neuroscience_summary/5min_based/audit_rfid_conservatism/G_temporal_localisation.csv","audit_rfid_conservatism","","requires_review","Directory partition only; producer and reader evidence still required","audit script family; exact writer unverified","Testing/audits/audit_rfid_conservatism.R"
"12_systems_neuroscience_summary/5min_based/audit_rfid_conservatism/H_multivariate_omnibus.csv","audit_rfid_conservatism","","requires_review","Directory partition only; producer and reader evidence still required","audit script family; exact writer unverified","Testing/audits/audit_rfid_conservatism.R"
"12_systems_neuroscience_summary/5min_based/audit_rfid_conservatism/I_multiplicity_cost.csv","audit_rfid_conservatism","","requires_review","Directory partition only; producer and reader evidence still required","audit script family; exact writer unverified","Testing/audits/audit_rfid_conservatism.R"
"12_systems_neuroscience_summary/5min_based/audit_rfid_conservatism/J_continuous_vs_thresholded_outcome.csv","audit_rfid_conservatism","","requires_review","Directory partition only; producer and reader evidence still required","audit script family; exact writer unverified","Testing/audits/audit_rfid_conservatism.R"
"12_systems_neuroscience_summary/5min_based/audit_rfid_conservatism/VERDICT.csv","audit_rfid_conservatism","","requires_review","Directory partition only; producer and reader evidence still required","audit script family; exact writer unverified","Testing/audits/audit_rfid_alternative_inference.R; Testing/audits/audit_rfid_conservatism.R; Testing/audits/audit_rfid_reliability_and_improvement.R"
"12_systems_neuroscience_summary/5min_based/audit_rfid_domain_construct_blind/algebraic_overlap.csv","audit_rfid_domain_construct_blind","","requires_review","Directory partition only; producer and reader evidence still required","audit script family; exact writer unverified","Testing/audits/audit_rfid_domain_construct_blind.R"
"12_systems_neuroscience_summary/5min_based/audit_rfid_domain_construct_blind/cross_resolution_score_stability.csv","audit_rfid_domain_construct_blind","","requires_review","Directory partition only; producer and reader evidence still required","audit script family; exact writer unverified","Testing/audits/audit_rfid_domain_construct_blind.R"
"12_systems_neuroscience_summary/5min_based/audit_rfid_domain_construct_blind/domain_coefficient_matrix.csv","audit_rfid_domain_construct_blind","","requires_review","Directory partition only; producer and reader evidence still required","audit script family; exact writer unverified","Testing/audits/audit_rfid_domain_construct_blind.R"
"12_systems_neuroscience_summary/5min_based/audit_rfid_domain_construct_blind/empirical_redundancy_matrix.csv","audit_rfid_domain_construct_blind","","requires_review","Directory partition only; producer and reader evidence still required","audit script family; exact writer unverified","Testing/audits/audit_rfid_domain_construct_blind.R"
"12_systems_neuroscience_summary/5min_based/audit_rfid_domain_construct_blind/extreme_value_and_influence.csv","audit_rfid_domain_construct_blind","","requires_review","Directory partition only; producer and reader evidence still required","audit script family; exact writer unverified","Testing/audits/audit_rfid_domain_construct_blind.R"
"12_systems_neuroscience_summary/5min_based/audit_rfid_domain_construct_blind/flags.csv","audit_rfid_domain_construct_blind","","requires_review","Directory partition only; producer and reader evidence still required","audit script family; exact writer unverified","Analysis/14_systems_neuroscience_summary_dashboard.R; Testing/audits/audit_hmm_state_architecture_components.R; Testing/audits/audit_hmm_state_architecture_phaseA_formula_units_qc.R; Testing/audits/audit_hmm_state_architecture_qc_sensitivity.R; Testing/audits/audit_inactive_phase_qc_redesign.R; Testing/audits/audit_rfid_domain_construct_blind.R"
"12_systems_neuroscience_summary/5min_based/audit_rfid_domain_construct_blind/locomotion_dominance_and_variance.csv","audit_rfid_domain_construct_blind","","requires_review","Directory partition only; producer and reader evidence still required","audit script family; exact writer unverified","Testing/audits/audit_rfid_domain_construct_blind.R"
"12_systems_neuroscience_summary/5min_based/audit_rfid_domain_construct_blind/missing_contributor_frequency.csv","audit_rfid_domain_construct_blind","","requires_review","Directory partition only; producer and reader evidence still required","audit script family; exact writer unverified","Testing/audits/audit_rfid_domain_construct_blind.R"
"12_systems_neuroscience_summary/5min_based/audit_rfid_domain_construct_blind/unscored_animals.csv","audit_rfid_domain_construct_blind","","requires_review","Directory partition only; producer and reader evidence still required","audit script family; exact writer unverified","Testing/audits/audit_rfid_domain_construct_blind.R"
"12_systems_neuroscience_summary/5min_based/audit_rfid_domain_construct_blind/verdict.csv","audit_rfid_domain_construct_blind","","requires_review","Directory partition only; producer and reader evidence still required","audit script family; exact writer unverified","Testing/audits/audit_rfid_domain_construct_blind.R; Testing/audits/audit_rfid_leading_bin_seed_sensitivity.R"
"12_systems_neuroscience_summary/5min_based/audit_rfid_domain_construct_blind/weighting_sensitivity.csv","audit_rfid_domain_construct_blind","","requires_review","Directory partition only; producer and reader evidence still required","audit script family; exact writer unverified","Testing/audits/audit_rfid_domain_construct_blind.R"
"12_systems_neuroscience_summary/5min_based/audit_rfid_leading_bin_seed/burden_change_by_group.csv","audit_rfid_leading_bin_seed","","requires_review","Directory partition only; producer and reader evidence still required","audit script family; exact writer unverified","Testing/audits/audit_rfid_leading_bin_seed_sensitivity.R; Testing/tests/test_rfid_domain_contract.R"
"12_systems_neuroscience_summary/5min_based/audit_rfid_leading_bin_seed/domain_scores_by_trim_variant.csv","audit_rfid_leading_bin_seed","","requires_review","Directory partition only; producer and reader evidence still required","audit script family; exact writer unverified","Testing/audits/audit_rfid_leading_bin_seed_sensitivity.R"
"12_systems_neuroscience_summary/5min_based/audit_rfid_leading_bin_seed/group_omnibus_by_trim_variant.csv","audit_rfid_leading_bin_seed","","requires_review","Directory partition only; producer and reader evidence still required","audit script family; exact writer unverified","Testing/audits/audit_rfid_leading_bin_seed_sensitivity.R"
"12_systems_neuroscience_summary/5min_based/audit_rfid_leading_bin_seed/group_omnibus_by_trim_variant_wide.csv","audit_rfid_leading_bin_seed","","requires_review","Directory partition only; producer and reader evidence still required","audit script family; exact writer unverified","Testing/audits/audit_rfid_leading_bin_seed_sensitivity.R"
"12_systems_neuroscience_summary/5min_based/audit_rfid_leading_bin_seed/leading_zero_burden_by_cagechange.csv","audit_rfid_leading_bin_seed","","requires_review","Directory partition only; producer and reader evidence still required","audit script family; exact writer unverified","Testing/audits/audit_rfid_leading_bin_seed_sensitivity.R; Testing/tests/test_rfid_domain_contract.R"
"12_systems_neuroscience_summary/5min_based/audit_rfid_leading_bin_seed/leading_zero_burden_by_group.csv","audit_rfid_leading_bin_seed","","requires_review","Directory partition only; producer and reader evidence still required","audit script family; exact writer unverified","Testing/audits/audit_rfid_leading_bin_seed_sensitivity.R"
"12_systems_neuroscience_summary/5min_based/audit_rfid_leading_bin_seed/leading_zero_burden_by_sex.csv","audit_rfid_leading_bin_seed","","requires_review","Directory partition only; producer and reader evidence still required","audit script family; exact writer unverified","Testing/audits/audit_rfid_leading_bin_seed_sensitivity.R"
"12_systems_neuroscience_summary/5min_based/audit_rfid_leading_bin_seed/leading_zero_burden_group_test.csv","audit_rfid_leading_bin_seed","","requires_review","Directory partition only; producer and reader evidence still required","audit script family; exact writer unverified","Testing/audits/audit_rfid_leading_bin_seed_sensitivity.R"
"12_systems_neuroscience_summary/5min_based/audit_rfid_leading_bin_seed/leading_zero_by_animal_and_cagechange.csv","audit_rfid_leading_bin_seed","","requires_review","Directory partition only; producer and reader evidence still required","audit script family; exact writer unverified","Testing/audits/audit_rfid_leading_bin_seed_sensitivity.R"
"12_systems_neuroscience_summary/5min_based/audit_rfid_leading_bin_seed/leading_zero_entropy_by_animal.csv","audit_rfid_leading_bin_seed","","requires_review","Directory partition only; producer and reader evidence still required","audit script family; exact writer unverified","Testing/audits/audit_rfid_leading_bin_seed_sensitivity.R"
"12_systems_neuroscience_summary/5min_based/audit_rfid_leading_bin_seed/score_agreement_vs_trim.csv","audit_rfid_leading_bin_seed","","requires_review","Directory partition only; producer and reader evidence still required","audit script family; exact writer unverified","Testing/audits/audit_rfid_leading_bin_seed_sensitivity.R"
"12_systems_neuroscience_summary/5min_based/audit_rfid_leading_bin_seed/verdict.csv","audit_rfid_leading_bin_seed","","requires_review","Directory partition only; producer and reader evidence still required","audit script family; exact writer unverified","Testing/audits/audit_rfid_domain_construct_blind.R; Testing/audits/audit_rfid_leading_bin_seed_sensitivity.R"
"12_systems_neuroscience_summary/5min_based/audit_rfid_legacy_vs_new/contrast_level_old_vs_new.csv","audit_rfid_legacy_vs_new","","requires_review","Directory partition only; producer and reader evidence still required","audit script family; exact writer unverified","Testing/audits/audit_rfid_legacy_vs_new_domains.R"
"12_systems_neuroscience_summary/5min_based/audit_rfid_legacy_vs_new/domain_crosswalk.csv","audit_rfid_legacy_vs_new","","requires_review","Directory partition only; producer and reader evidence still required","audit script family; exact writer unverified","Testing/audits/audit_rfid_legacy_vs_new_domains.R"
"12_systems_neuroscience_summary/5min_based/audit_rfid_legacy_vs_new/headline_summary.csv","audit_rfid_legacy_vs_new","","requires_review","Directory partition only; producer and reader evidence still required","audit script family; exact writer unverified","Testing/audits/audit_rfid_legacy_vs_new_domains.R; Testing/audits/compare_identity_correction_before_after.R; Testing/tests/test_compare_identity_correction_driver.R"
"12_systems_neuroscience_summary/5min_based/audit_rfid_legacy_vs_new/interaction_family_old_vs_new.csv","audit_rfid_legacy_vs_new","","requires_review","Directory partition only; producer and reader evidence still required","audit script family; exact writer unverified","Testing/audits/audit_rfid_legacy_vs_new_domains.R"
"12_systems_neuroscience_summary/5min_based/audit_rfid_reliability_improvement/1_split_half_internal_consistency.csv","audit_rfid_reliability_improvement","","requires_review","Directory partition only; producer and reader evidence still required","audit script family; exact writer unverified","Testing/audits/audit_rfid_reliability_and_improvement.R"
"12_systems_neuroscience_summary/5min_based/audit_rfid_reliability_improvement/2_reliability_vs_stability_decomposition.csv","audit_rfid_reliability_improvement","","requires_review","Directory partition only; producer and reader evidence still required","audit script family; exact writer unverified","Testing/audits/audit_rfid_reliability_and_improvement.R"
"12_systems_neuroscience_summary/5min_based/audit_rfid_reliability_improvement/3_contributor_reliability.csv","audit_rfid_reliability_improvement","","requires_review","Directory partition only; producer and reader evidence still required","audit script family; exact writer unverified","Testing/audits/audit_rfid_reliability_and_improvement.R"
"12_systems_neuroscience_summary/5min_based/audit_rfid_reliability_improvement/4_reliability_weighted_composite.csv","audit_rfid_reliability_improvement","","requires_review","Directory partition only; producer and reader evidence still required","audit script family; exact writer unverified","Testing/audits/audit_rfid_reliability_and_improvement.R"
"12_systems_neuroscience_summary/5min_based/audit_rfid_reliability_improvement/5_averaging_occasions_power.csv","audit_rfid_reliability_improvement","","requires_review","Directory partition only; producer and reader evidence still required","audit script family; exact writer unverified","Testing/audits/audit_rfid_reliability_and_improvement.R"
"12_systems_neuroscience_summary/5min_based/audit_rfid_reliability_improvement/6_design_requirements.csv","audit_rfid_reliability_improvement","","requires_review","Directory partition only; producer and reader evidence still required","audit script family; exact writer unverified","Testing/audits/audit_rfid_reliability_and_improvement.R"
"12_systems_neuroscience_summary/5min_based/audit_rfid_reliability_improvement/VERDICT.csv","audit_rfid_reliability_improvement","","requires_review","Directory partition only; producer and reader evidence still required","audit script family; exact writer unverified","Testing/audits/audit_rfid_alternative_inference.R; Testing/audits/audit_rfid_conservatism.R; Testing/audits/audit_rfid_reliability_and_improvement.R"
"12_systems_neuroscience_summary/5min_based/figures/Fig_integrated_systems_dashboard.pdf","systems_dashboard_5min","analyses/systems_dashboard/5min","ready","Candidate dashboard file; exact writer and active reader still require verification","unresolved; may be generated or historical",""
"12_systems_neuroscience_summary/5min_based/figures/Fig_integrated_systems_dashboard.png","systems_dashboard_5min","analyses/systems_dashboard/5min","ready","Candidate dashboard file; exact writer and active reader still require verification","unresolved; may be generated or historical",""
"12_systems_neuroscience_summary/5min_based/figures/Fig_integrated_systems_dashboard.svg","systems_dashboard_5min","analyses/systems_dashboard/5min","ready","Candidate dashboard file; exact writer and active reader still require verification","Stage 14 literal filename; writer context to verify","Analysis/14_systems_neuroscience_summary_dashboard.R; Testing/tests/test_figure_mirror_refresh.R"
"12_systems_neuroscience_summary/5min_based/figures/exploratory/README.txt","systems_dashboard_historical_index","","regenerate_on_cutover","Generic folder guide refers to the historical figure index; regenerate after semantic figure inventory is rebuilt","unresolved; may be generated or historical","Functions/behavioral_dynamics_helpers.R"
"12_systems_neuroscience_summary/5min_based/figures/interactive/README.txt","systems_dashboard_historical_index","","regenerate_on_cutover","Generic folder guide refers to the historical figure index; regenerate after semantic figure inventory is rebuilt","unresolved; may be generated or historical","Functions/behavioral_dynamics_helpers.R"
"12_systems_neuroscience_summary/5min_based/figures/interactive/systems_named_biological_scores.html","systems_dashboard_5min","analyses/systems_dashboard/5min","ready","Candidate dashboard file; exact writer and active reader still require verification","Stage 14 literal filename; writer context to verify","Analysis/14_systems_neuroscience_summary_dashboard.R"
"12_systems_neuroscience_summary/5min_based/figures/interactive/systems_named_biological_scores_files/crosstalk-1.2.2/css/crosstalk.min.css","systems_dashboard_5min","analyses/systems_dashboard/5min","ready","Candidate dashboard file; exact writer and active reader still require verification","unresolved; may be generated or historical",""
"12_systems_neuroscience_summary/5min_based/figures/interactive/systems_named_biological_scores_files/crosstalk-1.2.2/js/crosstalk.js","systems_dashboard_5min","analyses/systems_dashboard/5min","ready","Candidate dashboard file; exact writer and active reader still require verification","unresolved; may be generated or historical",""
"12_systems_neuroscience_summary/5min_based/figures/interactive/systems_named_biological_scores_files/crosstalk-1.2.2/js/crosstalk.js.map","systems_dashboard_5min","analyses/systems_dashboard/5min","ready","Candidate dashboard file; exact writer and active reader still require verification","unresolved; may be generated or historical",""
"12_systems_neuroscience_summary/5min_based/figures/interactive/systems_named_biological_scores_files/crosstalk-1.2.2/js/crosstalk.min.js","systems_dashboard_5min","analyses/systems_dashboard/5min","ready","Candidate dashboard file; exact writer and active reader still require verification","unresolved; may be generated or historical",""
"12_systems_neuroscience_summary/5min_based/figures/interactive/systems_named_biological_scores_files/crosstalk-1.2.2/js/crosstalk.min.js.map","systems_dashboard_5min","analyses/systems_dashboard/5min","ready","Candidate dashboard file; exact writer and active reader still require verification","unresolved; may be generated or historical",""
"12_systems_neuroscience_summary/5min_based/figures/interactive/systems_named_biological_scores_files/crosstalk-1.2.2/scss/crosstalk.scss","systems_dashboard_5min","analyses/systems_dashboard/5min","ready","Candidate dashboard file; exact writer and active reader still require verification","unresolved; may be generated or historical",""
"12_systems_neuroscience_summary/5min_based/figures/interactive/systems_named_biological_scores_files/htmltools-fill-0.5.9/fill.css","systems_dashboard_5min","analyses/systems_dashboard/5min","ready","Candidate dashboard file; exact writer and active reader still require verification","unresolved; may be generated or historical",""
"12_systems_neuroscience_summary/5min_based/figures/interactive/systems_named_biological_scores_files/htmlwidgets-1.6.4/htmlwidgets.js","systems_dashboard_5min","analyses/systems_dashboard/5min","ready","Candidate dashboard file; exact writer and active reader still require verification","unresolved; may be generated or historical",""
"12_systems_neuroscience_summary/5min_based/figures/interactive/systems_named_biological_scores_files/jquery-3.5.1/jquery-AUTHORS.txt","systems_dashboard_5min","analyses/systems_dashboard/5min","ready","Candidate dashboard file; exact writer and active reader still require verification","unresolved; may be generated or historical",""
"12_systems_neuroscience_summary/5min_based/figures/interactive/systems_named_biological_scores_files/jquery-3.5.1/jquery.js","systems_dashboard_5min","analyses/systems_dashboard/5min","ready","Candidate dashboard file; exact writer and active reader still require verification","unresolved; may be generated or historical",""
"12_systems_neuroscience_summary/5min_based/figures/interactive/systems_named_biological_scores_files/jquery-3.5.1/jquery.min.js","systems_dashboard_5min","analyses/systems_dashboard/5min","ready","Candidate dashboard file; exact writer and active reader still require verification","unresolved; may be generated or historical",""
"12_systems_neuroscience_summary/5min_based/figures/interactive/systems_named_biological_scores_files/jquery-3.5.1/jquery.min.map","systems_dashboard_5min","analyses/systems_dashboard/5min","ready","Candidate dashboard file; exact writer and active reader still require verification","unresolved; may be generated or historical",""
"12_systems_neuroscience_summary/5min_based/figures/interactive/systems_named_biological_scores_files/plotly-binding-4.12.0/plotly.js","systems_dashboard_5min","analyses/systems_dashboard/5min","ready","Candidate dashboard file; exact writer and active reader still require verification","unresolved; may be generated or historical",""
"12_systems_neuroscience_summary/5min_based/figures/interactive/systems_named_biological_scores_files/plotly-htmlwidgets-css-2.25.2/plotly-htmlwidgets.css","systems_dashboard_5min","analyses/systems_dashboard/5min","ready","Candidate dashboard file; exact writer and active reader still require verification","unresolved; may be generated or historical",""
"12_systems_neuroscience_summary/5min_based/figures/interactive/systems_named_biological_scores_files/plotly-main-2.25.2/plotly-latest.min.js","systems_dashboard_5min","analyses/systems_dashboard/5min","ready","Candidate dashboard file; exact writer and active reader still require verification","unresolved; may be generated or historical",""
"12_systems_neuroscience_summary/5min_based/figures/interactive/systems_named_biological_scores_files/typedarray-0.1/typedarray.min.js","systems_dashboard_5min","analyses/systems_dashboard/5min","ready","Candidate dashboard file; exact writer and active reader still require verification","unresolved; may be generated or historical",""
"12_systems_neuroscience_summary/5min_based/figures/publication_panels/Fig_early_active_adaptation_architecture.pdf","systems_dashboard_5min","analyses/systems_dashboard/5min","ready","Candidate dashboard file; exact writer and active reader still require verification","unresolved; may be generated or historical",""
"12_systems_neuroscience_summary/5min_based/figures/publication_panels/Fig_early_active_adaptation_architecture.png","systems_dashboard_5min","analyses/systems_dashboard/5min","ready","Candidate dashboard file; exact writer and active reader still require verification","unresolved; may be generated or historical",""
"12_systems_neuroscience_summary/5min_based/figures/publication_panels/Fig_early_active_adaptation_architecture.svg","systems_dashboard_5min","analyses/systems_dashboard/5min","ready","Candidate dashboard file; exact writer and active reader still require verification","unresolved; may be generated or historical",""
"12_systems_neuroscience_summary/5min_based/figures/publication_panels/Fig_ethological_phase_transition_structure.pdf","systems_dashboard_5min","analyses/systems_dashboard/5min","ready","Candidate dashboard file; exact writer and active reader still require verification","unresolved; may be generated or historical",""
"12_systems_neuroscience_summary/5min_based/figures/publication_panels/Fig_ethological_phase_transition_structure.png","systems_dashboard_5min","analyses/systems_dashboard/5min","ready","Candidate dashboard file; exact writer and active reader still require verification","unresolved; may be generated or historical",""
"12_systems_neuroscience_summary/5min_based/figures/publication_panels/Fig_ethological_phase_transition_structure.svg","systems_dashboard_5min","analyses/systems_dashboard/5min","ready","Candidate dashboard file; exact writer and active reader still require verification","unresolved; may be generated or historical",""
"12_systems_neuroscience_summary/5min_based/figures/publication_panels/Fig_first_active_entropy_acf1_or_instability.pdf","systems_dashboard_5min","analyses/systems_dashboard/5min","ready","Candidate dashboard file; exact writer and active reader still require verification","unresolved; may be generated or historical",""
"12_systems_neuroscience_summary/5min_based/figures/publication_panels/Fig_first_active_entropy_acf1_or_instability.png","systems_dashboard_5min","analyses/systems_dashboard/5min","ready","Candidate dashboard file; exact writer and active reader still require verification","unresolved; may be generated or historical",""
"12_systems_neuroscience_summary/5min_based/figures/publication_panels/Fig_first_active_entropy_acf1_or_instability.svg","systems_dashboard_5min","analyses/systems_dashboard/5min","ready","Candidate dashboard file; exact writer and active reader still require verification","Stage 14 literal filename; writer context to verify","Analysis/14_systems_neuroscience_summary_dashboard.R"
"12_systems_neuroscience_summary/5min_based/figures/publication_panels/Fig_first_active_movement_trajectory_by_group_sex.pdf","systems_dashboard_5min","analyses/systems_dashboard/5min","ready","Candidate dashboard file; exact writer and active reader still require verification","unresolved; may be generated or historical",""
"12_systems_neuroscience_summary/5min_based/figures/publication_panels/Fig_first_active_movement_trajectory_by_group_sex.png","systems_dashboard_5min","analyses/systems_dashboard/5min","ready","Candidate dashboard file; exact writer and active reader still require verification","unresolved; may be generated or historical",""
"12_systems_neuroscience_summary/5min_based/figures/publication_panels/Fig_first_active_movement_trajectory_by_group_sex.svg","systems_dashboard_5min","analyses/systems_dashboard/5min","ready","Candidate dashboard file; exact writer and active reader still require verification","Stage 14 literal filename; writer context to verify","Analysis/14_systems_neuroscience_summary_dashboard.R"
"12_systems_neuroscience_summary/5min_based/figures/publication_panels/Fig_group_sex_interaction_effects.pdf","systems_dashboard_5min","analyses/systems_dashboard/5min","ready","Candidate dashboard file; exact writer and active reader still require verification","unresolved; may be generated or historical",""
"12_systems_neuroscience_summary/5min_based/figures/publication_panels/Fig_group_sex_interaction_effects.png","systems_dashboard_5min","analyses/systems_dashboard/5min","ready","Candidate dashboard file; exact writer and active reader still require verification","unresolved; may be generated or historical",""
"12_systems_neuroscience_summary/5min_based/figures/publication_panels/Fig_group_sex_interaction_effects.svg","systems_dashboard_5min","analyses/systems_dashboard/5min","ready","Candidate dashboard file; exact writer and active reader still require verification","Stage 14 literal filename; writer context to verify","Analysis/14_systems_neuroscience_summary_dashboard.R"
"12_systems_neuroscience_summary/5min_based/figures/publication_panels/Fig_linear_vs_nonlinear_model_ladder.pdf","systems_dashboard_5min","analyses/systems_dashboard/5min","ready","Candidate dashboard file; exact writer and active reader still require verification","unresolved; may be generated or historical",""
"12_systems_neuroscience_summary/5min_based/figures/publication_panels/Fig_linear_vs_nonlinear_model_ladder.png","systems_dashboard_5min","analyses/systems_dashboard/5min","ready","Candidate dashboard file; exact writer and active reader still require verification","unresolved; may be generated or historical",""
"12_systems_neuroscience_summary/5min_based/figures/publication_panels/Fig_linear_vs_nonlinear_model_ladder.svg","systems_dashboard_5min","analyses/systems_dashboard/5min","ready","Candidate dashboard file; exact writer and active reader still require verification","unresolved; may be generated or historical",""
"12_systems_neuroscience_summary/5min_based/figures/publication_panels/Fig_multiscale_behavioral_organization.pdf","systems_dashboard_5min","analyses/systems_dashboard/5min","ready","Candidate dashboard file; exact writer and active reader still require verification","unresolved; may be generated or historical",""
"12_systems_neuroscience_summary/5min_based/figures/publication_panels/Fig_multiscale_behavioral_organization.png","systems_dashboard_5min","analyses/systems_dashboard/5min","ready","Candidate dashboard file; exact writer and active reader still require verification","unresolved; may be generated or historical",""
"12_systems_neuroscience_summary/5min_based/figures/publication_panels/Fig_multiscale_behavioral_organization.svg","systems_dashboard_5min","analyses/systems_dashboard/5min","ready","Candidate dashboard file; exact writer and active reader still require verification","unresolved; may be generated or historical",""
"12_systems_neuroscience_summary/5min_based/figures/publication_panels/Fig_rest_fragmentation_and_circadian_structure.pdf","systems_dashboard_5min","analyses/systems_dashboard/5min","ready","Candidate dashboard file; exact writer and active reader still require verification","unresolved; may be generated or historical",""
"12_systems_neuroscience_summary/5min_based/figures/publication_panels/Fig_rest_fragmentation_and_circadian_structure.png","systems_dashboard_5min","analyses/systems_dashboard/5min","ready","Candidate dashboard file; exact writer and active reader still require verification","unresolved; may be generated or historical",""
"12_systems_neuroscience_summary/5min_based/figures/publication_panels/Fig_rest_fragmentation_and_circadian_structure.svg","systems_dashboard_5min","analyses/systems_dashboard/5min","ready","Candidate dashboard file; exact writer and active reader still require verification","unresolved; may be generated or historical",""
"12_systems_neuroscience_summary/5min_based/figures/publication_panels/Fig_sis_CC1_first_active_domain_heatmap.pdf","systems_dashboard_5min","analyses/systems_dashboard/5min","ready","Candidate dashboard file; exact writer and active reader still require verification","unresolved; may be generated or historical",""
"12_systems_neuroscience_summary/5min_based/figures/publication_panels/Fig_sis_CC1_first_active_domain_heatmap.png","systems_dashboard_5min","analyses/systems_dashboard/5min","ready","Candidate dashboard file; exact writer and active reader still require verification","unresolved; may be generated or historical",""
"12_systems_neuroscience_summary/5min_based/figures/publication_panels/Fig_sis_CC1_first_active_domain_heatmap.svg","systems_dashboard_5min","analyses/systems_dashboard/5min","ready","Candidate dashboard file; exact writer and active reader still require verification","unresolved; may be generated or historical",""
"12_systems_neuroscience_summary/5min_based/figures/publication_panels/Fig_sis_active_inactive_domain_heatmap.pdf","systems_dashboard_5min","analyses/systems_dashboard/5min","ready","Candidate dashboard file; exact writer and active reader still require verification","unresolved; may be generated or historical",""
"12_systems_neuroscience_summary/5min_based/figures/publication_panels/Fig_sis_active_inactive_domain_heatmap.png","systems_dashboard_5min","analyses/systems_dashboard/5min","ready","Candidate dashboard file; exact writer and active reader still require verification","unresolved; may be generated or historical",""
"12_systems_neuroscience_summary/5min_based/figures/publication_panels/Fig_sis_active_inactive_domain_heatmap.svg","systems_dashboard_5min","analyses/systems_dashboard/5min","ready","Candidate dashboard file; exact writer and active reader still require verification","Stage 14 literal filename; writer context to verify","Analysis/14_systems_neuroscience_summary_dashboard.R"
"12_systems_neuroscience_summary/5min_based/figures/publication_panels/Fig_sis_behavioral_flexibility_trajectory.pdf","systems_dashboard_5min","analyses/systems_dashboard/5min","ready","Candidate dashboard file; exact writer and active reader still require verification","unresolved; may be generated or historical",""
"12_systems_neuroscience_summary/5min_based/figures/publication_panels/Fig_sis_behavioral_flexibility_trajectory.png","systems_dashboard_5min","analyses/systems_dashboard/5min","ready","Candidate dashboard file; exact writer and active reader still require verification","unresolved; may be generated or historical",""
"12_systems_neuroscience_summary/5min_based/figures/publication_panels/Fig_sis_behavioral_flexibility_trajectory.svg","systems_dashboard_5min","analyses/systems_dashboard/5min","ready","Candidate dashboard file; exact writer and active reader still require verification","unresolved; may be generated or historical",""
"12_systems_neuroscience_summary/5min_based/figures/publication_panels/Fig_sis_early_prediction_first_active_12h.pdf","systems_dashboard_5min","analyses/systems_dashboard/5min","ready","Candidate dashboard file; exact writer and active reader still require verification","unresolved; may be generated or historical",""
"12_systems_neuroscience_summary/5min_based/figures/publication_panels/Fig_sis_early_prediction_first_active_12h.png","systems_dashboard_5min","analyses/systems_dashboard/5min","ready","Candidate dashboard file; exact writer and active reader still require verification","unresolved; may be generated or historical",""
"12_systems_neuroscience_summary/5min_based/figures/publication_panels/Fig_sis_early_prediction_first_active_12h.svg","systems_dashboard_5min","analyses/systems_dashboard/5min","ready","Candidate dashboard file; exact writer and active reader still require verification","Stage 14 literal filename; writer context to verify","Analysis/14_systems_neuroscience_summary_dashboard.R"
"12_systems_neuroscience_summary/5min_based/figures/publication_panels/Fig_sis_first_night_domain_heatmap_5min_sensitivity.pdf","systems_dashboard_5min","analyses/systems_dashboard/5min","ready","Candidate dashboard file; exact writer and active reader still require verification","unresolved; may be generated or historical",""
"12_systems_neuroscience_summary/5min_based/figures/publication_panels/Fig_sis_first_night_domain_heatmap_5min_sensitivity.png","systems_dashboard_5min","analyses/systems_dashboard/5min","ready","Candidate dashboard file; exact writer and active reader still require verification","unresolved; may be generated or historical",""
"12_systems_neuroscience_summary/5min_based/figures/publication_panels/Fig_sis_first_night_domain_heatmap_5min_sensitivity.svg","systems_dashboard_5min","analyses/systems_dashboard/5min","ready","Candidate dashboard file; exact writer and active reader still require verification","unresolved; may be generated or historical",""
"12_systems_neuroscience_summary/5min_based/figures/publication_panels/Fig_sis_hmm_resolution_sensitivity.pdf","systems_dashboard_5min","analyses/systems_dashboard/5min","ready","Candidate dashboard file; exact writer and active reader still require verification","unresolved; may be generated or historical",""
"12_systems_neuroscience_summary/5min_based/figures/publication_panels/Fig_sis_hmm_resolution_sensitivity.png","systems_dashboard_5min","analyses/systems_dashboard/5min","ready","Candidate dashboard file; exact writer and active reader still require verification","unresolved; may be generated or historical",""
"12_systems_neuroscience_summary/5min_based/figures/publication_panels/Fig_sis_hmm_resolution_sensitivity.svg","systems_dashboard_5min","analyses/systems_dashboard/5min","ready","Candidate dashboard file; exact writer and active reader still require verification","Stage 14 literal filename; writer context to verify","Analysis/14_systems_neuroscience_summary_dashboard.R"
"12_systems_neuroscience_summary/5min_based/figures/publication_panels/Fig_sis_repeated_active_phase_adaptation.pdf","systems_dashboard_5min","analyses/systems_dashboard/5min","ready","Candidate dashboard file; exact writer and active reader still require verification","unresolved; may be generated or historical",""
"12_systems_neuroscience_summary/5min_based/figures/publication_panels/Fig_sis_repeated_active_phase_adaptation.png","systems_dashboard_5min","analyses/systems_dashboard/5min","ready","Candidate dashboard file; exact writer and active reader still require verification","unresolved; may be generated or historical",""
"12_systems_neuroscience_summary/5min_based/figures/publication_panels/Fig_sis_repeated_active_phase_adaptation.svg","systems_dashboard_5min","analyses/systems_dashboard/5min","ready","Candidate dashboard file; exact writer and active reader still require verification","unresolved; may be generated or historical",""
"12_systems_neuroscience_summary/5min_based/figures/publication_panels/Fig_sis_rest_or_state_architecture.pdf","systems_dashboard_5min","analyses/systems_dashboard/5min","ready","Candidate dashboard file; exact writer and active reader still require verification","unresolved; may be generated or historical",""
"12_systems_neuroscience_summary/5min_based/figures/publication_panels/Fig_sis_rest_or_state_architecture.png","systems_dashboard_5min","analyses/systems_dashboard/5min","ready","Candidate dashboard file; exact writer and active reader still require verification","unresolved; may be generated or historical",""
"12_systems_neuroscience_summary/5min_based/figures/publication_panels/Fig_sis_rest_or_state_architecture.svg","systems_dashboard_5min","analyses/systems_dashboard/5min","ready","Candidate dashboard file; exact writer and active reader still require verification","unresolved; may be generated or historical",""
"12_systems_neuroscience_summary/5min_based/figures/publication_panels/Fig_sis_social_spatial_organization.pdf","systems_dashboard_5min","analyses/systems_dashboard/5min","ready","Candidate dashboard file; exact writer and active reader still require verification","unresolved; may be generated or historical",""
"12_systems_neuroscience_summary/5min_based/figures/publication_panels/Fig_sis_social_spatial_organization.png","systems_dashboard_5min","analyses/systems_dashboard/5min","ready","Candidate dashboard file; exact writer and active reader still require verification","unresolved; may be generated or historical",""
"12_systems_neuroscience_summary/5min_based/figures/publication_panels/Fig_sis_social_spatial_organization.svg","systems_dashboard_5min","analyses/systems_dashboard/5min","ready","Candidate dashboard file; exact writer and active reader still require verification","unresolved; may be generated or historical",""
"12_systems_neuroscience_summary/5min_based/figures/publication_panels/Fig_sis_systems_neuroscience_dashboard.pdf","systems_dashboard_5min","analyses/systems_dashboard/5min","ready","Candidate dashboard file; exact writer and active reader still require verification","unresolved; may be generated or historical",""
"12_systems_neuroscience_summary/5min_based/figures/publication_panels/Fig_sis_systems_neuroscience_dashboard.png","systems_dashboard_5min","analyses/systems_dashboard/5min","ready","Candidate dashboard file; exact writer and active reader still require verification","unresolved; may be generated or historical",""
"12_systems_neuroscience_summary/5min_based/figures/publication_panels/Fig_sis_systems_neuroscience_dashboard.svg","systems_dashboard_5min","analyses/systems_dashboard/5min","ready","Candidate dashboard file; exact writer and active reader still require verification","Stage 14 literal filename; writer context to verify","Analysis/14_systems_neuroscience_summary_dashboard.R"
"12_systems_neuroscience_summary/5min_based/figures/publication_panels/Fig_sleep_like_inactivity_by_group_sex.pdf","systems_dashboard_5min","analyses/systems_dashboard/5min","ready","Candidate dashboard file; exact writer and active reader still require verification","unresolved; may be generated or historical",""
"12_systems_neuroscience_summary/5min_based/figures/publication_panels/Fig_sleep_like_inactivity_by_group_sex.png","systems_dashboard_5min","analyses/systems_dashboard/5min","ready","Candidate dashboard file; exact writer and active reader still require verification","unresolved; may be generated or historical",""
"12_systems_neuroscience_summary/5min_based/figures/publication_panels/Fig_sleep_like_inactivity_by_group_sex.svg","systems_dashboard_5min","analyses/systems_dashboard/5min","ready","Candidate dashboard file; exact writer and active reader still require verification","Stage 14 literal filename; writer context to verify","Analysis/14_systems_neuroscience_summary_dashboard.R"
"12_systems_neuroscience_summary/5min_based/figures/publication_panels/Fig_social_reorganization_dynamics.pdf","systems_dashboard_5min","analyses/systems_dashboard/5min","ready","Candidate dashboard file; exact writer and active reader still require verification","unresolved; may be generated or historical",""
"12_systems_neuroscience_summary/5min_based/figures/publication_panels/Fig_social_reorganization_dynamics.png","systems_dashboard_5min","analyses/systems_dashboard/5min","ready","Candidate dashboard file; exact writer and active reader still require verification","unresolved; may be generated or historical",""
"12_systems_neuroscience_summary/5min_based/figures/publication_panels/Fig_social_reorganization_dynamics.svg","systems_dashboard_5min","analyses/systems_dashboard/5min","ready","Candidate dashboard file; exact writer and active reader still require verification","unresolved; may be generated or historical",""
"12_systems_neuroscience_summary/5min_based/figures/publication_panels/Fig_systems_effect_size_heatmap.pdf","systems_dashboard_5min","analyses/systems_dashboard/5min","ready","Candidate dashboard file; exact writer and active reader still require verification","unresolved; may be generated or historical",""
"12_systems_neuroscience_summary/5min_based/figures/publication_panels/Fig_systems_effect_size_heatmap.png","systems_dashboard_5min","analyses/systems_dashboard/5min","ready","Candidate dashboard file; exact writer and active reader still require verification","unresolved; may be generated or historical",""
"12_systems_neuroscience_summary/5min_based/figures/publication_panels/Fig_systems_effect_size_heatmap.svg","systems_dashboard_5min","analyses/systems_dashboard/5min","ready","Candidate dashboard file; exact writer and active reader still require verification","Stage 14 literal filename; writer context to verify","Analysis/14_systems_neuroscience_summary_dashboard.R; Testing/tests/test_figure_mirror_refresh.R"
"12_systems_neuroscience_summary/5min_based/figures/publication_panels/Fig_systems_feature_coupling_network_summary.pdf","systems_dashboard_5min","analyses/systems_dashboard/5min","ready","Candidate dashboard file; exact writer and active reader still require verification","unresolved; may be generated or historical",""
"12_systems_neuroscience_summary/5min_based/figures/publication_panels/Fig_systems_feature_coupling_network_summary.png","systems_dashboard_5min","analyses/systems_dashboard/5min","ready","Candidate dashboard file; exact writer and active reader still require verification","unresolved; may be generated or historical",""
"12_systems_neuroscience_summary/5min_based/figures/publication_panels/Fig_systems_feature_coupling_network_summary.svg","systems_dashboard_5min","analyses/systems_dashboard/5min","ready","Candidate dashboard file; exact writer and active reader still require verification","unresolved; may be generated or historical",""
"12_systems_neuroscience_summary/5min_based/figures/publication_panels/Fig_systems_hmm_dwell_time_ridges.pdf","systems_dashboard_5min","analyses/systems_dashboard/5min","ready","Candidate dashboard file; exact writer and active reader still require verification","unresolved; may be generated or historical",""
"12_systems_neuroscience_summary/5min_based/figures/publication_panels/Fig_systems_hmm_dwell_time_ridges.png","systems_dashboard_5min","analyses/systems_dashboard/5min","ready","Candidate dashboard file; exact writer and active reader still require verification","unresolved; may be generated or historical",""
"12_systems_neuroscience_summary/5min_based/figures/publication_panels/Fig_systems_hmm_dwell_time_ridges.svg","systems_dashboard_5min","analyses/systems_dashboard/5min","ready","Candidate dashboard file; exact writer and active reader still require verification","unresolved; may be generated or historical",""
"12_systems_neuroscience_summary/5min_based/figures/publication_panels/Fig_systems_hmm_state_flow_alluvial.pdf","systems_dashboard_5min","analyses/systems_dashboard/5min","ready","Candidate dashboard file; exact writer and active reader still require verification","unresolved; may be generated or historical",""
"12_systems_neuroscience_summary/5min_based/figures/publication_panels/Fig_systems_hmm_state_flow_alluvial.png","systems_dashboard_5min","analyses/systems_dashboard/5min","ready","Candidate dashboard file; exact writer and active reader still require verification","unresolved; may be generated or historical",""
"12_systems_neuroscience_summary/5min_based/figures/publication_panels/Fig_systems_hmm_state_flow_alluvial.svg","systems_dashboard_5min","analyses/systems_dashboard/5min","ready","Candidate dashboard file; exact writer and active reader still require verification","unresolved; may be generated or historical",""
"12_systems_neuroscience_summary/5min_based/figures/publication_panels/Fig_systems_hmm_transition_difference.pdf","systems_dashboard_5min","analyses/systems_dashboard/5min","ready","Candidate dashboard file; exact writer and active reader still require verification","unresolved; may be generated or historical",""
"12_systems_neuroscience_summary/5min_based/figures/publication_panels/Fig_systems_hmm_transition_difference.png","systems_dashboard_5min","analyses/systems_dashboard/5min","ready","Candidate dashboard file; exact writer and active reader still require verification","unresolved; may be generated or historical",""
"12_systems_neuroscience_summary/5min_based/figures/publication_panels/Fig_systems_hmm_transition_difference.svg","systems_dashboard_5min","analyses/systems_dashboard/5min","ready","Candidate dashboard file; exact writer and active reader still require verification","Stage 14 literal filename; writer context to verify","Analysis/14_systems_neuroscience_summary_dashboard.R"
"12_systems_neuroscience_summary/5min_based/figures/publication_panels/Fig_systems_latent_trajectory_instability.pdf","systems_dashboard_5min","analyses/systems_dashboard/5min","ready","Candidate dashboard file; exact writer and active reader still require verification","unresolved; may be generated or historical",""
"12_systems_neuroscience_summary/5min_based/figures/publication_panels/Fig_systems_latent_trajectory_instability.png","systems_dashboard_5min","analyses/systems_dashboard/5min","ready","Candidate dashboard file; exact writer and active reader still require verification","unresolved; may be generated or historical",""
"12_systems_neuroscience_summary/5min_based/figures/publication_panels/Fig_systems_latent_trajectory_instability.svg","systems_dashboard_5min","analyses/systems_dashboard/5min","ready","Candidate dashboard file; exact writer and active reader still require verification","unresolved; may be generated or historical",""
"12_systems_neuroscience_summary/5min_based/figures/publication_panels/Fig_systems_module_coupling_network.pdf","systems_dashboard_5min","analyses/systems_dashboard/5min","ready","Candidate dashboard file; exact writer and active reader still require verification","unresolved; may be generated or historical",""
"12_systems_neuroscience_summary/5min_based/figures/publication_panels/Fig_systems_module_coupling_network.png","systems_dashboard_5min","analyses/systems_dashboard/5min","ready","Candidate dashboard file; exact writer and active reader still require verification","unresolved; may be generated or historical",""
"12_systems_neuroscience_summary/5min_based/figures/publication_panels/Fig_systems_module_coupling_network.svg","systems_dashboard_5min","analyses/systems_dashboard/5min","ready","Candidate dashboard file; exact writer and active reader still require verification","unresolved; may be generated or historical",""
"12_systems_neuroscience_summary/5min_based/figures/publication_panels/Fig_systems_module_scorecard.pdf","systems_dashboard_5min","analyses/systems_dashboard/5min","ready","Candidate dashboard file; exact writer and active reader still require verification","unresolved; may be generated or historical",""
"12_systems_neuroscience_summary/5min_based/figures/publication_panels/Fig_systems_module_scorecard.png","systems_dashboard_5min","analyses/systems_dashboard/5min","ready","Candidate dashboard file; exact writer and active reader still require verification","unresolved; may be generated or historical",""
"12_systems_neuroscience_summary/5min_based/figures/publication_panels/Fig_systems_module_scorecard.svg","systems_dashboard_5min","analyses/systems_dashboard/5min","ready","Candidate dashboard file; exact writer and active reader still require verification","Stage 14 literal filename; writer context to verify","Analysis/14_systems_neuroscience_summary_dashboard.R"
"12_systems_neuroscience_summary/5min_based/figures/publication_panels/Fig_systems_named_biological_scores.pdf","systems_dashboard_5min","analyses/systems_dashboard/5min","ready","Candidate dashboard file; exact writer and active reader still require verification","unresolved; may be generated or historical",""
"12_systems_neuroscience_summary/5min_based/figures/publication_panels/Fig_systems_named_biological_scores.png","systems_dashboard_5min","analyses/systems_dashboard/5min","ready","Candidate dashboard file; exact writer and active reader still require verification","unresolved; may be generated or historical",""
"12_systems_neuroscience_summary/5min_based/figures/publication_panels/Fig_systems_named_biological_scores.svg","systems_dashboard_5min","analyses/systems_dashboard/5min","ready","Candidate dashboard file; exact writer and active reader still require verification","Stage 14 literal filename; writer context to verify","Analysis/14_systems_neuroscience_summary_dashboard.R"
"12_systems_neuroscience_summary/5min_based/figures/publication_panels/Fig_systems_outcome_association_rank.pdf","systems_dashboard_5min","analyses/systems_dashboard/5min","ready","Candidate dashboard file; exact writer and active reader still require verification","unresolved; may be generated or historical",""
"12_systems_neuroscience_summary/5min_based/figures/publication_panels/Fig_systems_outcome_association_rank.png","systems_dashboard_5min","analyses/systems_dashboard/5min","ready","Candidate dashboard file; exact writer and active reader still require verification","unresolved; may be generated or historical",""
"12_systems_neuroscience_summary/5min_based/figures/publication_panels/Fig_systems_outcome_association_rank.svg","systems_dashboard_5min","analyses/systems_dashboard/5min","ready","Candidate dashboard file; exact writer and active reader still require verification","unresolved; may be generated or historical",""
"12_systems_neuroscience_summary/5min_based/figures/publication_panels/Fig_systems_prediction_delta_waterfall.pdf","systems_dashboard_5min","analyses/systems_dashboard/5min","ready","Candidate dashboard file; exact writer and active reader still require verification","unresolved; may be generated or historical",""
"12_systems_neuroscience_summary/5min_based/figures/publication_panels/Fig_systems_prediction_delta_waterfall.png","systems_dashboard_5min","analyses/systems_dashboard/5min","ready","Candidate dashboard file; exact writer and active reader still require verification","unresolved; may be generated or historical",""
"12_systems_neuroscience_summary/5min_based/figures/publication_panels/Fig_systems_prediction_delta_waterfall.svg","systems_dashboard_5min","analyses/systems_dashboard/5min","ready","Candidate dashboard file; exact writer and active reader still require verification","Stage 14 literal filename; writer context to verify","Analysis/14_systems_neuroscience_summary_dashboard.R"
"12_systems_neuroscience_summary/5min_based/figures/publication_panels/Fig_systems_prediction_duration_sensitivity.pdf","systems_dashboard_5min","analyses/systems_dashboard/5min","ready","Candidate dashboard file; exact writer and active reader still require verification","unresolved; may be generated or historical",""
"12_systems_neuroscience_summary/5min_based/figures/publication_panels/Fig_systems_prediction_duration_sensitivity.png","systems_dashboard_5min","analyses/systems_dashboard/5min","ready","Candidate dashboard file; exact writer and active reader still require verification","unresolved; may be generated or historical",""
"12_systems_neuroscience_summary/5min_based/figures/publication_panels/Fig_systems_prediction_duration_sensitivity.svg","systems_dashboard_5min","analyses/systems_dashboard/5min","ready","Candidate dashboard file; exact writer and active reader still require verification","unresolved; may be generated or historical",""
"12_systems_neuroscience_summary/5min_based/figures/publication_panels/Fig_systems_prediction_ladder.pdf","systems_dashboard_5min","analyses/systems_dashboard/5min","ready","Candidate dashboard file; exact writer and active reader still require verification","unresolved; may be generated or historical",""
"12_systems_neuroscience_summary/5min_based/figures/publication_panels/Fig_systems_prediction_ladder.png","systems_dashboard_5min","analyses/systems_dashboard/5min","ready","Candidate dashboard file; exact writer and active reader still require verification","unresolved; may be generated or historical",""
"12_systems_neuroscience_summary/5min_based/figures/publication_panels/Fig_systems_prediction_ladder.svg","systems_dashboard_5min","analyses/systems_dashboard/5min","ready","Candidate dashboard file; exact writer and active reader still require verification","Stage 14 literal filename; writer context to verify","Analysis/14_systems_neuroscience_summary_dashboard.R"
"12_systems_neuroscience_summary/5min_based/figures/publication_panels/Fig_systems_prospective_crossvalidated_prediction.pdf","systems_dashboard_5min","analyses/systems_dashboard/5min","ready","Candidate dashboard file; exact writer and active reader still require verification","unresolved; may be generated or historical",""
"12_systems_neuroscience_summary/5min_based/figures/publication_panels/Fig_systems_prospective_crossvalidated_prediction.png","systems_dashboard_5min","analyses/systems_dashboard/5min","ready","Candidate dashboard file; exact writer and active reader still require verification","unresolved; may be generated or historical",""
"12_systems_neuroscience_summary/5min_based/figures/publication_panels/Fig_systems_prospective_crossvalidated_prediction.svg","systems_dashboard_5min","analyses/systems_dashboard/5min","ready","Candidate dashboard file; exact writer and active reader still require verification","unresolved; may be generated or historical",""
"12_systems_neuroscience_summary/5min_based/figures/publication_panels/Fig_systems_prospective_feature_scatter.pdf","systems_dashboard_5min","analyses/systems_dashboard/5min","ready","Candidate dashboard file; exact writer and active reader still require verification","unresolved; may be generated or historical",""
"12_systems_neuroscience_summary/5min_based/figures/publication_panels/Fig_systems_prospective_feature_scatter.png","systems_dashboard_5min","analyses/systems_dashboard/5min","ready","Candidate dashboard file; exact writer and active reader still require verification","unresolved; may be generated or historical",""
"12_systems_neuroscience_summary/5min_based/figures/publication_panels/Fig_systems_prospective_feature_scatter.svg","systems_dashboard_5min","analyses/systems_dashboard/5min","ready","Candidate dashboard file; exact writer and active reader still require verification","unresolved; may be generated or historical",""
"12_systems_neuroscience_summary/5min_based/figures/publication_panels/Fig_systems_prospective_outcome_association_rank.pdf","systems_dashboard_5min","analyses/systems_dashboard/5min","ready","Candidate dashboard file; exact writer and active reader still require verification","unresolved; may be generated or historical",""
"12_systems_neuroscience_summary/5min_based/figures/publication_panels/Fig_systems_prospective_outcome_association_rank.png","systems_dashboard_5min","analyses/systems_dashboard/5min","ready","Candidate dashboard file; exact writer and active reader still require verification","unresolved; may be generated or historical",""
"12_systems_neuroscience_summary/5min_based/figures/publication_panels/Fig_systems_prospective_outcome_association_rank.svg","systems_dashboard_5min","analyses/systems_dashboard/5min","ready","Candidate dashboard file; exact writer and active reader still require verification","unresolved; may be generated or historical",""
"12_systems_neuroscience_summary/5min_based/figures/publication_panels/Fig_systems_social_phenotype_map.pdf","systems_dashboard_5min","analyses/systems_dashboard/5min","ready","Candidate dashboard file; exact writer and active reader still require verification","unresolved; may be generated or historical",""
"12_systems_neuroscience_summary/5min_based/figures/publication_panels/Fig_systems_social_phenotype_map.png","systems_dashboard_5min","analyses/systems_dashboard/5min","ready","Candidate dashboard file; exact writer and active reader still require verification","unresolved; may be generated or historical",""
"12_systems_neuroscience_summary/5min_based/figures/publication_panels/Fig_systems_social_phenotype_map.svg","systems_dashboard_5min","analyses/systems_dashboard/5min","ready","Candidate dashboard file; exact writer and active reader still require verification","Stage 14 literal filename; writer context to verify","Analysis/14_systems_neuroscience_summary_dashboard.R"
"12_systems_neuroscience_summary/5min_based/figures/publication_panels/Fig_systems_state_space_PCA.pdf","systems_dashboard_5min","analyses/systems_dashboard/5min","ready","Candidate dashboard file; exact writer and active reader still require verification","unresolved; may be generated or historical",""
"12_systems_neuroscience_summary/5min_based/figures/publication_panels/Fig_systems_state_space_PCA.png","systems_dashboard_5min","analyses/systems_dashboard/5min","ready","Candidate dashboard file; exact writer and active reader still require verification","unresolved; may be generated or historical",""
"12_systems_neuroscience_summary/5min_based/figures/publication_panels/Fig_systems_state_space_PCA.svg","systems_dashboard_5min","analyses/systems_dashboard/5min","ready","Candidate dashboard file; exact writer and active reader still require verification","Stage 14 literal filename; writer context to verify","Analysis/14_systems_neuroscience_summary_dashboard.R"
"12_systems_neuroscience_summary/5min_based/figures/publication_panels/Fig_systems_state_space_UMAP.pdf","systems_dashboard_5min","analyses/systems_dashboard/5min","ready","Candidate dashboard file; exact writer and active reader still require verification","unresolved; may be generated or historical",""
"12_systems_neuroscience_summary/5min_based/figures/publication_panels/Fig_systems_state_space_UMAP.png","systems_dashboard_5min","analyses/systems_dashboard/5min","ready","Candidate dashboard file; exact writer and active reader still require verification","unresolved; may be generated or historical",""
"12_systems_neuroscience_summary/5min_based/figures/publication_panels/Fig_systems_state_space_UMAP.svg","systems_dashboard_5min","analyses/systems_dashboard/5min","ready","Candidate dashboard file; exact writer and active reader still require verification","unresolved; may be generated or historical",""
"12_systems_neuroscience_summary/5min_based/figures/publication_panels/Fig_systems_temporal_latent_trajectories.pdf","systems_dashboard_5min","analyses/systems_dashboard/5min","ready","Candidate dashboard file; exact writer and active reader still require verification","unresolved; may be generated or historical",""
"12_systems_neuroscience_summary/5min_based/figures/publication_panels/Fig_systems_temporal_latent_trajectories.png","systems_dashboard_5min","analyses/systems_dashboard/5min","ready","Candidate dashboard file; exact writer and active reader still require verification","unresolved; may be generated or historical",""
"12_systems_neuroscience_summary/5min_based/figures/publication_panels/Fig_systems_temporal_latent_trajectories.svg","systems_dashboard_5min","analyses/systems_dashboard/5min","ready","Candidate dashboard file; exact writer and active reader still require verification","unresolved; may be generated or historical",""
"12_systems_neuroscience_summary/5min_based/figures/publication_panels/Fig_systems_temporal_umap_trajectories.pdf","systems_dashboard_5min","analyses/systems_dashboard/5min","ready","Candidate dashboard file; exact writer and active reader still require verification","unresolved; may be generated or historical",""
"12_systems_neuroscience_summary/5min_based/figures/publication_panels/Fig_systems_temporal_umap_trajectories.png","systems_dashboard_5min","analyses/systems_dashboard/5min","ready","Candidate dashboard file; exact writer and active reader still require verification","unresolved; may be generated or historical",""
"12_systems_neuroscience_summary/5min_based/figures/publication_panels/Fig_systems_temporal_umap_trajectories.svg","systems_dashboard_5min","analyses/systems_dashboard/5min","ready","Candidate dashboard file; exact writer and active reader still require verification","unresolved; may be generated or historical",""
"12_systems_neuroscience_summary/5min_based/figures/publication_panels/Fig_systems_trajectory_adaptation_phase_portrait.pdf","systems_dashboard_5min","analyses/systems_dashboard/5min","ready","Candidate dashboard file; exact writer and active reader still require verification","unresolved; may be generated or historical",""
"12_systems_neuroscience_summary/5min_based/figures/publication_panels/Fig_systems_trajectory_adaptation_phase_portrait.png","systems_dashboard_5min","analyses/systems_dashboard/5min","ready","Candidate dashboard file; exact writer and active reader still require verification","unresolved; may be generated or historical",""
"12_systems_neuroscience_summary/5min_based/figures/publication_panels/Fig_systems_trajectory_adaptation_phase_portrait.svg","systems_dashboard_5min","analyses/systems_dashboard/5min","ready","Candidate dashboard file; exact writer and active reader still require verification","Stage 14 literal filename; writer context to verify","Analysis/14_systems_neuroscience_summary_dashboard.R"
"12_systems_neuroscience_summary/5min_based/figures/publication_panels/Fig_temporal_flexibility_vs_rigidity.pdf","systems_dashboard_5min","analyses/systems_dashboard/5min","ready","Candidate dashboard file; exact writer and active reader still require verification","unresolved; may be generated or historical",""
"12_systems_neuroscience_summary/5min_based/figures/publication_panels/Fig_temporal_flexibility_vs_rigidity.png","systems_dashboard_5min","analyses/systems_dashboard/5min","ready","Candidate dashboard file; exact writer and active reader still require verification","unresolved; may be generated or historical",""
"12_systems_neuroscience_summary/5min_based/figures/publication_panels/Fig_temporal_flexibility_vs_rigidity.svg","systems_dashboard_5min","analyses/systems_dashboard/5min","ready","Candidate dashboard file; exact writer and active reader still require verification","unresolved; may be generated or historical",""
"12_systems_neuroscience_summary/5min_based/figures/publication_panels/README.txt","systems_dashboard_historical_index","","regenerate_on_cutover","Generic folder guide refers to the historical figure index; regenerate after semantic figure inventory is rebuilt","unresolved; may be generated or historical","Functions/behavioral_dynamics_helpers.R"
"12_systems_neuroscience_summary/5min_based/figures/qc/Fig_batch_system_feature_bias.pdf","systems_dashboard_5min","analyses/systems_dashboard/5min","ready","Candidate dashboard file; exact writer and active reader still require verification","unresolved; may be generated or historical",""
"12_systems_neuroscience_summary/5min_based/figures/qc/Fig_batch_system_feature_bias.png","systems_dashboard_5min","analyses/systems_dashboard/5min","ready","Candidate dashboard file; exact writer and active reader still require verification","unresolved; may be generated or historical",""
"12_systems_neuroscience_summary/5min_based/figures/qc/Fig_batch_system_feature_bias.svg","systems_dashboard_5min","analyses/systems_dashboard/5min","ready","Candidate dashboard file; exact writer and active reader still require verification","Stage 14 literal filename; writer context to verify","Analysis/14_systems_neuroscience_summary_dashboard.R"
"12_systems_neuroscience_summary/5min_based/figures/qc/Fig_chip_loss_dropout_timeline.pdf","systems_dashboard_5min","analyses/systems_dashboard/5min","ready","Candidate dashboard file; exact writer and active reader still require verification","unresolved; may be generated or historical",""
"12_systems_neuroscience_summary/5min_based/figures/qc/Fig_chip_loss_dropout_timeline.png","systems_dashboard_5min","analyses/systems_dashboard/5min","ready","Candidate dashboard file; exact writer and active reader still require verification","unresolved; may be generated or historical",""
"12_systems_neuroscience_summary/5min_based/figures/qc/Fig_chip_loss_dropout_timeline.svg","systems_dashboard_5min","analyses/systems_dashboard/5min","ready","Candidate dashboard file; exact writer and active reader still require verification","Stage 14 literal filename; writer context to verify","Analysis/14_systems_neuroscience_summary_dashboard.R"
"12_systems_neuroscience_summary/5min_based/figures/qc/Fig_chip_loss_movement_proximity_diagnostics.pdf","systems_dashboard_5min","analyses/systems_dashboard/5min","ready","Candidate dashboard file; exact writer and active reader still require verification","unresolved; may be generated or historical",""
"12_systems_neuroscience_summary/5min_based/figures/qc/Fig_chip_loss_movement_proximity_diagnostics.png","systems_dashboard_5min","analyses/systems_dashboard/5min","ready","Candidate dashboard file; exact writer and active reader still require verification","unresolved; may be generated or historical",""
"12_systems_neuroscience_summary/5min_based/figures/qc/Fig_chip_loss_movement_proximity_diagnostics.svg","systems_dashboard_5min","analyses/systems_dashboard/5min","ready","Candidate dashboard file; exact writer and active reader still require verification","Stage 14 literal filename; writer context to verify","Analysis/14_systems_neuroscience_summary_dashboard.R"
"12_systems_neuroscience_summary/5min_based/figures/qc/Fig_early_active_adaptation_architecture.pdf","systems_dashboard_redundant_mirror","","retain_historical","Byte-identical mirror of Stage 14 authored figure in another figure folder; not an independent scientific product","unresolved; may be generated or historical",""
"12_systems_neuroscience_summary/5min_based/figures/qc/Fig_early_active_adaptation_architecture.png","systems_dashboard_redundant_mirror","","retain_historical","Byte-identical mirror of Stage 14 authored figure in another figure folder; not an independent scientific product","unresolved; may be generated or historical",""
"12_systems_neuroscience_summary/5min_based/figures/qc/Fig_early_active_adaptation_architecture.svg","systems_dashboard_redundant_mirror","","retain_historical","Byte-identical mirror of Stage 14 authored figure in another figure folder; not an independent scientific product","unresolved; may be generated or historical",""
"12_systems_neuroscience_summary/5min_based/figures/qc/Fig_ethological_phase_transition_structure.pdf","systems_dashboard_redundant_mirror","","retain_historical","Byte-identical mirror of Stage 14 authored figure in another figure folder; not an independent scientific product","unresolved; may be generated or historical",""
"12_systems_neuroscience_summary/5min_based/figures/qc/Fig_ethological_phase_transition_structure.png","systems_dashboard_redundant_mirror","","retain_historical","Byte-identical mirror of Stage 14 authored figure in another figure folder; not an independent scientific product","unresolved; may be generated or historical",""
"12_systems_neuroscience_summary/5min_based/figures/qc/Fig_ethological_phase_transition_structure.svg","systems_dashboard_redundant_mirror","","retain_historical","Byte-identical mirror of Stage 14 authored figure in another figure folder; not an independent scientific product","unresolved; may be generated or historical",""
"12_systems_neuroscience_summary/5min_based/figures/qc/Fig_first_active_entropy_acf1_or_instability.pdf","systems_dashboard_redundant_mirror","","retain_historical","Byte-identical mirror of Stage 14 authored figure in another figure folder; not an independent scientific product","unresolved; may be generated or historical",""
"12_systems_neuroscience_summary/5min_based/figures/qc/Fig_first_active_entropy_acf1_or_instability.png","systems_dashboard_redundant_mirror","","retain_historical","Byte-identical mirror of Stage 14 authored figure in another figure folder; not an independent scientific product","unresolved; may be generated or historical",""
"12_systems_neuroscience_summary/5min_based/figures/qc/Fig_first_active_entropy_acf1_or_instability.svg","systems_dashboard_redundant_mirror","","retain_historical","Byte-identical mirror of Stage 14 authored figure in another figure folder; not an independent scientific product","Stage 14 literal filename; writer context to verify","Analysis/14_systems_neuroscience_summary_dashboard.R"
"12_systems_neuroscience_summary/5min_based/figures/qc/Fig_first_active_movement_trajectory_by_group_sex.pdf","systems_dashboard_redundant_mirror","","retain_historical","Byte-identical mirror of Stage 14 authored figure in another figure folder; not an independent scientific product","unresolved; may be generated or historical",""
"12_systems_neuroscience_summary/5min_based/figures/qc/Fig_first_active_movement_trajectory_by_group_sex.png","systems_dashboard_redundant_mirror","","retain_historical","Byte-identical mirror of Stage 14 authored figure in another figure folder; not an independent scientific product","unresolved; may be generated or historical",""
"12_systems_neuroscience_summary/5min_based/figures/qc/Fig_first_active_movement_trajectory_by_group_sex.svg","systems_dashboard_redundant_mirror","","retain_historical","Byte-identical mirror of Stage 14 authored figure in another figure folder; not an independent scientific product","Stage 14 literal filename; writer context to verify","Analysis/14_systems_neuroscience_summary_dashboard.R"
"12_systems_neuroscience_summary/5min_based/figures/qc/Fig_group_balance_by_batch_system.pdf","systems_dashboard_5min","analyses/systems_dashboard/5min","ready","Candidate dashboard file; exact writer and active reader still require verification","unresolved; may be generated or historical",""
"12_systems_neuroscience_summary/5min_based/figures/qc/Fig_group_balance_by_batch_system.png","systems_dashboard_5min","analyses/systems_dashboard/5min","ready","Candidate dashboard file; exact writer and active reader still require verification","unresolved; may be generated or historical",""
"12_systems_neuroscience_summary/5min_based/figures/qc/Fig_group_balance_by_batch_system.svg","systems_dashboard_5min","analyses/systems_dashboard/5min","ready","Candidate dashboard file; exact writer and active reader still require verification","Stage 14 literal filename; writer context to verify","Analysis/14_systems_neuroscience_summary_dashboard.R"
"12_systems_neuroscience_summary/5min_based/figures/qc/Fig_group_sex_interaction_effects.pdf","systems_dashboard_redundant_mirror","","retain_historical","Byte-identical mirror of Stage 14 authored figure in another figure folder; not an independent scientific product","unresolved; may be generated or historical",""
"12_systems_neuroscience_summary/5min_based/figures/qc/Fig_group_sex_interaction_effects.png","systems_dashboard_redundant_mirror","","retain_historical","Byte-identical mirror of Stage 14 authored figure in another figure folder; not an independent scientific product","unresolved; may be generated or historical",""
"12_systems_neuroscience_summary/5min_based/figures/qc/Fig_group_sex_interaction_effects.svg","systems_dashboard_redundant_mirror","","retain_historical","Byte-identical mirror of Stage 14 authored figure in another figure folder; not an independent scientific product","Stage 14 literal filename; writer context to verify","Analysis/14_systems_neuroscience_summary_dashboard.R"
"12_systems_neuroscience_summary/5min_based/figures/qc/Fig_integrated_systems_dashboard.pdf","systems_dashboard_redundant_mirror","","retain_historical","Byte-identical mirror of Stage 14 authored figure in another figure folder; not an independent scientific product","unresolved; may be generated or historical",""
"12_systems_neuroscience_summary/5min_based/figures/qc/Fig_integrated_systems_dashboard.png","systems_dashboard_redundant_mirror","","retain_historical","Byte-identical mirror of Stage 14 authored figure in another figure folder; not an independent scientific product","unresolved; may be generated or historical",""
"12_systems_neuroscience_summary/5min_based/figures/qc/Fig_integrated_systems_dashboard.svg","systems_dashboard_redundant_mirror","","retain_historical","Byte-identical mirror of Stage 14 authored figure in another figure folder; not an independent scientific product","Stage 14 literal filename; writer context to verify","Analysis/14_systems_neuroscience_summary_dashboard.R; Testing/tests/test_figure_mirror_refresh.R"
"12_systems_neuroscience_summary/5min_based/figures/qc/Fig_linear_vs_nonlinear_model_ladder.pdf","systems_dashboard_redundant_mirror","","retain_historical","Byte-identical mirror of Stage 14 authored figure in another figure folder; not an independent scientific product","unresolved; may be generated or historical",""
"12_systems_neuroscience_summary/5min_based/figures/qc/Fig_linear_vs_nonlinear_model_ladder.png","systems_dashboard_redundant_mirror","","retain_historical","Byte-identical mirror of Stage 14 authored figure in another figure folder; not an independent scientific product","unresolved; may be generated or historical",""
"12_systems_neuroscience_summary/5min_based/figures/qc/Fig_linear_vs_nonlinear_model_ladder.svg","systems_dashboard_redundant_mirror","","retain_historical","Byte-identical mirror of Stage 14 authored figure in another figure folder; not an independent scientific product","unresolved; may be generated or historical",""
"12_systems_neuroscience_summary/5min_based/figures/qc/Fig_multiscale_behavioral_organization.pdf","systems_dashboard_redundant_mirror","","retain_historical","Byte-identical mirror of Stage 14 authored figure in another figure folder; not an independent scientific product","unresolved; may be generated or historical",""
"12_systems_neuroscience_summary/5min_based/figures/qc/Fig_multiscale_behavioral_organization.png","systems_dashboard_redundant_mirror","","retain_historical","Byte-identical mirror of Stage 14 authored figure in another figure folder; not an independent scientific product","unresolved; may be generated or historical",""
"12_systems_neuroscience_summary/5min_based/figures/qc/Fig_multiscale_behavioral_organization.svg","systems_dashboard_redundant_mirror","","retain_historical","Byte-identical mirror of Stage 14 authored figure in another figure folder; not an independent scientific product","unresolved; may be generated or historical",""
"12_systems_neuroscience_summary/5min_based/figures/qc/Fig_primary_feature_robustness.pdf","systems_dashboard_5min","analyses/systems_dashboard/5min","ready","Candidate dashboard file; exact writer and active reader still require verification","unresolved; may be generated or historical",""
"12_systems_neuroscience_summary/5min_based/figures/qc/Fig_primary_feature_robustness.png","systems_dashboard_5min","analyses/systems_dashboard/5min","ready","Candidate dashboard file; exact writer and active reader still require verification","unresolved; may be generated or historical",""
"12_systems_neuroscience_summary/5min_based/figures/qc/Fig_primary_feature_robustness.svg","systems_dashboard_5min","analyses/systems_dashboard/5min","ready","Candidate dashboard file; exact writer and active reader still require verification","Stage 14 literal filename; writer context to verify","Analysis/14_systems_neuroscience_summary_dashboard.R"
"12_systems_neuroscience_summary/5min_based/figures/qc/Fig_rest_fragmentation_and_circadian_structure.pdf","systems_dashboard_redundant_mirror","","retain_historical","Byte-identical mirror of Stage 14 authored figure in another figure folder; not an independent scientific product","unresolved; may be generated or historical",""
"12_systems_neuroscience_summary/5min_based/figures/qc/Fig_rest_fragmentation_and_circadian_structure.png","systems_dashboard_redundant_mirror","","retain_historical","Byte-identical mirror of Stage 14 authored figure in another figure folder; not an independent scientific product","unresolved; may be generated or historical",""
"12_systems_neuroscience_summary/5min_based/figures/qc/Fig_rest_fragmentation_and_circadian_structure.svg","systems_dashboard_redundant_mirror","","retain_historical","Byte-identical mirror of Stage 14 authored figure in another figure folder; not an independent scientific product","unresolved; may be generated or historical",""
"12_systems_neuroscience_summary/5min_based/figures/qc/Fig_sis_CC1_first_active_domain_heatmap.pdf","systems_dashboard_redundant_mirror","","retain_historical","Byte-identical mirror of Stage 14 authored figure in another figure folder; not an independent scientific product","unresolved; may be generated or historical",""
"12_systems_neuroscience_summary/5min_based/figures/qc/Fig_sis_CC1_first_active_domain_heatmap.png","systems_dashboard_redundant_mirror","","retain_historical","Byte-identical mirror of Stage 14 authored figure in another figure folder; not an independent scientific product","unresolved; may be generated or historical",""
"12_systems_neuroscience_summary/5min_based/figures/qc/Fig_sis_CC1_first_active_domain_heatmap.svg","systems_dashboard_redundant_mirror","","retain_historical","Byte-identical mirror of Stage 14 authored figure in another figure folder; not an independent scientific product","unresolved; may be generated or historical",""
"12_systems_neuroscience_summary/5min_based/figures/qc/Fig_sis_active_inactive_domain_heatmap.pdf","systems_dashboard_redundant_mirror","","retain_historical","Byte-identical mirror of Stage 14 authored figure in another figure folder; not an independent scientific product","unresolved; may be generated or historical",""
"12_systems_neuroscience_summary/5min_based/figures/qc/Fig_sis_active_inactive_domain_heatmap.png","systems_dashboard_redundant_mirror","","retain_historical","Byte-identical mirror of Stage 14 authored figure in another figure folder; not an independent scientific product","unresolved; may be generated or historical",""
"12_systems_neuroscience_summary/5min_based/figures/qc/Fig_sis_active_inactive_domain_heatmap.svg","systems_dashboard_redundant_mirror","","retain_historical","Byte-identical mirror of Stage 14 authored figure in another figure folder; not an independent scientific product","Stage 14 literal filename; writer context to verify","Analysis/14_systems_neuroscience_summary_dashboard.R"
"12_systems_neuroscience_summary/5min_based/figures/qc/Fig_sis_behavioral_flexibility_trajectory.pdf","systems_dashboard_redundant_mirror","","retain_historical","Byte-identical mirror of Stage 14 authored figure in another figure folder; not an independent scientific product","unresolved; may be generated or historical",""
"12_systems_neuroscience_summary/5min_based/figures/qc/Fig_sis_behavioral_flexibility_trajectory.png","systems_dashboard_redundant_mirror","","retain_historical","Byte-identical mirror of Stage 14 authored figure in another figure folder; not an independent scientific product","unresolved; may be generated or historical",""
"12_systems_neuroscience_summary/5min_based/figures/qc/Fig_sis_behavioral_flexibility_trajectory.svg","systems_dashboard_redundant_mirror","","retain_historical","Byte-identical mirror of Stage 14 authored figure in another figure folder; not an independent scientific product","unresolved; may be generated or historical",""
"12_systems_neuroscience_summary/5min_based/figures/qc/Fig_sis_early_prediction_first_active_12h.pdf","systems_dashboard_redundant_mirror","","retain_historical","Byte-identical mirror of Stage 14 authored figure in another figure folder; not an independent scientific product","unresolved; may be generated or historical",""
"12_systems_neuroscience_summary/5min_based/figures/qc/Fig_sis_early_prediction_first_active_12h.png","systems_dashboard_redundant_mirror","","retain_historical","Byte-identical mirror of Stage 14 authored figure in another figure folder; not an independent scientific product","unresolved; may be generated or historical",""
"12_systems_neuroscience_summary/5min_based/figures/qc/Fig_sis_early_prediction_first_active_12h.svg","systems_dashboard_redundant_mirror","","retain_historical","Byte-identical mirror of Stage 14 authored figure in another figure folder; not an independent scientific product","Stage 14 literal filename; writer context to verify","Analysis/14_systems_neuroscience_summary_dashboard.R"
"12_systems_neuroscience_summary/5min_based/figures/qc/Fig_sis_first_night_domain_heatmap_5min_sensitivity.pdf","systems_dashboard_redundant_mirror","","retain_historical","Byte-identical mirror of Stage 14 authored figure in another figure folder; not an independent scientific product","unresolved; may be generated or historical",""
"12_systems_neuroscience_summary/5min_based/figures/qc/Fig_sis_first_night_domain_heatmap_5min_sensitivity.png","systems_dashboard_redundant_mirror","","retain_historical","Byte-identical mirror of Stage 14 authored figure in another figure folder; not an independent scientific product","unresolved; may be generated or historical",""
"12_systems_neuroscience_summary/5min_based/figures/qc/Fig_sis_first_night_domain_heatmap_5min_sensitivity.svg","systems_dashboard_redundant_mirror","","retain_historical","Byte-identical mirror of Stage 14 authored figure in another figure folder; not an independent scientific product","unresolved; may be generated or historical",""
"12_systems_neuroscience_summary/5min_based/figures/qc/Fig_sis_hmm_resolution_sensitivity.pdf","systems_dashboard_redundant_mirror","","retain_historical","Byte-identical mirror of Stage 14 authored figure in another figure folder; not an independent scientific product","unresolved; may be generated or historical",""
"12_systems_neuroscience_summary/5min_based/figures/qc/Fig_sis_hmm_resolution_sensitivity.png","systems_dashboard_redundant_mirror","","retain_historical","Byte-identical mirror of Stage 14 authored figure in another figure folder; not an independent scientific product","unresolved; may be generated or historical",""
"12_systems_neuroscience_summary/5min_based/figures/qc/Fig_sis_hmm_resolution_sensitivity.svg","systems_dashboard_redundant_mirror","","retain_historical","Byte-identical mirror of Stage 14 authored figure in another figure folder; not an independent scientific product","Stage 14 literal filename; writer context to verify","Analysis/14_systems_neuroscience_summary_dashboard.R"
"12_systems_neuroscience_summary/5min_based/figures/qc/Fig_sis_repeated_active_phase_adaptation.pdf","systems_dashboard_redundant_mirror","","retain_historical","Byte-identical mirror of Stage 14 authored figure in another figure folder; not an independent scientific product","unresolved; may be generated or historical",""
"12_systems_neuroscience_summary/5min_based/figures/qc/Fig_sis_repeated_active_phase_adaptation.png","systems_dashboard_redundant_mirror","","retain_historical","Byte-identical mirror of Stage 14 authored figure in another figure folder; not an independent scientific product","unresolved; may be generated or historical",""
"12_systems_neuroscience_summary/5min_based/figures/qc/Fig_sis_repeated_active_phase_adaptation.svg","systems_dashboard_redundant_mirror","","retain_historical","Byte-identical mirror of Stage 14 authored figure in another figure folder; not an independent scientific product","unresolved; may be generated or historical",""
"12_systems_neuroscience_summary/5min_based/figures/qc/Fig_sis_rest_or_state_architecture.pdf","systems_dashboard_redundant_mirror","","retain_historical","Byte-identical mirror of Stage 14 authored figure in another figure folder; not an independent scientific product","unresolved; may be generated or historical",""
"12_systems_neuroscience_summary/5min_based/figures/qc/Fig_sis_rest_or_state_architecture.png","systems_dashboard_redundant_mirror","","retain_historical","Byte-identical mirror of Stage 14 authored figure in another figure folder; not an independent scientific product","unresolved; may be generated or historical",""
"12_systems_neuroscience_summary/5min_based/figures/qc/Fig_sis_rest_or_state_architecture.svg","systems_dashboard_redundant_mirror","","retain_historical","Byte-identical mirror of Stage 14 authored figure in another figure folder; not an independent scientific product","unresolved; may be generated or historical",""
"12_systems_neuroscience_summary/5min_based/figures/qc/Fig_sis_social_spatial_organization.pdf","systems_dashboard_redundant_mirror","","retain_historical","Byte-identical mirror of Stage 14 authored figure in another figure folder; not an independent scientific product","unresolved; may be generated or historical",""
"12_systems_neuroscience_summary/5min_based/figures/qc/Fig_sis_social_spatial_organization.png","systems_dashboard_redundant_mirror","","retain_historical","Byte-identical mirror of Stage 14 authored figure in another figure folder; not an independent scientific product","unresolved; may be generated or historical",""
"12_systems_neuroscience_summary/5min_based/figures/qc/Fig_sis_social_spatial_organization.svg","systems_dashboard_redundant_mirror","","retain_historical","Byte-identical mirror of Stage 14 authored figure in another figure folder; not an independent scientific product","unresolved; may be generated or historical",""
"12_systems_neuroscience_summary/5min_based/figures/qc/Fig_sis_systems_neuroscience_dashboard.pdf","systems_dashboard_redundant_mirror","","retain_historical","Byte-identical mirror of Stage 14 authored figure in another figure folder; not an independent scientific product","unresolved; may be generated or historical",""
"12_systems_neuroscience_summary/5min_based/figures/qc/Fig_sis_systems_neuroscience_dashboard.png","systems_dashboard_redundant_mirror","","retain_historical","Byte-identical mirror of Stage 14 authored figure in another figure folder; not an independent scientific product","unresolved; may be generated or historical",""
"12_systems_neuroscience_summary/5min_based/figures/qc/Fig_sis_systems_neuroscience_dashboard.svg","systems_dashboard_redundant_mirror","","retain_historical","Byte-identical mirror of Stage 14 authored figure in another figure folder; not an independent scientific product","Stage 14 literal filename; writer context to verify","Analysis/14_systems_neuroscience_summary_dashboard.R"
"12_systems_neuroscience_summary/5min_based/figures/qc/Fig_sleep_like_inactivity_by_group_sex.pdf","systems_dashboard_redundant_mirror","","retain_historical","Byte-identical mirror of Stage 14 authored figure in another figure folder; not an independent scientific product","unresolved; may be generated or historical",""
"12_systems_neuroscience_summary/5min_based/figures/qc/Fig_sleep_like_inactivity_by_group_sex.png","systems_dashboard_redundant_mirror","","retain_historical","Byte-identical mirror of Stage 14 authored figure in another figure folder; not an independent scientific product","unresolved; may be generated or historical",""
"12_systems_neuroscience_summary/5min_based/figures/qc/Fig_sleep_like_inactivity_by_group_sex.svg","systems_dashboard_redundant_mirror","","retain_historical","Byte-identical mirror of Stage 14 authored figure in another figure folder; not an independent scientific product","Stage 14 literal filename; writer context to verify","Analysis/14_systems_neuroscience_summary_dashboard.R"
"12_systems_neuroscience_summary/5min_based/figures/qc/Fig_social_reorganization_dynamics.pdf","systems_dashboard_redundant_mirror","","retain_historical","Byte-identical mirror of Stage 14 authored figure in another figure folder; not an independent scientific product","unresolved; may be generated or historical",""
"12_systems_neuroscience_summary/5min_based/figures/qc/Fig_social_reorganization_dynamics.png","systems_dashboard_redundant_mirror","","retain_historical","Byte-identical mirror of Stage 14 authored figure in another figure folder; not an independent scientific product","unresolved; may be generated or historical",""
"12_systems_neuroscience_summary/5min_based/figures/qc/Fig_social_reorganization_dynamics.svg","systems_dashboard_redundant_mirror","","retain_historical","Byte-identical mirror of Stage 14 authored figure in another figure folder; not an independent scientific product","unresolved; may be generated or historical",""
"12_systems_neuroscience_summary/5min_based/figures/qc/Fig_systems_effect_size_heatmap.pdf","systems_dashboard_redundant_mirror","","retain_historical","Byte-identical mirror of Stage 14 authored figure in another figure folder; not an independent scientific product","unresolved; may be generated or historical",""
"12_systems_neuroscience_summary/5min_based/figures/qc/Fig_systems_effect_size_heatmap.png","systems_dashboard_redundant_mirror","","retain_historical","Byte-identical mirror of Stage 14 authored figure in another figure folder; not an independent scientific product","unresolved; may be generated or historical",""
"12_systems_neuroscience_summary/5min_based/figures/qc/Fig_systems_effect_size_heatmap.svg","systems_dashboard_redundant_mirror","","retain_historical","Byte-identical mirror of Stage 14 authored figure in another figure folder; not an independent scientific product","Stage 14 literal filename; writer context to verify","Analysis/14_systems_neuroscience_summary_dashboard.R; Testing/tests/test_figure_mirror_refresh.R"
"12_systems_neuroscience_summary/5min_based/figures/qc/Fig_systems_feature_coupling_network_summary.pdf","systems_dashboard_redundant_mirror","","retain_historical","Byte-identical mirror of Stage 14 authored figure in another figure folder; not an independent scientific product","unresolved; may be generated or historical",""
"12_systems_neuroscience_summary/5min_based/figures/qc/Fig_systems_feature_coupling_network_summary.png","systems_dashboard_redundant_mirror","","retain_historical","Byte-identical mirror of Stage 14 authored figure in another figure folder; not an independent scientific product","unresolved; may be generated or historical",""
"12_systems_neuroscience_summary/5min_based/figures/qc/Fig_systems_feature_coupling_network_summary.svg","systems_dashboard_redundant_mirror","","retain_historical","Byte-identical mirror of Stage 14 authored figure in another figure folder; not an independent scientific product","unresolved; may be generated or historical",""
"12_systems_neuroscience_summary/5min_based/figures/qc/Fig_systems_hmm_dwell_time_ridges.pdf","systems_dashboard_redundant_mirror","","retain_historical","Byte-identical mirror of Stage 14 authored figure in another figure folder; not an independent scientific product","unresolved; may be generated or historical",""
"12_systems_neuroscience_summary/5min_based/figures/qc/Fig_systems_hmm_dwell_time_ridges.png","systems_dashboard_redundant_mirror","","retain_historical","Byte-identical mirror of Stage 14 authored figure in another figure folder; not an independent scientific product","unresolved; may be generated or historical",""
"12_systems_neuroscience_summary/5min_based/figures/qc/Fig_systems_hmm_dwell_time_ridges.svg","systems_dashboard_redundant_mirror","","retain_historical","Byte-identical mirror of Stage 14 authored figure in another figure folder; not an independent scientific product","unresolved; may be generated or historical",""
"12_systems_neuroscience_summary/5min_based/figures/qc/Fig_systems_hmm_state_flow_alluvial.pdf","systems_dashboard_redundant_mirror","","retain_historical","Byte-identical mirror of Stage 14 authored figure in another figure folder; not an independent scientific product","unresolved; may be generated or historical",""
"12_systems_neuroscience_summary/5min_based/figures/qc/Fig_systems_hmm_state_flow_alluvial.png","systems_dashboard_redundant_mirror","","retain_historical","Byte-identical mirror of Stage 14 authored figure in another figure folder; not an independent scientific product","unresolved; may be generated or historical",""
"12_systems_neuroscience_summary/5min_based/figures/qc/Fig_systems_hmm_state_flow_alluvial.svg","systems_dashboard_redundant_mirror","","retain_historical","Byte-identical mirror of Stage 14 authored figure in another figure folder; not an independent scientific product","unresolved; may be generated or historical",""
"12_systems_neuroscience_summary/5min_based/figures/qc/Fig_systems_hmm_transition_difference.pdf","systems_dashboard_redundant_mirror","","retain_historical","Byte-identical mirror of Stage 14 authored figure in another figure folder; not an independent scientific product","unresolved; may be generated or historical",""
"12_systems_neuroscience_summary/5min_based/figures/qc/Fig_systems_hmm_transition_difference.png","systems_dashboard_redundant_mirror","","retain_historical","Byte-identical mirror of Stage 14 authored figure in another figure folder; not an independent scientific product","unresolved; may be generated or historical",""
"12_systems_neuroscience_summary/5min_based/figures/qc/Fig_systems_hmm_transition_difference.svg","systems_dashboard_redundant_mirror","","retain_historical","Byte-identical mirror of Stage 14 authored figure in another figure folder; not an independent scientific product","Stage 14 literal filename; writer context to verify","Analysis/14_systems_neuroscience_summary_dashboard.R"
"12_systems_neuroscience_summary/5min_based/figures/qc/Fig_systems_latent_trajectory_instability.pdf","systems_dashboard_redundant_mirror","","retain_historical","Byte-identical mirror of Stage 14 authored figure in another figure folder; not an independent scientific product","unresolved; may be generated or historical",""
"12_systems_neuroscience_summary/5min_based/figures/qc/Fig_systems_latent_trajectory_instability.png","systems_dashboard_redundant_mirror","","retain_historical","Byte-identical mirror of Stage 14 authored figure in another figure folder; not an independent scientific product","unresolved; may be generated or historical",""
"12_systems_neuroscience_summary/5min_based/figures/qc/Fig_systems_latent_trajectory_instability.svg","systems_dashboard_redundant_mirror","","retain_historical","Byte-identical mirror of Stage 14 authored figure in another figure folder; not an independent scientific product","unresolved; may be generated or historical",""
"12_systems_neuroscience_summary/5min_based/figures/qc/Fig_systems_module_coupling_network.pdf","systems_dashboard_redundant_mirror","","retain_historical","Byte-identical mirror of Stage 14 authored figure in another figure folder; not an independent scientific product","unresolved; may be generated or historical",""
"12_systems_neuroscience_summary/5min_based/figures/qc/Fig_systems_module_coupling_network.png","systems_dashboard_redundant_mirror","","retain_historical","Byte-identical mirror of Stage 14 authored figure in another figure folder; not an independent scientific product","unresolved; may be generated or historical",""
"12_systems_neuroscience_summary/5min_based/figures/qc/Fig_systems_module_coupling_network.svg","systems_dashboard_redundant_mirror","","retain_historical","Byte-identical mirror of Stage 14 authored figure in another figure folder; not an independent scientific product","unresolved; may be generated or historical",""
"12_systems_neuroscience_summary/5min_based/figures/qc/Fig_systems_module_scorecard.pdf","systems_dashboard_redundant_mirror","","retain_historical","Byte-identical mirror of Stage 14 authored figure in another figure folder; not an independent scientific product","unresolved; may be generated or historical",""
"12_systems_neuroscience_summary/5min_based/figures/qc/Fig_systems_module_scorecard.png","systems_dashboard_redundant_mirror","","retain_historical","Byte-identical mirror of Stage 14 authored figure in another figure folder; not an independent scientific product","unresolved; may be generated or historical",""
"12_systems_neuroscience_summary/5min_based/figures/qc/Fig_systems_module_scorecard.svg","systems_dashboard_redundant_mirror","","retain_historical","Byte-identical mirror of Stage 14 authored figure in another figure folder; not an independent scientific product","Stage 14 literal filename; writer context to verify","Analysis/14_systems_neuroscience_summary_dashboard.R"
"12_systems_neuroscience_summary/5min_based/figures/qc/Fig_systems_named_biological_scores.pdf","systems_dashboard_redundant_mirror","","retain_historical","Byte-identical mirror of Stage 14 authored figure in another figure folder; not an independent scientific product","unresolved; may be generated or historical",""
"12_systems_neuroscience_summary/5min_based/figures/qc/Fig_systems_named_biological_scores.png","systems_dashboard_redundant_mirror","","retain_historical","Byte-identical mirror of Stage 14 authored figure in another figure folder; not an independent scientific product","unresolved; may be generated or historical",""
"12_systems_neuroscience_summary/5min_based/figures/qc/Fig_systems_named_biological_scores.svg","systems_dashboard_redundant_mirror","","retain_historical","Byte-identical mirror of Stage 14 authored figure in another figure folder; not an independent scientific product","Stage 14 literal filename; writer context to verify","Analysis/14_systems_neuroscience_summary_dashboard.R"
"12_systems_neuroscience_summary/5min_based/figures/qc/Fig_systems_outcome_association_rank.pdf","systems_dashboard_redundant_mirror","","retain_historical","Byte-identical mirror of Stage 14 authored figure in another figure folder; not an independent scientific product","unresolved; may be generated or historical",""
"12_systems_neuroscience_summary/5min_based/figures/qc/Fig_systems_outcome_association_rank.png","systems_dashboard_redundant_mirror","","retain_historical","Byte-identical mirror of Stage 14 authored figure in another figure folder; not an independent scientific product","unresolved; may be generated or historical",""
"12_systems_neuroscience_summary/5min_based/figures/qc/Fig_systems_outcome_association_rank.svg","systems_dashboard_redundant_mirror","","retain_historical","Byte-identical mirror of Stage 14 authored figure in another figure folder; not an independent scientific product","unresolved; may be generated or historical",""
"12_systems_neuroscience_summary/5min_based/figures/qc/Fig_systems_prediction_delta_waterfall.pdf","systems_dashboard_redundant_mirror","","retain_historical","Byte-identical mirror of Stage 14 authored figure in another figure folder; not an independent scientific product","unresolved; may be generated or historical",""
"12_systems_neuroscience_summary/5min_based/figures/qc/Fig_systems_prediction_delta_waterfall.png","systems_dashboard_redundant_mirror","","retain_historical","Byte-identical mirror of Stage 14 authored figure in another figure folder; not an independent scientific product","unresolved; may be generated or historical",""
"12_systems_neuroscience_summary/5min_based/figures/qc/Fig_systems_prediction_delta_waterfall.svg","systems_dashboard_redundant_mirror","","retain_historical","Byte-identical mirror of Stage 14 authored figure in another figure folder; not an independent scientific product","Stage 14 literal filename; writer context to verify","Analysis/14_systems_neuroscience_summary_dashboard.R"
"12_systems_neuroscience_summary/5min_based/figures/qc/Fig_systems_prediction_duration_sensitivity.pdf","systems_dashboard_redundant_mirror","","retain_historical","Byte-identical mirror of Stage 14 authored figure in another figure folder; not an independent scientific product","unresolved; may be generated or historical",""
"12_systems_neuroscience_summary/5min_based/figures/qc/Fig_systems_prediction_duration_sensitivity.png","systems_dashboard_redundant_mirror","","retain_historical","Byte-identical mirror of Stage 14 authored figure in another figure folder; not an independent scientific product","unresolved; may be generated or historical",""
"12_systems_neuroscience_summary/5min_based/figures/qc/Fig_systems_prediction_duration_sensitivity.svg","systems_dashboard_redundant_mirror","","retain_historical","Byte-identical mirror of Stage 14 authored figure in another figure folder; not an independent scientific product","unresolved; may be generated or historical",""
"12_systems_neuroscience_summary/5min_based/figures/qc/Fig_systems_prediction_ladder.pdf","systems_dashboard_redundant_mirror","","retain_historical","Byte-identical mirror of Stage 14 authored figure in another figure folder; not an independent scientific product","unresolved; may be generated or historical",""
"12_systems_neuroscience_summary/5min_based/figures/qc/Fig_systems_prediction_ladder.png","systems_dashboard_redundant_mirror","","retain_historical","Byte-identical mirror of Stage 14 authored figure in another figure folder; not an independent scientific product","unresolved; may be generated or historical",""
"12_systems_neuroscience_summary/5min_based/figures/qc/Fig_systems_prediction_ladder.svg","systems_dashboard_redundant_mirror","","retain_historical","Byte-identical mirror of Stage 14 authored figure in another figure folder; not an independent scientific product","Stage 14 literal filename; writer context to verify","Analysis/14_systems_neuroscience_summary_dashboard.R"
"12_systems_neuroscience_summary/5min_based/figures/qc/Fig_systems_prospective_crossvalidated_prediction.pdf","systems_dashboard_redundant_mirror","","retain_historical","Byte-identical mirror of Stage 14 authored figure in another figure folder; not an independent scientific product","unresolved; may be generated or historical",""
"12_systems_neuroscience_summary/5min_based/figures/qc/Fig_systems_prospective_crossvalidated_prediction.png","systems_dashboard_redundant_mirror","","retain_historical","Byte-identical mirror of Stage 14 authored figure in another figure folder; not an independent scientific product","unresolved; may be generated or historical",""
"12_systems_neuroscience_summary/5min_based/figures/qc/Fig_systems_prospective_crossvalidated_prediction.svg","systems_dashboard_redundant_mirror","","retain_historical","Byte-identical mirror of Stage 14 authored figure in another figure folder; not an independent scientific product","unresolved; may be generated or historical",""
"12_systems_neuroscience_summary/5min_based/figures/qc/Fig_systems_prospective_feature_scatter.pdf","systems_dashboard_redundant_mirror","","retain_historical","Byte-identical mirror of Stage 14 authored figure in another figure folder; not an independent scientific product","unresolved; may be generated or historical",""
"12_systems_neuroscience_summary/5min_based/figures/qc/Fig_systems_prospective_feature_scatter.png","systems_dashboard_redundant_mirror","","retain_historical","Byte-identical mirror of Stage 14 authored figure in another figure folder; not an independent scientific product","unresolved; may be generated or historical",""
"12_systems_neuroscience_summary/5min_based/figures/qc/Fig_systems_prospective_feature_scatter.svg","systems_dashboard_redundant_mirror","","retain_historical","Byte-identical mirror of Stage 14 authored figure in another figure folder; not an independent scientific product","unresolved; may be generated or historical",""
"12_systems_neuroscience_summary/5min_based/figures/qc/Fig_systems_prospective_outcome_association_rank.pdf","systems_dashboard_redundant_mirror","","retain_historical","Byte-identical mirror of Stage 14 authored figure in another figure folder; not an independent scientific product","unresolved; may be generated or historical",""
"12_systems_neuroscience_summary/5min_based/figures/qc/Fig_systems_prospective_outcome_association_rank.png","systems_dashboard_redundant_mirror","","retain_historical","Byte-identical mirror of Stage 14 authored figure in another figure folder; not an independent scientific product","unresolved; may be generated or historical",""
"12_systems_neuroscience_summary/5min_based/figures/qc/Fig_systems_prospective_outcome_association_rank.svg","systems_dashboard_redundant_mirror","","retain_historical","Byte-identical mirror of Stage 14 authored figure in another figure folder; not an independent scientific product","unresolved; may be generated or historical",""
"12_systems_neuroscience_summary/5min_based/figures/qc/Fig_systems_social_phenotype_map.pdf","systems_dashboard_redundant_mirror","","retain_historical","Byte-identical mirror of Stage 14 authored figure in another figure folder; not an independent scientific product","unresolved; may be generated or historical",""
"12_systems_neuroscience_summary/5min_based/figures/qc/Fig_systems_social_phenotype_map.png","systems_dashboard_redundant_mirror","","retain_historical","Byte-identical mirror of Stage 14 authored figure in another figure folder; not an independent scientific product","unresolved; may be generated or historical",""
"12_systems_neuroscience_summary/5min_based/figures/qc/Fig_systems_social_phenotype_map.svg","systems_dashboard_redundant_mirror","","retain_historical","Byte-identical mirror of Stage 14 authored figure in another figure folder; not an independent scientific product","Stage 14 literal filename; writer context to verify","Analysis/14_systems_neuroscience_summary_dashboard.R"
"12_systems_neuroscience_summary/5min_based/figures/qc/Fig_systems_state_space_PCA.pdf","systems_dashboard_redundant_mirror","","retain_historical","Byte-identical mirror of Stage 14 authored figure in another figure folder; not an independent scientific product","unresolved; may be generated or historical",""
"12_systems_neuroscience_summary/5min_based/figures/qc/Fig_systems_state_space_PCA.png","systems_dashboard_redundant_mirror","","retain_historical","Byte-identical mirror of Stage 14 authored figure in another figure folder; not an independent scientific product","unresolved; may be generated or historical",""
"12_systems_neuroscience_summary/5min_based/figures/qc/Fig_systems_state_space_PCA.svg","systems_dashboard_redundant_mirror","","retain_historical","Byte-identical mirror of Stage 14 authored figure in another figure folder; not an independent scientific product","Stage 14 literal filename; writer context to verify","Analysis/14_systems_neuroscience_summary_dashboard.R"
"12_systems_neuroscience_summary/5min_based/figures/qc/Fig_systems_state_space_UMAP.pdf","systems_dashboard_redundant_mirror","","retain_historical","Byte-identical mirror of Stage 14 authored figure in another figure folder; not an independent scientific product","unresolved; may be generated or historical",""
"12_systems_neuroscience_summary/5min_based/figures/qc/Fig_systems_state_space_UMAP.png","systems_dashboard_redundant_mirror","","retain_historical","Byte-identical mirror of Stage 14 authored figure in another figure folder; not an independent scientific product","unresolved; may be generated or historical",""
"12_systems_neuroscience_summary/5min_based/figures/qc/Fig_systems_state_space_UMAP.svg","systems_dashboard_redundant_mirror","","retain_historical","Byte-identical mirror of Stage 14 authored figure in another figure folder; not an independent scientific product","unresolved; may be generated or historical",""
"12_systems_neuroscience_summary/5min_based/figures/qc/Fig_systems_temporal_latent_trajectories.pdf","systems_dashboard_redundant_mirror","","retain_historical","Byte-identical mirror of Stage 14 authored figure in another figure folder; not an independent scientific product","unresolved; may be generated or historical",""
"12_systems_neuroscience_summary/5min_based/figures/qc/Fig_systems_temporal_latent_trajectories.png","systems_dashboard_redundant_mirror","","retain_historical","Byte-identical mirror of Stage 14 authored figure in another figure folder; not an independent scientific product","unresolved; may be generated or historical",""
"12_systems_neuroscience_summary/5min_based/figures/qc/Fig_systems_temporal_latent_trajectories.svg","systems_dashboard_redundant_mirror","","retain_historical","Byte-identical mirror of Stage 14 authored figure in another figure folder; not an independent scientific product","unresolved; may be generated or historical",""
"12_systems_neuroscience_summary/5min_based/figures/qc/Fig_systems_temporal_umap_trajectories.pdf","systems_dashboard_redundant_mirror","","retain_historical","Byte-identical mirror of Stage 14 authored figure in another figure folder; not an independent scientific product","unresolved; may be generated or historical",""
"12_systems_neuroscience_summary/5min_based/figures/qc/Fig_systems_temporal_umap_trajectories.png","systems_dashboard_redundant_mirror","","retain_historical","Byte-identical mirror of Stage 14 authored figure in another figure folder; not an independent scientific product","unresolved; may be generated or historical",""
"12_systems_neuroscience_summary/5min_based/figures/qc/Fig_systems_temporal_umap_trajectories.svg","systems_dashboard_redundant_mirror","","retain_historical","Byte-identical mirror of Stage 14 authored figure in another figure folder; not an independent scientific product","unresolved; may be generated or historical",""
"12_systems_neuroscience_summary/5min_based/figures/qc/Fig_systems_trajectory_adaptation_phase_portrait.pdf","systems_dashboard_redundant_mirror","","retain_historical","Byte-identical mirror of Stage 14 authored figure in another figure folder; not an independent scientific product","unresolved; may be generated or historical",""
"12_systems_neuroscience_summary/5min_based/figures/qc/Fig_systems_trajectory_adaptation_phase_portrait.png","systems_dashboard_redundant_mirror","","retain_historical","Byte-identical mirror of Stage 14 authored figure in another figure folder; not an independent scientific product","unresolved; may be generated or historical",""
"12_systems_neuroscience_summary/5min_based/figures/qc/Fig_systems_trajectory_adaptation_phase_portrait.svg","systems_dashboard_redundant_mirror","","retain_historical","Byte-identical mirror of Stage 14 authored figure in another figure folder; not an independent scientific product","Stage 14 literal filename; writer context to verify","Analysis/14_systems_neuroscience_summary_dashboard.R"
"12_systems_neuroscience_summary/5min_based/figures/qc/Fig_temporal_flexibility_vs_rigidity.pdf","systems_dashboard_redundant_mirror","","retain_historical","Byte-identical mirror of Stage 14 authored figure in another figure folder; not an independent scientific product","unresolved; may be generated or historical",""
"12_systems_neuroscience_summary/5min_based/figures/qc/Fig_temporal_flexibility_vs_rigidity.png","systems_dashboard_redundant_mirror","","retain_historical","Byte-identical mirror of Stage 14 authored figure in another figure folder; not an independent scientific product","unresolved; may be generated or historical",""
"12_systems_neuroscience_summary/5min_based/figures/qc/Fig_temporal_flexibility_vs_rigidity.svg","systems_dashboard_redundant_mirror","","retain_historical","Byte-identical mirror of Stage 14 authored figure in another figure folder; not an independent scientific product","unresolved; may be generated or historical",""
"12_systems_neuroscience_summary/5min_based/figures/qc/README.txt","systems_dashboard_historical_index","","regenerate_on_cutover","Generic folder guide refers to the historical figure index; regenerate after semantic figure inventory is rebuilt","unresolved; may be generated or historical","Functions/behavioral_dynamics_helpers.R"
"12_systems_neuroscience_summary/5min_based/figures/supplementary/README.txt","systems_dashboard_historical_index","","regenerate_on_cutover","Generic folder guide refers to the historical figure index; regenerate after semantic figure inventory is rebuilt","unresolved; may be generated or historical","Functions/behavioral_dynamics_helpers.R"
"12_systems_neuroscience_summary/5min_based/first_night/10min_based/first_night_animal_window_qc.csv","first_night_10min","analyses/first_night_five_domain_characterization/10min","activated","Existing receipt-controlled first-night group","first_night_domain_driver via Stage 14; already activated","Analysis/14_systems_neuroscience_summary_dashboard.R; Analysis/build_publication_release.R; Functions/first_night_domain_driver.R"
"12_systems_neuroscience_summary/5min_based/first_night/10min_based/first_night_domain_contributor_qc.csv","first_night_10min","analyses/first_night_five_domain_characterization/10min","activated","Existing receipt-controlled first-night group","first_night_domain_driver via Stage 14; already activated","Analysis/14_systems_neuroscience_summary_dashboard.R; Analysis/build_publication_release.R; Functions/first_night_domain_driver.R"
"12_systems_neuroscience_summary/5min_based/first_night/10min_based/first_night_domain_scores.csv","first_night_10min","analyses/first_night_five_domain_characterization/10min","activated","Existing receipt-controlled first-night group","first_night_domain_driver via Stage 14; already activated","Analysis/14_systems_neuroscience_summary_dashboard.R; Analysis/28_rfid_behavioral_domains.R; Analysis/build_publication_release.R; Functions/first_night_domain_driver.R; Testing/audits/audit_first_night_domain_scores.R; Testing/audits/audit_first_night_domain_scores_v2.R; Testing/audits/audit_first_night_heatmap_v2.R; Testing/audits/audit_first_night_window_sensitivity.R; Testing/audits/audit_rfid_alternative_inference.R; Testing/audits/audit_rfid_conservatism.R; Testing/audits/audit_rfid_domain_construct_blind.R; Testing/audits/audit_rfid_reliability_and_improvement.R"
"12_systems_neuroscience_summary/5min_based/first_night/10min_based/first_night_feature_standardization_parameters.csv","first_night_10min","analyses/first_night_five_domain_characterization/10min","activated","Existing receipt-controlled first-night group","first_night_domain_driver via Stage 14; already activated","Functions/first_night_domain_driver.R"
"12_systems_neuroscience_summary/5min_based/first_night/10min_based/first_night_full_raw_candidate_family_sensitivity.csv","first_night_10min","analyses/first_night_five_domain_characterization/10min","activated","Existing receipt-controlled first-night group","first_night_domain_driver via Stage 14; already activated","Analysis/14_systems_neuroscience_summary_dashboard.R; Functions/first_night_domain_driver.R"
"12_systems_neuroscience_summary/5min_based/first_night/10min_based/first_night_group_contrasts.csv","first_night_10min","analyses/first_night_five_domain_characterization/10min","activated","Existing receipt-controlled first-night group","first_night_domain_driver via Stage 14; already activated","Analysis/14_systems_neuroscience_summary_dashboard.R; Analysis/27_build_behavior_main_figure.R; Analysis/build_publication_release.R; Functions/first_night_domain_driver.R; Functions/project_paths.R; Testing/audits/audit_rfid_legacy_vs_new_domains.R; Testing/tests/test_rfid_domain_contract.R"
"12_systems_neuroscience_summary/5min_based/first_night/10min_based/first_night_group_sex_interactions.csv","first_night_10min","analyses/first_night_five_domain_characterization/10min","activated","Existing receipt-controlled first-night group","first_night_domain_driver via Stage 14; already activated","Analysis/14_systems_neuroscience_summary_dashboard.R; Analysis/build_publication_release.R; Functions/first_night_domain_driver.R; Testing/audits/audit_first_night_candidate_set_decision.R; Testing/audits/audit_first_night_candidate_set_effects.R; Testing/audits/audit_rfid_legacy_vs_new_domains.R"
"12_systems_neuroscience_summary/5min_based/first_night/10min_based/first_night_multiplicity_contract.csv","first_night_10min","analyses/first_night_five_domain_characterization/10min","activated","Existing receipt-controlled first-night group","first_night_domain_driver via Stage 14; already activated","Analysis/build_publication_release.R; Functions/first_night_domain_driver.R"
"12_systems_neuroscience_summary/5min_based/first_night/10min_based/first_night_raw_features.csv","first_night_10min","analyses/first_night_five_domain_characterization/10min","activated","Existing receipt-controlled first-night group","first_night_domain_driver via Stage 14; already activated","Analysis/14_systems_neuroscience_summary_dashboard.R; Analysis/build_publication_release.R; Functions/first_night_domain_driver.R"
"12_systems_neuroscience_summary/5min_based/first_night/10min_based/first_night_window_contract.csv","first_night_10min","analyses/first_night_five_domain_characterization/10min","activated","Existing receipt-controlled first-night group","first_night_domain_driver via Stage 14; already activated","Analysis/14_systems_neuroscience_summary_dashboard.R; Analysis/build_publication_release.R; Functions/first_night_domain_driver.R; Testing/audits/audit_first_night_time_anchor.R"
"12_systems_neuroscience_summary/5min_based/first_night/5min_based/first_night_animal_window_qc.csv","first_night_5min","analyses/first_night_five_domain_characterization/5min","activated","Existing receipt-controlled first-night group","first_night_domain_driver via Stage 14; already activated","Analysis/14_systems_neuroscience_summary_dashboard.R; Analysis/build_publication_release.R; Functions/first_night_domain_driver.R"
"12_systems_neuroscience_summary/5min_based/first_night/5min_based/first_night_domain_contributor_qc.csv","first_night_5min","analyses/first_night_five_domain_characterization/5min","activated","Existing receipt-controlled first-night group","first_night_domain_driver via Stage 14; already activated","Analysis/14_systems_neuroscience_summary_dashboard.R; Analysis/build_publication_release.R; Functions/first_night_domain_driver.R"
"12_systems_neuroscience_summary/5min_based/first_night/5min_based/first_night_domain_scores.csv","first_night_5min","analyses/first_night_five_domain_characterization/5min","activated","Existing receipt-controlled first-night group","first_night_domain_driver via Stage 14; already activated","Analysis/14_systems_neuroscience_summary_dashboard.R; Analysis/28_rfid_behavioral_domains.R; Analysis/build_publication_release.R; Functions/first_night_domain_driver.R; Testing/audits/audit_first_night_domain_scores.R; Testing/audits/audit_first_night_domain_scores_v2.R; Testing/audits/audit_first_night_heatmap_v2.R; Testing/audits/audit_first_night_window_sensitivity.R; Testing/audits/audit_rfid_alternative_inference.R; Testing/audits/audit_rfid_conservatism.R; Testing/audits/audit_rfid_domain_construct_blind.R; Testing/audits/audit_rfid_reliability_and_improvement.R"
"12_systems_neuroscience_summary/5min_based/first_night/5min_based/first_night_feature_standardization_parameters.csv","first_night_5min","analyses/first_night_five_domain_characterization/5min","activated","Existing receipt-controlled first-night group","first_night_domain_driver via Stage 14; already activated","Functions/first_night_domain_driver.R"
"12_systems_neuroscience_summary/5min_based/first_night/5min_based/first_night_full_raw_candidate_family_sensitivity.csv","first_night_5min","analyses/first_night_five_domain_characterization/5min","activated","Existing receipt-controlled first-night group","first_night_domain_driver via Stage 14; already activated","Analysis/14_systems_neuroscience_summary_dashboard.R; Functions/first_night_domain_driver.R"
"12_systems_neuroscience_summary/5min_based/first_night/5min_based/first_night_group_contrasts.csv","first_night_5min","analyses/first_night_five_domain_characterization/5min","activated","Existing receipt-controlled first-night group","first_night_domain_driver via Stage 14; already activated","Analysis/14_systems_neuroscience_summary_dashboard.R; Analysis/27_build_behavior_main_figure.R; Analysis/build_publication_release.R; Functions/first_night_domain_driver.R; Functions/project_paths.R; Testing/audits/audit_rfid_legacy_vs_new_domains.R; Testing/tests/test_rfid_domain_contract.R"
"12_systems_neuroscience_summary/5min_based/first_night/5min_based/first_night_group_sex_interactions.csv","first_night_5min","analyses/first_night_five_domain_characterization/5min","activated","Existing receipt-controlled first-night group","first_night_domain_driver via Stage 14; already activated","Analysis/14_systems_neuroscience_summary_dashboard.R; Analysis/build_publication_release.R; Functions/first_night_domain_driver.R; Testing/audits/audit_first_night_candidate_set_decision.R; Testing/audits/audit_first_night_candidate_set_effects.R; Testing/audits/audit_rfid_legacy_vs_new_domains.R"
"12_systems_neuroscience_summary/5min_based/first_night/5min_based/first_night_multiplicity_contract.csv","first_night_5min","analyses/first_night_five_domain_characterization/5min","activated","Existing receipt-controlled first-night group","first_night_domain_driver via Stage 14; already activated","Analysis/build_publication_release.R; Functions/first_night_domain_driver.R"
"12_systems_neuroscience_summary/5min_based/first_night/5min_based/first_night_raw_features.csv","first_night_5min","analyses/first_night_five_domain_characterization/5min","activated","Existing receipt-controlled first-night group","first_night_domain_driver via Stage 14; already activated","Analysis/14_systems_neuroscience_summary_dashboard.R; Analysis/build_publication_release.R; Functions/first_night_domain_driver.R"
"12_systems_neuroscience_summary/5min_based/first_night/5min_based/first_night_window_contract.csv","first_night_5min","analyses/first_night_five_domain_characterization/5min","activated","Existing receipt-controlled first-night group","first_night_domain_driver via Stage 14; already activated","Analysis/14_systems_neuroscience_summary_dashboard.R; Analysis/build_publication_release.R; Functions/first_night_domain_driver.R; Testing/audits/audit_first_night_time_anchor.R"
"12_systems_neuroscience_summary/5min_based/manifest/input_output_manifest.csv","systems_dashboard_provenance_history","","retain_historical","Run provenance records the numbered output root","unresolved; may be generated or historical","Functions/behavioral_dynamics_helpers.R"
"12_systems_neuroscience_summary/5min_based/manifest/output_manifest.csv","systems_dashboard_provenance_history","","retain_historical","Run provenance records the numbered output root","unresolved; may be generated or historical","Functions/behavioral_dynamics_helpers.R; Testing/audits/audit_stage09_stale_artifacts.R; Testing/tests/test_output_path_length.R"
"12_systems_neuroscience_summary/5min_based/output_manifest.csv","systems_dashboard_provenance_history","","retain_historical","Run provenance records the numbered output root","unresolved; may be generated or historical","Functions/behavioral_dynamics_helpers.R; Testing/audits/audit_stage09_stale_artifacts.R; Testing/tests/test_output_path_length.R"
"12_systems_neuroscience_summary/5min_based/stats_tables/sis_first_night_full_raw_candidate_family_sensitivity.csv","systems_dashboard_5min","analyses/systems_dashboard/5min","ready","Candidate dashboard file; exact writer and active reader still require verification","Stage 14 literal filename; writer context to verify","Analysis/14_systems_neuroscience_summary_dashboard.R"
"12_systems_neuroscience_summary/5min_based/stats_tables/sis_first_night_group_contrasts.csv","systems_dashboard_5min","analyses/systems_dashboard/5min","ready","Candidate dashboard file; exact writer and active reader still require verification","Stage 14 literal filename; writer context to verify","Analysis/14_systems_neuroscience_summary_dashboard.R"
"12_systems_neuroscience_summary/5min_based/stats_tables/sis_first_night_group_sex_interactions.csv","systems_dashboard_5min","analyses/systems_dashboard/5min","ready","Candidate dashboard file; exact writer and active reader still require verification","Stage 14 literal filename; writer context to verify","Analysis/14_systems_neuroscience_summary_dashboard.R"
"12_systems_neuroscience_summary/5min_based/stats_tables/systems_duration_negative_control_endpoint_correlations.csv","systems_dashboard_5min","analyses/systems_dashboard/5min","ready","Candidate dashboard file; exact writer and active reader still require verification","Stage 14 literal filename; writer context to verify","Analysis/14_systems_neuroscience_summary_dashboard.R"
"12_systems_neuroscience_summary/5min_based/stats_tables/systems_group_contrasts.csv","systems_dashboard_5min","analyses/systems_dashboard/5min","ready","Candidate dashboard file; exact writer and active reader still require verification","Stage 14 literal filename; writer context to verify","Analysis/14_systems_neuroscience_summary_dashboard.R"
"12_systems_neuroscience_summary/5min_based/stats_tables/systems_group_sex_interaction_models.csv","systems_dashboard_5min","analyses/systems_dashboard/5min","ready","Candidate dashboard file; exact writer and active reader still require verification","Stage 14 literal filename; writer context to verify","Analysis/14_systems_neuroscience_summary_dashboard.R"
"12_systems_neuroscience_summary/5min_based/stats_tables/systems_group_summary.csv","systems_dashboard_5min","analyses/systems_dashboard/5min","ready","Candidate dashboard file; exact writer and active reader still require verification","Stage 14 literal filename; writer context to verify","Analysis/14_systems_neuroscience_summary_dashboard.R"
"12_systems_neuroscience_summary/5min_based/stats_tables/systems_latent_instability_combz_associations.csv","systems_dashboard_5min","analyses/systems_dashboard/5min","ready","Candidate dashboard file; exact writer and active reader still require verification","Stage 14 literal filename; writer context to verify","Analysis/14_systems_neuroscience_summary_dashboard.R"
"12_systems_neuroscience_summary/5min_based/stats_tables/systems_named_biological_score_group_summary.csv","systems_dashboard_5min","analyses/systems_dashboard/5min","ready","Candidate dashboard file; exact writer and active reader still require verification","Stage 14 literal filename; writer context to verify","Analysis/14_systems_neuroscience_summary_dashboard.R"
"12_systems_neuroscience_summary/5min_based/stats_tables/systems_outcome_associations.csv","systems_dashboard_5min","analyses/systems_dashboard/5min","ready","Candidate dashboard file; exact writer and active reader still require verification","Stage 14 literal filename; writer context to verify","Analysis/14_systems_neuroscience_summary_dashboard.R"
"12_systems_neuroscience_summary/5min_based/stats_tables/systems_pc1_combz_association_by_sex.csv","systems_dashboard_5min","analyses/systems_dashboard/5min","ready","Candidate dashboard file; exact writer and active reader still require verification","Stage 14 literal filename; writer context to verify","Analysis/14_systems_neuroscience_summary_dashboard.R"
"12_systems_neuroscience_summary/5min_based/stats_tables/systems_prospective_feature_scatter_sex_stats.csv","systems_dashboard_5min","analyses/systems_dashboard/5min","ready","Candidate dashboard file; exact writer and active reader still require verification","Stage 14 literal filename; writer context to verify","Analysis/14_systems_neuroscience_summary_dashboard.R"
"12_systems_neuroscience_summary/5min_based/stats_tables/systems_prospective_outcome_associations.csv","systems_dashboard_5min","analyses/systems_dashboard/5min","ready","Candidate dashboard file; exact writer and active reader still require verification","Stage 14 literal filename; writer context to verify","Analysis/14_systems_neuroscience_summary_dashboard.R"
"12_systems_neuroscience_summary/5min_based/stats_tables/systems_sis_domain_effect_summary.csv","systems_dashboard_5min","analyses/systems_dashboard/5min","ready","Candidate dashboard file; exact writer and active reader still require verification","Stage 14 literal filename; writer context to verify","Analysis/14_systems_neuroscience_summary_dashboard.R; Analysis/27_build_behavior_main_figure.R; Functions/project_paths.R; Testing/tests/test_hmm_stage14_contract.R"
"12_systems_neuroscience_summary/5min_based/stats_tables/systems_sis_domain_effect_summary_pre_hmm_identity_fix.csv","systems_dashboard_historical_evidence","","retain_historical","Frozen pre-HMM-identity-fix baseline; current Stage 14 reads it from numbered root and must not regenerate it","Stage 14 literal filename; writer context to verify","Analysis/14_systems_neuroscience_summary_dashboard.R"
"12_systems_neuroscience_summary/5min_based/stats_tables/systems_sis_domain_group_sex_interactions_by_hmm_resolution.csv","systems_dashboard_5min","analyses/systems_dashboard/5min","ready","Candidate dashboard file; exact writer and active reader still require verification","Stage 14 literal filename; writer context to verify","Analysis/14_systems_neuroscience_summary_dashboard.R"
"12_systems_neuroscience_summary/5min_based/stats_tables/systems_sis_domain_group_summary.csv","systems_dashboard_5min","analyses/systems_dashboard/5min","ready","Candidate dashboard file; exact writer and active reader still require verification","Stage 14 literal filename; writer context to verify","Analysis/14_systems_neuroscience_summary_dashboard.R"
"12_systems_neuroscience_summary/5min_based/stats_tables/systems_sis_domain_mixed_model_stats.csv","systems_dashboard_5min","analyses/systems_dashboard/5min","ready","Candidate dashboard file; exact writer and active reader still require verification","Stage 14 literal filename; writer context to verify","Analysis/14_systems_neuroscience_summary_dashboard.R"
"12_systems_neuroscience_summary/5min_based/stats_tables/systems_sis_female_active_state_architecture_before_after.csv","systems_dashboard_5min","analyses/systems_dashboard/5min","ready","Candidate dashboard file; exact writer and active reader still require verification","Stage 14 literal filename; writer context to verify","Analysis/14_systems_neuroscience_summary_dashboard.R"
"12_systems_neuroscience_summary/5min_based/stats_tables/systems_sis_first_active_12h_prediction_table.csv","systems_dashboard_5min","analyses/systems_dashboard/5min","ready","Candidate dashboard file; exact writer and active reader still require verification","Stage 14 literal filename; writer context to verify","Analysis/14_systems_neuroscience_summary_dashboard.R"
"12_systems_neuroscience_summary/5min_based/stats_tables/systems_sis_hmm_resolution_sensitivity.csv","systems_dashboard_5min","analyses/systems_dashboard/5min","ready","Candidate dashboard file; exact writer and active reader still require verification","Stage 14 literal filename; writer context to verify","Analysis/14_systems_neuroscience_summary_dashboard.R; Testing/audits/audit_hmm_state_architecture_components.R; Testing/tests/test_hmm_stage14_contract.R"
"12_systems_neuroscience_summary/5min_based/tables/duration_normalization_methods_text.csv","systems_dashboard_5min","analyses/systems_dashboard/5min","ready","Candidate dashboard file; exact writer and active reader still require verification","Stage 14 literal filename; writer context to verify","Analysis/14_systems_neuroscience_summary_dashboard.R"
"12_systems_neuroscience_summary/5min_based/tables/duration_sensitivity_audit.csv","systems_dashboard_5min","analyses/systems_dashboard/5min","ready","Candidate dashboard file; exact writer and active reader still require verification","Stage 14 literal filename; writer context to verify","Analysis/14_systems_neuroscience_summary_dashboard.R"
"12_systems_neuroscience_summary/5min_based/tables/epoch_duration_qc.csv","systems_dashboard_5min","analyses/systems_dashboard/5min","ready","Candidate dashboard file; exact writer and active reader still require verification","unresolved; may be generated or historical","Analysis/02_build_dyadic_rfid_contacts.R; Analysis/07_gamm_trajectory_features.R; Analysis/08_hmm_behavioral_states_optional.R; Functions/duration_normalization_helpers.R; Testing/audits/audit_hmm_state_architecture_provenance_addendum.R"
"12_systems_neuroscience_summary/5min_based/tables/input_path_registry.csv","systems_dashboard_5min","analyses/systems_dashboard/5min","ready","Candidate dashboard file; exact writer and active reader still require verification","Stage 14 literal filename; writer context to verify","Analysis/14_systems_neuroscience_summary_dashboard.R"
"12_systems_neuroscience_summary/5min_based/tables/output_figure_inventory.csv","systems_dashboard_historical_index","","regenerate_on_cutover","Existing figure index includes redundant mirrors and numbered-root paths; regenerate against reviewed semantic figure set","unresolved; may be generated or historical","Functions/behavioral_dynamics_helpers.R"
"12_systems_neuroscience_summary/5min_based/tables/output_folder_summary.csv","systems_dashboard_historical_index","","regenerate_on_cutover","Existing figure index includes redundant mirrors and numbered-root paths; regenerate against reviewed semantic figure set","unresolved; may be generated or historical","Functions/behavioral_dynamics_helpers.R"
"12_systems_neuroscience_summary/5min_based/tables/qc/chip_loss_downstream_feature_audit.csv","systems_dashboard_5min","analyses/systems_dashboard/5min","ready","Candidate dashboard file; exact writer and active reader still require verification","Stage 14 literal filename; writer context to verify","Analysis/14_systems_neuroscience_summary_dashboard.R"
"12_systems_neuroscience_summary/5min_based/tables/qc/group_balance_by_batch_system.csv","systems_dashboard_5min","analyses/systems_dashboard/5min","ready","Candidate dashboard file; exact writer and active reader still require verification","Stage 14 literal filename; writer context to verify","Analysis/14_systems_neuroscience_summary_dashboard.R"
"12_systems_neuroscience_summary/5min_based/tables/qc_chip_loss_flags.csv","systems_dashboard_5min","analyses/systems_dashboard/5min","ready","Candidate dashboard file; exact writer and active reader still require verification","Stage 14 literal filename; writer context to verify","Analysis/14_systems_neuroscience_summary_dashboard.R; Testing/audits/audit_hmm_state_architecture_components.R; Testing/audits/audit_hmm_state_architecture_phaseA_formula_units_qc.R; Testing/audits/audit_hmm_state_architecture_qc_sensitivity.R; Testing/audits/audit_inactive_phase_qc_redesign.R"
"12_systems_neuroscience_summary/5min_based/tables/sis_CC1_first_active_domain_contrasts.csv","systems_dashboard_5min","analyses/systems_dashboard/5min","ready","Candidate dashboard file; exact writer and active reader still require verification","Stage 14 literal filename; writer context to verify","Analysis/14_systems_neuroscience_summary_dashboard.R; Testing/audits/audit_first_night_heatmap_v2.R; Testing/audits/audit_first_night_hmm_components.R"
"12_systems_neuroscience_summary/5min_based/tables/sis_CC1_first_active_domain_documentation.csv","systems_dashboard_historical_evidence","","retain_historical","Removed from Stage 14 writer on 2026-09-03; existing September 2 file is historical evidence","unresolved; may be generated or historical",""
"12_systems_neuroscience_summary/5min_based/tables/sis_CC1_first_active_domain_exclusion_qc.csv","systems_dashboard_historical_evidence","","retain_historical","Removed from Stage 14 writer on 2026-09-03; existing September 2 file is historical evidence","unresolved; may be generated or historical",""
"12_systems_neuroscience_summary/5min_based/tables/sis_CC1_first_active_domain_feature_inventory.csv","systems_dashboard_historical_evidence","","retain_historical","Removed from Stage 14 writer on 2026-09-03; existing September 2 file is historical evidence","unresolved; may be generated or historical",""
"12_systems_neuroscience_summary/5min_based/tables/sis_CC1_first_active_domain_heatmap_data.csv","systems_dashboard_5min","analyses/systems_dashboard/5min","ready","Candidate dashboard file; exact writer and active reader still require verification","Stage 14 literal filename; writer context to verify","Analysis/14_systems_neuroscience_summary_dashboard.R; Testing/audits/audit_first_night_domain_scores.R; Testing/audits/audit_first_night_hmm_components.R"
"12_systems_neuroscience_summary/5min_based/tables/sis_first_night_animal_window_qc.csv","systems_dashboard_5min","analyses/systems_dashboard/5min","ready","Candidate dashboard file; exact writer and active reader still require verification","Stage 14 literal filename; writer context to verify","Analysis/14_systems_neuroscience_summary_dashboard.R"
"12_systems_neuroscience_summary/5min_based/tables/sis_first_night_documentation.csv","systems_dashboard_5min","analyses/systems_dashboard/5min","ready","Candidate dashboard file; exact writer and active reader still require verification","Stage 14 literal filename; writer context to verify","Analysis/14_systems_neuroscience_summary_dashboard.R"
"12_systems_neuroscience_summary/5min_based/tables/sis_first_night_domain_contributor_qc.csv","systems_dashboard_5min","analyses/systems_dashboard/5min","ready","Candidate dashboard file; exact writer and active reader still require verification","Stage 14 literal filename; writer context to verify","Analysis/14_systems_neuroscience_summary_dashboard.R"
"12_systems_neuroscience_summary/5min_based/tables/sis_first_night_domain_n_by_sex_group.csv","systems_dashboard_5min","analyses/systems_dashboard/5min","ready","Candidate dashboard file; exact writer and active reader still require verification","Stage 14 literal filename; writer context to verify","Analysis/14_systems_neuroscience_summary_dashboard.R"
"12_systems_neuroscience_summary/5min_based/tables/sis_first_night_domain_scores.csv","systems_dashboard_5min","analyses/systems_dashboard/5min","ready","Candidate dashboard file; exact writer and active reader still require verification","Stage 14 literal filename; writer context to verify","Analysis/14_systems_neuroscience_summary_dashboard.R"
"12_systems_neuroscience_summary/5min_based/tables/sis_first_night_raw_features.csv","systems_dashboard_5min","analyses/systems_dashboard/5min","ready","Candidate dashboard file; exact writer and active reader still require verification","Stage 14 literal filename; writer context to verify","Analysis/14_systems_neuroscience_summary_dashboard.R"
"12_systems_neuroscience_summary/5min_based/tables/sis_first_night_window_contract.csv","systems_dashboard_5min","analyses/systems_dashboard/5min","ready","Candidate dashboard file; exact writer and active reader still require verification","Stage 14 literal filename; writer context to verify","Analysis/14_systems_neuroscience_summary_dashboard.R"
"12_systems_neuroscience_summary/5min_based/tables/systems_analysis_summary.csv","systems_dashboard_5min","analyses/systems_dashboard/5min","ready","Candidate dashboard file; exact writer and active reader still require verification","Stage 14 literal filename; writer context to verify","Analysis/14_systems_neuroscience_summary_dashboard.R; Analysis/_supporting/13_nonlinear_systems_dynamics.R"
"12_systems_neuroscience_summary/5min_based/tables/systems_animal_feature_matrix.csv","systems_dashboard_5min","analyses/systems_dashboard/5min","ready","Candidate dashboard file; exact writer and active reader still require verification","Stage 14 literal filename; writer context to verify","Analysis/14_systems_neuroscience_summary_dashboard.R"
"12_systems_neuroscience_summary/5min_based/tables/systems_batch_system_cage_audit.csv","systems_dashboard_5min","analyses/systems_dashboard/5min","ready","Candidate dashboard file; exact writer and active reader still require verification","Stage 14 literal filename; writer context to verify","Analysis/14_systems_neuroscience_summary_dashboard.R"
"12_systems_neuroscience_summary/5min_based/tables/systems_behavior_proteomics_bridge.csv","systems_dashboard_5min","analyses/systems_dashboard/5min","ready","Candidate dashboard file; exact writer and active reader still require verification","Stage 14 literal filename; writer context to verify","Analysis/14_systems_neuroscience_summary_dashboard.R"
"12_systems_neuroscience_summary/5min_based/tables/systems_bin_size_sensitivity_summary.csv","systems_dashboard_5min","analyses/systems_dashboard/5min","ready","Candidate dashboard file; exact writer and active reader still require verification","Stage 14 literal filename; writer context to verify","Analysis/14_systems_neuroscience_summary_dashboard.R"
"12_systems_neuroscience_summary/5min_based/tables/systems_claim_hierarchy.csv","systems_dashboard_5min","analyses/systems_dashboard/5min","ready","Candidate dashboard file; exact writer and active reader still require verification","Stage 14 literal filename; writer context to verify","Analysis/14_systems_neuroscience_summary_dashboard.R"
"12_systems_neuroscience_summary/5min_based/tables/systems_computation_integration_audit.csv","systems_dashboard_5min","analyses/systems_dashboard/5min","ready","Candidate dashboard file; exact writer and active reader still require verification","Stage 14 literal filename; writer context to verify","Analysis/14_systems_neuroscience_summary_dashboard.R"
"12_systems_neuroscience_summary/5min_based/tables/systems_dashboard_group_n_by_sex.csv","systems_dashboard_5min","analyses/systems_dashboard/5min","ready","Candidate dashboard file; exact writer and active reader still require verification","Stage 14 literal filename; writer context to verify","Analysis/14_systems_neuroscience_summary_dashboard.R"
"12_systems_neuroscience_summary/5min_based/tables/systems_dashboard_module_effect_summary.csv","systems_dashboard_5min","analyses/systems_dashboard/5min","ready","Candidate dashboard file; exact writer and active reader still require verification","Stage 14 literal filename; writer context to verify","Analysis/14_systems_neuroscience_summary_dashboard.R"
"12_systems_neuroscience_summary/5min_based/tables/systems_domain_bin_preference_audit.csv","systems_dashboard_5min","analyses/systems_dashboard/5min","ready","Candidate dashboard file; exact writer and active reader still require verification","Stage 14 literal filename; writer context to verify","Analysis/14_systems_neuroscience_summary_dashboard.R"
"12_systems_neuroscience_summary/5min_based/tables/systems_duration_negative_control_by_animal.csv","systems_dashboard_5min","analyses/systems_dashboard/5min","ready","Candidate dashboard file; exact writer and active reader still require verification","Stage 14 literal filename; writer context to verify","Analysis/14_systems_neuroscience_summary_dashboard.R"
"12_systems_neuroscience_summary/5min_based/tables/systems_early_active_baseline_relative_reorganization.csv","systems_dashboard_5min","analyses/systems_dashboard/5min","ready","Candidate dashboard file; exact writer and active reader still require verification","Stage 14 literal filename; writer context to verify","Analysis/14_systems_neuroscience_summary_dashboard.R"
"12_systems_neuroscience_summary/5min_based/tables/systems_early_active_domain_scores.csv","systems_dashboard_5min","analyses/systems_dashboard/5min","ready","Candidate dashboard file; exact writer and active reader still require verification","Stage 14 literal filename; writer context to verify","Analysis/14_systems_neuroscience_summary_dashboard.R"
"12_systems_neuroscience_summary/5min_based/tables/systems_early_active_recovery_kinetics.csv","systems_dashboard_5min","analyses/systems_dashboard/5min","ready","Candidate dashboard file; exact writer and active reader still require verification","Stage 14 literal filename; writer context to verify","Analysis/14_systems_neuroscience_summary_dashboard.R"
"12_systems_neuroscience_summary/5min_based/tables/systems_endpoint_leakage_audit.csv","systems_dashboard_5min","analyses/systems_dashboard/5min","ready","Candidate dashboard file; exact writer and active reader still require verification","Stage 14 literal filename; writer context to verify","Analysis/14_systems_neuroscience_summary_dashboard.R"
"12_systems_neuroscience_summary/5min_based/tables/systems_ethological_phase_organization.csv","systems_dashboard_5min","analyses/systems_dashboard/5min","ready","Candidate dashboard file; exact writer and active reader still require verification","Stage 14 literal filename; writer context to verify","Analysis/14_systems_neuroscience_summary_dashboard.R"
"12_systems_neuroscience_summary/5min_based/tables/systems_feature_correlation_network_edges.csv","systems_dashboard_5min","analyses/systems_dashboard/5min","ready","Candidate dashboard file; exact writer and active reader still require verification","Stage 14 literal filename; writer context to verify","Analysis/14_systems_neuroscience_summary_dashboard.R"
"12_systems_neuroscience_summary/5min_based/tables/systems_feature_dictionary.csv","systems_dashboard_5min","analyses/systems_dashboard/5min","ready","Candidate dashboard file; exact writer and active reader still require verification","Stage 14 literal filename; writer context to verify","Analysis/14_systems_neuroscience_summary_dashboard.R"
"12_systems_neuroscience_summary/5min_based/tables/systems_feature_qc.csv","systems_dashboard_5min","analyses/systems_dashboard/5min","ready","Candidate dashboard file; exact writer and active reader still require verification","Stage 14 literal filename; writer context to verify","Analysis/14_systems_neuroscience_summary_dashboard.R"
"12_systems_neuroscience_summary/5min_based/tables/systems_feature_redundancy_within_modules.csv","systems_dashboard_5min","analyses/systems_dashboard/5min","ready","Candidate dashboard file; exact writer and active reader still require verification","Stage 14 literal filename; writer context to verify","Analysis/14_systems_neuroscience_summary_dashboard.R"
"12_systems_neuroscience_summary/5min_based/tables/systems_feature_sets.csv","systems_dashboard_5min","analyses/systems_dashboard/5min","ready","Candidate dashboard file; exact writer and active reader still require verification","Stage 14 literal filename; writer context to verify","Analysis/14_systems_neuroscience_summary_dashboard.R"
"12_systems_neuroscience_summary/5min_based/tables/systems_first_active_window_qc.csv","systems_dashboard_5min","analyses/systems_dashboard/5min","ready","Candidate dashboard file; exact writer and active reader still require verification","Stage 14 literal filename; writer context to verify","Analysis/14_systems_neuroscience_summary_dashboard.R"
"12_systems_neuroscience_summary/5min_based/tables/systems_hmm_composite_component_audit.csv","systems_dashboard_5min","analyses/systems_dashboard/5min","ready","Candidate dashboard file; exact writer and active reader still require verification","Stage 14 literal filename; writer context to verify","Analysis/14_systems_neuroscience_summary_dashboard.R; Testing/audits/audit_hmm_state_architecture_construct_comparison.R"
"12_systems_neuroscience_summary/5min_based/tables/systems_hmm_epoch_scores_by_resolution.csv","systems_dashboard_5min","analyses/systems_dashboard/5min","ready","Candidate dashboard file; exact writer and active reader still require verification","Stage 14 literal filename; writer context to verify","Analysis/14_systems_neuroscience_summary_dashboard.R; Testing/audits/audit_hmm_state_architecture_components.R"
"12_systems_neuroscience_summary/5min_based/tables/systems_hmm_group_sex_concordance.csv","systems_dashboard_5min","analyses/systems_dashboard/5min","ready","Candidate dashboard file; exact writer and active reader still require verification","Stage 14 literal filename; writer context to verify","Analysis/14_systems_neuroscience_summary_dashboard.R"
"12_systems_neuroscience_summary/5min_based/tables/systems_hmm_identity_alias_audit.csv","systems_dashboard_5min","analyses/systems_dashboard/5min","ready","Candidate dashboard file; exact writer and active reader still require verification","Stage 14 literal filename; writer context to verify","Analysis/14_systems_neuroscience_summary_dashboard.R"
"12_systems_neuroscience_summary/5min_based/tables/systems_hmm_identity_conflicts.csv","systems_dashboard_5min","analyses/systems_dashboard/5min","ready","Candidate dashboard file; exact writer and active reader still require verification","Stage 14 literal filename; writer context to verify","Analysis/14_systems_neuroscience_summary_dashboard.R"
"12_systems_neuroscience_summary/5min_based/tables/systems_hmm_identity_summary.csv","systems_dashboard_5min","analyses/systems_dashboard/5min","ready","Candidate dashboard file; exact writer and active reader still require verification","Stage 14 literal filename; writer context to verify","Analysis/14_systems_neuroscience_summary_dashboard.R; Testing/tests/test_hmm_stage14_contract.R"
"12_systems_neuroscience_summary/5min_based/tables/systems_hmm_path_audit.csv","systems_dashboard_5min","analyses/systems_dashboard/5min","ready","Candidate dashboard file; exact writer and active reader still require verification","Stage 14 literal filename; writer context to verify","Analysis/14_systems_neuroscience_summary_dashboard.R"
"12_systems_neuroscience_summary/5min_based/tables/systems_hmm_resolution_provenance.csv","systems_dashboard_5min","analyses/systems_dashboard/5min","ready","Candidate dashboard file; exact writer and active reader still require verification","Stage 14 literal filename; writer context to verify","Analysis/14_systems_neuroscience_summary_dashboard.R; Testing/tests/test_hmm_stage14_contract.R"
"12_systems_neuroscience_summary/5min_based/tables/systems_hmm_semantic_category_audit.csv","systems_dashboard_5min","analyses/systems_dashboard/5min","ready","Candidate dashboard file; exact writer and active reader still require verification","Stage 14 literal filename; writer context to verify","Analysis/14_systems_neuroscience_summary_dashboard.R; Testing/tests/test_hmm_stage14_contract.R"
"12_systems_neuroscience_summary/5min_based/tables/systems_hmm_standardization_context_audit.csv","systems_dashboard_5min","analyses/systems_dashboard/5min","ready","Candidate dashboard file; exact writer and active reader still require verification","Stage 14 literal filename; writer context to verify","Analysis/14_systems_neuroscience_summary_dashboard.R; Testing/tests/test_hmm_stage14_contract.R"
"12_systems_neuroscience_summary/5min_based/tables/systems_hmm_state_semantic_labels.csv","systems_dashboard_5min","analyses/systems_dashboard/5min","ready","Candidate dashboard file; exact writer and active reader still require verification","Stage 14 literal filename; writer context to verify","Analysis/14_systems_neuroscience_summary_dashboard.R"
"12_systems_neuroscience_summary/5min_based/tables/systems_hmm_transition_probability_differences.csv","systems_dashboard_5min","analyses/systems_dashboard/5min","ready","Candidate dashboard file; exact writer and active reader still require verification","Stage 14 literal filename; writer context to verify","Analysis/14_systems_neuroscience_summary_dashboard.R"
"12_systems_neuroscience_summary/5min_based/tables/systems_hmm_transition_probability_summary.csv","systems_dashboard_5min","analyses/systems_dashboard/5min","ready","Candidate dashboard file; exact writer and active reader still require verification","Stage 14 literal filename; writer context to verify","Analysis/14_systems_neuroscience_summary_dashboard.R"
"12_systems_neuroscience_summary/5min_based/tables/systems_incremental_prediction_loo_predictions.csv","systems_dashboard_5min","analyses/systems_dashboard/5min","ready","Candidate dashboard file; exact writer and active reader still require verification","Stage 14 literal filename; writer context to verify","Analysis/14_systems_neuroscience_summary_dashboard.R"
"12_systems_neuroscience_summary/5min_based/tables/systems_incremental_prediction_model_ladder.csv","systems_dashboard_5min","analyses/systems_dashboard/5min","ready","Candidate dashboard file; exact writer and active reader still require verification","Stage 14 literal filename; writer context to verify","Analysis/14_systems_neuroscience_summary_dashboard.R"
"12_systems_neuroscience_summary/5min_based/tables/systems_interpretation_guide.csv","systems_dashboard_5min","analyses/systems_dashboard/5min","ready","Candidate dashboard file; exact writer and active reader still require verification","Stage 14 literal filename; writer context to verify","Analysis/14_systems_neuroscience_summary_dashboard.R"
"12_systems_neuroscience_summary/5min_based/tables/systems_latent_instability_by_animal.csv","systems_dashboard_5min","analyses/systems_dashboard/5min","ready","Candidate dashboard file; exact writer and active reader still require verification","Stage 14 literal filename; writer context to verify","Analysis/14_systems_neuroscience_summary_dashboard.R"
"12_systems_neuroscience_summary/5min_based/tables/systems_leave_one_context_out_robustness.csv","systems_dashboard_5min","analyses/systems_dashboard/5min","ready","Candidate dashboard file; exact writer and active reader still require verification","Stage 14 literal filename; writer context to verify","Analysis/14_systems_neuroscience_summary_dashboard.R"
"12_systems_neuroscience_summary/5min_based/tables/systems_linear_vs_nonlinear_feature_audit.csv","systems_dashboard_5min","analyses/systems_dashboard/5min","ready","Candidate dashboard file; exact writer and active reader still require verification","Stage 14 literal filename; writer context to verify","Analysis/14_systems_neuroscience_summary_dashboard.R"
"12_systems_neuroscience_summary/5min_based/tables/systems_module_coupling_edges.csv","systems_dashboard_5min","analyses/systems_dashboard/5min","ready","Candidate dashboard file; exact writer and active reader still require verification","Stage 14 literal filename; writer context to verify","Analysis/14_systems_neuroscience_summary_dashboard.R"
"12_systems_neuroscience_summary/5min_based/tables/systems_module_feature_inventory.csv","systems_dashboard_5min","analyses/systems_dashboard/5min","ready","Candidate dashboard file; exact writer and active reader still require verification","Stage 14 literal filename; writer context to verify","Analysis/14_systems_neuroscience_summary_dashboard.R"
"12_systems_neuroscience_summary/5min_based/tables/systems_module_scorecards.csv","systems_dashboard_5min","analyses/systems_dashboard/5min","ready","Candidate dashboard file; exact writer and active reader still require verification","Stage 14 literal filename; writer context to verify","Analysis/14_systems_neuroscience_summary_dashboard.R; Testing/tests/test_stage14_module_scorecard_contract.R; Testing/tests/test_write_registry_rerun_behavior.R"
"12_systems_neuroscience_summary/5min_based/tables/systems_module_scorecards_base.csv","systems_dashboard_5min","analyses/systems_dashboard/5min","ready","Candidate dashboard file; exact writer and active reader still require verification","Stage 14 literal filename; writer context to verify","Analysis/14_systems_neuroscience_summary_dashboard.R"
"12_systems_neuroscience_summary/5min_based/tables/systems_module_scores_by_animal.csv","systems_dashboard_5min","analyses/systems_dashboard/5min","ready","Candidate dashboard file; exact writer and active reader still require verification","Stage 14 literal filename; writer context to verify","Analysis/14_systems_neuroscience_summary_dashboard.R"
"12_systems_neuroscience_summary/5min_based/tables/systems_multiscale_temporal_organization.csv","systems_dashboard_5min","analyses/systems_dashboard/5min","ready","Candidate dashboard file; exact writer and active reader still require verification","Stage 14 literal filename; writer context to verify","Analysis/14_systems_neuroscience_summary_dashboard.R"
"12_systems_neuroscience_summary/5min_based/tables/systems_named_biological_scores.csv","systems_dashboard_5min","analyses/systems_dashboard/5min","ready","Candidate dashboard file; exact writer and active reader still require verification","Stage 14 literal filename; writer context to verify","Analysis/14_systems_neuroscience_summary_dashboard.R"
"12_systems_neuroscience_summary/5min_based/tables/systems_output_naming_conventions.csv","systems_dashboard_5min","analyses/systems_dashboard/5min","ready","Candidate dashboard file; exact writer and active reader still require verification","Stage 14 literal filename; writer context to verify","Analysis/14_systems_neuroscience_summary_dashboard.R"
"12_systems_neuroscience_summary/5min_based/tables/systems_pca_loadings.csv","systems_dashboard_5min","analyses/systems_dashboard/5min","ready","Candidate dashboard file; exact writer and active reader still require verification","Stage 14 literal filename; writer context to verify","Analysis/14_systems_neuroscience_summary_dashboard.R"
"12_systems_neuroscience_summary/5min_based/tables/systems_pca_scores.csv","systems_dashboard_5min","analyses/systems_dashboard/5min","ready","Candidate dashboard file; exact writer and active reader still require verification","Stage 14 literal filename; writer context to verify","Analysis/14_systems_neuroscience_summary_dashboard.R"
"12_systems_neuroscience_summary/5min_based/tables/systems_pca_variance.csv","systems_dashboard_5min","analyses/systems_dashboard/5min","ready","Candidate dashboard file; exact writer and active reader still require verification","Stage 14 literal filename; writer context to verify","Analysis/14_systems_neuroscience_summary_dashboard.R"
"12_systems_neuroscience_summary/5min_based/tables/systems_prediction_ladder_coefficients.csv","systems_dashboard_5min","analyses/systems_dashboard/5min","ready","Candidate dashboard file; exact writer and active reader still require verification","Stage 14 literal filename; writer context to verify","Analysis/14_systems_neuroscience_summary_dashboard.R"
"12_systems_neuroscience_summary/5min_based/tables/systems_prediction_ladder_coefficients_duration_sensitivity.csv","systems_dashboard_5min","analyses/systems_dashboard/5min","ready","Candidate dashboard file; exact writer and active reader still require verification","Stage 14 literal filename; writer context to verify","Analysis/14_systems_neuroscience_summary_dashboard.R"
"12_systems_neuroscience_summary/5min_based/tables/systems_prediction_ladder_loo_predictions.csv","systems_dashboard_5min","analyses/systems_dashboard/5min","ready","Candidate dashboard file; exact writer and active reader still require verification","Stage 14 literal filename; writer context to verify","Analysis/14_systems_neuroscience_summary_dashboard.R"
"12_systems_neuroscience_summary/5min_based/tables/systems_prediction_ladder_loo_predictions_duration_sensitivity.csv","systems_dashboard_5min","analyses/systems_dashboard/5min","ready","Candidate dashboard file; exact writer and active reader still require verification","Stage 14 literal filename; writer context to verify","Analysis/14_systems_neuroscience_summary_dashboard.R"
"12_systems_neuroscience_summary/5min_based/tables/systems_prediction_ladder_performance.csv","systems_dashboard_5min","analyses/systems_dashboard/5min","ready","Candidate dashboard file; exact writer and active reader still require verification","Stage 14 literal filename; writer context to verify","Analysis/14_systems_neuroscience_summary_dashboard.R"
"12_systems_neuroscience_summary/5min_based/tables/systems_prediction_ladder_performance_duration_sensitivity.csv","systems_dashboard_5min","analyses/systems_dashboard/5min","ready","Candidate dashboard file; exact writer and active reader still require verification","Stage 14 literal filename; writer context to verify","Analysis/14_systems_neuroscience_summary_dashboard.R"
"12_systems_neuroscience_summary/5min_based/tables/systems_prediction_module_delta_waterfall.csv","systems_dashboard_5min","analyses/systems_dashboard/5min","ready","Candidate dashboard file; exact writer and active reader still require verification","Stage 14 literal filename; writer context to verify","Analysis/14_systems_neuroscience_summary_dashboard.R"
"12_systems_neuroscience_summary/5min_based/tables/systems_prediction_module_scores.csv","systems_dashboard_5min","analyses/systems_dashboard/5min","ready","Candidate dashboard file; exact writer and active reader still require verification","Stage 14 literal filename; writer context to verify","Analysis/14_systems_neuroscience_summary_dashboard.R"
"12_systems_neuroscience_summary/5min_based/tables/systems_prediction_module_scores_duration_sensitivity.csv","systems_dashboard_5min","analyses/systems_dashboard/5min","ready","Candidate dashboard file; exact writer and active reader still require verification","Stage 14 literal filename; writer context to verify","Analysis/14_systems_neuroscience_summary_dashboard.R"
"12_systems_neuroscience_summary/5min_based/tables/systems_primary_claims_table.csv","systems_dashboard_5min","analyses/systems_dashboard/5min","ready","Candidate dashboard file; exact writer and active reader still require verification","Stage 14 literal filename; writer context to verify","Analysis/14_systems_neuroscience_summary_dashboard.R"
"12_systems_neuroscience_summary/5min_based/tables/systems_primary_feature_set.csv","systems_dashboard_5min","analyses/systems_dashboard/5min","ready","Candidate dashboard file; exact writer and active reader still require verification","Stage 14 literal filename; writer context to verify","Analysis/14_systems_neuroscience_summary_dashboard.R"
"12_systems_neuroscience_summary/5min_based/tables/systems_primary_findings_summary.csv","systems_dashboard_5min","analyses/systems_dashboard/5min","ready","Candidate dashboard file; exact writer and active reader still require verification","Stage 14 literal filename; writer context to verify","Analysis/14_systems_neuroscience_summary_dashboard.R"
"12_systems_neuroscience_summary/5min_based/tables/systems_prospective_outcome_loo_performance.csv","systems_dashboard_5min","analyses/systems_dashboard/5min","ready","Candidate dashboard file; exact writer and active reader still require verification","Stage 14 literal filename; writer context to verify","Analysis/14_systems_neuroscience_summary_dashboard.R"
"12_systems_neuroscience_summary/5min_based/tables/systems_prospective_outcome_loo_performance_by_sex.csv","systems_dashboard_5min","analyses/systems_dashboard/5min","ready","Candidate dashboard file; exact writer and active reader still require verification","Stage 14 literal filename; writer context to verify","Analysis/14_systems_neuroscience_summary_dashboard.R"
"12_systems_neuroscience_summary/5min_based/tables/systems_prospective_outcome_loo_predictions.csv","systems_dashboard_5min","analyses/systems_dashboard/5min","ready","Candidate dashboard file; exact writer and active reader still require verification","Stage 14 literal filename; writer context to verify","Analysis/14_systems_neuroscience_summary_dashboard.R"
"12_systems_neuroscience_summary/5min_based/tables/systems_rest_fragmentation_metrics.csv","systems_dashboard_5min","analyses/systems_dashboard/5min","ready","Candidate dashboard file; exact writer and active reader still require verification","Stage 14 literal filename; writer context to verify","Analysis/14_systems_neuroscience_summary_dashboard.R"
"12_systems_neuroscience_summary/5min_based/tables/systems_robustness_audit.csv","systems_dashboard_5min","analyses/systems_dashboard/5min","ready","Candidate dashboard file; exact writer and active reader still require verification","Stage 14 literal filename; writer context to verify","Analysis/14_systems_neuroscience_summary_dashboard.R"
"12_systems_neuroscience_summary/5min_based/tables/systems_robustness_summary.csv","systems_dashboard_5min","analyses/systems_dashboard/5min","ready","Candidate dashboard file; exact writer and active reader still require verification","Stage 14 literal filename; writer context to verify","Analysis/14_systems_neuroscience_summary_dashboard.R"
"12_systems_neuroscience_summary/5min_based/tables/systems_sis_active_inactive_domain_contrasts.csv","systems_dashboard_5min","analyses/systems_dashboard/5min","ready","Candidate dashboard file; exact writer and active reader still require verification","Stage 14 literal filename; writer context to verify","Analysis/14_systems_neuroscience_summary_dashboard.R"
"12_systems_neuroscience_summary/5min_based/tables/systems_sis_dashboard_figure_legend_draft.csv","systems_dashboard_5min","analyses/systems_dashboard/5min","ready","Candidate dashboard file; exact writer and active reader still require verification","Stage 14 literal filename; writer context to verify","Analysis/14_systems_neuroscience_summary_dashboard.R"
"12_systems_neuroscience_summary/5min_based/tables/systems_sis_domain_feature_inventory.csv","systems_dashboard_5min","analyses/systems_dashboard/5min","ready","Candidate dashboard file; exact writer and active reader still require verification","Stage 14 literal filename; writer context to verify","Analysis/14_systems_neuroscience_summary_dashboard.R"
"12_systems_neuroscience_summary/5min_based/tables/systems_sis_domain_interpretation_guide.csv","systems_dashboard_5min","analyses/systems_dashboard/5min","ready","Candidate dashboard file; exact writer and active reader still require verification","Stage 14 literal filename; writer context to verify","Analysis/14_systems_neuroscience_summary_dashboard.R"
"12_systems_neuroscience_summary/5min_based/tables/systems_sis_domain_pca_loadings.csv","systems_dashboard_5min","analyses/systems_dashboard/5min","ready","Candidate dashboard file; exact writer and active reader still require verification","Stage 14 literal filename; writer context to verify","Analysis/14_systems_neuroscience_summary_dashboard.R"
"12_systems_neuroscience_summary/5min_based/tables/systems_sis_domain_pca_scores.csv","systems_dashboard_5min","analyses/systems_dashboard/5min","ready","Candidate dashboard file; exact writer and active reader still require verification","Stage 14 literal filename; writer context to verify","Analysis/14_systems_neuroscience_summary_dashboard.R"
"12_systems_neuroscience_summary/5min_based/tables/systems_sis_domain_scores.csv","systems_dashboard_5min","analyses/systems_dashboard/5min","ready","Candidate dashboard file; exact writer and active reader still require verification","Stage 14 literal filename; writer context to verify","Analysis/14_systems_neuroscience_summary_dashboard.R; Testing/audits/audit_first_night_domain_scores_v2.R; Testing/audits/audit_first_night_window_provenance.R; Testing/audits/audit_hmm_state_architecture_locomotion_dominance.R"
"12_systems_neuroscience_summary/5min_based/tables/systems_sis_feature_redundancy_diagnostics.csv","systems_dashboard_5min","analyses/systems_dashboard/5min","ready","Candidate dashboard file; exact writer and active reader still require verification","Stage 14 literal filename; writer context to verify","Analysis/14_systems_neuroscience_summary_dashboard.R"
"12_systems_neuroscience_summary/5min_based/tables/systems_sis_first_active_12h_domain_scores.csv","systems_dashboard_5min","analyses/systems_dashboard/5min","ready","Candidate dashboard file; exact writer and active reader still require verification","Stage 14 literal filename; writer context to verify","Analysis/14_systems_neuroscience_summary_dashboard.R; Functions/project_paths.R; Testing/audits/audit_first_night_domain_scores.R; Testing/audits/audit_first_night_domain_scores_v2.R"
"12_systems_neuroscience_summary/5min_based/tables/systems_sis_locomotion_dominance_audit.csv","systems_dashboard_5min","analyses/systems_dashboard/5min","ready","Candidate dashboard file; exact writer and active reader still require verification","Stage 14 literal filename; writer context to verify","Analysis/14_systems_neuroscience_summary_dashboard.R"
"12_systems_neuroscience_summary/5min_based/tables/systems_sis_raw_phase_epoch_features.csv","systems_dashboard_5min","analyses/systems_dashboard/5min","ready","Candidate dashboard file; exact writer and active reader still require verification","Stage 14 literal filename; writer context to verify","Analysis/14_systems_neuroscience_summary_dashboard.R"
"12_systems_neuroscience_summary/5min_based/tables/systems_sleep_like_inactivity_summary.csv","systems_dashboard_5min","analyses/systems_dashboard/5min","ready","Candidate dashboard file; exact writer and active reader still require verification","Stage 14 literal filename; writer context to verify","Analysis/14_systems_neuroscience_summary_dashboard.R"
"12_systems_neuroscience_summary/5min_based/tables/systems_sleep_like_path_audit.csv","systems_dashboard_5min","analyses/systems_dashboard/5min","ready","Candidate dashboard file; exact writer and active reader still require verification","Stage 14 literal filename; writer context to verify","Analysis/14_systems_neuroscience_summary_dashboard.R"
"12_systems_neuroscience_summary/5min_based/tables/systems_social_reorganization_metrics.csv","systems_dashboard_5min","analyses/systems_dashboard/5min","ready","Candidate dashboard file; exact writer and active reader still require verification","Stage 14 literal filename; writer context to verify","Analysis/14_systems_neuroscience_summary_dashboard.R"
"12_systems_neuroscience_summary/5min_based/tables/systems_stage14_hmm_coverage_audit.csv","systems_dashboard_5min","analyses/systems_dashboard/5min","ready","Candidate dashboard file; exact writer and active reader still require verification","Stage 14 literal filename; writer context to verify","Analysis/14_systems_neuroscience_summary_dashboard.R; Testing/tests/test_hmm_stage14_contract.R"
"12_systems_neuroscience_summary/5min_based/tables/systems_stage14_hmm_epoch_coverage_detail.csv","systems_dashboard_5min","analyses/systems_dashboard/5min","ready","Candidate dashboard file; exact writer and active reader still require verification","Stage 14 literal filename; writer context to verify","Analysis/14_systems_neuroscience_summary_dashboard.R"
"12_systems_neuroscience_summary/5min_based/tables/systems_stats_reporting_guide.csv","systems_dashboard_5min","analyses/systems_dashboard/5min","ready","Candidate dashboard file; exact writer and active reader still require verification","Stage 14 literal filename; writer context to verify","Analysis/14_systems_neuroscience_summary_dashboard.R"
"12_systems_neuroscience_summary/5min_based/tables/systems_temporal_latent_epoch_embeddings.csv","systems_dashboard_5min","analyses/systems_dashboard/5min","ready","Candidate dashboard file; exact writer and active reader still require verification","Stage 14 literal filename; writer context to verify","Analysis/14_systems_neuroscience_summary_dashboard.R"
"12_systems_neuroscience_summary/5min_based/tables/systems_temporal_latent_group_trajectories.csv","systems_dashboard_5min","analyses/systems_dashboard/5min","ready","Candidate dashboard file; exact writer and active reader still require verification","Stage 14 literal filename; writer context to verify","Analysis/14_systems_neuroscience_summary_dashboard.R"
"12_systems_neuroscience_summary/5min_based/tables/systems_top_findings_for_reporting.csv","systems_dashboard_5min","analyses/systems_dashboard/5min","ready","Candidate dashboard file; exact writer and active reader still require verification","Stage 14 literal filename; writer context to verify","Analysis/14_systems_neuroscience_summary_dashboard.R"
"12_systems_neuroscience_summary/5min_based/tables/systems_umap_scores.csv","systems_dashboard_5min","analyses/systems_dashboard/5min","ready","Candidate dashboard file; exact writer and active reader still require verification","Stage 14 literal filename; writer context to verify","Analysis/14_systems_neuroscience_summary_dashboard.R"
"12_systems_neuroscience_summary/5min_based/tables/systems_upstream_dependency_audit.csv","systems_dashboard_5min","analyses/systems_dashboard/5min","ready","Candidate dashboard file; exact writer and active reader still require verification","Stage 14 literal filename; writer context to verify","Analysis/14_systems_neuroscience_summary_dashboard.R"
"12_systems_neuroscience_summary/5min_based/tables/systems_visualization_guide.csv","systems_dashboard_5min","analyses/systems_dashboard/5min","ready","Candidate dashboard file; exact writer and active reader still require verification","Stage 14 literal filename; writer context to verify","Analysis/14_systems_neuroscience_summary_dashboard.R"
