"relative_path","size_bytes","sha256"
"dyadic_contacts/figures/exploratory/README.txt","330","7c55015964e5c3d731055c51390e0cce86dc97a263317edcab388117e11eda54"
"dyadic_contacts/figures/interactive/README.txt","330","04a93a9db626de7962d449170c58971355320ac8caedf223705da54c56ce935b"
"dyadic_contacts/figures/publication_panels/README.txt","337","286c6049c438a35fa640b7aebc024153bbbbe1f1a4bbe837fd8b226708ff37cf"
"dyadic_contacts/figures/qc/README.txt","321","fcc7347cfbb2d92ffff45d2d214694895194bd3da990013d0d8e3d556a6ef029"
"dyadic_contacts/figures/supplementary/README.txt","332","72409480a7f9877bca1f93d2796bfdde2cf350a81c01a1dd3acfbcd060f10849"
"dyadic_contacts/manifest/input_output_manifest.csv","311","691364f35924a62b67511b606b1b5172154bc4e2f4e6309e12877e5eb8977e42"
"dyadic_contacts/manifest/output_manifest.csv","856","d23501c8adb75b19f117cc5c95e92e149b46139baa2ff7dc817cbc78d46670f9"
"dyadic_contacts/output_manifest.csv","856","d23501c8adb75b19f117cc5c95e92e149b46139baa2ff7dc817cbc78d46670f9"
"dyadic_contacts/tables/dyadic_contact_qc_by_file.csv","14838","b7f701c26ba241feace8dd7086684f7116bf9206d1ad336ccc51695cd035b6f7"
"dyadic_contacts/tables/dyadic_contacts_by_bin.csv","68035528","1090c24ca778d90e84e570ca7d58dd8107d63d8129d3756e7f49088547c95568"
"dyadic_contacts/tables/dyadic_contacts_interval_level.csv","555949297","7219c7f4e6fa706b31a6ee5a4a651ed3a4240b784d8e1ce956af01bdd6bb6627"
"dyadic_contacts/tables/dyadic_network_ready.csv","48680146","e0e4ff0748d270b72099197ef954349b4643a8ec0c6cc9f9f7530d2126d82e83"
"dyadic_contacts/tables/epoch_duration_qc.csv","148009","418a81bb51b00203a0fc664037b2bfded8118a5b95b5b2640905c188e3edbe3a"
"dyadic_contacts/tables/output_figure_inventory.csv","78","c24480f8916b209fb4de1eb9188e3584cc5f0488a474be0d99e8e6ea5be1842f"
"dyadic_contacts/tables/output_folder_summary.csv","382","b25f6193d87a02b31cac6ed273314414bcf336c826e3f9dee8951bb51ed00ce2"
"dyadic_contacts/tables/phase_boundary_and_gap_rule_audit.csv","327","119772c516bb95056515a4da98ff307103e3c27a851a306d5c810af6675b1357"
"gamm_features/10min_based/figures/exploratory/README.txt","330","7c55015964e5c3d731055c51390e0cce86dc97a263317edcab388117e11eda54"
"gamm_features/10min_based/figures/interactive/README.txt","330","04a93a9db626de7962d449170c58971355320ac8caedf223705da54c56ce935b"
"gamm_features/10min_based/figures/publication_panels/README.txt","337","286c6049c438a35fa640b7aebc024153bbbbe1f1a4bbe837fd8b226708ff37cf"
"gamm_features/10min_based/figures/qc/README.txt","321","fcc7347cfbb2d92ffff45d2d214694895194bd3da990013d0d8e3d556a6ef029"
"gamm_features/10min_based/figures/supplementary/README.txt","332","72409480a7f9877bca1f93d2796bfdde2cf350a81c01a1dd3acfbcd060f10849"
"gamm_features/10min_based/manifest/input_output_manifest.csv","485","47539461d64e47f1a02a818eb03317267bac3e259b2d3051a7b2c620e2768d9f"
"gamm_features/10min_based/manifest/output_manifest.csv","808","90eed32540e86911fe00b92d4cd535d4b9b9abf37e4c9568eab1a34f55759347"
"gamm_features/10min_based/output_manifest.csv","808","90eed32540e86911fe00b92d4cd535d4b9b9abf37e4c9568eab1a34f55759347"
"gamm_features/10min_based/tables/combined_gamm_features.csv","863520","61c164fa48cf88ea0cb164ffcc21fc51ca8d7b01c7d731aa05fb93c04c4fd860"
"gamm_features/10min_based/tables/entropy_gamm_features.csv","288699","46e288c1f4d903202e43bcf69d4aff064e5c37c24f9d4591591d6304c58fb082"
"gamm_features/10min_based/tables/epoch_duration_qc.csv","203736","19d1ae2deddb7d4c46f29f33064c054ea2231dca288e99dbeeddbbc6a2e443b0"
"gamm_features/10min_based/tables/gamm_model_qc.csv","675","0bb61f0106c04d9fa11d5c6043507560d61f1dfe22da3010d1e5261abd4537b9"
"gamm_features/10min_based/tables/gamm_trajectory_interpretation_guide.csv","482","c1f47990469dcb155c664e46c1f3e7e8deeb7526c22fa4410a3e52bf424a6852"
"gamm_features/10min_based/tables/gamm_trajectory_robustness_summary.csv","5195","2e36b626fd1abb8f82b130f304853ed205c8ab1ccb79cea3cf3703a6550731b7"
"gamm_features/10min_based/tables/movement_gamm_features.csv","286942","e0258260bb4a469d643186980569ceaba310c86299de2b042744a8e6139f75f8"
"gamm_features/10min_based/tables/output_figure_inventory.csv","78","c24480f8916b209fb4de1eb9188e3584cc5f0488a474be0d99e8e6ea5be1842f"
"gamm_features/10min_based/tables/output_folder_summary.csv","382","b25f6193d87a02b31cac6ed273314414bcf336c826e3f9dee8951bb51ed00ce2"
"gamm_features/10min_based/tables/proximity_gamm_features.csv","288933","2f55df91e731494a470e188d0f8bdfd6d788bacda45ceedaae1142ac14e39acb"
"gamm_features/30min_based/output_manifest.csv","808","f7c7613eb72b2de0d8618aca16c3f2830e3af663dabbbc67832561229c1f892d"
"gamm_features/30min_based/tables/combined_gamm_features.csv","801914","6cd6179692210cbd378df159f1a4e3d9839fa1b30137b3b88085dcd0fe5da254"
"gamm_features/30min_based/tables/entropy_gamm_features.csv","268491","934bcde665ea95ebb511014fb2ad425f712261bd3833c6b25048e504621551bb"
"gamm_features/30min_based/tables/epoch_duration_qc.csv","176539","01b321ec65d668cc94b8aaf7c17174d11a036954a7631a2af435fa517f603baf"
"gamm_features/30min_based/tables/gamm_model_qc.csv","672","fe444a64845af9c03b494f8550d07a574c8fd718e90bb42cf99651ad133de3ca"
"gamm_features/30min_based/tables/gamm_trajectory_interpretation_guide.csv","482","c1f47990469dcb155c664e46c1f3e7e8deeb7526c22fa4410a3e52bf424a6852"
"gamm_features/30min_based/tables/gamm_trajectory_robustness_summary.csv","5228","e1caa102ad1562a7387e96aedf69c70ba153583b24d800942bfcea939ef5328b"
"gamm_features/30min_based/tables/movement_gamm_features.csv","265976","72f878df6a9104030b301da316009de740e7692b915adc7b50d3f58fc43fc082"
"gamm_features/30min_based/tables/proximity_gamm_features.csv","268501","5f1168cbf3f3d51ffde59e54a66a6f549c2ffdfbc8c52a60470fd4ac4b6b3854"
"hmm_states/10min_based/figures/exploratory/README.txt","330","7c55015964e5c3d731055c51390e0cce86dc97a263317edcab388117e11eda54"
"hmm_states/10min_based/figures/hmm_state_occupancy.pdf","257085","bdd3f82bf193f237a8cec95d7c559060035851fbdffd440163067a37de0e6509"
"hmm_states/10min_based/figures/hmm_state_occupancy.png","472459","c60892ec49fe9f0afe24b25fa25e5351ae25fe6125db813ebed1f3f91ef1668e"
"hmm_states/10min_based/figures/hmm_state_occupancy.svg","850062","84de1badb8479ba6f74bec1ce0d3bfe4172097883ffe5fc46522ac8583b09416"
"hmm_states/10min_based/figures/interactive/README.txt","330","04a93a9db626de7962d449170c58971355320ac8caedf223705da54c56ce935b"
"hmm_states/10min_based/figures/publication_panels/hmm_state_occupancy.pdf","257085","bdd3f82bf193f237a8cec95d7c559060035851fbdffd440163067a37de0e6509"
"hmm_states/10min_based/figures/publication_panels/hmm_state_occupancy.png","472459","c60892ec49fe9f0afe24b25fa25e5351ae25fe6125db813ebed1f3f91ef1668e"
"hmm_states/10min_based/figures/publication_panels/hmm_state_occupancy.svg","850062","84de1badb8479ba6f74bec1ce0d3bfe4172097883ffe5fc46522ac8583b09416"
"hmm_states/10min_based/figures/publication_panels/README.txt","319","9b957880bf142e8e7ee5034d698dc3cf630f411fae5bfd345d64fabf57540a90"
"hmm_states/10min_based/figures/qc/README.txt","321","fcc7347cfbb2d92ffff45d2d214694895194bd3da990013d0d8e3d556a6ef029"
"hmm_states/10min_based/figures/supplementary/README.txt","332","72409480a7f9877bca1f93d2796bfdde2cf350a81c01a1dd3acfbcd060f10849"
"hmm_states/10min_based/manifest/input_output_manifest.csv","478","28fcae2b890cbf1d166535f50c89263cab8118d57ff7c8c652c18d47c6a31c41"
"hmm_states/10min_based/manifest/output_manifest.csv","2394","e585dcdd21feedd41b74133eedc796c361d55ab9ecab4065b6372fddf0f2f4e2"
"hmm_states/10min_based/output_manifest.csv","2394","e585dcdd21feedd41b74133eedc796c361d55ab9ecab4065b6372fddf0f2f4e2"
"hmm_states/10min_based/tables/epoch_duration_qc.csv","233091","128017f2990754066303657a6a5e7b9586a680d191cedf9d0733951710ba3b5f"
"hmm_states/10min_based/tables/hmm_canonical_animal_roster.csv","1748","0defed421df48c3502938d126a08bad8cd2331197ec1a700fc97d91b85687469"
"hmm_states/10min_based/tables/hmm_data_quality_exclusions.csv","46","6bccb1ae77ec48f27003f9ce81e8a5ac6591d17960f7a729a29b27cf0a3ca089"
"hmm_states/10min_based/tables/hmm_epoch_data_quality_exclusions.csv","739","ddc3f9692e0cc0e79315bf1d88d27da05e83cfc594882484c08f4a7a15985dbc"
"hmm_states/10min_based/tables/hmm_fit_attempt_audit.csv","706","2b10126f2b6f0da7311fd3c3d75975f0359b2d9c7297c832fbe3932c5b767f56"
"hmm_states/10min_based/tables/hmm_gap_segmentation_audit.csv","142103","beda12484e136d559908923e20e9896c3100d4f53a2b8ff92866036debf606c4"
"hmm_states/10min_based/tables/hmm_identity_alias_audit.csv","4622","5c5ae2fb7e3779e35964226b63630fabf121cdf7af0be331364d289b8d5f667c"
"hmm_states/10min_based/tables/hmm_identity_concordance.csv","7720","40eefc184e362204eeda6762c30d2b5608ffb2576cd4543a50d2a3171686d80d"
"hmm_states/10min_based/tables/hmm_identity_conflicts.csv","61","8a25ad6494c6f7481c764b638429b31871de691a42e4d7a184fe37184fbc2c46"
"hmm_states/10min_based/tables/hmm_identity_summary.csv","240","0602548f517ac328af3eda2594b40c350c29ccfd947cb56daa3368998fb1cab1"
"hmm_states/10min_based/tables/hmm_input_provenance.csv","2833","8ae6d0ad34ed0f4eeb45ea69f4874764b51715167e00faad625e28b4e79a0b56"
"hmm_states/10min_based/tables/hmm_model_qc.csv","666","086a674de30246322301e97c008c8c04ab0e38e0881b9367e39f96f57a5a3ee9"
"hmm_states/10min_based/tables/hmm_sequence_design.csv","203884","a18b67567b02bfdb07460f873fe23b438962e4ca1bd3a3b6f750417bd1231001"
"hmm_states/10min_based/tables/hmm_sequence_quality_audit.csv","49531","a3b65379212368ccc35e46c67534dfefd23d81a65b1774874f8f24d7f39d1813"
"hmm_states/10min_based/tables/hmm_state_assignments.csv","36588413","77a241bfab63137fe89bb2c913a0229206eb671c61719643f9bf74ed9bd48f70"
"hmm_states/10min_based/tables/hmm_state_dwell_times.csv","820094","be4ba0cf6095726326cad6eb8896e6e84509f41edceb5a64887b265fa16dc03d"
"hmm_states/10min_based/tables/hmm_state_occupancy.csv","652586","b660730dee7bc4df4a86eb457234d443186ef483e8d3a6c428fbf527f316bf5c"
"hmm_states/10min_based/tables/hmm_state_summary.csv","459","80229557a7a684e586e808c61c7c73f258331817bb5930b6b010446dc8452736"
"hmm_states/10min_based/tables/hmm_transition_counts.csv","2233371","037d417d33aa5a3b0a44d7037779f409bd2df0f519bc8db672bf50911019c3b4"
"hmm_states/10min_based/tables/hmm_transition_probabilities.csv","2424459","968e50b7e2be5f34646e3fe9a75bf366af75766e272c4e6bd191b09e8818d0b6"
"hmm_states/10min_based/tables/output_figure_inventory.csv","1059","55234ce2fb7f58b6d81f624455f5bc1631c3254c4391aa7723ec224fb4238de1"
"hmm_states/10min_based/tables/output_folder_summary.csv","364","61223d1905632414103f19058371ae2649c0a64ffcf24601867d8795230ea34e"
"hmm_states/5min_based/figures/exploratory/README.txt","330","7c55015964e5c3d731055c51390e0cce86dc97a263317edcab388117e11eda54"
"hmm_states/5min_based/figures/hmm_state_occupancy.pdf","260209","eb751c9a2cdcf92e8109a9461b08f566b2ebdab38d26c8c93302d37ee74350df"
"hmm_states/5min_based/figures/hmm_state_occupancy.png","508056","44548f43e1da2fd265db37266414aef3b57ffb642f4519847cadd1d33c739baf"
"hmm_states/5min_based/figures/hmm_state_occupancy.svg","859033","d778b143034ca7744d749260f65a8958d424d4a8b9ef2ea3b12044a1dbdeb91f"
"hmm_states/5min_based/figures/interactive/README.txt","330","04a93a9db626de7962d449170c58971355320ac8caedf223705da54c56ce935b"
"hmm_states/5min_based/figures/publication_panels/hmm_state_occupancy.pdf","260209","eb751c9a2cdcf92e8109a9461b08f566b2ebdab38d26c8c93302d37ee74350df"
"hmm_states/5min_based/figures/publication_panels/hmm_state_occupancy.png","508056","44548f43e1da2fd265db37266414aef3b57ffb642f4519847cadd1d33c739baf"
"hmm_states/5min_based/figures/publication_panels/hmm_state_occupancy.svg","859033","d778b143034ca7744d749260f65a8958d424d4a8b9ef2ea3b12044a1dbdeb91f"
"hmm_states/5min_based/figures/publication_panels/README.txt","319","9b957880bf142e8e7ee5034d698dc3cf630f411fae5bfd345d64fabf57540a90"
"hmm_states/5min_based/figures/qc/README.txt","321","fcc7347cfbb2d92ffff45d2d214694895194bd3da990013d0d8e3d556a6ef029"
"hmm_states/5min_based/figures/supplementary/README.txt","332","72409480a7f9877bca1f93d2796bfdde2cf350a81c01a1dd3acfbcd060f10849"
"hmm_states/5min_based/manifest/input_output_manifest.csv","474","3e80be91230260f0aae56a59b3a89f7875900c2790b6993a59b8e4fd99e03bdb"
"hmm_states/5min_based/manifest/output_manifest.csv","2382","36af367fa49fccf0b8f33313654ae78fd0369c597dbb4d69e0b8c114ddf546a9"
"hmm_states/5min_based/output_manifest.csv","2382","36af367fa49fccf0b8f33313654ae78fd0369c597dbb4d69e0b8c114ddf546a9"
"hmm_states/5min_based/tables/epoch_duration_qc.csv","234928","fcd185f797183fcb362065dabc0f7baa4a268c296a5c1094de6e74f3aea239dd"
"hmm_states/5min_based/tables/hmm_canonical_animal_roster.csv","1748","0defed421df48c3502938d126a08bad8cd2331197ec1a700fc97d91b85687469"
"hmm_states/5min_based/tables/hmm_data_quality_exclusions.csv","46","6bccb1ae77ec48f27003f9ce81e8a5ac6591d17960f7a729a29b27cf0a3ca089"
"hmm_states/5min_based/tables/hmm_epoch_data_quality_exclusions.csv","733","b4774e789366ff450107edb7dd5b11df23ac85b4e942fb94cded31f06df7b4e5"
"hmm_states/5min_based/tables/hmm_fit_attempt_audit.csv","703","7201c02b0599d98186fb782435969b88d53c29da9489fb37152b8ce0dbd2b2e5"
"hmm_states/5min_based/tables/hmm_gap_segmentation_audit.csv","143096","3516a52637b1526932fe03ad0e6698634caec0b1da5b8159c412dc45eb822318"
"hmm_states/5min_based/tables/hmm_identity_alias_audit.csv","4511","9ce892cfdc049ecbbd558a98b6d3507faa999d7b67edcde98d398ae960e23350"
"hmm_states/5min_based/tables/hmm_identity_concordance.csv","7609","12bf39a910dec069e34ab826fd467bd88d920910203f2aa823216cef1edce291"
"hmm_states/5min_based/tables/hmm_identity_conflicts.csv","61","8a25ad6494c6f7481c764b638429b31871de691a42e4d7a184fe37184fbc2c46"
"hmm_states/5min_based/tables/hmm_identity_summary.csv","239","4e510fcc7c57bc8c0cebbc2734fb5631d526b7b7e96640b600c88bda392025f0"
"hmm_states/5min_based/tables/hmm_input_provenance.csv","2838","472c5dbfce0da9fca6084d997e7214740599b55e3524d84faf10432d75bf3239"
"hmm_states/5min_based/tables/hmm_model_qc.csv","672","59ed8971386653bb8ec08c98d30d3ebd8be08baeee2219d4785bc6e0626afbba"
"hmm_states/5min_based/tables/hmm_sequence_design.csv","206527","e1b7be04e478474415ffcc184b20dd87e8bdca0963f884d32f2e861ad2989699"
"hmm_states/5min_based/tables/hmm_sequence_quality_audit.csv","48865","d399482579c27adba4fa9c8a2994e913d3173b64468954dc29df800ac68edb5e"
"hmm_states/5min_based/tables/hmm_state_assignments.csv","73484945","754beffae9eae5e47fb708e8f12b2ea0994fcc3c4e706a9c69d395c25a7754e0"
"hmm_states/5min_based/tables/hmm_state_dwell_times.csv","842428","b1a6c028894dda40ce6c3d5062f3d73729f5a9a9388e5fb9f7475dbc7d1115a1"
"hmm_states/5min_based/tables/hmm_state_occupancy.csv","665557","0b67d4703889473d9fc8dc23cbc6d42316c64786b1ae84f379ad7b6d55e5eeee"
"hmm_states/5min_based/tables/hmm_state_summary.csv","457","d0b9b61aaaf8d6635412581e64f5d2c2c4d0fa5450ccd907fb8fcf46c62d80da"
"hmm_states/5min_based/tables/hmm_transition_counts.csv","2261150","b65bfdd986694e295ed536946cd4bafe079dbc339f298dc1b69e8b32b12ec418"
"hmm_states/5min_based/tables/hmm_transition_probabilities.csv","2469427","a187c8751b2b5d7afa2bd36f640df3d9f05cb9a300b76e24ab6bf118a64c9514"
"hmm_states/5min_based/tables/output_figure_inventory.csv","1059","16ed8e5c0fd2693a223f2726d813d1e3b99b9efc49cee4f275c15c089d5ebb19"
"hmm_states/5min_based/tables/output_folder_summary.csv","364","61223d1905632414103f19058371ae2649c0a64ffcf24601867d8795230ea34e"
"proteomics_integration_output_dir_map.csv","780","77ca14d0c16d341b40489cdfd8bc8f1ddd109923f97cd23f91d2c0dc21171bb7"
"proteomics_mnn_primary/figures/exploratory/README.txt","330","7c55015964e5c3d731055c51390e0cce86dc97a263317edcab388117e11eda54"
"proteomics_mnn_primary/figures/interactive/README.txt","330","04a93a9db626de7962d449170c58971355320ac8caedf223705da54c56ce935b"
"proteomics_mnn_primary/figures/publication_panels/README.txt","337","286c6049c438a35fa640b7aebc024153bbbbe1f1a4bbe837fd8b226708ff37cf"
"proteomics_mnn_primary/figures/qc/README.txt","321","fcc7347cfbb2d92ffff45d2d214694895194bd3da990013d0d8e3d556a6ef029"
"proteomics_mnn_primary/figures/supplementary/README.txt","332","72409480a7f9877bca1f93d2796bfdde2cf350a81c01a1dd3acfbcd060f10849"
"proteomics_mnn_primary/male/figures/behavior_proteomics_axis_heatmap_male.pdf","38724","d387bb4a5d998612d241b9573a215e2d1395140ccf7488720f5bf51c1d1137c9"
"proteomics_mnn_primary/male/figures/behavior_proteomics_axis_heatmap_male.png","182574","72e358c327f12b2a39b01c0933c90edf3300c60b1e722795ebd001179d983766"
"proteomics_mnn_primary/male/figures/behavior_proteomics_axis_heatmap_male.svg","10658","f7a98208e8cb533c6058c3b5403ced91d2ee107a449d5a11f16a645ef2aa6e7a"
"proteomics_mnn_primary/male/figures/behavior_proteomics_heatmap_male.pdf","41774","182365c9fe73c11b378611f39750ace06635238161563362bf9992c99b25ab5c"
"proteomics_mnn_primary/male/figures/behavior_proteomics_heatmap_male.png","566703","c5f7cdc701e67419978faa52fd59c282e6bbcc21c84241428a3b207181a37c44"
"proteomics_mnn_primary/male/figures/behavior_proteomics_heatmap_male.svg","28881","0f2b7dccfc8381ee33085b58e6b483e044665024582e109493514909b86d2e54"
"proteomics_mnn_primary/male/figures/publication_panels/behavior_proteomics_axis_heatmap_male.pdf","38724","d387bb4a5d998612d241b9573a215e2d1395140ccf7488720f5bf51c1d1137c9"
"proteomics_mnn_primary/male/figures/publication_panels/behavior_proteomics_axis_heatmap_male.png","182574","72e358c327f12b2a39b01c0933c90edf3300c60b1e722795ebd001179d983766"
"proteomics_mnn_primary/male/figures/publication_panels/behavior_proteomics_axis_heatmap_male.svg","10658","f7a98208e8cb533c6058c3b5403ced91d2ee107a449d5a11f16a645ef2aa6e7a"
"proteomics_mnn_primary/male/figures/publication_panels/behavior_proteomics_heatmap_male.pdf","41774","182365c9fe73c11b378611f39750ace06635238161563362bf9992c99b25ab5c"
"proteomics_mnn_primary/male/figures/publication_panels/behavior_proteomics_heatmap_male.png","566703","c5f7cdc701e67419978faa52fd59c282e6bbcc21c84241428a3b207181a37c44"
"proteomics_mnn_primary/male/figures/publication_panels/behavior_proteomics_heatmap_male.svg","28881","0f2b7dccfc8381ee33085b58e6b483e044665024582e109493514909b86d2e54"
"proteomics_mnn_primary/male/figures/publication_panels/strongest_axis_behavior_proteomics_relationship_male.pdf","34336","1d2825fcb9bf10606ad1ac01b32600d2af7f3298a7cd0343ec8382ff4b99bd41"
"proteomics_mnn_primary/male/figures/publication_panels/strongest_axis_behavior_proteomics_relationship_male.png","130848","1e6f91f720bc31e2886a2ebbb5dfd973886a40e98ad7f39992aa2603f2f224d4"
"proteomics_mnn_primary/male/figures/publication_panels/strongest_axis_behavior_proteomics_relationship_male.svg","9207","6cbe6a6003f5c23880eecf491c90ff6175d6e2c6db1f6ca9f6470fb935b01ffa"
"proteomics_mnn_primary/male/figures/strongest_axis_behavior_proteomics_relationship_male.pdf","34336","1d2825fcb9bf10606ad1ac01b32600d2af7f3298a7cd0343ec8382ff4b99bd41"
"proteomics_mnn_primary/male/figures/strongest_axis_behavior_proteomics_relationship_male.png","130848","1e6f91f720bc31e2886a2ebbb5dfd973886a40e98ad7f39992aa2603f2f224d4"
"proteomics_mnn_primary/male/figures/strongest_axis_behavior_proteomics_relationship_male.svg","9207","6cbe6a6003f5c23880eecf491c90ff6175d6e2c6db1f6ca9f6470fb935b01ffa"
"proteomics_mnn_primary/male/tables/behavior_proteomics_correlations_male.csv","16925381","af62ec27a775f7c2ac82140b9ac6dab1b300303e61e6097aad5900c1d65e32d3"
"proteomics_mnn_primary/male/tables/behavior_proteomics_merged_male.csv","70069","ab694a0753ef602cc7447d2486d9b6fff8c2f79d8d923df1cde9be602483e4a3"
"proteomics_mnn_primary/male/tables/behavioral_latent_axes_male.csv","9129","8b6e7d386598aeefc0271b974591512c526d9aaafc35b45b17f66a7488ef46c5"
"proteomics_mnn_primary/male/tables/crossmodal_behavior_proteomics_correlations_male.csv","3862675","212bf51ab3a58a662785bd28e8504903afb95fb0334d16634993a9c752ca7367"
"proteomics_mnn_primary/male/tables/curated_behavior_proteomics_models_male.csv","19269","41f238360cff63c8e4811c8d85d218a85ee211c6fcb7aef897d76f58ad10f0d5"
"proteomics_mnn_primary/male/tables/latent_axis_associations_male.csv","9442","2463324009c5489598442faceaf76acf3357ab9b78cc9a7758f41c5a8a2ac385"
"proteomics_mnn_primary/male/tables/latent_axis_feature_inventory_male.csv","56361","45c90c3574f6fb49f623d05273af9902b6b04d636adcd7ccf7177847a027b427"
"proteomics_mnn_primary/male/tables/proteomic_latent_axes_male.csv","626","d6179beae6d4431f9b5c13b4c44b79e7148006fe220e9c7be406c2e3a0109a70"
"proteomics_mnn_primary/manifest/input_output_manifest.csv","373","13bf5015193714ca9f727544e95a46c330a69ef2b39e6b6279bb5d8815ba5b7e"
"proteomics_mnn_primary/manifest/output_manifest.csv","3498","e17d71689c024de33ebe94dda3b7e7f952c4701440e8f12ae3b7d7d62e707ae2"
"proteomics_mnn_primary/output_manifest.csv","3498","e17d71689c024de33ebe94dda3b7e7f952c4701440e8f12ae3b7d7d62e707ae2"
"proteomics_mnn_primary/tables/all_crossmodal_behavior_proteomics_correlations.csv","3862675","212bf51ab3a58a662785bd28e8504903afb95fb0334d16634993a9c752ca7367"
"proteomics_mnn_primary/tables/all_curated_behavior_proteomics_models.csv","19269","41f238360cff63c8e4811c8d85d218a85ee211c6fcb7aef897d76f58ad10f0d5"
"proteomics_mnn_primary/tables/all_latent_axis_associations.csv","9442","2463324009c5489598442faceaf76acf3357ab9b78cc9a7758f41c5a8a2ac385"
"proteomics_mnn_primary/tables/behavior_proteomics_id_crosswalk.csv","816","2a509c80b6eef8fefbad2498481a7c97d9a5e7980b716d4b192915650b0cf459"
"proteomics_mnn_primary/tables/integrated_behavior_feature_matrix.csv","489158","8e491685075aea67a73ef644e956773889e0d059db26ed580462ec5f09ef50b5"
"proteomics_mnn_primary/tables/integrated_behavior_feature_sources.csv","5880","e26080066512a9dff21a477ada9a887df6c636a90249b6103354f67278ac3788"
"proteomics_mnn_primary/tables/integrated_behavior_features_long.csv","3727393","b9cdccb13ebace12be7827691bffeddda21ed6d49b008f075dc47a9780e36b60"
"proteomics_mnn_primary/tables/output_figure_inventory.csv","78","c24480f8916b209fb4de1eb9188e3584cc5f0488a474be0d99e8e6ea5be1842f"
"proteomics_mnn_primary/tables/output_folder_summary.csv","382","b25f6193d87a02b31cac6ed273314414bcf336c826e3f9dee8951bb51ed00ce2"
"proteomics_mnn_sensitivity/figures/exploratory/README.txt","330","7c55015964e5c3d731055c51390e0cce86dc97a263317edcab388117e11eda54"
"proteomics_mnn_sensitivity/figures/interactive/README.txt","330","04a93a9db626de7962d449170c58971355320ac8caedf223705da54c56ce935b"
"proteomics_mnn_sensitivity/figures/publication_panels/README.txt","337","286c6049c438a35fa640b7aebc024153bbbbe1f1a4bbe837fd8b226708ff37cf"
"proteomics_mnn_sensitivity/figures/qc/README.txt","321","fcc7347cfbb2d92ffff45d2d214694895194bd3da990013d0d8e3d556a6ef029"
"proteomics_mnn_sensitivity/figures/supplementary/README.txt","332","72409480a7f9877bca1f93d2796bfdde2cf350a81c01a1dd3acfbcd060f10849"
"proteomics_mnn_sensitivity/male/figures/behavior_proteomics_axis_heatmap_male.pdf","38735","2fd8d0838c980aacde2f8401cc6131b2e4396614f76e4412946819ae24225023"
"proteomics_mnn_sensitivity/male/figures/behavior_proteomics_axis_heatmap_male.png","182719","4ef2edecd65576c6bda2c8745392a32ba050a70a229eb7ce73f15a7d8d0b4117"
"proteomics_mnn_sensitivity/male/figures/behavior_proteomics_axis_heatmap_male.svg","10658","bbca686f91a0d8c511b1e3c8fc445d5a2385fb3f84006e1b690e8c470b148041"
"proteomics_mnn_sensitivity/male/figures/behavior_proteomics_heatmap_male.pdf","43548","db9622bb22fb56327d5f195a01321818dfd1d6cc409023ce8eed61fa584dcaac"
"proteomics_mnn_sensitivity/male/figures/behavior_proteomics_heatmap_male.png","634421","fec69a15e8938162bb5f9080ecb44f44451cad8174774c3a522653ab9d298389"
"proteomics_mnn_sensitivity/male/figures/behavior_proteomics_heatmap_male.svg","30966","e6f2c0311fea288b5d152c05ac9dd969a942f263395fbf5d0c0248e224df4b08"
"proteomics_mnn_sensitivity/male/figures/qc/behavior_proteomics_axis_heatmap_male.pdf","38735","2fd8d0838c980aacde2f8401cc6131b2e4396614f76e4412946819ae24225023"
"proteomics_mnn_sensitivity/male/figures/qc/behavior_proteomics_axis_heatmap_male.png","182719","4ef2edecd65576c6bda2c8745392a32ba050a70a229eb7ce73f15a7d8d0b4117"
"proteomics_mnn_sensitivity/male/figures/qc/behavior_proteomics_axis_heatmap_male.svg","10658","bbca686f91a0d8c511b1e3c8fc445d5a2385fb3f84006e1b690e8c470b148041"
"proteomics_mnn_sensitivity/male/figures/qc/behavior_proteomics_heatmap_male.pdf","43548","db9622bb22fb56327d5f195a01321818dfd1d6cc409023ce8eed61fa584dcaac"
"proteomics_mnn_sensitivity/male/figures/qc/behavior_proteomics_heatmap_male.png","634421","fec69a15e8938162bb5f9080ecb44f44451cad8174774c3a522653ab9d298389"
"proteomics_mnn_sensitivity/male/figures/qc/behavior_proteomics_heatmap_male.svg","30966","e6f2c0311fea288b5d152c05ac9dd969a942f263395fbf5d0c0248e224df4b08"
"proteomics_mnn_sensitivity/male/figures/qc/strongest_axis_behavior_proteomics_relationship_male.pdf","34919","b826791b6a3ff519c7892ecf97a43c27368ce11e8f0000f0944df7b6c1747c69"
"proteomics_mnn_sensitivity/male/figures/qc/strongest_axis_behavior_proteomics_relationship_male.png","125523","ef19dfbf4b652b0792e3a228f75da41dbacda4b6b12c28d69d2244ad1e1fbb2d"
"proteomics_mnn_sensitivity/male/figures/qc/strongest_axis_behavior_proteomics_relationship_male.svg","8928","9557e90aa66846269076728f6879ceebf745d2dbfa24fbc767dc5a27892d269c"
"proteomics_mnn_sensitivity/male/figures/strongest_axis_behavior_proteomics_relationship_male.pdf","34919","b826791b6a3ff519c7892ecf97a43c27368ce11e8f0000f0944df7b6c1747c69"
"proteomics_mnn_sensitivity/male/figures/strongest_axis_behavior_proteomics_relationship_male.png","125523","ef19dfbf4b652b0792e3a228f75da41dbacda4b6b12c28d69d2244ad1e1fbb2d"
"proteomics_mnn_sensitivity/male/figures/strongest_axis_behavior_proteomics_relationship_male.svg","8928","9557e90aa66846269076728f6879ceebf745d2dbfa24fbc767dc5a27892d269c"
"proteomics_mnn_sensitivity/male/tables/behavior_proteomics_correlations_male.csv","18089507","35a079b4d924a23d5ddaad3142a3e88aa2695e2a10c0010c2d83d55672380ff1"
"proteomics_mnn_sensitivity/male/tables/behavior_proteomics_merged_male.csv","68264","824af3195112411cfa286604f5f4c57f90b93d180392a975708e73d9dcf93e3a"
"proteomics_mnn_sensitivity/male/tables/behavioral_latent_axes_male.csv","9129","8b6e7d386598aeefc0271b974591512c526d9aaafc35b45b17f66a7488ef46c5"
"proteomics_mnn_sensitivity/male/tables/crossmodal_behavior_proteomics_correlations_male.csv","4159911","0ba56f994e7bf6eb1cdb3156c7b564e1a35f8238deea5e93c343cea6b3ae2f3d"
"proteomics_mnn_sensitivity/male/tables/curated_behavior_proteomics_models_male.csv","20544","bbfd2f84533b57825dfc742401691adfe5ad2531de03daa9dba0f88745af9757"
"proteomics_mnn_sensitivity/male/tables/latent_axis_associations_male.csv","10077","352c1d9bf23b92efc63791fa999a1ef251b855beed54df68c7ed584f8bd4db0a"
"proteomics_mnn_sensitivity/male/tables/latent_axis_feature_inventory_male.csv","54291","873fb3694d616ebd7caf5e83b5e9d435cc664f3d21b30e5a4ef77387130d2255"
"proteomics_mnn_sensitivity/male/tables/proteomic_latent_axes_male.csv","624","9e100e965ba183931a36a48fdc64508d29500c3472a0fb6f7080179d2b78fc5a"
"proteomics_mnn_sensitivity/manifest/input_output_manifest.csv","393","fd1d7638326bc9b570d8f56b9345cf0c90c6734f305ff43375c39a8ab3502c46"
"proteomics_mnn_sensitivity/manifest/output_manifest.csv","3770","02349e5230fbd06722506ef858b6e44414a1958e68910f2d0b70eb21ade913ce"
"proteomics_mnn_sensitivity/output_manifest.csv","3770","02349e5230fbd06722506ef858b6e44414a1958e68910f2d0b70eb21ade913ce"
"proteomics_mnn_sensitivity/tables/all_crossmodal_behavior_proteomics_correlations.csv","4159911","0ba56f994e7bf6eb1cdb3156c7b564e1a35f8238deea5e93c343cea6b3ae2f3d"
"proteomics_mnn_sensitivity/tables/all_curated_behavior_proteomics_models.csv","20544","bbfd2f84533b57825dfc742401691adfe5ad2531de03daa9dba0f88745af9757"
"proteomics_mnn_sensitivity/tables/all_latent_axis_associations.csv","10077","352c1d9bf23b92efc63791fa999a1ef251b855beed54df68c7ed584f8bd4db0a"
"proteomics_mnn_sensitivity/tables/behavior_proteomics_id_crosswalk.csv","960","4ceb568baf7260f0673e3178e855a9d92a3ec66eb9a2cbd4d957a1e1f42a9c09"
"proteomics_mnn_sensitivity/tables/integrated_behavior_feature_matrix.csv","489158","8e491685075aea67a73ef644e956773889e0d059db26ed580462ec5f09ef50b5"
"proteomics_mnn_sensitivity/tables/integrated_behavior_feature_sources.csv","5880","e26080066512a9dff21a477ada9a887df6c636a90249b6103354f67278ac3788"
"proteomics_mnn_sensitivity/tables/integrated_behavior_features_long.csv","3727393","b9cdccb13ebace12be7827691bffeddda21ed6d49b008f075dc47a9780e36b60"
"proteomics_mnn_sensitivity/tables/output_figure_inventory.csv","78","c24480f8916b209fb4de1eb9188e3584cc5f0488a474be0d99e8e6ea5be1842f"
"proteomics_mnn_sensitivity/tables/output_folder_summary.csv","382","b25f6193d87a02b31cac6ed273314414bcf336c826e3f9dee8951bb51ed00ce2"
"social_networks/10min_based/figures/animal_level_social_dynamics.pdf","501179","9308016958b28198c81ea88357e78e6abc250d30eca0fa6721ef0bc399d614a2"
"social_networks/10min_based/figures/animal_level_social_dynamics.png","1529827","a1626931a3bde1262f2098ead72684ab669f53bdacf848e95eaea1ae752cbeae"
"social_networks/10min_based/figures/animal_level_social_dynamics.svg","1545054","3d3995b1c48e22b1901a6a5b3e55dcdfee0a6345a7871f8dceb631d1597d0ff7"
"social_networks/10min_based/figures/animal_level_social_trajectories.pdf","44934","6f63c62b0337d7383b7b4a4bc73ea8210189355969934a1b7966949a4a77d91d"
"social_networks/10min_based/figures/animal_level_social_trajectories.png","382365","1f641e24c7baf40a0a14c3b171463838a51966e17de9813124fe539051612d59"
"social_networks/10min_based/figures/animal_level_social_trajectories.svg","98815","3d470d3b887bfb51275c535dcd6cf1b700fed223aae39f4603688e3dcfb225b2"
"social_networks/10min_based/figures/dyadic_graph_period_summary.pdf","139430","90063989f8002462b93d760047a3245ba0bb854680584058fe149c623a958c31"
"social_networks/10min_based/figures/dyadic_graph_period_summary.png","815078","ab8f3bca6447bb5e56f51fbba87673a82d49e23878b620b84e32cb92c63e5b85"
"social_networks/10min_based/figures/dyadic_graph_period_summary.svg","334544","2ab868e712254c538cadf3a1d3be5e575b83f68657b3f3d5998280ac8dd2b709"
"social_networks/10min_based/figures/dyadic_network_density_timecourse.pdf","79983","0343a514e775ba0e70c299d71fa0e7b1ef233794617d74ba55c443ec8563dc37"
"social_networks/10min_based/figures/dyadic_network_density_timecourse.png","661705","cdd1960b900ff27c0dba1f070c77c07e12c262b983f83845009aa8ee7aeabdf6"
"social_networks/10min_based/figures/dyadic_network_density_timecourse.svg","168721","09448af1150195ff86d410a415c4319a47919e9ae81fb777d53b99087180aba9"
"social_networks/10min_based/figures/dyadic_node_centrality_summary.pdf","253177","09044e73e0629962c2fd41016ce8288dfe80ec881cd117cd6c4b8adc8a154365"
"social_networks/10min_based/figures/dyadic_node_centrality_summary.png","1061970","0df15b247acf3314bb95eedbb11aec15509070c9e1b00d0328bfe7a2408388b0"
"social_networks/10min_based/figures/dyadic_node_centrality_summary.svg","808162","d2a3cd621cf1091a9ec6da4f9742fa185392425ec6b32d14b2b5a2b984ba1919"
"social_networks/10min_based/figures/dyadic_partner_preference_summary.pdf","177188","d0eca9095b193c552ae7ee38b60bc2be90759aa7ba083f65fe87320da25ce3dc"
"social_networks/10min_based/figures/dyadic_partner_preference_summary.png","856010","19060d8c779ccd8df4b7915581f64758024c7c6f90064e1e0ffa00a93e97a405"
"social_networks/10min_based/figures/dyadic_partner_preference_summary.svg","511411","dbafba45ffa54eae562d3da662afd6690d17f241d8a658adbe596bef5f7bb3e3"
"social_networks/10min_based/figures/exploratory/README.txt","330","7c55015964e5c3d731055c51390e0cce86dc97a263317edcab388117e11eda54"
"social_networks/10min_based/figures/interactive/README.txt","330","04a93a9db626de7962d449170c58971355320ac8caedf223705da54c56ce935b"
"social_networks/10min_based/figures/publication_panels/animal_level_social_dynamics.pdf","502238","2c9a73e6cfeb542c99abb146c4f283f104678845b5ac70aec5fb64694398bb3c"
"social_networks/10min_based/figures/publication_panels/animal_level_social_dynamics.png","1534887","2a7cbfdde5445348ceb431a726321aa08ada625fd8c9ffdb5555c8275a6cf0ed"
"social_networks/10min_based/figures/publication_panels/animal_level_social_dynamics.svg","1576310","71d7195b189e3848ecdd063afec13b15c0bb0280b621f82613a15aae9c13f24e"
"social_networks/10min_based/figures/publication_panels/animal_level_social_effect_size_heatmap.pdf","47750","d26bd5bfc7da9097329a7119fdc90718d7bc56e8ac5ec749102141578159584d"
"social_networks/10min_based/figures/publication_panels/animal_level_social_effect_size_heatmap.png","385071","61330494d2e0cda014c4b00dd994bfd168e2c9a66859ab836457626a606957e4"
"social_networks/10min_based/figures/publication_panels/animal_level_social_effect_size_heatmap.svg","117739","4c09c015bdf953a653cc31e932891b97426a7d6b5fe5c603a70c03c5b34baefa"
"social_networks/10min_based/figures/publication_panels/animal_level_social_trajectories.pdf","44934","3698e03efa91d7d8cb707559ce0a5fc92250f4990f69dc51679890e425f846f1"
"social_networks/10min_based/figures/publication_panels/animal_level_social_trajectories.png","382365","1f641e24c7baf40a0a14c3b171463838a51966e17de9813124fe539051612d59"
"social_networks/10min_based/figures/publication_panels/animal_level_social_trajectories.svg","98815","3d470d3b887bfb51275c535dcd6cf1b700fed223aae39f4603688e3dcfb225b2"
"social_networks/10min_based/figures/publication_panels/dyadic_graph_period_summary.pdf","139319","f7423d52b41544ce47cfccea3a8876c8a8777afb963a0d3bef7d1f13df37eec2"
"social_networks/10min_based/figures/publication_panels/dyadic_graph_period_summary.png","817756","0a537caf942605d3f5a3612b2444b7df69ccf5435bd65193d615729c4a627b10"
"social_networks/10min_based/figures/publication_panels/dyadic_graph_period_summary.svg","334544","c4e024cd34474b24e9fab40ecbea891e3bf2a4f18012431fd387e5a3cd4a7974"
"social_networks/10min_based/figures/publication_panels/dyadic_network_density_timecourse.pdf","79983","56976f46a65ab7f02e364aaf3e00609357e80aa33579bf43141bb7211de03e06"
"social_networks/10min_based/figures/publication_panels/dyadic_network_density_timecourse.png","661705","cdd1960b900ff27c0dba1f070c77c07e12c262b983f83845009aa8ee7aeabdf6"
"social_networks/10min_based/figures/publication_panels/dyadic_network_density_timecourse.svg","168721","09448af1150195ff86d410a415c4319a47919e9ae81fb777d53b99087180aba9"
"social_networks/10min_based/figures/publication_panels/dyadic_node_centrality_summary.pdf","253035","8eb9d09a0eb9580425b76765c3b59b2e063c68c87a489713cbee530ea0890c29"
"social_networks/10min_based/figures/publication_panels/dyadic_node_centrality_summary.png","1060293","df2892e876bf3a68c3aa0651c0576148e4af66fb3e25d26a30e1d422e56952ec"
"social_networks/10min_based/figures/publication_panels/dyadic_node_centrality_summary.svg","808162","9db7473ae69be33023a8fb1a4cd666b94b4d946fabc6aea2e0bdbc6a0053ebcb"
"social_networks/10min_based/figures/publication_panels/dyadic_partner_preference_summary.pdf","176968","7ee0cda1a58dfbab1774eec9df7db97bb53e3925392f31275a796304805a0a82"
"social_networks/10min_based/figures/publication_panels/dyadic_partner_preference_summary.png","855282","9cd0508afb6ef65693157bb093619b56b469a0ab781236c6ed67bb93989ccda7"
"social_networks/10min_based/figures/publication_panels/dyadic_partner_preference_summary.svg","511411","7a6d837166d816a6586c2ba225cdc2b74ec4e8e7ac751cfbcfb5aa1cdd961b1c"
"social_networks/10min_based/figures/publication_panels/README.txt","319","9b957880bf142e8e7ee5034d698dc3cf630f411fae5bfd345d64fabf57540a90"
"social_networks/10min_based/figures/publication/overview/animal_level_social_effect_size_heatmap.pdf","47751","d2d350de104c2a712372a7c0e93cf46ffbd0f65c73ed763d851f62b4bc98eea2"
"social_networks/10min_based/figures/publication/overview/animal_level_social_effect_size_heatmap.png","385071","61330494d2e0cda014c4b00dd994bfd168e2c9a66859ab836457626a606957e4"
"social_networks/10min_based/figures/publication/overview/animal_level_social_effect_size_heatmap.svg","117739","4c09c015bdf953a653cc31e932891b97426a7d6b5fe5c603a70c03c5b34baefa"
"social_networks/10min_based/figures/qc/README.txt","321","fcc7347cfbb2d92ffff45d2d214694895194bd3da990013d0d8e3d556a6ef029"
"social_networks/10min_based/figures/supplementary/README.txt","332","72409480a7f9877bca1f93d2796bfdde2cf350a81c01a1dd3acfbcd060f10849"
"social_networks/10min_based/figures/Thumbs.db","42496","ba3abb1135cfbb8c520c8b3838a286a4fb5dfaa3ef8e5efa22a74c2b26539387"
"social_networks/10min_based/output_manifest.csv","1701","d10ae41f4b23952d54bbe5c2beb6040afa9eb3660c894b9fd0bfa91732de913b"
"social_networks/10min_based/stats_tables/animal_level_social_dynamics_duration_sensitivity_consistency.csv","111666","fe0ea7a2c69bd42ccb23fccc3dfb3cbae540d3d74c26c6b44bcef0d73cc9ac14"
"social_networks/10min_based/stats_tables/animal_level_social_dynamics_duration_sensitivity_group_contrasts.csv","350345","3aa7bfdc71592db76180a61504e51f9dab9d0c6893facab1336e6470e5915d22"
"social_networks/10min_based/stats_tables/animal_level_social_dynamics_duration_sensitivity_group_summary.csv","174168","df2f1586f45c25e4d7cf27117496239477022c9dbf7a6663ebbf352925449a99"
"social_networks/10min_based/stats_tables/animal_level_social_dynamics_group_contrasts.csv","173356","88d2a64e1678064c6db6cec13d9486fcc0e6e99e9b2adda63fd42900f3250996"
"social_networks/10min_based/stats_tables/animal_level_social_dynamics_group_summary.csv","92955","501c70fd4851089737351b583ad9af8713b4fdbd4c939d72cf0bdd264877771a"
"social_networks/10min_based/stats_tables/dyadic_graph_period_duration_sensitivity_group_contrasts.csv","0","e3b0c44298fc1c149afbf4c8996fb92427ae41e4649b934ca495991b7852b855"
"social_networks/10min_based/stats_tables/dyadic_graph_period_duration_sensitivity_group_summary.csv","27995","cc35d340065d2fc562d8b210a6c1c84d7f1df14cc9fd95d964cf2beed93abad7"
"social_networks/10min_based/stats_tables/dyadic_graph_period_group_contrasts.csv","0","e3b0c44298fc1c149afbf4c8996fb92427ae41e4649b934ca495991b7852b855"
"social_networks/10min_based/stats_tables/dyadic_graph_period_group_summary.csv","12959","804d1176a924e7f5d37f1b47a6e44846569b7c6771197f9c5989e956475a1267"
"social_networks/10min_based/stats_tables/dyadic_node_centrality_duration_sensitivity_group_contrasts.csv","0","e3b0c44298fc1c149afbf4c8996fb92427ae41e4649b934ca495991b7852b855"
"social_networks/10min_based/stats_tables/dyadic_node_centrality_duration_sensitivity_group_summary.csv","21829","2078c1bb7fc265cfd47bee6693beae8df0d90ce00dfd2439510fd6bd61a090c6"
"social_networks/10min_based/stats_tables/dyadic_node_centrality_group_contrasts.csv","0","e3b0c44298fc1c149afbf4c8996fb92427ae41e4649b934ca495991b7852b855"
"social_networks/10min_based/stats_tables/dyadic_node_centrality_group_summary.csv","10116","6be9adba8e34bb09a81726e0217114458e96f3c6dd9985f959be8f061b319790"
"social_networks/10min_based/stats_tables/dyadic_partner_preference_group_contrasts.csv","0","e3b0c44298fc1c149afbf4c8996fb92427ae41e4649b934ca495991b7852b855"
"social_networks/10min_based/stats_tables/dyadic_partner_preference_group_summary.csv","9688","9afffee4a79a941f3a76e107fbf3763b69c0da063558bd6deb990771dd06b802"
"social_networks/10min_based/tables/animal_level_contact_threshold.csv","165","dced26f694a07b28ccc89584f7376dc7cda893e38ab093ac08b21fa405c22a58"
"social_networks/10min_based/tables/animal_level_social_dynamics_duration_tagged_full.csv","318245","b5d04318205e5dc5638d6c6873735356221625db0797f4f1e4256ef601bb9d3e"
"social_networks/10min_based/tables/animal_level_social_dynamics_excluding_short_duration.csv","253272","6c942a7f5ed1b89b7f8f4dce4339c6622b4ff2c5e13f70b5ff3ce68d90babb3b"
"social_networks/10min_based/tables/animal_level_social_dynamics.csv","313785","01b95fe3fe7170f027311ab3c7a2e3330861dbc57e30c0ab36140525ddb65f1a"
"social_networks/10min_based/tables/animal_level_social_effect_size_heatmap_data.csv","188879","b3208b518fd9bab5e74b708e22d800d9afaca605996bb185d52d097b4fc0a48d"
"social_networks/10min_based/tables/animal_level_social_plot_stat_brackets.csv","2072","c916ebbda40cb345405317888be7a48980c182eacf4d6085990f6691404ac586"
"social_networks/10min_based/tables/animal_level_social_threshold_sensitivity.csv","420995","4e65bde1f5569928283182e13d1eaf6c40d638e196343553af8f1e697be99597"
"social_networks/10min_based/tables/animal_level_social_trajectory_summary.csv","26884","691f40d42d920f0142c06e51df97dba421bf6546314201301548105362b4a340"
"social_networks/10min_based/tables/dyadic_contact_threshold.csv","137","2767f0c5fe4239f22cfc0a27d52f3b65b6aa9798274cdc4ebf3433402fdc6e0a"
"social_networks/10min_based/tables/dyadic_edges_network_input.csv","26757890","d460e874126a9ee6deb5a81d9d3b51e80347b4615217ddc15c9abbbe0f93c73a"
"social_networks/10min_based/tables/dyadic_graph_effect_size_heatmap_data.csv","61","bc2f88299ce512799e06a80bf60cce07cd9ccd87fe186e05abb420c68364f1ed"
"social_networks/10min_based/tables/dyadic_graph_metrics_by_time.csv","6376544","c4b4b4157b8e6849292371ee80bdb2fc27bd83e29bb4e0d6eff11d68f7730fb1"
"social_networks/10min_based/tables/dyadic_graph_period_summary.csv","52043","8140646e3c92da065e773c7498861805897010148b182ee4ad1bfe6a4e873781"
"social_networks/10min_based/tables/dyadic_graph_plot_stat_brackets.csv","93","426e5688663cdf72eb7a21d33f5f0af40b89981e0c364ce0b8d109a7d3b3d434"
"social_networks/10min_based/tables/dyadic_input_qc.csv","168","24a88bbc019fffa702ea7d94f4cdfd46654cd11a7b9ae6ce969592b7874f1f04"
"social_networks/10min_based/tables/dyadic_network_density_time_summary.csv","301893","19612cfdad4e15d9c0cc1c2bb6fa44372af3959e6408fcb666a27070a894b9ec"
"social_networks/10min_based/tables/dyadic_node_effect_size_heatmap_data.csv","61","bc2f88299ce512799e06a80bf60cce07cd9ccd87fe186e05abb420c68364f1ed"
"social_networks/10min_based/tables/dyadic_node_metrics_by_time.csv","17804460","ec05a1d7582c1e29d54cf57fd5d6e33e00d510404625fef1912396c8868a238c"
"social_networks/10min_based/tables/dyadic_node_plot_stat_brackets.csv","93","426e5688663cdf72eb7a21d33f5f0af40b89981e0c364ce0b8d109a7d3b3d434"
"social_networks/10min_based/tables/dyadic_node_summary.csv","169423","830e245b5332e34784a1b5136e1c18976abe3fce0853e136d33cd37cc5dec076"
"social_networks/10min_based/tables/dyadic_pair_summary.csv","219030","3a23e25251425c2b3261a99302170398a9fd9f4b7aa394735a18247e4b87c99f"
"social_networks/10min_based/tables/dyadic_partner_instability_jaccard.csv","64910","90a6b5a0f9f110eb02b8651ce13607164bfcc8c4d99d07bd8adfdd4140f65dc0"
"social_networks/10min_based/tables/dyadic_partner_preference_plot_stat_brackets.csv","93","426e5688663cdf72eb7a21d33f5f0af40b89981e0c364ce0b8d109a7d3b3d434"
"social_networks/10min_based/tables/dyadic_partner_preference_summary.csv","112897","442c3e586d05af473bfc149681dffd5637b5d7b8778291d023786513ecc3a401"
"social_networks/10min_based/tables/dyadic_partner_threshold_sensitivity.csv","242254","170cfb18379cce3482bd064c77f448b2df2697a56d6a7d49e809c68bd071afbf"
"social_networks/10min_based/tables/epoch_duration_qc.csv","177427","6f172b192148573c213642c1eeabebe470cc595fa38bf235bd00ea4c4b20857b"
"social_networks/10min_based/tables/output_figure_inventory.csv","8608","12fec404e43106bc372d954f00ec39c8fba11daec8d28bb381fd8c18747bb6b9"
"social_networks/10min_based/tables/output_folder_summary.csv","365","220233a328bd0a88d4f65bae5975d92f0b13fb8f60745db7fa83b3132456a29e"
"social_networks/10min_based/tables/social_reorganization_interpretation_guide.csv","1281","86736e85164ccef01dac6dc201046e7fcac85283c86e785cc8318a635556a458"
"social_networks/10sec_based/figures/animal_level_social_dynamics.pdf","464472","20edea6f08c261fe5886cbccc976e5ff7afe7ee1ab1e60076d4c3e63ea79a64c"
"social_networks/10sec_based/figures/animal_level_social_dynamics.png","1621129","5ee5084bf777b3eea9de73a76f23b63d1c9ff8ecc0166b36b28d8e222e7cb3a4"
"social_networks/10sec_based/figures/animal_level_social_dynamics.svg","1546642","6ccb5d54a671dc077f218ab7fd33efa0cd312b1b9090f0055d89406fbba454ff"
"social_networks/10sec_based/figures/animal_level_social_trajectories.pdf","45164","4f9517879a9fb2a855dce32ec862a033b9532dea972fc17d868772567b6a0cb1"
"social_networks/10sec_based/figures/animal_level_social_trajectories.png","404234","7ec4d03d47db55b4b2a4625ba78964252c06b002a5ac7ec6288747189a18a336"
"social_networks/10sec_based/figures/animal_level_social_trajectories.svg","100081","9a47aefa9dfd9b5dbb0603be8ff935ad1f9efb2339a2a26f24f9ad8320ccc40b"
"social_networks/10sec_based/figures/dyadic_graph_period_summary.pdf","139456","fc8801fd4cc82e1638e3aec131abd391b2f5ed120c30cfb6cbc87ede2e7d4fab"
"social_networks/10sec_based/figures/dyadic_graph_period_summary.png","819316","b13d7b1b7b221e9a69838956e3cc6719ba58ced59fa19c234379d23b7cc2641e"
"social_networks/10sec_based/figures/dyadic_graph_period_summary.svg","334544","f980a845efc6dd88813b9cec7242e256006fd4b1f92bff2a12366c3b056b4f8c"
"social_networks/10sec_based/figures/dyadic_network_density_timecourse.pdf","79983","1676a80b497f6464508818700a429906d81c2765b26e06a6728b0a8fd31fae19"
"social_networks/10sec_based/figures/dyadic_network_density_timecourse.png","661705","cdd1960b900ff27c0dba1f070c77c07e12c262b983f83845009aa8ee7aeabdf6"
"social_networks/10sec_based/figures/dyadic_network_density_timecourse.svg","168721","09448af1150195ff86d410a415c4319a47919e9ae81fb777d53b99087180aba9"
"social_networks/10sec_based/figures/dyadic_node_centrality_summary.pdf","252888","697953b57ef20a6ff7ddeae035cf9a75d3fccd39b9979969f48f5fe1578c1c29"
"social_networks/10sec_based/figures/dyadic_node_centrality_summary.png","1064778","08c532a050fbefaf7d50bbc95a5457e567cc432b8e50beb015cab2143c69a53a"
"social_networks/10sec_based/figures/dyadic_node_centrality_summary.svg","808162","d5356dd645e2afa902708fe1997946ac32f02d1b6924932f56777760ed661ff2"
"social_networks/10sec_based/figures/dyadic_partner_preference_summary.pdf","177199","0e6275799832b50db38a2e2c640adebdbefe0382b1d1bf759d5972ae94c01b23"
"social_networks/10sec_based/figures/dyadic_partner_preference_summary.png","851170","0154c246a967390ee3f57b5f7927448abe5614a41dc9ac207ac1cd2e8ac29563"
"social_networks/10sec_based/figures/dyadic_partner_preference_summary.svg","511411","26b1685a08fce3844c06befed71cf745b2114e1cb0688e241db5f6be551b90f9"
"social_networks/10sec_based/figures/exploratory/README.txt","330","7c55015964e5c3d731055c51390e0cce86dc97a263317edcab388117e11eda54"
"social_networks/10sec_based/figures/interactive/README.txt","330","04a93a9db626de7962d449170c58971355320ac8caedf223705da54c56ce935b"
"social_networks/10sec_based/figures/publication_panels/animal_level_social_dynamics.pdf","464472","20edea6f08c261fe5886cbccc976e5ff7afe7ee1ab1e60076d4c3e63ea79a64c"
"social_networks/10sec_based/figures/publication_panels/animal_level_social_dynamics.png","1621129","5ee5084bf777b3eea9de73a76f23b63d1c9ff8ecc0166b36b28d8e222e7cb3a4"
"social_networks/10sec_based/figures/publication_panels/animal_level_social_dynamics.svg","1546642","6ccb5d54a671dc077f218ab7fd33efa0cd312b1b9090f0055d89406fbba454ff"
"social_networks/10sec_based/figures/publication_panels/animal_level_social_effect_size_heatmap.pdf","47897","bc93e9f8d125d1a53dab7689529f0d6b0c650942960af14c85dbd77759a3f956"
"social_networks/10sec_based/figures/publication_panels/animal_level_social_effect_size_heatmap.png","394416","4897d851087809dc9717a8d739cf8c11d4a4418588365c7c23c9d05ad7a69af5"
"social_networks/10sec_based/figures/publication_panels/animal_level_social_effect_size_heatmap.svg","121319","74a79e5a58f344d4b7becfc90df0e94664f6c6ec7927872c0758946acf9e6213"
"social_networks/10sec_based/figures/publication_panels/animal_level_social_trajectories.pdf","45164","4f9517879a9fb2a855dce32ec862a033b9532dea972fc17d868772567b6a0cb1"
"social_networks/10sec_based/figures/publication_panels/animal_level_social_trajectories.png","404234","7ec4d03d47db55b4b2a4625ba78964252c06b002a5ac7ec6288747189a18a336"
"social_networks/10sec_based/figures/publication_panels/animal_level_social_trajectories.svg","100081","9a47aefa9dfd9b5dbb0603be8ff935ad1f9efb2339a2a26f24f9ad8320ccc40b"
"social_networks/10sec_based/figures/publication_panels/dyadic_graph_period_summary.pdf","139456","fc8801fd4cc82e1638e3aec131abd391b2f5ed120c30cfb6cbc87ede2e7d4fab"
"social_networks/10sec_based/figures/publication_panels/dyadic_graph_period_summary.png","819316","b13d7b1b7b221e9a69838956e3cc6719ba58ced59fa19c234379d23b7cc2641e"
"social_networks/10sec_based/figures/publication_panels/dyadic_graph_period_summary.svg","334544","f980a845efc6dd88813b9cec7242e256006fd4b1f92bff2a12366c3b056b4f8c"
"social_networks/10sec_based/figures/publication_panels/dyadic_network_density_timecourse.pdf","79983","1676a80b497f6464508818700a429906d81c2765b26e06a6728b0a8fd31fae19"
"social_networks/10sec_based/figures/publication_panels/dyadic_network_density_timecourse.png","661705","cdd1960b900ff27c0dba1f070c77c07e12c262b983f83845009aa8ee7aeabdf6"
"social_networks/10sec_based/figures/publication_panels/dyadic_network_density_timecourse.svg","168721","09448af1150195ff86d410a415c4319a47919e9ae81fb777d53b99087180aba9"
"social_networks/10sec_based/figures/publication_panels/dyadic_node_centrality_summary.pdf","252888","697953b57ef20a6ff7ddeae035cf9a75d3fccd39b9979969f48f5fe1578c1c29"
"social_networks/10sec_based/figures/publication_panels/dyadic_node_centrality_summary.png","1064778","08c532a050fbefaf7d50bbc95a5457e567cc432b8e50beb015cab2143c69a53a"
"social_networks/10sec_based/figures/publication_panels/dyadic_node_centrality_summary.svg","808162","d5356dd645e2afa902708fe1997946ac32f02d1b6924932f56777760ed661ff2"
"social_networks/10sec_based/figures/publication_panels/dyadic_partner_preference_summary.pdf","177199","0e6275799832b50db38a2e2c640adebdbefe0382b1d1bf759d5972ae94c01b23"
"social_networks/10sec_based/figures/publication_panels/dyadic_partner_preference_summary.png","851170","0154c246a967390ee3f57b5f7927448abe5614a41dc9ac207ac1cd2e8ac29563"
"social_networks/10sec_based/figures/publication_panels/dyadic_partner_preference_summary.svg","511411","26b1685a08fce3844c06befed71cf745b2114e1cb0688e241db5f6be551b90f9"
"social_networks/10sec_based/figures/publication_panels/README.txt","319","9b957880bf142e8e7ee5034d698dc3cf630f411fae5bfd345d64fabf57540a90"
"social_networks/10sec_based/figures/publication/overview/animal_level_social_effect_size_heatmap.pdf","47897","bc93e9f8d125d1a53dab7689529f0d6b0c650942960af14c85dbd77759a3f956"
"social_networks/10sec_based/figures/publication/overview/animal_level_social_effect_size_heatmap.png","394416","4897d851087809dc9717a8d739cf8c11d4a4418588365c7c23c9d05ad7a69af5"
"social_networks/10sec_based/figures/publication/overview/animal_level_social_effect_size_heatmap.svg","121319","74a79e5a58f344d4b7becfc90df0e94664f6c6ec7927872c0758946acf9e6213"
"social_networks/10sec_based/figures/qc/README.txt","321","fcc7347cfbb2d92ffff45d2d214694895194bd3da990013d0d8e3d556a6ef029"
"social_networks/10sec_based/figures/supplementary/README.txt","332","72409480a7f9877bca1f93d2796bfdde2cf350a81c01a1dd3acfbcd060f10849"
"social_networks/10sec_based/output_manifest.csv","1701","d10ae41f4b23952d54bbe5c2beb6040afa9eb3660c894b9fd0bfa91732de913b"
"social_networks/10sec_based/stats_tables/animal_level_social_dynamics_duration_sensitivity_consistency.csv","111834","44ca747fc7c2fceb3d52b9283ffd3c466c2bdcc99beb2a119409b71b686ec78b"
"social_networks/10sec_based/stats_tables/animal_level_social_dynamics_duration_sensitivity_group_contrasts.csv","351402","4ae9183155c6e401a416eb2e704993c00a44e13cea7039831400cc9bffa4dba5"
"social_networks/10sec_based/stats_tables/animal_level_social_dynamics_duration_sensitivity_group_summary.csv","175603","eca917c5e8bb39b2c9f1f65ca9b1f7f48d2fa5e8d96ae36df48f8779aee71c8a"
"social_networks/10sec_based/stats_tables/animal_level_social_dynamics_group_contrasts.csv","174083","b191a763a1ec35b711eb2eb529e6911fd94b77a5a36374e79fb6d38f0c24bca7"
"social_networks/10sec_based/stats_tables/animal_level_social_dynamics_group_summary.csv","93797","5ae50c3d2c79987dfa8a1395d4b8ee58a62008db9d930ffdef73f5697292fab4"
"social_networks/10sec_based/stats_tables/dyadic_graph_period_duration_sensitivity_group_contrasts.csv","0","e3b0c44298fc1c149afbf4c8996fb92427ae41e4649b934ca495991b7852b855"
"social_networks/10sec_based/stats_tables/dyadic_graph_period_duration_sensitivity_group_summary.csv","27995","02cc9e103db098f90a4c0dc1fdd750216f31c215590f6b7d4772097524b37b3f"
"social_networks/10sec_based/stats_tables/dyadic_graph_period_group_contrasts.csv","0","e3b0c44298fc1c149afbf4c8996fb92427ae41e4649b934ca495991b7852b855"
"social_networks/10sec_based/stats_tables/dyadic_graph_period_group_summary.csv","12959","8dc87a5d9e68a49e34a2e1daee70afc9db827a5e00ba563282e9c08f7cf8f8fd"
"social_networks/10sec_based/stats_tables/dyadic_node_centrality_duration_sensitivity_group_contrasts.csv","0","e3b0c44298fc1c149afbf4c8996fb92427ae41e4649b934ca495991b7852b855"
"social_networks/10sec_based/stats_tables/dyadic_node_centrality_duration_sensitivity_group_summary.csv","21829","ee8d5d85b7d484ef28dbf3edbfaf304b64b20e7b6ff8dc3e763a6574002f9931"
"social_networks/10sec_based/stats_tables/dyadic_node_centrality_group_contrasts.csv","0","e3b0c44298fc1c149afbf4c8996fb92427ae41e4649b934ca495991b7852b855"
"social_networks/10sec_based/stats_tables/dyadic_node_centrality_group_summary.csv","10116","00277a94a6909526046c92a6bceb9ebb5ee7cb4c0e2951bf2f93a98c7551a5c4"
"social_networks/10sec_based/stats_tables/dyadic_partner_preference_group_contrasts.csv","0","e3b0c44298fc1c149afbf4c8996fb92427ae41e4649b934ca495991b7852b855"
"social_networks/10sec_based/stats_tables/dyadic_partner_preference_group_summary.csv","9688","dd3d56f9a0e9d01e6372348d3aa0a3b271b3fdd7544d478cc91f6735a203b7ba"
"social_networks/10sec_based/tables/animal_level_contact_threshold.csv","152","07f173c69eb5267d31e26f4a50a3457f56cc8ed568214640f594bd01a9640ae8"
"social_networks/10sec_based/tables/animal_level_social_dynamics_duration_tagged_full.csv","326618","adf400ffef6b18c551bd2904985b842e9f7dc559f9c40dbbb8aa13071baf7c28"
"social_networks/10sec_based/tables/animal_level_social_dynamics_excluding_short_duration.csv","259425","44ae14ff49623d968054e71190553ec470f230cbe4d4b27f18053730c98f054d"
"social_networks/10sec_based/tables/animal_level_social_dynamics.csv","322158","f7e9c99cd00785991ab3b8c1b6559cee22892c33717234dab0431f89d2468003"
"social_networks/10sec_based/tables/animal_level_social_effect_size_heatmap_data.csv","189626","9a95e9fd528a2a6ec861411f44181d97094e65d769e49c342cfb9b51a9678e37"
"social_networks/10sec_based/tables/animal_level_social_plot_stat_brackets.csv","2085","1cc5871d0b710c57cc048e9cf8898f23d69c0fe7991b995d284897a2bb1d3f9e"
"social_networks/10sec_based/tables/animal_level_social_threshold_sensitivity.csv","428293","e724da91f64bbf09ab33e64ae049092b605218cd2d57dceedc112db1153e8386"
"social_networks/10sec_based/tables/animal_level_social_trajectory_summary.csv","27223","624a6e8da0e87ac460eae678fe3c278571625af98d4942e509d8b4aa41c9b311"
"social_networks/10sec_based/tables/dyadic_contact_threshold.csv","137","fb359a993693b44bde1199cdf39d250f8d7e211f6f28f6f10a650047118009e5"
"social_networks/10sec_based/tables/dyadic_edges_network_input.csv","26757890","d57a3871918a079ec1c18c370385ffe6ac8bcb172089ea7e9a0481130a625ea3"
"social_networks/10sec_based/tables/dyadic_graph_effect_size_heatmap_data.csv","61","bc2f88299ce512799e06a80bf60cce07cd9ccd87fe186e05abb420c68364f1ed"
"social_networks/10sec_based/tables/dyadic_graph_metrics_by_time.csv","6376544","08550563a44ed8b46d0902657206d89cea64f4f29748f5d0d47e3ba366d0eddf"
"social_networks/10sec_based/tables/dyadic_graph_period_summary.csv","52511","197601d52a7c6915fe48e5b91389bb3f7bda9a365e80958d0421d3b785798d62"
"social_networks/10sec_based/tables/dyadic_graph_plot_stat_brackets.csv","93","426e5688663cdf72eb7a21d33f5f0af40b89981e0c364ce0b8d109a7d3b3d434"
"social_networks/10sec_based/tables/dyadic_input_qc.csv","168","296e60a2295c41b511ab120a50f9b53eec1b5d7605fe8c5e9725f4e2933b1cb5"
"social_networks/10sec_based/tables/dyadic_network_density_time_summary.csv","301893","19612cfdad4e15d9c0cc1c2bb6fa44372af3959e6408fcb666a27070a894b9ec"
"social_networks/10sec_based/tables/dyadic_node_effect_size_heatmap_data.csv","61","bc2f88299ce512799e06a80bf60cce07cd9ccd87fe186e05abb420c68364f1ed"
"social_networks/10sec_based/tables/dyadic_node_metrics_by_time.csv","17804460","ebb59748f9936de3a1d1b8149498f4994c4bc6f1f6ab159a30d7833142e637da"
"social_networks/10sec_based/tables/dyadic_node_plot_stat_brackets.csv","93","426e5688663cdf72eb7a21d33f5f0af40b89981e0c364ce0b8d109a7d3b3d434"
"social_networks/10sec_based/tables/dyadic_node_summary.csv","169423","b61784582fa5a8290e6a3e30f1f30e3d7d37818199df1ac7afa383f0e599405e"
"social_networks/10sec_based/tables/dyadic_pair_summary.csv","219030","d03c0d2d0ef6a0e058309c44760459b7253a6b14ff27e52a3a5e0ca9d1386b27"
"social_networks/10sec_based/tables/dyadic_partner_instability_jaccard.csv","64910","c97dc5df62c30c7b1312a16cf001ef724ca0590de328c8e510eb4ae6deaa97e4"
"social_networks/10sec_based/tables/dyadic_partner_preference_plot_stat_brackets.csv","93","426e5688663cdf72eb7a21d33f5f0af40b89981e0c364ce0b8d109a7d3b3d434"
"social_networks/10sec_based/tables/dyadic_partner_preference_summary.csv","112897","a4012666b7614bdf79d6e530e3ea27c39535d4468619906c12bfd0321ea746bd"
"social_networks/10sec_based/tables/dyadic_partner_threshold_sensitivity.csv","242254","6325e87c52d1e2aa9db4651fe585d16e0c29cee890f70fdca6bb0b9d0469abe0"
"social_networks/10sec_based/tables/epoch_duration_qc.csv","185197","3f01d9a4e39dbf8f93420ad13521d600cd149596931c59c9e58e28a1782c805d"
"social_networks/10sec_based/tables/output_figure_inventory.csv","8610","184ede3aeefdcf0e5d487bcee31d07ad67e6f8af3e1ff92b5b1cab7f96354eac"
"social_networks/10sec_based/tables/output_folder_summary.csv","365","220233a328bd0a88d4f65bae5975d92f0b13fb8f60745db7fa83b3132456a29e"
"social_networks/10sec_based/tables/social_reorganization_interpretation_guide.csv","1281","86736e85164ccef01dac6dc201046e7fcac85283c86e785cc8318a635556a458"
"social_networks/1min_based/figures/animal_level_social_dynamics.pdf","486479","bba4f909e0260e750ac0adb16554e7387ae20a6c95841dca996fb6ad4ca948a8"
"social_networks/1min_based/figures/animal_level_social_dynamics.png","1551427","c51451bf9a4dab4686094580e84f22d9c1f80225d31c36d5cde79c76473a5519"
"social_networks/1min_based/figures/animal_level_social_dynamics.svg","1548207","a3ff7cb7969153ae7237b138d74553c5ee76df6fa1dd3ab1ff8af3c9b0498861"
"social_networks/1min_based/figures/animal_level_social_trajectories.pdf","44881","617f9df931b9b8f1c455bdfee119914d9222330d3f8f0dbf6e4b49ad4e2d9883"
"social_networks/1min_based/figures/animal_level_social_trajectories.png","412437","73fc990d795cc017eed9b0d00b2b38ee52d66e163f19f8f584fa3188370a1f22"
"social_networks/1min_based/figures/animal_level_social_trajectories.svg","101281","764a8b8fac358c6a66143e48a84efd1640f2149088e0874b6302f262ed7fc3d8"
"social_networks/1min_based/figures/dyadic_graph_period_summary.pdf","139374","fc275abbdf33a67f38b2bc416836c4939296eb2005a23691ecf7b1b60c100acd"
"social_networks/1min_based/figures/dyadic_graph_period_summary.png","818529","ecdcfda2b03fe753d69e2e14cdc9de99c8968b0c85c7ddcdec92b2ede0573a3e"
"social_networks/1min_based/figures/dyadic_graph_period_summary.svg","334543","c3d8ffcc36a4f153950f42287da9076250132b7abd62b3a4c3721220b67e35f4"
"social_networks/1min_based/figures/dyadic_network_density_timecourse.pdf","79983","f464cda88e25ab270862fede3f235576775d908879650e0664fd7c61e1c1b240"
"social_networks/1min_based/figures/dyadic_network_density_timecourse.png","661705","cdd1960b900ff27c0dba1f070c77c07e12c262b983f83845009aa8ee7aeabdf6"
"social_networks/1min_based/figures/dyadic_network_density_timecourse.svg","168721","09448af1150195ff86d410a415c4319a47919e9ae81fb777d53b99087180aba9"
"social_networks/1min_based/figures/dyadic_node_centrality_summary.pdf","253184","dcbfe5d8ce25547558d54463260a0ac641021c2fc2376cd1506a560faf26232d"
"social_networks/1min_based/figures/dyadic_node_centrality_summary.png","1061294","460e22fb9960a303c635dbbfd9619bb19e527f9b5be3d0340a1fbd8dae617845"
"social_networks/1min_based/figures/dyadic_node_centrality_summary.svg","808161","38c45ad64e5a128a58ef159788d7c9368edd57b38053648adc9bd6f81d40c441"
"social_networks/1min_based/figures/dyadic_partner_preference_summary.pdf","177271","3b770b34d249c7a7ea7e64a4c93aab9acfd92063bfdcd66c89c7f3d27c9ed02c"
"social_networks/1min_based/figures/dyadic_partner_preference_summary.png","852234","f987e301ac4d8157dc89c3444fa28efbd667d0680c4e924e036e6d96e77bbb30"
"social_networks/1min_based/figures/dyadic_partner_preference_summary.svg","511411","e851c544eda54854452c44ce83a8e458f24d0226a959ec8abcbd95de867b0470"
"social_networks/1min_based/figures/exploratory/README.txt","330","7c55015964e5c3d731055c51390e0cce86dc97a263317edcab388117e11eda54"
"social_networks/1min_based/figures/interactive/README.txt","330","04a93a9db626de7962d449170c58971355320ac8caedf223705da54c56ce935b"
"social_networks/1min_based/figures/publication_panels/animal_level_social_dynamics.pdf","486819","1580431bd63f2983d2d6d65987d260a9f82f0f4d6b51f15e125181f44737cb7a"
"social_networks/1min_based/figures/publication_panels/animal_level_social_dynamics.png","1554700","c6e21b33765578aabc92ce9e616d388a3177cc34625fba54720beb03fc0762a4"
"social_networks/1min_based/figures/publication_panels/animal_level_social_dynamics.svg","1594389","c8da9a9f6781211f928366c224d6734c7bf74500c6cbad062d0bd0ca4e22c872"
"social_networks/1min_based/figures/publication_panels/animal_level_social_effect_size_heatmap.pdf","47880","f62dd66fdd7db32340c9ff2e3bafec245e942162fc08de1b47b406a1cfa32471"
"social_networks/1min_based/figures/publication_panels/animal_level_social_effect_size_heatmap.png","391671","09230c8895ad15093f2715a5a796e8671e637d6d0d32b301b5162210e4dd45f4"
"social_networks/1min_based/figures/publication_panels/animal_level_social_effect_size_heatmap.svg","120049","ebc262284204a527ccd3e81bb50b2d7b6eef778578bcebaed505899ba9388336"
"social_networks/1min_based/figures/publication_panels/animal_level_social_trajectories.pdf","44881","383288e6bd977c479cfcdc89d37c8099bccc9a1b62f95c8b63c447088278b650"
"social_networks/1min_based/figures/publication_panels/animal_level_social_trajectories.png","412437","73fc990d795cc017eed9b0d00b2b38ee52d66e163f19f8f584fa3188370a1f22"
"social_networks/1min_based/figures/publication_panels/animal_level_social_trajectories.svg","101281","764a8b8fac358c6a66143e48a84efd1640f2149088e0874b6302f262ed7fc3d8"
"social_networks/1min_based/figures/publication_panels/dyadic_graph_period_summary.pdf","139443","5a44b05e913783a9536d34b2a52b1549143fbe7f3bb6038ed4f5bec2c0be58cc"
"social_networks/1min_based/figures/publication_panels/dyadic_graph_period_summary.png","807334","e4dd274aff31edadaadd5643e5c082a8695a2240baeb40558a0a218ce1b8a475"
"social_networks/1min_based/figures/publication_panels/dyadic_graph_period_summary.svg","334543","172fe749ebb9e69fd377fc4ae9e77b740b8acd9869d13c7857916223c079bbde"
"social_networks/1min_based/figures/publication_panels/dyadic_network_density_timecourse.pdf","79983","56976f46a65ab7f02e364aaf3e00609357e80aa33579bf43141bb7211de03e06"
"social_networks/1min_based/figures/publication_panels/dyadic_network_density_timecourse.png","661705","cdd1960b900ff27c0dba1f070c77c07e12c262b983f83845009aa8ee7aeabdf6"
"social_networks/1min_based/figures/publication_panels/dyadic_network_density_timecourse.svg","168721","09448af1150195ff86d410a415c4319a47919e9ae81fb777d53b99087180aba9"
"social_networks/1min_based/figures/publication_panels/dyadic_node_centrality_summary.pdf","253117","d5674e522911c6f5949781a39d51a5f5eadb1643ad5e32898ec76dd6d8103b38"
"social_networks/1min_based/figures/publication_panels/dyadic_node_centrality_summary.png","1058489","bb6124140c1bc9f28bfc505de062a620c5fd123a0a493efe7eff533b5434a6af"
"social_networks/1min_based/figures/publication_panels/dyadic_node_centrality_summary.svg","808161","e15f3af2fcc8f32d811e4a57f1d972f1421734d455029bdbaa5531a8ddb66f5c"
"social_networks/1min_based/figures/publication_panels/dyadic_partner_preference_summary.pdf","177151","5f9ac510a5f5604512e794937e406fd95550d1a42c07f188a2ae06315318eacf"
"social_networks/1min_based/figures/publication_panels/dyadic_partner_preference_summary.png","849894","5284fe7f424fd9012264af806dd1a692aee0de8d016a715eba551406704c5308"
"social_networks/1min_based/figures/publication_panels/dyadic_partner_preference_summary.svg","511411","0853f627481d31c83abd913d1629a96eca4525ad5d0e2d9ed3c720916d38d86a"
"social_networks/1min_based/figures/publication_panels/README.txt","319","9b957880bf142e8e7ee5034d698dc3cf630f411fae5bfd345d64fabf57540a90"
"social_networks/1min_based/figures/publication/overview/animal_level_social_effect_size_heatmap.pdf","47880","c19839991a79f4d25c95b1779fd9fc3578a49aceac6db0671b47fb8f08a2b618"
"social_networks/1min_based/figures/publication/overview/animal_level_social_effect_size_heatmap.png","391671","09230c8895ad15093f2715a5a796e8671e637d6d0d32b301b5162210e4dd45f4"
"social_networks/1min_based/figures/publication/overview/animal_level_social_effect_size_heatmap.svg","120049","ebc262284204a527ccd3e81bb50b2d7b6eef778578bcebaed505899ba9388336"
"social_networks/1min_based/figures/qc/README.txt","321","fcc7347cfbb2d92ffff45d2d214694895194bd3da990013d0d8e3d556a6ef029"
"social_networks/1min_based/figures/supplementary/README.txt","332","72409480a7f9877bca1f93d2796bfdde2cf350a81c01a1dd3acfbcd060f10849"
"social_networks/1min_based/figures/Thumbs.db","43520","36b3e1c3f42d7e6511ddad76fdb94bd1173983f5b4672efec8bea0d9730f142b"
"social_networks/1min_based/output_manifest.csv","1701","d10ae41f4b23952d54bbe5c2beb6040afa9eb3660c894b9fd0bfa91732de913b"
"social_networks/1min_based/stats_tables/animal_level_social_dynamics_duration_sensitivity_consistency.csv","111238","c0457fb08b55b249a4b424167d6a1e1bbae18ec916c7e0cbc9d259bd2792843d"
"social_networks/1min_based/stats_tables/animal_level_social_dynamics_duration_sensitivity_group_contrasts.csv","349592","a1b815252d6059e1fe25baf38eae2c352946947635bc9d77870b3404c693c183"
"social_networks/1min_based/stats_tables/animal_level_social_dynamics_duration_sensitivity_group_summary.csv","174275","7662a5b76eea67391eab55b4c05a096cc64cea8a1bd84a52cd16e656fba5fd0b"
"social_networks/1min_based/stats_tables/animal_level_social_dynamics_group_contrasts.csv","173019","5c318c6caeeeb9364ad05e7b76f191b9bf1b471b29a626422effc6d108d42096"
"social_networks/1min_based/stats_tables/animal_level_social_dynamics_group_summary.csv","93007","a928961c7ca65c160c063b2704e9ab6017e44e9086e533f472e39daa8aa25236"
"social_networks/1min_based/stats_tables/dyadic_graph_period_duration_sensitivity_group_contrasts.csv","0","e3b0c44298fc1c149afbf4c8996fb92427ae41e4649b934ca495991b7852b855"
"social_networks/1min_based/stats_tables/dyadic_graph_period_duration_sensitivity_group_summary.csv","27851","9f943778636fbdd92c06c9cbbb202313b754166ee28c60554958041711fc58ea"
"social_networks/1min_based/stats_tables/dyadic_graph_period_group_contrasts.csv","0","e3b0c44298fc1c149afbf4c8996fb92427ae41e4649b934ca495991b7852b855"
"social_networks/1min_based/stats_tables/dyadic_graph_period_group_summary.csv","12887","b55a73357be81266739431c4ccbdf54284c0078cb5dd80e520dd5819f4a2c1fa"
"social_networks/1min_based/stats_tables/dyadic_node_centrality_duration_sensitivity_group_contrasts.csv","0","e3b0c44298fc1c149afbf4c8996fb92427ae41e4649b934ca495991b7852b855"
"social_networks/1min_based/stats_tables/dyadic_node_centrality_duration_sensitivity_group_summary.csv","21717","0df3308ac0179ae11d2c7b8ceeb22c3fe7faeb36798c7cac8a0a982fc2de3472"
"social_networks/1min_based/stats_tables/dyadic_node_centrality_group_contrasts.csv","0","e3b0c44298fc1c149afbf4c8996fb92427ae41e4649b934ca495991b7852b855"
"social_networks/1min_based/stats_tables/dyadic_node_centrality_group_summary.csv","10060","1e39180ffb043fc5613b3b1d7cbf0176026dd43995952972e2d0a3df35f47cab"
"social_networks/1min_based/stats_tables/dyadic_partner_preference_group_contrasts.csv","0","e3b0c44298fc1c149afbf4c8996fb92427ae41e4649b934ca495991b7852b855"
"social_networks/1min_based/stats_tables/dyadic_partner_preference_group_summary.csv","9632","29650a8e08f31fe158901de6a98cec5b9fb61ca327eb8e14958c10f7e243ca76"
"social_networks/1min_based/tables/animal_level_contact_threshold.csv","165","c79e6e1b885e730260a5ba8aec7e99604c292d59137b6b2939da3f720879ed0e"
"social_networks/1min_based/tables/animal_level_social_dynamics_duration_tagged_full.csv","321455","d3017adc5fc026f04a6c6b1f4b9787a7348e39d946c03e2e86a22c6475585536"
"social_networks/1min_based/tables/animal_level_social_dynamics_excluding_short_duration.csv","255432","db13409ede646c9184d6694dc4ab8fbe06ce3ae8c99837d7efa8f29c77819799"
"social_networks/1min_based/tables/animal_level_social_dynamics.csv","316995","6e181225d0f16758d524eaa3657f9d6663d48e227a54a126d09002d893718a21"
"social_networks/1min_based/tables/animal_level_social_effect_size_heatmap_data.csv","188554","a74b94942458aa5e82ab58688b12bdd981b7cbde27717c648b57db6621ed30b1"
"social_networks/1min_based/tables/animal_level_social_plot_stat_brackets.csv","2114","551cd5ff78b086d4bde10d9d28fc15d99b4b809198ed08ff76a20221aaac08b6"
"social_networks/1min_based/tables/animal_level_social_threshold_sensitivity.csv","420285","6f08eb3f61a4080c62e05320330ef73e59ff1b2ebfd0c2933179ca70f5a8d344"
"social_networks/1min_based/tables/animal_level_social_trajectory_summary.csv","27088","3a921f1b233e411521723ff5f5a3a461af73a40bcfd2cb78382a75c3f061c84b"
"social_networks/1min_based/tables/dyadic_contact_threshold.csv","136","2c4ead31909f8901020e833e12672008de2d1a0c21a5904ea135c5f986f99846"
"social_networks/1min_based/tables/dyadic_edges_network_input.csv","26431730","d56616c0127908988884fa8d08cc69b8fbcfa0cad1939d07954e5adefe69716d"
"social_networks/1min_based/tables/dyadic_graph_effect_size_heatmap_data.csv","61","bc2f88299ce512799e06a80bf60cce07cd9ccd87fe186e05abb420c68364f1ed"
"social_networks/1min_based/tables/dyadic_graph_metrics_by_time.csv","6315416","50dd435eeddf2feea72e6cae1611698de9f4734b92f07e197a426d445b81bf49"
"social_networks/1min_based/tables/dyadic_graph_period_summary.csv","52043","b9fa288c0349e449611a6409807b59ad24ccd1027ae7bd257bcb1ff3e0d1a2bf"
"social_networks/1min_based/tables/dyadic_graph_plot_stat_brackets.csv","93","426e5688663cdf72eb7a21d33f5f0af40b89981e0c364ce0b8d109a7d3b3d434"
"social_networks/1min_based/tables/dyadic_input_qc.csv","167","5f609a17cb5a2f22e7e4b1b05301d7b0f8a4958b3b90e1cfa52ede4078ea890c"
"social_networks/1min_based/tables/dyadic_network_density_time_summary.csv","301893","19612cfdad4e15d9c0cc1c2bb6fa44372af3959e6408fcb666a27070a894b9ec"
"social_networks/1min_based/tables/dyadic_node_effect_size_heatmap_data.csv","61","bc2f88299ce512799e06a80bf60cce07cd9ccd87fe186e05abb420c68364f1ed"
"social_networks/1min_based/tables/dyadic_node_metrics_by_time.csv","17574204","aa734ae73e13d54ccc15f11c460b14069cdaaa86553a75baadadc490168e41b7"
"social_networks/1min_based/tables/dyadic_node_plot_stat_brackets.csv","93","426e5688663cdf72eb7a21d33f5f0af40b89981e0c364ce0b8d109a7d3b3d434"
"social_networks/1min_based/tables/dyadic_node_summary.csv","168541","b81373356202b09e6fcf17cd906bdfb882fde059e9ac543a2f57ee1ab5ad6ecb"
"social_networks/1min_based/tables/dyadic_pair_summary.csv","217780","8ae7207d46cd7d38055728eb1abe5e0c5879b7c4b378636c257ba5e7cee4feef"
"social_networks/1min_based/tables/dyadic_partner_instability_jaccard.csv","64262","9a03df098972c319e5f7a357e95f15a31ec304950011bbfdbc946a33a69b8bc0"
"social_networks/1min_based/tables/dyadic_partner_preference_plot_stat_brackets.csv","93","426e5688663cdf72eb7a21d33f5f0af40b89981e0c364ce0b8d109a7d3b3d434"
"social_networks/1min_based/tables/dyadic_partner_preference_summary.csv","112249","9eff77a94d653341288b269eb9c33021894293a1ede1f6f23856fee05d7ac16e"
"social_networks/1min_based/tables/dyadic_partner_threshold_sensitivity.csv","239662","d442ef4668132442b30fd52e0cb29e69dcd7f4a8853661a426218f327d8b1e57"
"social_networks/1min_based/tables/epoch_duration_qc.csv","180979","306f74277901fe478b56f1b845e3871ba512b2fda2d64d2d162cf7e4d3d781d8"
"social_networks/1min_based/tables/output_figure_inventory.csv","8610","d916c3c76dad8e6def6bd4129a77b6645c37c5433c073aa7d51b3894b6bf5640"
"social_networks/1min_based/tables/output_folder_summary.csv","365","220233a328bd0a88d4f65bae5975d92f0b13fb8f60745db7fa83b3132456a29e"
"social_networks/1min_based/tables/social_reorganization_interpretation_guide.csv","1281","86736e85164ccef01dac6dc201046e7fcac85283c86e785cc8318a635556a458"
"social_networks/30min_based/figures/animal_level_social_dynamics.pdf","494527","dede06267a115550433598ea5c74bc96809f7a83ce8966afe84f5c32c22d77a7"
"social_networks/30min_based/figures/animal_level_social_dynamics.png","1547968","95f8746f6b1861bc096bb9c4d829976d8117b196ba250bd31cb24b71e8131127"
"social_networks/30min_based/figures/animal_level_social_dynamics.svg","1579468","a58e8a6d0f0992cf0d655e715cd138765cb89b8bc59a3d71b7e743e2cce76463"
"social_networks/30min_based/figures/animal_level_social_trajectories.pdf","45762","ebd1625e80e01c434b4a587510fd39bdad5fa2f161821cec250d64abf3bec2c9"
"social_networks/30min_based/figures/animal_level_social_trajectories.png","390543","4f8090d10259692ab3c6c35ba2d0239ded6b0c6071131770110e4f5fdb49e973"
"social_networks/30min_based/figures/animal_level_social_trajectories.svg","99454","54969ac0facdb88bf21a81258aa72680c37cefd542686349b9c8732d6445771e"
"social_networks/30min_based/figures/dyadic_graph_period_summary.pdf","139570","c8d2e316f1dc1c8e8ac4396fdbd4902f9434a72835c1a0a08b3599d839c1931a"
"social_networks/30min_based/figures/dyadic_graph_period_summary.png","820545","8c86bd9cb6bd997743334b954a57f4c62afc0fce1e01cf0520ac43a0e3ad7103"
"social_networks/30min_based/figures/dyadic_graph_period_summary.svg","334544","b48d35999da99c5359285c8b7c352bc2e9e5f8646b16d3edf1d7e195393e2d58"
"social_networks/30min_based/figures/dyadic_network_density_timecourse.pdf","79984","754117019c1b5959f9fafe02546065965af8a65c28682e41b253b19f549dd0c4"
"social_networks/30min_based/figures/dyadic_network_density_timecourse.png","661705","cdd1960b900ff27c0dba1f070c77c07e12c262b983f83845009aa8ee7aeabdf6"
"social_networks/30min_based/figures/dyadic_network_density_timecourse.svg","168721","09448af1150195ff86d410a415c4319a47919e9ae81fb777d53b99087180aba9"
"social_networks/30min_based/figures/dyadic_node_centrality_summary.pdf","253623","2f499a981142b4e615d15c5174c4870c1e41265da0b3de9272ad1831855c1b3f"
"social_networks/30min_based/figures/dyadic_node_centrality_summary.png","1062566","8dd8cf5795d3c531a664638370a26c3bcc22bab2ab6ea3078d06cd4d31db507b"
"social_networks/30min_based/figures/dyadic_node_centrality_summary.svg","808162","0fd1c82452bfd47a7d5113ad1b3a854870e98e7fd75c80702edf6d984e32fcc5"
"social_networks/30min_based/figures/dyadic_partner_preference_summary.pdf","177184","8769a345413aa22b87b194eef5bd9a732d8bf7eb655400d11f228965632c690c"
"social_networks/30min_based/figures/dyadic_partner_preference_summary.png","854894","48f5376e6a090532d78ab9f6957af1665c41673077794af4fa9f92748b5efc0e"
"social_networks/30min_based/figures/dyadic_partner_preference_summary.svg","511411","895ab5efaefc61da4baa0da3901ae1e915376640f0bc1952bbd7e0a367b60716"
"social_networks/30min_based/figures/exploratory/README.txt","330","7c55015964e5c3d731055c51390e0cce86dc97a263317edcab388117e11eda54"
"social_networks/30min_based/figures/interactive/README.txt","330","04a93a9db626de7962d449170c58971355320ac8caedf223705da54c56ce935b"
"social_networks/30min_based/figures/publication_panels/animal_level_social_dynamics.pdf","494527","dede06267a115550433598ea5c74bc96809f7a83ce8966afe84f5c32c22d77a7"
"social_networks/30min_based/figures/publication_panels/animal_level_social_dynamics.png","1547968","95f8746f6b1861bc096bb9c4d829976d8117b196ba250bd31cb24b71e8131127"
"social_networks/30min_based/figures/publication_panels/animal_level_social_dynamics.svg","1579468","a58e8a6d0f0992cf0d655e715cd138765cb89b8bc59a3d71b7e743e2cce76463"
"social_networks/30min_based/figures/publication_panels/animal_level_social_effect_size_heatmap.pdf","47763","e56005eb67b5192ec5ee295641beb11c32524d0f0d696a01f64c4ae495cb3ad2"
"social_networks/30min_based/figures/publication_panels/animal_level_social_effect_size_heatmap.png","387209","ab7f5a334c498d68e449a67226204fc56a7338760f46c603682f7761a95e558f"
"social_networks/30min_based/figures/publication_panels/animal_level_social_effect_size_heatmap.svg","118770","5b5a785f782c41ec3228eb6fc3290d11ec2fb15afa9de20bad8da1bd668dc353"
"social_networks/30min_based/figures/publication_panels/animal_level_social_trajectories.pdf","45762","ebd1625e80e01c434b4a587510fd39bdad5fa2f161821cec250d64abf3bec2c9"
"social_networks/30min_based/figures/publication_panels/animal_level_social_trajectories.png","390543","4f8090d10259692ab3c6c35ba2d0239ded6b0c6071131770110e4f5fdb49e973"
"social_networks/30min_based/figures/publication_panels/animal_level_social_trajectories.svg","99454","54969ac0facdb88bf21a81258aa72680c37cefd542686349b9c8732d6445771e"
"social_networks/30min_based/figures/publication_panels/dyadic_graph_period_summary.pdf","139570","c8d2e316f1dc1c8e8ac4396fdbd4902f9434a72835c1a0a08b3599d839c1931a"
"social_networks/30min_based/figures/publication_panels/dyadic_graph_period_summary.png","820545","8c86bd9cb6bd997743334b954a57f4c62afc0fce1e01cf0520ac43a0e3ad7103"
"social_networks/30min_based/figures/publication_panels/dyadic_graph_period_summary.svg","334544","b48d35999da99c5359285c8b7c352bc2e9e5f8646b16d3edf1d7e195393e2d58"
"social_networks/30min_based/figures/publication_panels/dyadic_network_density_timecourse.pdf","79984","754117019c1b5959f9fafe02546065965af8a65c28682e41b253b19f549dd0c4"
"social_networks/30min_based/figures/publication_panels/dyadic_network_density_timecourse.png","661705","cdd1960b900ff27c0dba1f070c77c07e12c262b983f83845009aa8ee7aeabdf6"
"social_networks/30min_based/figures/publication_panels/dyadic_network_density_timecourse.svg","168721","09448af1150195ff86d410a415c4319a47919e9ae81fb777d53b99087180aba9"
"social_networks/30min_based/figures/publication_panels/dyadic_node_centrality_summary.pdf","253623","2f499a981142b4e615d15c5174c4870c1e41265da0b3de9272ad1831855c1b3f"
"social_networks/30min_based/figures/publication_panels/dyadic_node_centrality_summary.png","1062566","8dd8cf5795d3c531a664638370a26c3bcc22bab2ab6ea3078d06cd4d31db507b"
"social_networks/30min_based/figures/publication_panels/dyadic_node_centrality_summary.svg","808162","0fd1c82452bfd47a7d5113ad1b3a854870e98e7fd75c80702edf6d984e32fcc5"
"social_networks/30min_based/figures/publication_panels/dyadic_partner_preference_summary.pdf","177184","8769a345413aa22b87b194eef5bd9a732d8bf7eb655400d11f228965632c690c"
"social_networks/30min_based/figures/publication_panels/dyadic_partner_preference_summary.png","854894","48f5376e6a090532d78ab9f6957af1665c41673077794af4fa9f92748b5efc0e"
"social_networks/30min_based/figures/publication_panels/dyadic_partner_preference_summary.svg","511411","895ab5efaefc61da4baa0da3901ae1e915376640f0bc1952bbd7e0a367b60716"
"social_networks/30min_based/figures/publication_panels/README.txt","319","9b957880bf142e8e7ee5034d698dc3cf630f411fae5bfd345d64fabf57540a90"
"social_networks/30min_based/figures/publication/overview/animal_level_social_effect_size_heatmap.pdf","47763","e56005eb67b5192ec5ee295641beb11c32524d0f0d696a01f64c4ae495cb3ad2"
"social_networks/30min_based/figures/publication/overview/animal_level_social_effect_size_heatmap.png","387209","ab7f5a334c498d68e449a67226204fc56a7338760f46c603682f7761a95e558f"
"social_networks/30min_based/figures/publication/overview/animal_level_social_effect_size_heatmap.svg","118770","5b5a785f782c41ec3228eb6fc3290d11ec2fb15afa9de20bad8da1bd668dc353"
"social_networks/30min_based/figures/qc/README.txt","321","fcc7347cfbb2d92ffff45d2d214694895194bd3da990013d0d8e3d556a6ef029"
"social_networks/30min_based/figures/supplementary/README.txt","332","72409480a7f9877bca1f93d2796bfdde2cf350a81c01a1dd3acfbcd060f10849"
"social_networks/30min_based/output_manifest.csv","1701","d10ae41f4b23952d54bbe5c2beb6040afa9eb3660c894b9fd0bfa91732de913b"
"social_networks/30min_based/stats_tables/animal_level_social_dynamics_duration_sensitivity_consistency.csv","111777","ec82c4d85c611b272c81702d463943b23deb1c9def5e157e970d143481130e31"
"social_networks/30min_based/stats_tables/animal_level_social_dynamics_duration_sensitivity_group_contrasts.csv","349976","2ff73a69163202e579e112e87fb8c9630e7ba233d2a5179686caef34f55d32e6"
"social_networks/30min_based/stats_tables/animal_level_social_dynamics_duration_sensitivity_group_summary.csv","173581","94510cf310124efec8cf8dc560650a04e8490d15ab516a87fdb234115c7a18ed"
"social_networks/30min_based/stats_tables/animal_level_social_dynamics_group_contrasts.csv","173241","68c081a9f5cf704f2920cd7e293af6acd4a2aae28fa3c191af0aceaeb1761dbb"
"social_networks/30min_based/stats_tables/animal_level_social_dynamics_group_summary.csv","92608","591591d10bca613eea8748241fa6245ff46001cf6a97ab45184c34448b5abee9"
"social_networks/30min_based/stats_tables/dyadic_graph_period_duration_sensitivity_group_contrasts.csv","0","e3b0c44298fc1c149afbf4c8996fb92427ae41e4649b934ca495991b7852b855"
"social_networks/30min_based/stats_tables/dyadic_graph_period_duration_sensitivity_group_summary.csv","27995","55c1f5bd6cb112585e6a5cf7a3c477c54ae4098a6a4e093a2f264380f141c627"
"social_networks/30min_based/stats_tables/dyadic_graph_period_group_contrasts.csv","0","e3b0c44298fc1c149afbf4c8996fb92427ae41e4649b934ca495991b7852b855"
"social_networks/30min_based/stats_tables/dyadic_graph_period_group_summary.csv","12959","f024213ac56f7e8a7ef73bfba108b770fd014162cfa36252a358ed16ceca83e3"
"social_networks/30min_based/stats_tables/dyadic_node_centrality_duration_sensitivity_group_contrasts.csv","0","e3b0c44298fc1c149afbf4c8996fb92427ae41e4649b934ca495991b7852b855"
"social_networks/30min_based/stats_tables/dyadic_node_centrality_duration_sensitivity_group_summary.csv","21829","8f6596b8fde72fb60bafde2064c3f4e1c703f513a3281e8867c1c2bf9b19274c"
"social_networks/30min_based/stats_tables/dyadic_node_centrality_group_contrasts.csv","0","e3b0c44298fc1c149afbf4c8996fb92427ae41e4649b934ca495991b7852b855"
"social_networks/30min_based/stats_tables/dyadic_node_centrality_group_summary.csv","10116","549aa82523ab94c4bf01f4ef7dfd7f96f6a1d000bf61f3724674fb1a68e82525"
"social_networks/30min_based/stats_tables/dyadic_partner_preference_group_contrasts.csv","0","e3b0c44298fc1c149afbf4c8996fb92427ae41e4649b934ca495991b7852b855"
"social_networks/30min_based/stats_tables/dyadic_partner_preference_group_summary.csv","9688","326366654b05c8dcf55b9dba849f7e9c1876830027a1dbb666950b5d3c92f153"
"social_networks/30min_based/tables/animal_level_contact_threshold.csv","164","c599f26f4dca735fab3975cb743a8abfe4938bb8045e8e898a69791634d6b692"
"social_networks/30min_based/tables/animal_level_social_dynamics_duration_tagged_full.csv","313080","a68710ec61899349a9e2dcac98a73009ae2a318d39dc67aea3b7d37b87a4bdc5"
"social_networks/30min_based/tables/animal_level_social_dynamics_excluding_short_duration.csv","249599","9fd277968e42b21aa452f51550ccc0c313e6552c248cbb4d4f5d6d63306b9264"
"social_networks/30min_based/tables/animal_level_social_dynamics.csv","308620","6303f853b7015a5288511fb6d1e7fc872b9669000c2cff4871c30356c1d30942"
"social_networks/30min_based/tables/animal_level_social_effect_size_heatmap_data.csv","188768","740d275cc869f6cd47685c9e0de4ebdbca0f1965bc0922ae7771ddbb5dea97a3"
"social_networks/30min_based/tables/animal_level_social_threshold_sensitivity.csv","412079","4a28d8c67468d8e107f42a52f3c480275b1be3df6674ea4de78961add554deb8"
"social_networks/30min_based/tables/animal_level_social_trajectory_summary.csv","26776","4902beb86576776cf7c50b6c8690dca0a3c6aca338711ffa3cecaa6f2798ae6b"
"social_networks/30min_based/tables/dyadic_contact_threshold.csv","137","6d136d3e92a6fc4306cafd2059f6c1c1ce1295525bb8bdc358d5475bb99bf1b6"
"social_networks/30min_based/tables/dyadic_edges_network_input.csv","26757890","638f896693d237c7f5c9adcffc0b94e33926beecca6b87f7652489dc242d4bc0"
"social_networks/30min_based/tables/dyadic_graph_effect_size_heatmap_data.csv","61","bc2f88299ce512799e06a80bf60cce07cd9ccd87fe186e05abb420c68364f1ed"
"social_networks/30min_based/tables/dyadic_graph_metrics_by_time.csv","6376544","2f32b1f091cf8b446ba153214a598752c6c264395a4774361ddd60bd11c82013"
"social_networks/30min_based/tables/dyadic_graph_period_summary.csv","52043","64c02a64328aa94712336b3c67b89fb3c9a81b6c8ad07117438b944892ff8dcb"
"social_networks/30min_based/tables/dyadic_input_qc.csv","168","225711fa51e9b20625a5e5a28d135437255a736dbf70f15573d33b81bd7ad491"
"social_networks/30min_based/tables/dyadic_network_density_time_summary.csv","301893","19612cfdad4e15d9c0cc1c2bb6fa44372af3959e6408fcb666a27070a894b9ec"
"social_networks/30min_based/tables/dyadic_node_effect_size_heatmap_data.csv","61","bc2f88299ce512799e06a80bf60cce07cd9ccd87fe186e05abb420c68364f1ed"
"social_networks/30min_based/tables/dyadic_node_metrics_by_time.csv","17804460","2f36235c23c4c9fb15a9656b8f83a610046efdabdde43314e1dcddfe4765f433"
"social_networks/30min_based/tables/dyadic_node_summary.csv","169423","21057781f09019900764e1e70431e188a6428f8d8e62a3c2adcc6a7b71899d1f"
"social_networks/30min_based/tables/dyadic_pair_summary.csv","219030","dba2236f13cbe9be080c7aedde1de4956a766c7d7295ab95ec3f6324f9db59c5"
"social_networks/30min_based/tables/dyadic_partner_instability_jaccard.csv","64910","b099c6b1b822e83738f446b89f7bfef937e3ada7a21b3ccc0ea81474cec2bf2c"
"social_networks/30min_based/tables/dyadic_partner_preference_summary.csv","112897","f9025ed5c047c01b64458c5ceb69d8f16ae7c02ba5ff62569867251a2170daa1"
"social_networks/30min_based/tables/dyadic_partner_threshold_sensitivity.csv","242254","e7398d4200e879798c44c049c9a04cc219f633555f43430f578425e639731d4a"
"social_networks/30min_based/tables/epoch_duration_qc.csv","175651","e5a9f047958c219edc8c8279d46c115584741bbe52451f86c6ae70eb0325a6c3"
"social_networks/30min_based/tables/output_figure_inventory.csv","8608","c93e84af0250abcb666e36e9f81cfb3f1b42c396375657e5edfa6527c23c3330"
"social_networks/30min_based/tables/output_folder_summary.csv","365","220233a328bd0a88d4f65bae5975d92f0b13fb8f60745db7fa83b3132456a29e"
"social_networks/30min_based/tables/social_reorganization_interpretation_guide.csv","1281","86736e85164ccef01dac6dc201046e7fcac85283c86e785cc8318a635556a458"
"social_networks/5min_based/figures/animal_level_social_dynamics.pdf","483066","be77987e3b4236c601faeb1a50f52bf798e7f94cf907a3b7001c49ea93d3c9f4"
"social_networks/5min_based/figures/animal_level_social_dynamics.png","1541284","5ac6ed331fc1ad03110af92de50e1b3f02413b2b60f907e209c0ba3fe373499f"
"social_networks/5min_based/figures/animal_level_social_dynamics.svg","1542892","3f5e96679180b46b8e5fbf1a14b370d00ea3d483b7222a62cf0a8d441e0c37c6"
"social_networks/5min_based/figures/animal_level_social_trajectories.pdf","44839","156873e6468119680909bcbe968adb26d8b5ad3ed35c823f8c48b11460357c24"
"social_networks/5min_based/figures/animal_level_social_trajectories.png","385306","9e88b4e347392475df33b44b0b0e56ac1ba7c9f9e11ca21ec8698703e585e9d9"
"social_networks/5min_based/figures/animal_level_social_trajectories.svg","97604","7451a9ad9eca1326c2d0b621af82b513b5bf12dea7f49249fd2df87a270d609c"
"social_networks/5min_based/figures/dyadic_graph_period_summary.pdf","139593","6c9fcd793c2ef2d337773b5b549b26f8169f3cfe6b35762035ddf932b933c48e"
"social_networks/5min_based/figures/dyadic_graph_period_summary.png","784569","ac39a4bbec1637b8019129ef66bb91857cbc52dbb34391a449b42e32975e6755"
"social_networks/5min_based/figures/dyadic_graph_period_summary.svg","336201","e022e10cc78fe4ab1ce35292cbc85326fe2383337cee85a8dff4646e28b0eccb"
"social_networks/5min_based/figures/dyadic_network_density_timecourse.pdf","80009","67e2527ae8d8fd396c3e5336b86bb6d0768d24e1c05e4835ef5866d07cc13a6d"
"social_networks/5min_based/figures/dyadic_network_density_timecourse.png","533908","d1e2146d84e08dbf13c286e5befda62dedd5faf909fbdb6c0f3e6c175df5e456"
"social_networks/5min_based/figures/dyadic_network_density_timecourse.svg","175276","0acacc41f505e089deb605c68c829798e005730c42603cbf7edd814ef995791e"
"social_networks/5min_based/figures/dyadic_node_centrality_summary.pdf","249778","30e81b4122c8fb2c6c3fe6d9ebbbc7718f5c487d6d46af56970f755d4ba34e00"
"social_networks/5min_based/figures/dyadic_node_centrality_summary.png","989035","5516dfeb181fc4d01290ac9c7de2be07ec416c376c565cbac7ac93ad787ac958"
"social_networks/5min_based/figures/dyadic_node_centrality_summary.svg","806369","577952321a332391b91fd38429b4eb27746169cc352237e007b242ed7da8330f"
"social_networks/5min_based/figures/dyadic_partner_preference_summary.pdf","175074","3928a95dfe390199adaddf3cfe465a408b40642ab4dd72f31684020fcb67d62c"
"social_networks/5min_based/figures/dyadic_partner_preference_summary.png","855393","74634c400180935c4e8f1c37aa1759a80f9cfb96241299f1ae9d4c2c3bd31a20"
"social_networks/5min_based/figures/dyadic_partner_preference_summary.svg","511413","21e68c6ba612831a2664618ef3b8a99a1047a435616c278039ec93c30bcc0198"
"social_networks/5min_based/figures/exploratory/README.txt","330","7c55015964e5c3d731055c51390e0cce86dc97a263317edcab388117e11eda54"
"social_networks/5min_based/figures/interactive/README.txt","330","04a93a9db626de7962d449170c58971355320ac8caedf223705da54c56ce935b"
"social_networks/5min_based/figures/publication_panels/animal_level_social_dynamics.pdf","483066","be77987e3b4236c601faeb1a50f52bf798e7f94cf907a3b7001c49ea93d3c9f4"
"social_networks/5min_based/figures/publication_panels/animal_level_social_dynamics.png","1541284","5ac6ed331fc1ad03110af92de50e1b3f02413b2b60f907e209c0ba3fe373499f"
"social_networks/5min_based/figures/publication_panels/animal_level_social_dynamics.svg","1542892","3f5e96679180b46b8e5fbf1a14b370d00ea3d483b7222a62cf0a8d441e0c37c6"
"social_networks/5min_based/figures/publication_panels/animal_level_social_effect_size_heatmap.pdf","47889","71d2f574ad6a3c952256f433d6fd5fb1c457ae0301ced867e19cb7e227457663"
"social_networks/5min_based/figures/publication_panels/animal_level_social_effect_size_heatmap.png","393493","1a134cb0cf733c80ffe6a1d04926abe239f7b2bf2ecce51b0d733d33e7fb8ead"
"social_networks/5min_based/figures/publication_panels/animal_level_social_effect_size_heatmap.svg","120998","11d654edd1abb65e5d26caee42294aa4ce9ff7dd0fc6b1cf0123e6c9365ba73a"
"social_networks/5min_based/figures/publication_panels/animal_level_social_trajectories.pdf","44839","156873e6468119680909bcbe968adb26d8b5ad3ed35c823f8c48b11460357c24"
"social_networks/5min_based/figures/publication_panels/animal_level_social_trajectories.png","385306","9e88b4e347392475df33b44b0b0e56ac1ba7c9f9e11ca21ec8698703e585e9d9"
"social_networks/5min_based/figures/publication_panels/animal_level_social_trajectories.svg","97604","7451a9ad9eca1326c2d0b621af82b513b5bf12dea7f49249fd2df87a270d609c"
"social_networks/5min_based/figures/publication_panels/dyadic_graph_period_summary.pdf","139593","6c9fcd793c2ef2d337773b5b549b26f8169f3cfe6b35762035ddf932b933c48e"
"social_networks/5min_based/figures/publication_panels/dyadic_graph_period_summary.png","784569","ac39a4bbec1637b8019129ef66bb91857cbc52dbb34391a449b42e32975e6755"
"social_networks/5min_based/figures/publication_panels/dyadic_graph_period_summary.svg","336201","e022e10cc78fe4ab1ce35292cbc85326fe2383337cee85a8dff4646e28b0eccb"
"social_networks/5min_based/figures/publication_panels/dyadic_network_density_timecourse.pdf","80009","67e2527ae8d8fd396c3e5336b86bb6d0768d24e1c05e4835ef5866d07cc13a6d"
"social_networks/5min_based/figures/publication_panels/dyadic_network_density_timecourse.png","533908","d1e2146d84e08dbf13c286e5befda62dedd5faf909fbdb6c0f3e6c175df5e456"
"social_networks/5min_based/figures/publication_panels/dyadic_network_density_timecourse.svg","175276","0acacc41f505e089deb605c68c829798e005730c42603cbf7edd814ef995791e"
"social_networks/5min_based/figures/publication_panels/dyadic_node_centrality_summary.pdf","249778","30e81b4122c8fb2c6c3fe6d9ebbbc7718f5c487d6d46af56970f755d4ba34e00"
"social_networks/5min_based/figures/publication_panels/dyadic_node_centrality_summary.png","989035","5516dfeb181fc4d01290ac9c7de2be07ec416c376c565cbac7ac93ad787ac958"
"social_networks/5min_based/figures/publication_panels/dyadic_node_centrality_summary.svg","806369","577952321a332391b91fd38429b4eb27746169cc352237e007b242ed7da8330f"
"social_networks/5min_based/figures/publication_panels/dyadic_partner_preference_summary.pdf","175074","3928a95dfe390199adaddf3cfe465a408b40642ab4dd72f31684020fcb67d62c"
"social_networks/5min_based/figures/publication_panels/dyadic_partner_preference_summary.png","855393","74634c400180935c4e8f1c37aa1759a80f9cfb96241299f1ae9d4c2c3bd31a20"
"social_networks/5min_based/figures/publication_panels/dyadic_partner_preference_summary.svg","511413","21e68c6ba612831a2664618ef3b8a99a1047a435616c278039ec93c30bcc0198"
"social_networks/5min_based/figures/publication_panels/README.txt","319","9b957880bf142e8e7ee5034d698dc3cf630f411fae5bfd345d64fabf57540a90"
"social_networks/5min_based/figures/publication/overview/animal_level_social_effect_size_heatmap.pdf","47889","71d2f574ad6a3c952256f433d6fd5fb1c457ae0301ced867e19cb7e227457663"
"social_networks/5min_based/figures/publication/overview/animal_level_social_effect_size_heatmap.png","393493","1a134cb0cf733c80ffe6a1d04926abe239f7b2bf2ecce51b0d733d33e7fb8ead"
"social_networks/5min_based/figures/publication/overview/animal_level_social_effect_size_heatmap.svg","120998","11d654edd1abb65e5d26caee42294aa4ce9ff7dd0fc6b1cf0123e6c9365ba73a"
"social_networks/5min_based/figures/qc/README.txt","321","fcc7347cfbb2d92ffff45d2d214694895194bd3da990013d0d8e3d556a6ef029"
"social_networks/5min_based/figures/supplementary/README.txt","332","72409480a7f9877bca1f93d2796bfdde2cf350a81c01a1dd3acfbcd060f10849"
"social_networks/5min_based/figures/Thumbs.db","36864","5a285986c61095a8cec257da401d9230fd73ca86d30f120509ca610b5f3d4a65"
"social_networks/5min_based/manifest/input_output_manifest.csv","490","7736132f60668bbe76b7222b55737deff321012f64451cd556536cf0e636543b"
"social_networks/5min_based/manifest/output_manifest.csv","1701","027a0506c630b5bef4fe7f90f3d7afbfdd8d0bd9e6aee34b19c0f53d4af27cfe"
"social_networks/5min_based/output_manifest.csv","1701","027a0506c630b5bef4fe7f90f3d7afbfdd8d0bd9e6aee34b19c0f53d4af27cfe"
"social_networks/5min_based/stats_tables/animal_level_social_dynamics_duration_sensitivity_consistency.csv","111393","9d23e4855029f0881e8952dbaeda2ef0bf37eb018b0a67186a589e355a8051b7"
"social_networks/5min_based/stats_tables/animal_level_social_dynamics_duration_sensitivity_group_contrasts.csv","349689","ff0736d4573b5d0022433f116f99dd10c304894c3d7952a275e10fe2cc60d5bc"
"social_networks/5min_based/stats_tables/animal_level_social_dynamics_duration_sensitivity_group_summary.csv","173578","925b6d3c67f5d94f03056881acf41a035607b1e39a77af9b351942b34571ac85"
"social_networks/5min_based/stats_tables/animal_level_social_dynamics_group_contrasts.csv","172882","b902ef015fd00f5443509031894f0d53e3db275c9891a4310486c980908dc0fc"
"social_networks/5min_based/stats_tables/animal_level_social_dynamics_group_summary.csv","92611","e9d958ba99c71c35044697290ae0e9c2e88ffd46ed42b9906951330cba7b7db5"
"social_networks/5min_based/stats_tables/dyadic_graph_period_duration_sensitivity_group_contrasts.csv","0","e3b0c44298fc1c149afbf4c8996fb92427ae41e4649b934ca495991b7852b855"
"social_networks/5min_based/stats_tables/dyadic_graph_period_duration_sensitivity_group_summary.csv","27831","741ca56eeb781538f1f3b2085d1d03a160c02bb6d1e681d2b8a8f99a319b221e"
"social_networks/5min_based/stats_tables/dyadic_graph_period_group_contrasts.csv","0","e3b0c44298fc1c149afbf4c8996fb92427ae41e4649b934ca495991b7852b855"
"social_networks/5min_based/stats_tables/dyadic_graph_period_group_summary.csv","12877","a2a6e41474c11b2b0f58638843d1b17412a7a317b1d22b7eec921a92a88fbb15"
"social_networks/5min_based/stats_tables/dyadic_node_centrality_duration_sensitivity_group_contrasts.csv","0","e3b0c44298fc1c149afbf4c8996fb92427ae41e4649b934ca495991b7852b855"
"social_networks/5min_based/stats_tables/dyadic_node_centrality_duration_sensitivity_group_summary.csv","21749","ba417da0e09f128e1301b3d527a712bb016901785754c2c3130d2554c039de68"
"social_networks/5min_based/stats_tables/dyadic_node_centrality_group_contrasts.csv","0","e3b0c44298fc1c149afbf4c8996fb92427ae41e4649b934ca495991b7852b855"
"social_networks/5min_based/stats_tables/dyadic_node_centrality_group_summary.csv","10076","574b5a4e6bc49942b286a7ea4380bf97bb1e4059937510e0a35f57dbdbc7ec28"
"social_networks/5min_based/stats_tables/dyadic_partner_preference_group_contrasts.csv","0","e3b0c44298fc1c149afbf4c8996fb92427ae41e4649b934ca495991b7852b855"
"social_networks/5min_based/stats_tables/dyadic_partner_preference_group_summary.csv","9701","fff33266806754add01f57764f012bfab2c2e6cd1e501df1bc3a5fe3d891c57e"
"social_networks/5min_based/tables/animal_level_contact_threshold.csv","163","a8c2e89ef18ddad6f30336b0763e1ac05c3b18c0849e07eeafc86881da053e17"
"social_networks/5min_based/tables/animal_level_social_dynamics_duration_tagged_full.csv","336645","5b242c7cd496e9a13a34300e3916dd036f99676465ed8cf8871a8f5c77cbd31b"
"social_networks/5min_based/tables/animal_level_social_dynamics_excluding_short_duration.csv","265445","24f2d0b4e972735ad67259b80e8e29dae4a641b7fb310cee748337effafd50db"
"social_networks/5min_based/tables/animal_level_social_dynamics.csv","332185","b2b9dbf090f59a652cc6324bdab5b5ebd6deecea3b9fddeab866af0b0f7f74e5"
"social_networks/5min_based/tables/animal_level_social_effect_size_heatmap_data.csv","188423","6d8d638142c85b74b2103dcbac948f07fe5eede27723bb89c6d4394ba803a604"
"social_networks/5min_based/tables/animal_level_social_plot_stat_brackets.csv","1945","140d3c2eb7e2191a7769c32c4b84a4bda8d3e71d64bfcded20cafa68373e09fd"
"social_networks/5min_based/tables/animal_level_social_threshold_sensitivity.csv","416795","ae0d70e6d2c2e91c1f5fe97b4c82c2cc460a1fca81c601d7f9d14b3b2386aaea"
"social_networks/5min_based/tables/animal_level_social_trajectory_summary.csv","26924","ed13628d4b8f0da575f8050570a86819b88bdfdd544db369daff1bff013f31c6"
"social_networks/5min_based/tables/dyadic_contact_threshold.csv","136","5957f5755c2445ae5ae3923c6fb36b85b579d13a5472963acdfd67919d2c3f5f"
"social_networks/5min_based/tables/dyadic_edges_network_input.csv","26795427","4a5b7770b23a84cf74750c900e228986783b16fe9037d39215a998e88e3077ec"
"social_networks/5min_based/tables/dyadic_graph_effect_size_heatmap_data.csv","61","bc2f88299ce512799e06a80bf60cce07cd9ccd87fe186e05abb420c68364f1ed"
"social_networks/5min_based/tables/dyadic_graph_metrics_by_time.csv","6374463","6b58515037a3ce6f1b4e445dd39a03b5cf6178a3885fcf2bbdddb4fc2f52518c"
"social_networks/5min_based/tables/dyadic_graph_period_summary.csv","52251","e6b877a8cd73ee69c5a262211ae26d2514b20ad06e4a826d8c83e9344fe57daa"
"social_networks/5min_based/tables/dyadic_graph_plot_stat_brackets.csv","93","426e5688663cdf72eb7a21d33f5f0af40b89981e0c364ce0b8d109a7d3b3d434"
"social_networks/5min_based/tables/dyadic_input_qc.csv","167","2e83e78350eabeb6bce98cf7205ee4fea52d9180c710a3813ab9596aff49604e"
"social_networks/5min_based/tables/dyadic_network_density_time_summary.csv","310565","284108cf0c28cf17311d238765776c0fbe7471e9e35768ca06cef152e2993af8"
"social_networks/5min_based/tables/dyadic_node_effect_size_heatmap_data.csv","61","bc2f88299ce512799e06a80bf60cce07cd9ccd87fe186e05abb420c68364f1ed"
"social_networks/5min_based/tables/dyadic_node_metrics_by_time.csv","17863703","cf88c25cf40567ff09396b8ad309d6c1e124014bb84989d14f7ea2624feaae54"
"social_networks/5min_based/tables/dyadic_node_plot_stat_brackets.csv","93","426e5688663cdf72eb7a21d33f5f0af40b89981e0c364ce0b8d109a7d3b3d434"
"social_networks/5min_based/tables/dyadic_node_summary.csv","169091","1b25a8cef5dd8e1afcee080434455178c2f6a8730c592f52580d3153d822390f"
"social_networks/5min_based/tables/dyadic_pair_summary.csv","232210","c946c599e5d2a513a98b6f34cdf4a1e144d87ae684bbc755c5d1cf8cb25842c0"
"social_networks/5min_based/tables/dyadic_partner_instability_jaccard.csv","64271","7e16afae00c48053148dd208d0ebe47b1ef751d5f3565d82d542f88ef5ad6771"
"social_networks/5min_based/tables/dyadic_partner_preference_plot_stat_brackets.csv","93","426e5688663cdf72eb7a21d33f5f0af40b89981e0c364ce0b8d109a7d3b3d434"
"social_networks/5min_based/tables/dyadic_partner_preference_summary.csv","112843","0f1de3df938a436fd0b8b74d9b42439b1db017020f67ee65c33176f41fe0e085"
"social_networks/5min_based/tables/dyadic_partner_threshold_sensitivity.csv","240834","558afe461f5fb4ddfa08b32b2b46902f9ed060497d2934846db60a72ad1e5eb3"
"social_networks/5min_based/tables/epoch_duration_qc.csv","204027","bc8fa6edbcff69cbb6d91f8b17a0fdd922add543860b2391d5f16b784e22bd8b"
"social_networks/5min_based/tables/output_figure_inventory.csv","8606","00ccdb07051484d7b64fbc02f5bc627df7d78bd47f31dd9b0120acf58ae54e60"
"social_networks/5min_based/tables/output_folder_summary.csv","365","220233a328bd0a88d4f65bae5975d92f0b13fb8f60745db7fa83b3132456a29e"
"social_networks/5min_based/tables/social_reorganization_interpretation_guide.csv","1281","86736e85164ccef01dac6dc201046e7fcac85283c86e785cc8318a635556a458"
"state_space/10min_based/figures/behavioral_state_space_pca.pdf","4505625","77defbad6e33dc10bf7249faf592dd59e740268c3aeef901cf8155961dd507b2"
"state_space/10min_based/figures/behavioral_state_space_pca.png","3173712","cf7ea00c2ab0c699382ba5756016b08288d1a3c163a4bd766941a61354b5dc22"
"state_space/10min_based/figures/behavioral_state_space_pca.svg","27903224","22d324effb8791ba576f6792c3d1e09a16554a3b4ce758d39d588467fe7e254b"
"state_space/10min_based/figures/exploratory/README.txt","330","7c55015964e5c3d731055c51390e0cce86dc97a263317edcab388117e11eda54"
"state_space/10min_based/figures/interactive/README.txt","330","04a93a9db626de7962d449170c58971355320ac8caedf223705da54c56ce935b"
"state_space/10min_based/figures/publication_panels/behavioral_state_space_pca.pdf","4505627","cb01d571865bb6c2558c72b8f19f2472936d14065aa78fa0cd42d351561f25f4"
"state_space/10min_based/figures/publication_panels/behavioral_state_space_pca.png","3173712","cf7ea00c2ab0c699382ba5756016b08288d1a3c163a4bd766941a61354b5dc22"
"state_space/10min_based/figures/publication_panels/behavioral_state_space_pca.svg","27903224","22d324effb8791ba576f6792c3d1e09a16554a3b4ce758d39d588467fe7e254b"
"state_space/10min_based/figures/publication_panels/README.txt","319","9b957880bf142e8e7ee5034d698dc3cf630f411fae5bfd345d64fabf57540a90"
"state_space/10min_based/figures/publication_panels/state_centroid_profiles.pdf","35584","49f453a03ca65f42b836a729f4414fe04ef18528f91f4abe630fbe52aa4fe09f"
"state_space/10min_based/figures/publication_panels/state_centroid_profiles.png","135275","2a354222e1f822d65fbf6e3eca8488e8f7c4a9a12108278bc0d599399b2009cf"
"state_space/10min_based/figures/publication_panels/state_centroid_profiles.svg","13924","b8240e879fe6c67c1f11f949f5d6e16b1bb848d732a77da0554d239014971b95"
"state_space/10min_based/figures/publication_panels/state_diversity_entropy.pdf","132447","eff8a3c5f756b14c4a0822df2ddf015c24a741a02f0d0afd1a620ce4a2850e03"
"state_space/10min_based/figures/publication_panels/state_diversity_entropy.png","640068","67d865122f6c537f7039e7367f9d307cd8f109cf1dfdd795fad9abf95a28e89d"
"state_space/10min_based/figures/publication_panels/state_diversity_entropy.svg","311528","103efabadc680302c0662422611a7bb0720db562b6f317de9b5543a90f9f5423"
"state_space/10min_based/figures/publication_panels/state_occupancy_effect_size_heatmap.pdf","43646","c5e112868f1196fb797d2d5849a41d884893fb447524ce1c7f23f1dffee100c0"
"state_space/10min_based/figures/publication_panels/state_occupancy_effect_size_heatmap.png","283720","5743b3c798f22e691348359cd59e46ffbc561ba24dff1c9c42bda012e4eca8e4"
"state_space/10min_based/figures/publication_panels/state_occupancy_effect_size_heatmap.svg","59255","b5f23c1c8eda1ac905fb383900afe2533ad0abf3ef0a4ae9b96195fa37965d53"
"state_space/10min_based/figures/publication_panels/state_occupancy_trajectories.pdf","50816","51148193e5861ee8b564b85c8be99a54686242a221c2912e236748b3e978b8ef"
"state_space/10min_based/figures/publication_panels/state_occupancy_trajectories.png","511682","5ed9135db4ec7441c60c7b54d6104c28612bec1d8999087c27429779063c77a6"
"state_space/10min_based/figures/publication_panels/state_occupancy_trajectories.svg","129359","0cf02ddbfdd03f5ceb30da10374290a0ab45486fd301c2cdf53913d0d88235e8"
"state_space/10min_based/figures/publication_panels/state_occupancy.pdf","409787","729134cf98401f0cbe8f42d14eb06c44309cd8a7b9697222bd588ff7c9927c8e"
"state_space/10min_based/figures/publication_panels/state_occupancy.png","1559553","86a4d95fac201ca3c43e56c8b705b56c232bec21f2cd4ef85ad7190cf1c54471"
"state_space/10min_based/figures/publication_panels/state_occupancy.svg","1194681","876bb261fc86f66465b9a4498294196d1d654d2a5cf07b03c33038ebe2ddbf14"
"state_space/10min_based/figures/publication_panels/state_switching_effect_size_heatmap.pdf","41914","0864f582c0b041636f945c5d0e869f2586aa46bd9903b41efc13baa2e6bbea9d"
"state_space/10min_based/figures/publication_panels/state_switching_effect_size_heatmap.png","263613","f02b787579aa4e8d6c7161a9050b722681273cfab95fcef2bdfc27deeec5fdad"
"state_space/10min_based/figures/publication_panels/state_switching_effect_size_heatmap.svg","60115","51a585ed37714a8cae686bad1b0b843db33d962ee646f950d6437f95960e1d51"
"state_space/10min_based/figures/publication_panels/state_switching_rate.pdf","136275","6705dab9d9a245b09534a9e99dcb11eca2ef5307d6acff6de2531c5b33ac942e"
"state_space/10min_based/figures/publication_panels/state_switching_rate.png","648743","2da4725ce5d5389e2d1f1fea11b4e1b019fbbecbd1b41ac78da232ba1ab1f0e3"
"state_space/10min_based/figures/publication_panels/state_switching_rate.svg","314158","b8e238c678d05a9f643dbee1fc08c9faa97c871f2fe26d55436e535a2d524965"
"state_space/10min_based/figures/publication_panels/state_transition_probability_heatmap.pdf","41472","810624681808e370c08b94086c38992e2544e2958fa488c05593e085205198ee"
"state_space/10min_based/figures/publication_panels/state_transition_probability_heatmap.png","381830","8758eb8be18c4572bc30be736c1dba9f0022ccd29020c6a9fd192a160aae935d"
"state_space/10min_based/figures/publication_panels/state_transition_probability_heatmap.svg","60875","de7a151b899ae0a00bdc7f897ce22398fe7cc852bc7786b6054df11f3c1de321"
"state_space/10min_based/figures/publication/overview/state_occupancy_effect_size_heatmap.pdf","43646","931d98a5379804d761037324f4fa45479388c27a52741a4f56fd359db146fbd1"
"state_space/10min_based/figures/publication/overview/state_occupancy_effect_size_heatmap.png","283720","5743b3c798f22e691348359cd59e46ffbc561ba24dff1c9c42bda012e4eca8e4"
"state_space/10min_based/figures/publication/overview/state_occupancy_effect_size_heatmap.svg","59255","b5f23c1c8eda1ac905fb383900afe2533ad0abf3ef0a4ae9b96195fa37965d53"
"state_space/10min_based/figures/publication/overview/state_switching_effect_size_heatmap.pdf","41915","df26313715d5dab2b6304f73dd957414e8e6f5a507b5faec115fd787cc5b23e5"
"state_space/10min_based/figures/publication/overview/state_switching_effect_size_heatmap.png","263613","f02b787579aa4e8d6c7161a9050b722681273cfab95fcef2bdfc27deeec5fdad"
"state_space/10min_based/figures/publication/overview/state_switching_effect_size_heatmap.svg","60115","51a585ed37714a8cae686bad1b0b843db33d962ee646f950d6437f95960e1d51"
"state_space/10min_based/figures/qc/README.txt","321","fcc7347cfbb2d92ffff45d2d214694895194bd3da990013d0d8e3d556a6ef029"
"state_space/10min_based/figures/state_centroid_profiles.pdf","35584","e88343325a1ae033b660923a523092e447b278f0e2f130c536c8c1cce8327a60"
"state_space/10min_based/figures/state_centroid_profiles.png","135275","2a354222e1f822d65fbf6e3eca8488e8f7c4a9a12108278bc0d599399b2009cf"
"state_space/10min_based/figures/state_centroid_profiles.svg","13924","b8240e879fe6c67c1f11f949f5d6e16b1bb848d732a77da0554d239014971b95"
"state_space/10min_based/figures/state_diversity_entropy.pdf","132448","6f1239c2309c9fd1d3ce86adbb507607ddf3f7a8a16b28a1e8491db83b4dc809"
"state_space/10min_based/figures/state_diversity_entropy.png","640068","67d865122f6c537f7039e7367f9d307cd8f109cf1dfdd795fad9abf95a28e89d"
"state_space/10min_based/figures/state_diversity_entropy.svg","311528","103efabadc680302c0662422611a7bb0720db562b6f317de9b5543a90f9f5423"
"state_space/10min_based/figures/state_occupancy_trajectories.pdf","50816","a1925287059851ddcd84c3676be483eef34e9555e98d6b1111dbb6a2ffc7b883"
"state_space/10min_based/figures/state_occupancy_trajectories.png","511682","5ed9135db4ec7441c60c7b54d6104c28612bec1d8999087c27429779063c77a6"
"state_space/10min_based/figures/state_occupancy_trajectories.svg","129359","0cf02ddbfdd03f5ceb30da10374290a0ab45486fd301c2cdf53913d0d88235e8"
"state_space/10min_based/figures/state_occupancy.pdf","409786","6d6429f1c4fa589dd4aae67119a26a28d6737b8f970b06a31756741db6c5bf7a"
"state_space/10min_based/figures/state_occupancy.png","1559553","86a4d95fac201ca3c43e56c8b705b56c232bec21f2cd4ef85ad7190cf1c54471"
"state_space/10min_based/figures/state_occupancy.svg","1194681","876bb261fc86f66465b9a4498294196d1d654d2a5cf07b03c33038ebe2ddbf14"
"state_space/10min_based/figures/state_switching_rate.pdf","136275","f6ff019ed47cd969f024e7927cc41d39cda6dadc3bcb029583b27b3a27761f28"
"state_space/10min_based/figures/state_switching_rate.png","648743","2da4725ce5d5389e2d1f1fea11b4e1b019fbbecbd1b41ac78da232ba1ab1f0e3"
"state_space/10min_based/figures/state_switching_rate.svg","314158","b8e238c678d05a9f643dbee1fc08c9faa97c871f2fe26d55436e535a2d524965"
"state_space/10min_based/figures/state_transition_probability_heatmap.pdf","41473","36e3aa3e45713d2eded8c336d815b250acbaf161c5c1a7bd1425a602ae02508d"
"state_space/10min_based/figures/state_transition_probability_heatmap.png","381830","8758eb8be18c4572bc30be736c1dba9f0022ccd29020c6a9fd192a160aae935d"
"state_space/10min_based/figures/state_transition_probability_heatmap.svg","60875","de7a151b899ae0a00bdc7f897ce22398fe7cc852bc7786b6054df11f3c1de321"
"state_space/10min_based/figures/supplementary/README.txt","332","72409480a7f9877bca1f93d2796bfdde2cf350a81c01a1dd3acfbcd060f10849"
"state_space/10min_based/output_manifest.csv","1043","7c3ed9d2aeb9f3960bfcdfd397cbcdadc0ae7571a9c8183e23686c39f4622d1d"
"state_space/10min_based/stats_tables/state_diversity_duration_sensitivity_consistency.csv","42168","a133870b1207b54151d4d84983afb2bcdcf524eb9ba2b5b578337d3da7d4e2cb"
"state_space/10min_based/stats_tables/state_diversity_duration_sensitivity_group_contrasts.csv","131261","88d979eea7468d9ea6d6371ab08677d4a8a8c0e244e5445727c83a6a1c51572d"
"state_space/10min_based/stats_tables/state_diversity_duration_sensitivity_group_summary.csv","63259","537fc6023870088b69cc2c464f3922f6585db0f6772fed20cf09feada120105b"
"state_space/10min_based/stats_tables/state_diversity_group_contrasts.csv","64537","368114b2da383a08e32f9200156c70c4d89b787eaecc8373298f297980f38aa4"
"state_space/10min_based/stats_tables/state_diversity_group_summary.csv","33523","bd4edfd850e9c3c15f3e2bd1d9ff2a3af4645204d459485ab362d4212b1e1ecc"
"state_space/10min_based/stats_tables/state_occupancy_duration_sensitivity_consistency.csv","46987","226b80d20d91d5e918818604d8015d08605d98cb3cd70d9270ab909013a93b7d"
"state_space/10min_based/stats_tables/state_occupancy_duration_sensitivity_group_contrasts.csv","143687","b3724d47f5c2a3ddbcdf229585b6c759300966505338c2714c80031e67be68b0"
"state_space/10min_based/stats_tables/state_occupancy_duration_sensitivity_group_summary.csv","73029","ed906a4e69a6e203c941a5358e24d9fad9c609c1453e9fc277e52656db42ee48"
"state_space/10min_based/stats_tables/state_occupancy_group_contrasts.csv","71485","f1edf6cc8c3d9d713eab17e8bea7a7712e2e1f2f8919b1d4937d9d8f7cf4abe7"
"state_space/10min_based/stats_tables/state_occupancy_group_summary.csv","39109","a8da0dce3bbd743699a07a1b21d24b757fe274e548d3a74a80e4ccc76da08f57"
"state_space/10min_based/stats_tables/state_switching_duration_sensitivity_consistency.csv","39129","591bdd4b5054eb61bb0e489ad67332ce8fab1db5395d003a50b3d8541e20511e"
"state_space/10min_based/stats_tables/state_switching_duration_sensitivity_group_contrasts.csv","126540","bdd76504045cfcd1d9cedc39124eb6892d9a3a8ce7146366945e2886fed66228"
"state_space/10min_based/stats_tables/state_switching_duration_sensitivity_group_summary.csv","64954","09452d21ded5e5dee97271ff7c1028cf44e6c5fd7a6b3d5d3040f591a8bfcf6b"
"state_space/10min_based/stats_tables/state_switching_group_contrasts.csv","62033","a048158925ab05898c2eb75271e9422fc44288f5bb80ce912dea74983cef35cb"
"state_space/10min_based/stats_tables/state_switching_group_summary.csv","34462","99a478841377a55dd6647d5ce6d75210b3a6638ca54fb36c390d08d11d4b0877"
"state_space/10min_based/tables/epoch_duration_qc.csv","176539","75b732c1c3bdf27f6e02992c2b782d687c6420886a0dad8f86dea37a3270bdce"
"state_space/10min_based/tables/output_figure_inventory.csv","10287","eb4d19969b54ad78b5a007a148262ab411974c5049a7e1752928934d9bb8c6c0"
"state_space/10min_based/tables/output_folder_summary.csv","365","c390f18cd7eaeb06d1e1a96660f079fd49c189d0c714d816590441c2336f241a"
"state_space/10min_based/tables/state_centroid_feature_profiles.csv","1346","58b0110207ce528d5575c8ca8ff2de6c790f590ff78789a28645cc361a88688f"
"state_space/10min_based/tables/state_centroids.csv","645","3069c86ddc13466bb6f1bdc63bead86358382942464a2804bf13075f129f6b0b"
"state_space/10min_based/tables/state_diversity_metrics_duration_tagged_full.csv","209420","c08e93b4057e894b00151384919eae471901d80b7783f804fd43bbd208ec4a1c"
"state_space/10min_based/tables/state_diversity_metrics_excluding_short_duration.csv","170440","4dc93865a1790fa814592d5fdfeca662cf8e7e0aef7a985413f5fdd83f595523"
"state_space/10min_based/tables/state_diversity_metrics.csv","160189","3ce15395509e6d3bba283592f16316f052b07266420f15c29450fd54077408a3"
"state_space/10min_based/tables/state_model_quality.csv","266","4464bb55c66c6284475deb3fa6d876bb402e219d7402c3ccb844124bcde6e7f8"
"state_space/10min_based/tables/state_occupancy_effect_size_heatmap_data.csv","74398","aad5a70998dc7340dce03fab3dcdfa1f483adb04df10ee5a77f69ee2a31b08f5"
"state_space/10min_based/tables/state_occupancy_mean_ci_summary.csv","32400","3a78eed98ab2ac8eb122395d05fdc9ece0a4f89958d1b82ab7e1c1cc360fa5e7"
"state_space/10min_based/tables/state_occupancy.csv","576877","a39d0e7a017d61eb55b5567a5d6a25ef41dd52966e313b2460c1cadc11f3594d"
"state_space/10min_based/tables/state_space_pca_loadings.csv","226","34a05d0dec172d46f2682aaf2fff5183b7ceac5a9fe759ac5cb898fb73cf91e7"
"state_space/10min_based/tables/state_space_pca_variance.csv","163","3a49acb5573e82c3fdc9a438c747173ff0dfc8a3f8d5d66e1f13b6138547892f"
"state_space/10min_based/tables/state_switching_effect_size_heatmap_data.csv","64467","4359182853b5707d7dd5ccd5ce0a70694112adf4a3656b416834e1b923039f90"
"state_space/10min_based/tables/state_switching_metrics_duration_tagged_full.csv","195576","ea55437bafb5e5707f79318130bc5539101268a3aa4c9f48213f6d8efb37b080"
"state_space/10min_based/tables/state_switching_metrics_excluding_short_duration.csv","160803","e7403ce2e8fad00970f00de69ab66245768d57b43c7fed7784997510b4df883a"
"state_space/10min_based/tables/state_switching_metrics.csv","191146","6ac675032f4af15a7aa5b48c0b96b7982578792c9519ca1e7c725a54114d288b"
"state_space/10min_based/tables/state_transition_counts.csv","1309502","f78d30388efc0eb85b61e5a48f9a08724e287426820a7e020b0396a2cdc5b8fa"
"state_space/10min_based/tables/state_transition_probability_summary.csv","86273","5c1abe1b950965b1dece70a5defbffab6626bf6cc6acbabc52b8333b6ab71490"
"state_space/1min_based/figures/behavioral_state_space_pca.pdf","20654604","15ee5cf592fc9e86fbbe85d83cceee6a7b49fc7917c7c096d89adf90e6003b92"
"state_space/1min_based/figures/behavioral_state_space_pca.png","2937768","97b36c3a1d10b28165bee10abc43ce4ccb1191ca56e13de2811d628347d56b6e"
"state_space/1min_based/figures/behavioral_state_space_pca.svg","278373597","66c2c11975eb963e3bb7d0f7622b840633aadee0b4429eb9888d37a711a2a757"
"state_space/1min_based/figures/publication/overview/state_occupancy_effect_size_heatmap.pdf","43731","8ec78d607a2ecc7753120e75ce956d00182cf2d4178525dfa122f53ff69c9212"
"state_space/1min_based/figures/publication/overview/state_occupancy_effect_size_heatmap.png","289516","ef974341c58aae09b8864ce01f3f04051a65026c0ed02afd70f017ee3ac54bca"
"state_space/1min_based/figures/publication/overview/state_occupancy_effect_size_heatmap.svg","60706","0b30cf952db6a54ac4a056078502984de65e3f5f7b6247538f8fa460a4a8bb8c"
"state_space/1min_based/figures/publication/overview/state_switching_effect_size_heatmap.pdf","41869","a4d3aad2af53acab94563e42579673642a430a2f8da91affd3c3cb34cb1b602d"
"state_space/1min_based/figures/publication/overview/state_switching_effect_size_heatmap.png","260667","e58090c6fc96b3095bee9f8fdacfda371f477642cd415bfa4d393fb7466a2f1d"
"state_space/1min_based/figures/publication/overview/state_switching_effect_size_heatmap.svg","59636","0338256b932b1044ce72ebb2f6985919673b16b14ddb4d64748fd9fd01f6cc07"
"state_space/1min_based/figures/state_centroid_profiles.pdf","36501","923b7d586efaaaf7dc54f77eefba745a4b325ef8fd8afda19220d317e72fa714"
"state_space/1min_based/figures/state_centroid_profiles.png","137504","001d6ef5330048e64a4ab7b52a4721c0c6f9e2407c3d2582a4fea41f94e6006b"
"state_space/1min_based/figures/state_centroid_profiles.svg","15386","31177a25674d3cad40ee18c4c62df73130db1eea9a687f64e03a825496126f5a"
"state_space/1min_based/figures/state_diversity_entropy.pdf","132740","be48bb5bbd554e9a5506586b4df890ccb5effd7d18a528a02719cc4feaeedac9"
"state_space/1min_based/figures/state_diversity_entropy.png","690090","7bbdea0a8c305233ee3e93292670550dc8fbc25a5a94fbacac6a984c4635dfc0"
"state_space/1min_based/figures/state_diversity_entropy.svg","312622","8513fd9900acbd9f41f55d39423b3abf99189366fba68c596c6681cb41b389af"
"state_space/1min_based/figures/state_occupancy_trajectories.pdf","50398","6f1d805e99b07ae7cad40fe6f7690e1b4d4699e4435662732e3d6ecdd83732f8"
"state_space/1min_based/figures/state_occupancy_trajectories.png","442200","527ae580e18f27e6ffd21a6b3e84c3a25e2f266e54b671a607a30eed718497a2"
"state_space/1min_based/figures/state_occupancy_trajectories.svg","128774","1117c726a3b4a0ad4d4d92dfeed8f3db99ee55026e68669c8d65951f1a047b62"
"state_space/1min_based/figures/state_occupancy.pdf","385398","d285dbd1312770aaa9af6a483523988ba9b39fc34e9dff3109096d7ae8cf1b8b"
"state_space/1min_based/figures/state_occupancy.png","1256607","b8ec1e632811d1100fb8fc27e85e2cc80133c823a0003954961104f883c86e0a"
"state_space/1min_based/figures/state_occupancy.svg","1223932","1400d33bf6a7c9e2375a9f77aaae732d476c95a1fdad79a742bfd211caa63093"
"state_space/1min_based/figures/state_switching_rate.pdf","136833","9ff3b02032782a7971989684f45946517cd8dd8768b6be5da7c44502c3040c73"
"state_space/1min_based/figures/state_switching_rate.png","637632","2330ba9801d32d4ffee48b17a10e6e276c3cd5f75000abfab309beae47b37cde"
"state_space/1min_based/figures/state_switching_rate.svg","316831","ce677d095ee713f7f97919fd202a678d269deea9c5d200c9b0cf41b5bdd372ee"
"state_space/1min_based/figures/state_transition_probability_heatmap.pdf","41401","5f923d021e680728825b018bffec00323f14931ea7709afdbb6aad0979f403a7"
"state_space/1min_based/figures/state_transition_probability_heatmap.png","382426","d6d6c831dba56854de58d159918da04e0a83a5e86faa1ad5e628072f7ca68c41"
"state_space/1min_based/figures/state_transition_probability_heatmap.svg","60509","b01040bbc9168a11d8e937bd2cdc6e7726ca78ce82445285d26121846f002847"
"state_space/1min_based/output_manifest.csv","1043","7c3ed9d2aeb9f3960bfcdfd397cbcdadc0ae7571a9c8183e23686c39f4622d1d"
"state_space/1min_based/stats_tables/state_diversity_duration_sensitivity_consistency.csv","42109","c1f886ac1b8493526fa27d04add1f938b0b59880b46d22081b359fc9b094611f"
"state_space/1min_based/stats_tables/state_diversity_duration_sensitivity_group_contrasts.csv","131743","a44aa75fdcc3e0cd29582dec49ca654bc03d6135655a0eaf0e46d4dbd7312543"
"state_space/1min_based/stats_tables/state_diversity_duration_sensitivity_group_summary.csv","62788","12b7df27c7b6648162e1f78c217e0ef585840bb7a851ce0621eb9697a1465e78"
"state_space/1min_based/stats_tables/state_diversity_group_contrasts.csv","64872","a5a860b46f680394312ba922f14c8b3e4bc2c36fb85889b614eed5c1225b339a"
"state_space/1min_based/stats_tables/state_diversity_group_summary.csv","33293","5c9d4c1ef1b3e03a3213a9425d49a113ca063a4eb9175d774b628f1b18bdd005"
"state_space/1min_based/stats_tables/state_occupancy_duration_sensitivity_consistency.csv","46799","29cc25132024e569fccb073eb398bc1f84bf871d85b0604374e418daf25d9ef5"
"state_space/1min_based/stats_tables/state_occupancy_duration_sensitivity_group_contrasts.csv","143785","c8eae9419356b52f252f4d79bdb746085a2017c98b16a99f0b918b4aaa58f241"
"state_space/1min_based/stats_tables/state_occupancy_duration_sensitivity_group_summary.csv","73410","b6bb2c4df7d3a5bdb8c04d7dec0a480cb4e111ea1712d79b233d32da691a8499"
"state_space/1min_based/stats_tables/state_occupancy_group_contrasts.csv","71523","649b997b06c2f2813c0328273ee9f2f87725b8d0429ef1428393fe83abcd1852"
"state_space/1min_based/stats_tables/state_occupancy_group_summary.csv","39346","f554ea9c5d71cacb55ace427cb5bde1b9b7e015b8fbb73db73737915b764ecdf"
"state_space/1min_based/stats_tables/state_switching_duration_sensitivity_consistency.csv","38938","296e066f18981c90464002356948356b0ec9af3a0f83c64df3fe9961a5cb8d97"
"state_space/1min_based/stats_tables/state_switching_duration_sensitivity_group_contrasts.csv","125920","9eb3158525bb32d45499298de4ca8c8cb1febe3cb5df830285b2bbe0793e7a93"
"state_space/1min_based/stats_tables/state_switching_duration_sensitivity_group_summary.csv","64981","5839bca686222771db911c3f169a4e491868863bcd1e0d5429dc657b4102f4c5"
"state_space/1min_based/stats_tables/state_switching_group_contrasts.csv","61672","aa0698a5ab4d74ef25ea54356c379b06a5b7042e2866137518df5ae57da55db9"
"state_space/1min_based/stats_tables/state_switching_group_summary.csv","34483","0adc0ca4086a6ba0eaf975bc748619a797cf121c98488c4808ad7ff3b3edcb04"
"state_space/1min_based/tables/epoch_duration_qc.csv","180091","5cc8e20b4b4f5b4f7484138e7cf26d56fc5f5368bc654e7ee64bdf753f73ab80"
"state_space/1min_based/tables/state_centroid_feature_profiles.csv","1347","96bb30914ff42ecb532869cd4c7f6b05917c9437c2fa3bf2063aeaef7907ef4d"
"state_space/1min_based/tables/state_centroids.csv","644","f3630f63657f9d4b3630e110e1b95a2a8f3c30517d279674f71a302bf4a4cdd3"
"state_space/1min_based/tables/state_diversity_metrics_duration_tagged_full.csv","211846","9fdd6fe0cef31ee256be4264874f7ba138ea7e2449d8a70cbc52accb121bb84f"
"state_space/1min_based/tables/state_diversity_metrics_excluding_short_duration.csv","172336","381f67d2a19b4bdbf02846a436be4a9f6139058514be93ca07f314cd4da5cf10"
"state_space/1min_based/tables/state_diversity_metrics.csv","161733","82e4f61c20c102d6f1dd681c0ca138a9863aba4fa2bd61f1ddfa0df31f836186"
"state_space/1min_based/tables/state_model_quality.csv","264","e4cb7a477d6403b614f259ea6496443b811ee33fa7d2d8c8eed111a78002143c"
"state_space/1min_based/tables/state_occupancy_effect_size_heatmap_data.csv","74445","823359b085350947862d4e77a9e560a5e57f147b3f40617c66296559acf68566"
"state_space/1min_based/tables/state_occupancy_mean_ci_summary.csv","32714","8a34a904959a6e6c7824aa30e0a950fdc3c0799eaafbfa7b6ded6acfd97ac444"
"state_space/1min_based/tables/state_occupancy.csv","611358","1206687b18f773a65526ea2744b2c3bfb7ef8da1538e7404cc3f901f0d40ca71"
"state_space/1min_based/tables/state_space_pca_loadings.csv","228","9a6d3b8b2930f9b34f637d3f4b23234680beceb1809825577b8a5ad3503ed9f5"
"state_space/1min_based/tables/state_space_pca_variance.csv","163","bf8fb0c14b9764132e2e382e5eec3cfab7ee628367769c8e70bdcd2f9635e0d5"
"state_space/1min_based/tables/state_switching_effect_size_heatmap_data.csv","64103","b46aba971d088e83155a20ffe1b5aa65b064f2498425647e2c132f7dc2a18bae"
"state_space/1min_based/tables/state_switching_metrics_duration_tagged_full.csv","198954","f9618be4f9fef0e859794a853e9c83296f79c1186efe79a830f9345bf955a479"
"state_space/1min_based/tables/state_switching_metrics_excluding_short_duration.csv","163184","9807c368aade6338e0f6791d05436098ceacfac815a3c2aa9d43e5d1e07e8516"
"state_space/1min_based/tables/state_switching_metrics.csv","194524","aa49cbf8fa93b4203d2f2b07022527099f106838df472569f580eecf3c86aaac"
"state_space/1min_based/tables/state_transition_counts.csv","1481981","c822a99e02943ca416cfc7e25940e6347c11f265336066982a6a371f12405093"
"state_space/1min_based/tables/state_transition_probability_summary.csv","89434","90193441a0a6d7e460166811c56dd006b18955d6f071b91da3f3eeef46af6219"
"state_space/5min_based/figures/behavioral_state_space_pca.pdf","7891024","774e9d76e22e17a136d62d4a450f64778bdfca8b8824c037b80a51126c044cb2"
"state_space/5min_based/figures/behavioral_state_space_pca.png","3312997","4abd915f54484166fcc9bd3e3c8abc149be95e32291dd28123fcb5514c3d868b"
"state_space/5min_based/figures/behavioral_state_space_pca.svg","55935445","a92808c1a07601f43b6a8ecfa4a00d72c3e8d4257ae117d1a783f4c8ebae710b"
"state_space/5min_based/figures/exploratory/README.txt","330","7c55015964e5c3d731055c51390e0cce86dc97a263317edcab388117e11eda54"
"state_space/5min_based/figures/interactive/README.txt","330","04a93a9db626de7962d449170c58971355320ac8caedf223705da54c56ce935b"
"state_space/5min_based/figures/publication_panels/behavioral_state_space_pca.pdf","7891024","774e9d76e22e17a136d62d4a450f64778bdfca8b8824c037b80a51126c044cb2"
"state_space/5min_based/figures/publication_panels/behavioral_state_space_pca.png","3312997","4abd915f54484166fcc9bd3e3c8abc149be95e32291dd28123fcb5514c3d868b"
"state_space/5min_based/figures/publication_panels/behavioral_state_space_pca.svg","55935445","a92808c1a07601f43b6a8ecfa4a00d72c3e8d4257ae117d1a783f4c8ebae710b"
"state_space/5min_based/figures/publication_panels/README.txt","319","9b957880bf142e8e7ee5034d698dc3cf630f411fae5bfd345d64fabf57540a90"
"state_space/5min_based/figures/publication_panels/state_centroid_profiles.pdf","35563","57ca440c7b8e497557d88fc58488cfc02ceb532865c1014f5f32c3b50e309c5a"
"state_space/5min_based/figures/publication_panels/state_centroid_profiles.png","135565","fc515ba670b498f84366e4ad3ba924fa215bde81b251d7d2bf716d1a1fb763df"
"state_space/5min_based/figures/publication_panels/state_centroid_profiles.svg","13935","4c4fc5f3a249e2dd97731aaa90e28ecccf1215a76ce53bf571bb6e556f2247ed"
"state_space/5min_based/figures/publication_panels/state_diversity_entropy.pdf","133685","2afd22b1d692cdcda8b5db2b05832fd58be3495bd76c76a14fe8335adb6489da"
"state_space/5min_based/figures/publication_panels/state_diversity_entropy.png","656912","8fa7b9b254f97ce5850d23513b181cb322c220e1ca933229109f81e92e8a43e6"
"state_space/5min_based/figures/publication_panels/state_diversity_entropy.svg","312129","57f881ae60afc37f79ad39fbbe3ef7e28c84c57538095b63539b466ab66e52b4"
"state_space/5min_based/figures/publication_panels/state_occupancy_effect_size_heatmap.pdf","43711","31283dc577880a24e4908bb51320d2053ffafa7e82131990268077fd615342ae"
"state_space/5min_based/figures/publication_panels/state_occupancy_effect_size_heatmap.png","287405","f4983488e00b91fc54aa8b56a4de02962465902e1dd13851d44f92f23ecddb49"
"state_space/5min_based/figures/publication_panels/state_occupancy_effect_size_heatmap.svg","60384","c68dc0b39603589f7830cffbc1e441af681969568b0d580419620655834b3456"
"state_space/5min_based/figures/publication_panels/state_occupancy_trajectories.pdf","50863","ad0d1a8c83d6f3771bcfb95f99d761ed2f101af2e9184b40d49b057469a34ab9"
"state_space/5min_based/figures/publication_panels/state_occupancy_trajectories.png","495053","c3f11c9d6e5296a9a27f77d851d3b69e304895bcd58052a6c3012010d4cdbeb9"
"state_space/5min_based/figures/publication_panels/state_occupancy_trajectories.svg","130864","2c0eb2472798eec531f31c4b99a741697064eed9eaeaf871f7cc84088c05ac73"
"state_space/5min_based/figures/publication_panels/state_occupancy.pdf","400343","e526cfc1258afc1e26299b2794577a08031e70976d0abe0a3b3fd16f6b5ab265"
"state_space/5min_based/figures/publication_panels/state_occupancy.png","1478609","0c328c2ff75563709496f21a366fc9ee31156c6eb2751257e074a3f4026b7fc4"
"state_space/5min_based/figures/publication_panels/state_occupancy.svg","1212205","bc797a015e3e8312f4c9f135412972bc04157baa2279c82c0ac1f675a8b59904"
"state_space/5min_based/figures/publication_panels/state_switching_effect_size_heatmap.pdf","42155","512d617895ea2de62c6c642f1aee8a3bfe9ddb3e1e468d00161ac37651f6f385"
"state_space/5min_based/figures/publication_panels/state_switching_effect_size_heatmap.png","265895","c8d981ceacf0f62d240ea29189e4559305dabe970c45168f5c187e41a4a4fec9"
"state_space/5min_based/figures/publication_panels/state_switching_effect_size_heatmap.svg","60591","f2703dddf92adf14f44fc7ec38bd4d73d3397a759bdd92295ce0dfed483308d4"
"state_space/5min_based/figures/publication_panels/state_switching_rate.pdf","136511","982fb7a8405aea1ebad69c4b2022c131482215f18d5c4aaed36f65b0424d5be1"
"state_space/5min_based/figures/publication_panels/state_switching_rate.png","602716","537488143539f51927d741d433d80b037665967b962fd0cae3fcfd2db4c81815"
"state_space/5min_based/figures/publication_panels/state_switching_rate.svg","314590","8c08163a55bb6deb52105aa6e185db1e6fa8194a0f5e4e06635e91277dc63028"
"state_space/5min_based/figures/publication_panels/state_transition_probability_heatmap.pdf","41400","769eb8f3eb6f90040f339b6f00a6e8ccf25323ad1f20683c91813c7dbb25c628"
"state_space/5min_based/figures/publication_panels/state_transition_probability_heatmap.png","379705","77b37d1b9b0b58708252056ecb315599a9acf31b50de7b0b8298ab9bd5092371"
"state_space/5min_based/figures/publication_panels/state_transition_probability_heatmap.svg","60495","3dc7a8cca464a286c4ab336e61a790e8150f9baf3d4a8217e2a5df18c5563498"
"state_space/5min_based/figures/publication/overview/state_occupancy_effect_size_heatmap.pdf","43711","31283dc577880a24e4908bb51320d2053ffafa7e82131990268077fd615342ae"
"state_space/5min_based/figures/publication/overview/state_occupancy_effect_size_heatmap.png","287405","f4983488e00b91fc54aa8b56a4de02962465902e1dd13851d44f92f23ecddb49"
"state_space/5min_based/figures/publication/overview/state_occupancy_effect_size_heatmap.svg","60384","c68dc0b39603589f7830cffbc1e441af681969568b0d580419620655834b3456"
"state_space/5min_based/figures/publication/overview/state_switching_effect_size_heatmap.pdf","42155","512d617895ea2de62c6c642f1aee8a3bfe9ddb3e1e468d00161ac37651f6f385"
"state_space/5min_based/figures/publication/overview/state_switching_effect_size_heatmap.png","265895","c8d981ceacf0f62d240ea29189e4559305dabe970c45168f5c187e41a4a4fec9"
"state_space/5min_based/figures/publication/overview/state_switching_effect_size_heatmap.svg","60591","f2703dddf92adf14f44fc7ec38bd4d73d3397a759bdd92295ce0dfed483308d4"
"state_space/5min_based/figures/qc/README.txt","321","fcc7347cfbb2d92ffff45d2d214694895194bd3da990013d0d8e3d556a6ef029"
"state_space/5min_based/figures/state_centroid_profiles.pdf","35563","57ca440c7b8e497557d88fc58488cfc02ceb532865c1014f5f32c3b50e309c5a"
"state_space/5min_based/figures/state_centroid_profiles.png","135565","fc515ba670b498f84366e4ad3ba924fa215bde81b251d7d2bf716d1a1fb763df"
"state_space/5min_based/figures/state_centroid_profiles.svg","13935","4c4fc5f3a249e2dd97731aaa90e28ecccf1215a76ce53bf571bb6e556f2247ed"
"state_space/5min_based/figures/state_diversity_entropy.pdf","133685","2afd22b1d692cdcda8b5db2b05832fd58be3495bd76c76a14fe8335adb6489da"
"state_space/5min_based/figures/state_diversity_entropy.png","656912","8fa7b9b254f97ce5850d23513b181cb322c220e1ca933229109f81e92e8a43e6"
"state_space/5min_based/figures/state_diversity_entropy.svg","312129","57f881ae60afc37f79ad39fbbe3ef7e28c84c57538095b63539b466ab66e52b4"
"state_space/5min_based/figures/state_occupancy_trajectories.pdf","50863","ad0d1a8c83d6f3771bcfb95f99d761ed2f101af2e9184b40d49b057469a34ab9"
"state_space/5min_based/figures/state_occupancy_trajectories.png","495053","c3f11c9d6e5296a9a27f77d851d3b69e304895bcd58052a6c3012010d4cdbeb9"
"state_space/5min_based/figures/state_occupancy_trajectories.svg","130864","2c0eb2472798eec531f31c4b99a741697064eed9eaeaf871f7cc84088c05ac73"
"state_space/5min_based/figures/state_occupancy.pdf","400343","e526cfc1258afc1e26299b2794577a08031e70976d0abe0a3b3fd16f6b5ab265"
"state_space/5min_based/figures/state_occupancy.png","1478609","0c328c2ff75563709496f21a366fc9ee31156c6eb2751257e074a3f4026b7fc4"
"state_space/5min_based/figures/state_occupancy.svg","1212205","bc797a015e3e8312f4c9f135412972bc04157baa2279c82c0ac1f675a8b59904"
"state_space/5min_based/figures/state_switching_rate.pdf","136511","982fb7a8405aea1ebad69c4b2022c131482215f18d5c4aaed36f65b0424d5be1"
"state_space/5min_based/figures/state_switching_rate.png","602716","537488143539f51927d741d433d80b037665967b962fd0cae3fcfd2db4c81815"
"state_space/5min_based/figures/state_switching_rate.svg","314590","8c08163a55bb6deb52105aa6e185db1e6fa8194a0f5e4e06635e91277dc63028"
"state_space/5min_based/figures/state_transition_probability_heatmap.pdf","41400","769eb8f3eb6f90040f339b6f00a6e8ccf25323ad1f20683c91813c7dbb25c628"
"state_space/5min_based/figures/state_transition_probability_heatmap.png","379705","77b37d1b9b0b58708252056ecb315599a9acf31b50de7b0b8298ab9bd5092371"
"state_space/5min_based/figures/state_transition_probability_heatmap.svg","60495","3dc7a8cca464a286c4ab336e61a790e8150f9baf3d4a8217e2a5df18c5563498"
"state_space/5min_based/figures/supplementary/README.txt","332","72409480a7f9877bca1f93d2796bfdde2cf350a81c01a1dd3acfbcd060f10849"
"state_space/5min_based/figures/Thumbs.db","21504","9d422831fb70fcaac23e0e53c4fa29a794073ae93932ddd14dec7ad57290e768"
"state_space/5min_based/manifest/input_output_manifest.csv","490","de13cb35a91a09dd527ba24afab3932e13d5bfb8a0726b17310f0805bfb9d1d3"
"state_space/5min_based/manifest/output_manifest.csv","1043","ec93416a4a47b4b3fee822033e840c895c457a188430cf7639dfabd3ac4a34bc"
"state_space/5min_based/output_manifest.csv","1043","ec93416a4a47b4b3fee822033e840c895c457a188430cf7639dfabd3ac4a34bc"
"state_space/5min_based/stats_tables/state_diversity_duration_sensitivity_consistency.csv","41977","8ac4935837e7d6fc8d59ed379a61a0212e7dd6ad7e15ffe276f33e14dc387360"
"state_space/5min_based/stats_tables/state_diversity_duration_sensitivity_group_contrasts.csv","131082","8601aa187dbb5edbafbdafd9ff1ad561567694165b3e8ef5ae18be464cd486a4"
"state_space/5min_based/stats_tables/state_diversity_duration_sensitivity_group_summary.csv","63014","e295762afdc05e8df9f66c448c270282a6f592d05b4e3dbef0292d372f4b054c"
"state_space/5min_based/stats_tables/state_diversity_group_contrasts.csv","64482","2fefca3c5777f2b82f259b73d2294053211e1d2b0c1970427d92480ed23499c8"
"state_space/5min_based/stats_tables/state_diversity_group_summary.csv","33421","252b96ec70ca0cde0d32eda9b70034f217bdb4db3c263cc3a64c16e5c927d745"
"state_space/5min_based/stats_tables/state_occupancy_duration_sensitivity_consistency.csv","46701","175f1244a4e563ecd2fd5115af582758c84a7d75440256deb8066bc48f6cda3a"
"state_space/5min_based/stats_tables/state_occupancy_duration_sensitivity_group_contrasts.csv","143324","9f895400d5c2774dcace7326017f5bb6b164abdbb1aabda1b0e484517c325a4d"
"state_space/5min_based/stats_tables/state_occupancy_duration_sensitivity_group_summary.csv","73104","9d529a3bf2ece313f25c28ff2e80f80433d72e1bfccd2606b3ece4db0f9042cf"
"state_space/5min_based/stats_tables/state_occupancy_group_contrasts.csv","71232","76edd19e57f7a255360a321c5e8d63eb383c310fe284622e8bad16b23de4d2fa"
"state_space/5min_based/stats_tables/state_occupancy_group_summary.csv","39186","6b3ee7e77f3ac4498091dd0f530f5b09007a7e3e5359c247f5ccdba715b98c5a"
"state_space/5min_based/stats_tables/state_switching_duration_sensitivity_consistency.csv","41706","7303f5d6c9a804142a68d70800af25c3281c7ba72bf5b28d262bd8d866b7ba60"
"state_space/5min_based/stats_tables/state_switching_duration_sensitivity_group_contrasts.csv","132721","167a97d06b5e9a8a53a153bea40ba46e3d2c691b462a8445fedde281ca144196"
"state_space/5min_based/stats_tables/state_switching_duration_sensitivity_group_summary.csv","66733","51182ee36269e8b8b04aa479e3eeb2ae7a206c7dae9792a4b40385386ce4b95c"
"state_space/5min_based/stats_tables/state_switching_group_contrasts.csv","65425","f16834c1939bc81ba58ebb6e41fea5b404d2c064a37a5eb3f4f07a4d778ec0ae"
"state_space/5min_based/stats_tables/state_switching_group_summary.csv","35533","aa4d33d2502a01f7064607caa8cec63e3879f61b9734d5f50b83d4b17a0c0aac"
"state_space/5min_based/tables/epoch_duration_qc.csv","203139","39834d58e4069d223c2a611d0bc12e56d37a587f4b5d1689ecd4c9f540676ba1"
"state_space/5min_based/tables/output_figure_inventory.csv","10287","40bde404e2dba30fe9bfb1e415627ee76a17fd7942575dd199ac71f3a6fab9e7"
"state_space/5min_based/tables/output_folder_summary.csv","365","c390f18cd7eaeb06d1e1a96660f079fd49c189d0c714d816590441c2336f241a"
"state_space/5min_based/tables/state_centroid_feature_profiles.csv","1337","92a151971d106a038dc1a7bf8c78f8c94e383027b96a2dc8a95a3a1370ebbea2"
"state_space/5min_based/tables/state_centroids.csv","642","c28e93b9ba165385c7af0bdf5904bc026e3fea6db00ef8df70449a94923b4031"
"state_space/5min_based/tables/state_diversity_metrics_duration_tagged_full.csv","227101","7da3cd6b551723a421fa505a51730b7f782f43e22e9a4a7d848d3fd8fe29789b"
"state_space/5min_based/tables/state_diversity_metrics_excluding_short_duration.csv","182511","4b04b1663797143b825678f9411c8d71bd8bd8711633e32f3411c6eaef6cfc14"
"state_space/5min_based/tables/state_diversity_metrics.csv","164209","9baa64f47c06949c005ea2cca039cfceda4d938d1c6dd7732e8095654d77ac3e"
"state_space/5min_based/tables/state_model_quality.csv","264","db0bce9b90c5f32e9be015959bd71919205c19fd9be74fda1660532571872789"
"state_space/5min_based/tables/state_occupancy_effect_size_heatmap_data.csv","74152","1f64738e7eaf571e8b9ae19357d7b93f0bc6b0a8ebb91acfe66ce7514a628e35"
"state_space/5min_based/tables/state_occupancy_mean_ci_summary.csv","32526","5ffa7f9f365523a0b9151025df7cf5115d1323457a59099ee2593e3e1c522aa8"
"state_space/5min_based/tables/state_occupancy.csv","661024","b02eb7b070eba44fffba9309201fcb828941621c10707f3ac414cf8e0592c26e"
"state_space/5min_based/tables/state_space_pca_loadings.csv","225","0e72eb00e985c4c28ada209337d66436cd8d4a54153bcb748b685d5adafc1fd5"
"state_space/5min_based/tables/state_space_pca_variance.csv","164","14fa8888fd6c4a9cf14678960b8a487b5d75c6cad4db75b9bb46992732cb541b"
"state_space/5min_based/tables/state_switching_effect_size_heatmap_data.csv","67814","57c164468a879489cf995c2347cadd2e7e2741fc0b35577d59846b29c9468c61"
"state_space/5min_based/tables/state_switching_metrics_duration_tagged_full.csv","214413","44f82a0d946b324f2bc48ad77499f97fed5526e4d8bed086fb03a13a8e7e8e2c"
"state_space/5min_based/tables/state_switching_metrics_excluding_short_duration.csv","173136","a7754c2d9e94fa59224787c78780dc50ba0d53988d58c4b080332ec1a9605372"
"state_space/5min_based/tables/state_switching_metrics.csv","209983","3e5674230607105ee8a8f9c5da17315c94d4e852828034e1b4d059958486bbb2"
"state_space/5min_based/tables/state_transition_counts.csv","1388675","45689f041e01949b4359574e35f54af9e468a47af3c7bce7058e4742b319f70a"
"state_space/5min_based/tables/state_transition_probability_summary.csv","87767","3f868167a3ce21b13a8b22daac6f4d7f998ace8d7b1909108f5ca050d1a6ace3"
"temporal_instability/10sec_based/figures/cage_change_deltas/delta_rmssd_movement_from_first_cage_change.pdf","251192","147ad0bff202ebb09e634f016533b70772cec2aaeef396e909ee352a814992e9"
"temporal_instability/10sec_based/figures/cage_change_deltas/delta_rmssd_movement_from_first_cage_change.png","1001625","aa0e8274c98fd17a1c6acd0da11afe68a7e3d1a09cf81152534c9d6506577e17"
"temporal_instability/10sec_based/figures/cage_change_deltas/delta_rmssd_movement_from_first_cage_change.svg","638851","6f48df1d4257d0ba1da165b4862ae12eaf72fc69442f893765d20e631fd6961e"
"temporal_instability/10sec_based/figures/cage_change_trajectories/rmssd_movement_across_cage_changes.pdf","41019","4dac470283d7edc4da3a1bb26aae86484d771cbc7ae1a5977b13a9f7de9c1e0e"
"temporal_instability/10sec_based/figures/cage_change_trajectories/rmssd_movement_across_cage_changes.png","277125","e2eccaf49694b057dc272a997ad7ed27667afc4d039096da0aea4a9dd8e1bbf6"
"temporal_instability/10sec_based/figures/cage_change_trajectories/rmssd_movement_across_cage_changes.svg","36805","8aba758327a5b410ab3f362220252bfba4a3f85d09786291fefbacf7d01af963"
"temporal_instability/10sec_based/figures/exploratory/README.txt","330","7c55015964e5c3d731055c51390e0cce86dc97a263317edcab388117e11eda54"
"temporal_instability/10sec_based/figures/first_active_first_cage_change/acf1_movement_first_active_first_cage_change.pdf","72226","ef0a13c4b315761c0daf45c00a3aa97f021ab5845707ffa47e833bf800a6626b"
"temporal_instability/10sec_based/figures/first_active_first_cage_change/acf1_movement_first_active_first_cage_change.png","306932","31cca8fe738234f502be327fb28862c6505ee2c90aa7b357606c7d18e6ce773d"
"temporal_instability/10sec_based/figures/first_active_first_cage_change/acf1_movement_first_active_first_cage_change.svg","110838","84b48037ef7be3027402647027d43f3861c0cd621c4ae9c4e47dab89f5e5baed"
"temporal_instability/10sec_based/figures/first_active_first_cage_change/cv_movement_first_active_first_cage_change.pdf","72786","1f92ff03a519ee9259b16b7f72bad8e8280c58abdda55f7ada0ec93cbace64f4"
"temporal_instability/10sec_based/figures/first_active_first_cage_change/cv_movement_first_active_first_cage_change.png","298157","c4eaab99b3110179694f38e10eb4143c556c62ae57003a813c0111c914880b25"
"temporal_instability/10sec_based/figures/first_active_first_cage_change/cv_movement_first_active_first_cage_change.svg","110235","76f4c2a8b71f9798cf65ec226c13b1de87ab0fd1e95747cbf866df494ab478e0"
"temporal_instability/10sec_based/figures/first_active_first_cage_change/rmssd_movement_first_active_first_cage_change.pdf","77684","c36c239246f4c5f8886dd4ee7cab34150ff9199754f8c247af6fd4a0838fa40a"
"temporal_instability/10sec_based/figures/first_active_first_cage_change/rmssd_movement_first_active_first_cage_change.png","325506","68f4155e9b111f518cab4ca6b04370ddcd5295c9900c767d39680dcbf2733f14"
"temporal_instability/10sec_based/figures/first_active_first_cage_change/rmssd_movement_first_active_first_cage_change.svg","109930","1f6d2b0aa27ca6e792368a362cdbb4161ab6b1ebd1f5853fe6baea9bcb6479a2"
"temporal_instability/10sec_based/figures/first_active_first_cage_change/rolling_rmssd_movement_first_active_first_cage_change.pdf","574922","ed6c2fd3973494a01a8b8478e117ed4d9ef80ffffc1b10af8659640dace906a9"
"temporal_instability/10sec_based/figures/first_active_first_cage_change/rolling_rmssd_movement_first_active_first_cage_change.png","1093735","306dbf35d09f6127b84cea188b1a96b2981d2b463198d7afa29bd09b944fd1ca"
"temporal_instability/10sec_based/figures/first_active_first_cage_change/rolling_rmssd_movement_first_active_first_cage_change.svg","1800576","ad2ee87b2a8f925545763b1b36da9a0675f0f6a1101d4b9755f699d67537f5ee"
"temporal_instability/10sec_based/figures/first_active_first_cage_change/Thumbs.db","25088","b39982b88eaf4537f863c580031ca571d6f360a373a243c75f348bf3b71233f0"
"temporal_instability/10sec_based/figures/interactive/README.txt","330","04a93a9db626de7962d449170c58971355320ac8caedf223705da54c56ce935b"
"temporal_instability/10sec_based/figures/primary_movement/acf1_movement_group_comparison.pdf","131586","08ed3e41b9367a4ac02d0ad2d3d05b47cb50b65c46bc03a56ea5832a2bac7bd3"
"temporal_instability/10sec_based/figures/primary_movement/acf1_movement_group_comparison.png","903992","4b6ae2a5a38c6d9d75847da5cb3d2f68da3243a0fc3dd2246c00226e845fb048"
"temporal_instability/10sec_based/figures/primary_movement/acf1_movement_group_comparison.svg","313669","c6df2fada2c02d525074db3b6eb9a4733126ee20c6bc6466d89faa956a10227e"
"temporal_instability/10sec_based/figures/primary_movement/cv_movement_group_comparison.pdf","130546","f934f3a11c512cc7238f3d505a3654b90feb587af18cbe9f253e071812f9a550"
"temporal_instability/10sec_based/figures/primary_movement/cv_movement_group_comparison.png","497823","e6e1b36e10743b04d61a64dafcf22412b5858576923543532695dccc600e6141"
"temporal_instability/10sec_based/figures/primary_movement/cv_movement_group_comparison.svg","313590","b0a60a302d6ddd221e8538d7371fe085245d4ce870a2693bcd93130f823ca72d"
"temporal_instability/10sec_based/figures/primary_movement/fano_movement_group_comparison.pdf","132189","e2f7e02e531ab16f5f83ba638d8d6e88b4fc3b23f008b86281efb943d59e382b"
"temporal_instability/10sec_based/figures/primary_movement/fano_movement_group_comparison.png","861519","dd8d6bc1ad0b6a5bfbafd267c665bdfb47936578fbb1ac26cbaa91567acb83d3"
"temporal_instability/10sec_based/figures/primary_movement/fano_movement_group_comparison.svg","313917","d9b2a54f6d84b0bbfa90e6fe449de533a027b648931d5ebd632f65e6c742aebe"
"temporal_instability/10sec_based/figures/primary_movement/rmssd_movement_group_comparison.pdf","133581","1ea07ae48b1444050b87ea0c29e97855505b4957aee075e86d74833cb8c93ff6"
"temporal_instability/10sec_based/figures/primary_movement/rmssd_movement_group_comparison.png","849958","e0c9dfe177118d426123ed5cbe3980c09f488e042ed59028c2489957152c6b19"
"temporal_instability/10sec_based/figures/primary_movement/rmssd_movement_group_comparison.svg","312644","ea7b41dbf8aad3613746850863be247f26217d99e103102e91776bb6b3cb2957"
"temporal_instability/10sec_based/figures/primary_movement/rmssd_movement_pairwise_bars_by_cage_change.pdf","328190","d43b160dba753d280b4ff8868b9686ed7e3eb428af205921f7dd07292a140b07"
"temporal_instability/10sec_based/figures/primary_movement/rmssd_movement_pairwise_bars_by_cage_change.png","1270980","07bc4673d5494a0de38603bec77ea2e65c06b68468f5845086aa7a918bfc38b0"
"temporal_instability/10sec_based/figures/primary_movement/rmssd_movement_pairwise_bars_by_cage_change.svg","844804","3161a18f79f1ba893cea4a3ec689b3aaf863e57e61730390ecc798ea028dc55b"
"temporal_instability/10sec_based/figures/primary_movement/rolling_rmssd_movement_timecourse.pdf","3855814","e535ddef4bde786f5c02c61d65af061328ebaed34f982b08d00d75cf906536d2"
"temporal_instability/10sec_based/figures/primary_movement/rolling_rmssd_movement_timecourse.png","2927003","4a068019c78e9648414a5b83d4ea3b1024f6de88e87f54a6495eef35f6f52a43"
"temporal_instability/10sec_based/figures/primary_movement/rolling_rmssd_movement_timecourse.svg","14390536","a2080000d2aaf61a874512a5d7d0d8b4d0f8ecc12fc7382b76eaa8f049c973c5"
"temporal_instability/10sec_based/figures/publication_panels/acf1_all_metrics_group_comparison.pdf","226944","c344da915b867cd5cb12024cfd965935eab6840a0b296be5244861e2cc6e3e84"
"temporal_instability/10sec_based/figures/publication_panels/acf1_all_metrics_group_comparison.png","891448","0497d179c8c54ebe211a2b92eea820e37ca420e5898cf1b4d2dbceb874953bd8"
"temporal_instability/10sec_based/figures/publication_panels/acf1_all_metrics_group_comparison.svg","659546","e9af4c4d56fdd9562d62e40d72cb14cdac9e0e989ad19e63ea6ee32465282289"
"temporal_instability/10sec_based/figures/publication_panels/acf1_movement_first_active_first_cage_change.pdf","72226","ef0a13c4b315761c0daf45c00a3aa97f021ab5845707ffa47e833bf800a6626b"
"temporal_instability/10sec_based/figures/publication_panels/acf1_movement_first_active_first_cage_change.png","306932","31cca8fe738234f502be327fb28862c6505ee2c90aa7b357606c7d18e6ce773d"
"temporal_instability/10sec_based/figures/publication_panels/acf1_movement_first_active_first_cage_change.svg","110838","84b48037ef7be3027402647027d43f3861c0cd621c4ae9c4e47dab89f5e5baed"
"temporal_instability/10sec_based/figures/publication_panels/acf1_movement_group_comparison.pdf","131586","08ed3e41b9367a4ac02d0ad2d3d05b47cb50b65c46bc03a56ea5832a2bac7bd3"
"temporal_instability/10sec_based/figures/publication_panels/acf1_movement_group_comparison.png","903992","4b6ae2a5a38c6d9d75847da5cb3d2f68da3243a0fc3dd2246c00226e845fb048"
"temporal_instability/10sec_based/figures/publication_panels/acf1_movement_group_comparison.svg","313669","c6df2fada2c02d525074db3b6eb9a4733126ee20c6bc6466d89faa956a10227e"
"temporal_instability/10sec_based/figures/publication_panels/behavioral_pattern_classification.pdf","41242","f6e224068d328bcfec1af0e17c7f00a15fb580cf293d9ad3edc97a7f5094874c"
"temporal_instability/10sec_based/figures/publication_panels/behavioral_pattern_classification.png","248705","8012ca49a57f71e0c64a15229481c3cfcf3866f6d37fe8122ae02b41e8406059"
"temporal_instability/10sec_based/figures/publication_panels/behavioral_pattern_classification.svg","30795","ec9ba0a9402bd5c1f8e0a34863fe719384d431b1aa1635e8f21a52ba2d5904c8"
"temporal_instability/10sec_based/figures/publication_panels/behavioral_readout_priority_shortlist.pdf","42641","e33a2bca5bab5b8078c69d9e1071750c08cd190869c26fc1d3f73e438cbada5d"
"temporal_instability/10sec_based/figures/publication_panels/behavioral_readout_priority_shortlist.png","534016","456fa6179f9fccf738422826f0b96b8608b664565c17893616dc6ea904a53c89"
"temporal_instability/10sec_based/figures/publication_panels/behavioral_readout_priority_shortlist.svg","27421","815ed6aadfc3594744dfe46775592c0a304441da35b9a0d3ecb45c9f64f79079"
"temporal_instability/10sec_based/figures/publication_panels/cv_all_metrics_group_comparison.pdf","213200","ca81794d82f6cebae2d86648745f3968a8d532bde52b253ec344d5616157637e"
"temporal_instability/10sec_based/figures/publication_panels/cv_all_metrics_group_comparison.png","432607","65bec325ba6b8d0f285531a63354ad830b07c502db8d9f789ffe94a6a23a5e92"
"temporal_instability/10sec_based/figures/publication_panels/cv_all_metrics_group_comparison.svg","661211","133fce11431abae71e33eaa6e80f863e4e348ef2445e63184d71fc8527091e3b"
"temporal_instability/10sec_based/figures/publication_panels/cv_movement_first_active_first_cage_change.pdf","72786","1f92ff03a519ee9259b16b7f72bad8e8280c58abdda55f7ada0ec93cbace64f4"
"temporal_instability/10sec_based/figures/publication_panels/cv_movement_first_active_first_cage_change.png","298157","c4eaab99b3110179694f38e10eb4143c556c62ae57003a813c0111c914880b25"
"temporal_instability/10sec_based/figures/publication_panels/cv_movement_first_active_first_cage_change.svg","110235","76f4c2a8b71f9798cf65ec226c13b1de87ab0fd1e95747cbf866df494ab478e0"
"temporal_instability/10sec_based/figures/publication_panels/cv_movement_group_comparison.pdf","130546","f934f3a11c512cc7238f3d505a3654b90feb587af18cbe9f253e071812f9a550"
"temporal_instability/10sec_based/figures/publication_panels/cv_movement_group_comparison.png","497823","e6e1b36e10743b04d61a64dafcf22412b5858576923543532695dccc600e6141"
"temporal_instability/10sec_based/figures/publication_panels/cv_movement_group_comparison.svg","313590","b0a60a302d6ddd221e8538d7371fe085245d4ce870a2693bcd93130f823ca72d"
"temporal_instability/10sec_based/figures/publication_panels/delta_effect_size_heatmap_all_metrics.pdf","48149","a8135e0e9453e6e007f832423281652e94aa7fd1537c5039b8701c10c65e6d6f"
"temporal_instability/10sec_based/figures/publication_panels/delta_effect_size_heatmap_all_metrics.png","413589","cb7cce2974e89f065c220c6b696911ff3a57ba194b83a998a3c47cb8335d673d"
"temporal_instability/10sec_based/figures/publication_panels/delta_effect_size_heatmap_all_metrics.svg","141312","4c86fd6e07a1e7a1b4427936f9f62f9681b57e397050e5e26eba2a98316968df"
"temporal_instability/10sec_based/figures/publication_panels/delta_rmssd_movement_from_first_cage_change.pdf","251192","147ad0bff202ebb09e634f016533b70772cec2aaeef396e909ee352a814992e9"
"temporal_instability/10sec_based/figures/publication_panels/delta_rmssd_movement_from_first_cage_change.png","1001625","aa0e8274c98fd17a1c6acd0da11afe68a7e3d1a09cf81152534c9d6506577e17"
"temporal_instability/10sec_based/figures/publication_panels/delta_rmssd_movement_from_first_cage_change.svg","638851","6f48df1d4257d0ba1da165b4862ae12eaf72fc69442f893765d20e631fd6961e"
"temporal_instability/10sec_based/figures/publication_panels/effect_size_heatmap_all_metrics.pdf","51225","d13d0734806aea47881cc440b863ca6236c3ee3a94e695e9390f5fe81b7341e9"
"temporal_instability/10sec_based/figures/publication_panels/effect_size_heatmap_all_metrics.png","403723","e498d3b7395cfb0f5cc9f3cac6b3192092c9f1fc7b070e9c9fee22c49fdfff21"
"temporal_instability/10sec_based/figures/publication_panels/effect_size_heatmap_all_metrics.svg","176716","c5cc6001d8deaf54a86fc79b03d9616f88c8459c147249b0bf48250849f97d95"
"temporal_instability/10sec_based/figures/publication_panels/fano_all_metrics_group_comparison.pdf","221702","777ae5196bd3f10b2e21399ece51bc466ff9b80f643fa3e8a52c69efd60de200"
"temporal_instability/10sec_based/figures/publication_panels/fano_all_metrics_group_comparison.png","834093","30fe923ab2c58601a78201873dbb08b410d0239495001fd75bc7942920f91d8a"
"temporal_instability/10sec_based/figures/publication_panels/fano_all_metrics_group_comparison.svg","660865","9f36e6344c11972279d3f2dc0a8790b60efe8825e82562bb96efb962856939df"
"temporal_instability/10sec_based/figures/publication_panels/fano_movement_group_comparison.pdf","132189","e2f7e02e531ab16f5f83ba638d8d6e88b4fc3b23f008b86281efb943d59e382b"
"temporal_instability/10sec_based/figures/publication_panels/fano_movement_group_comparison.png","861519","dd8d6bc1ad0b6a5bfbafd267c665bdfb47936578fbb1ac26cbaa91567acb83d3"
"temporal_instability/10sec_based/figures/publication_panels/fano_movement_group_comparison.svg","313917","d9b2a54f6d84b0bbfa90e6fe449de533a027b648931d5ebd632f65e6c742aebe"
"temporal_instability/10sec_based/figures/publication_panels/panel_a_timeline_metric_schematic.pdf","35068","54ab22de83fa7bfc34c7d7e6cc225b264143d37052284b72759bfcb8f7ae2f5f"
"temporal_instability/10sec_based/figures/publication_panels/panel_a_timeline_metric_schematic.png","142216","11f4e7a0b6b052bfffa3d63246fc6dd08e7693c9a6fc09c0a1fd0414281b2f54"
"temporal_instability/10sec_based/figures/publication_panels/panel_a_timeline_metric_schematic.svg","4633","d2fb0a7c6ae10c47ac0d833d5fdc09715b628dcf3ca590760811b50d847a8c3b"
"temporal_instability/10sec_based/figures/publication_panels/panel_b_first_active_rolling_rmssd.pdf","605872","f21baf5e9c6e9aec3afc4f4903a7628cdfb2eba32dfca785c0b7b09d9a31771a"
"temporal_instability/10sec_based/figures/publication_panels/panel_b_first_active_rolling_rmssd.png","651190","3872ef4960ea25709c4db336cb488c0f14efd4e93f45c0a2e6707ed1ae60df9a"
"temporal_instability/10sec_based/figures/publication_panels/panel_b_first_active_rolling_rmssd.svg","1801927","0255ae6174ab9d4c0e2480eb593c8be36dd238a1c49b0a5b3bd045708a87fccd"
"temporal_instability/10sec_based/figures/publication_panels/panel_c_cage_change_rmssd_trajectory.pdf","46809","ffb28d647267fd5fb1c464db48b64e93ae295df8d0858d30b4a366a264b005c5"
"temporal_instability/10sec_based/figures/publication_panels/panel_c_cage_change_rmssd_trajectory.png","979570","b93620feecaac675b12901e21b3a73e825e6100f3f84fa8f307bb9894af3b939"
"temporal_instability/10sec_based/figures/publication_panels/panel_c_cage_change_rmssd_trajectory.svg","79574","60f16daafcae862316b3bd74360a1aa318691d0ed808c58e4d3b1b344fbf06a1"
"temporal_instability/10sec_based/figures/publication_panels/panel_d_delta_rmssd_from_first_cage_change.pdf","40721","60b14cff749d2934787fb883452ecf6e58994323cb812ede817464d234bf107a"
"temporal_instability/10sec_based/figures/publication_panels/panel_d_delta_rmssd_from_first_cage_change.png","345573","e77c4178b925e737cb4d24ebf10e32c4b04ec04d474a6d52809c1e9a8d1907e9"
"temporal_instability/10sec_based/figures/publication_panels/panel_d_delta_rmssd_from_first_cage_change.svg","34396","b675199b84d7070c97e46ec5d404d4e493fbae6f6b26baffeb56c28f784404fe"
"temporal_instability/10sec_based/figures/publication_panels/panel_e_pairwise_contrast_forest.pdf","44560","798bd834d56b9bb8611eaea51bb47d1eeaecda38d329cfa67ed81183656ddd04"
"temporal_instability/10sec_based/figures/publication_panels/panel_e_pairwise_contrast_forest.png","607334","d6798988eb15b827106407ffcb2fcc24e24edce457d48b86fb8a78923e3c36be"
"temporal_instability/10sec_based/figures/publication_panels/panel_e_pairwise_contrast_forest.svg","64293","fa2842421adce7b8613defdc7a003cb65c50c8d5a719f257b84b0e5500a442f3"
"temporal_instability/10sec_based/figures/publication_panels/README.txt","319","9b957880bf142e8e7ee5034d698dc3cf630f411fae5bfd345d64fabf57540a90"
"temporal_instability/10sec_based/figures/publication_panels/rmssd_all_metrics_group_comparison.pdf","231650","9122843d63304f5ab205ad73fa5dc236ddf815872e2647c0d6da7abcb3df5fe0"
"temporal_instability/10sec_based/figures/publication_panels/rmssd_all_metrics_group_comparison.png","1029803","666ca0e311b37eb764f45151fb73274abf95ea5fe569c33f65a7984f381ddf5f"
"temporal_instability/10sec_based/figures/publication_panels/rmssd_all_metrics_group_comparison.svg","660565","8137445e57319d3901381acb157e34f6285b40e570d8ee5828ce1bd37c8d5911"
"temporal_instability/10sec_based/figures/publication_panels/rmssd_movement_across_cage_changes.pdf","41019","4dac470283d7edc4da3a1bb26aae86484d771cbc7ae1a5977b13a9f7de9c1e0e"
"temporal_instability/10sec_based/figures/publication_panels/rmssd_movement_across_cage_changes.png","277125","e2eccaf49694b057dc272a997ad7ed27667afc4d039096da0aea4a9dd8e1bbf6"
"temporal_instability/10sec_based/figures/publication_panels/rmssd_movement_across_cage_changes.svg","36805","8aba758327a5b410ab3f362220252bfba4a3f85d09786291fefbacf7d01af963"
"temporal_instability/10sec_based/figures/publication_panels/rmssd_movement_first_active_first_cage_change.pdf","77684","c36c239246f4c5f8886dd4ee7cab34150ff9199754f8c247af6fd4a0838fa40a"
"temporal_instability/10sec_based/figures/publication_panels/rmssd_movement_first_active_first_cage_change.png","325506","68f4155e9b111f518cab4ca6b04370ddcd5295c9900c767d39680dcbf2733f14"
"temporal_instability/10sec_based/figures/publication_panels/rmssd_movement_first_active_first_cage_change.svg","109930","1f6d2b0aa27ca6e792368a362cdbb4161ab6b1ebd1f5853fe6baea9bcb6479a2"
"temporal_instability/10sec_based/figures/publication_panels/rmssd_movement_group_comparison.pdf","133581","1ea07ae48b1444050b87ea0c29e97855505b4957aee075e86d74833cb8c93ff6"
"temporal_instability/10sec_based/figures/publication_panels/rmssd_movement_group_comparison.png","849958","e0c9dfe177118d426123ed5cbe3980c09f488e042ed59028c2489957152c6b19"
"temporal_instability/10sec_based/figures/publication_panels/rmssd_movement_group_comparison.svg","312644","ea7b41dbf8aad3613746850863be247f26217d99e103102e91776bb6b3cb2957"
"temporal_instability/10sec_based/figures/publication_panels/rmssd_movement_pairwise_bars_by_cage_change.pdf","328190","d43b160dba753d280b4ff8868b9686ed7e3eb428af205921f7dd07292a140b07"
"temporal_instability/10sec_based/figures/publication_panels/rmssd_movement_pairwise_bars_by_cage_change.png","1270980","07bc4673d5494a0de38603bec77ea2e65c06b68468f5845086aa7a918bfc38b0"
"temporal_instability/10sec_based/figures/publication_panels/rmssd_movement_pairwise_bars_by_cage_change.svg","844804","3161a18f79f1ba893cea4a3ec689b3aaf863e57e61730390ecc798ea028dc55b"
"temporal_instability/10sec_based/figures/publication_panels/rolling_rmssd_all_metrics_timecourse.pdf","6818766","8537b6dd2ee9a4a600d9ef2a6793f045403a93fb2f383612d4319c517c69a275"
"temporal_instability/10sec_based/figures/publication_panels/rolling_rmssd_all_metrics_timecourse.png","3519318","f6262b89ad299df5a461955c2ebe98504c2789f607581ab93f3723d89fd0001c"
"temporal_instability/10sec_based/figures/publication_panels/rolling_rmssd_all_metrics_timecourse.svg","21565145","7805994ad904bed164fff2d76bf45e4b5d6131fb6b0dbddd5bdad72a6bf1d8fe"
"temporal_instability/10sec_based/figures/publication_panels/rolling_rmssd_movement_first_active_first_cage_change.pdf","574922","ed6c2fd3973494a01a8b8478e117ed4d9ef80ffffc1b10af8659640dace906a9"
"temporal_instability/10sec_based/figures/publication_panels/rolling_rmssd_movement_first_active_first_cage_change.png","1093735","306dbf35d09f6127b84cea188b1a96b2981d2b463198d7afa29bd09b944fd1ca"
"temporal_instability/10sec_based/figures/publication_panels/rolling_rmssd_movement_first_active_first_cage_change.svg","1800576","ad2ee87b2a8f925545763b1b36da9a0675f0f6a1101d4b9755f699d67537f5ee"
"temporal_instability/10sec_based/figures/publication_panels/rolling_rmssd_movement_timecourse.pdf","3855814","e535ddef4bde786f5c02c61d65af061328ebaed34f982b08d00d75cf906536d2"
"temporal_instability/10sec_based/figures/publication_panels/rolling_rmssd_movement_timecourse.png","2927003","4a068019c78e9648414a5b83d4ea3b1024f6de88e87f54a6495eef35f6f52a43"
"temporal_instability/10sec_based/figures/publication_panels/rolling_rmssd_movement_timecourse.svg","14390536","a2080000d2aaf61a874512a5d7d0d8b4d0f8ecc12fc7382b76eaa8f049c973c5"
"temporal_instability/10sec_based/figures/publication/overview/behavioral_pattern_classification.pdf","41242","f6e224068d328bcfec1af0e17c7f00a15fb580cf293d9ad3edc97a7f5094874c"
"temporal_instability/10sec_based/figures/publication/overview/behavioral_pattern_classification.png","248705","8012ca49a57f71e0c64a15229481c3cfcf3866f6d37fe8122ae02b41e8406059"
"temporal_instability/10sec_based/figures/publication/overview/behavioral_pattern_classification.svg","30795","ec9ba0a9402bd5c1f8e0a34863fe719384d431b1aa1635e8f21a52ba2d5904c8"
"temporal_instability/10sec_based/figures/publication/overview/behavioral_readout_priority_shortlist.pdf","42641","e33a2bca5bab5b8078c69d9e1071750c08cd190869c26fc1d3f73e438cbada5d"
"temporal_instability/10sec_based/figures/publication/overview/behavioral_readout_priority_shortlist.png","534016","456fa6179f9fccf738422826f0b96b8608b664565c17893616dc6ea904a53c89"
"temporal_instability/10sec_based/figures/publication/overview/behavioral_readout_priority_shortlist.svg","27421","815ed6aadfc3594744dfe46775592c0a304441da35b9a0d3ecb45c9f64f79079"
"temporal_instability/10sec_based/figures/publication/overview/delta_effect_size_heatmap_all_metrics.pdf","48149","a8135e0e9453e6e007f832423281652e94aa7fd1537c5039b8701c10c65e6d6f"
"temporal_instability/10sec_based/figures/publication/overview/delta_effect_size_heatmap_all_metrics.png","413589","cb7cce2974e89f065c220c6b696911ff3a57ba194b83a998a3c47cb8335d673d"
"temporal_instability/10sec_based/figures/publication/overview/delta_effect_size_heatmap_all_metrics.svg","141312","4c86fd6e07a1e7a1b4427936f9f62f9681b57e397050e5e26eba2a98316968df"
"temporal_instability/10sec_based/figures/publication/overview/effect_size_heatmap_all_metrics.pdf","51225","d13d0734806aea47881cc440b863ca6236c3ee3a94e695e9390f5fe81b7341e9"
"temporal_instability/10sec_based/figures/publication/overview/effect_size_heatmap_all_metrics.png","403723","e498d3b7395cfb0f5cc9f3cac6b3192092c9f1fc7b070e9c9fee22c49fdfff21"
"temporal_instability/10sec_based/figures/publication/overview/effect_size_heatmap_all_metrics.svg","176716","c5cc6001d8deaf54a86fc79b03d9616f88c8459c147249b0bf48250849f97d95"
"temporal_instability/10sec_based/figures/publication/panels/panel_a_timeline_metric_schematic.pdf","35068","54ab22de83fa7bfc34c7d7e6cc225b264143d37052284b72759bfcb8f7ae2f5f"
"temporal_instability/10sec_based/figures/publication/panels/panel_a_timeline_metric_schematic.png","142216","11f4e7a0b6b052bfffa3d63246fc6dd08e7693c9a6fc09c0a1fd0414281b2f54"
"temporal_instability/10sec_based/figures/publication/panels/panel_a_timeline_metric_schematic.svg","4633","d2fb0a7c6ae10c47ac0d833d5fdc09715b628dcf3ca590760811b50d847a8c3b"
"temporal_instability/10sec_based/figures/publication/panels/panel_b_first_active_rolling_rmssd.pdf","605872","f21baf5e9c6e9aec3afc4f4903a7628cdfb2eba32dfca785c0b7b09d9a31771a"
"temporal_instability/10sec_based/figures/publication/panels/panel_b_first_active_rolling_rmssd.png","651190","3872ef4960ea25709c4db336cb488c0f14efd4e93f45c0a2e6707ed1ae60df9a"
"temporal_instability/10sec_based/figures/publication/panels/panel_b_first_active_rolling_rmssd.svg","1801927","0255ae6174ab9d4c0e2480eb593c8be36dd238a1c49b0a5b3bd045708a87fccd"
"temporal_instability/10sec_based/figures/publication/panels/panel_c_cage_change_rmssd_trajectory.pdf","46809","ffb28d647267fd5fb1c464db48b64e93ae295df8d0858d30b4a366a264b005c5"
"temporal_instability/10sec_based/figures/publication/panels/panel_c_cage_change_rmssd_trajectory.png","979570","b93620feecaac675b12901e21b3a73e825e6100f3f84fa8f307bb9894af3b939"
"temporal_instability/10sec_based/figures/publication/panels/panel_c_cage_change_rmssd_trajectory.svg","79574","60f16daafcae862316b3bd74360a1aa318691d0ed808c58e4d3b1b344fbf06a1"
"temporal_instability/10sec_based/figures/publication/panels/panel_d_delta_rmssd_from_first_cage_change.pdf","40721","60b14cff749d2934787fb883452ecf6e58994323cb812ede817464d234bf107a"
"temporal_instability/10sec_based/figures/publication/panels/panel_d_delta_rmssd_from_first_cage_change.png","345573","e77c4178b925e737cb4d24ebf10e32c4b04ec04d474a6d52809c1e9a8d1907e9"
"temporal_instability/10sec_based/figures/publication/panels/panel_d_delta_rmssd_from_first_cage_change.svg","34396","b675199b84d7070c97e46ec5d404d4e493fbae6f6b26baffeb56c28f784404fe"
"temporal_instability/10sec_based/figures/publication/panels/panel_e_pairwise_contrast_forest.pdf","44560","798bd834d56b9bb8611eaea51bb47d1eeaecda38d329cfa67ed81183656ddd04"
"temporal_instability/10sec_based/figures/publication/panels/panel_e_pairwise_contrast_forest.png","607334","d6798988eb15b827106407ffcb2fcc24e24edce457d48b86fb8a78923e3c36be"
"temporal_instability/10sec_based/figures/publication/panels/panel_e_pairwise_contrast_forest.svg","64293","fa2842421adce7b8613defdc7a003cb65c50c8d5a719f257b84b0e5500a442f3"
"temporal_instability/10sec_based/figures/qc/README.txt","321","fcc7347cfbb2d92ffff45d2d214694895194bd3da990013d0d8e3d556a6ef029"
"temporal_instability/10sec_based/figures/supplementary_all_metrics/acf1_all_metrics_group_comparison.pdf","226944","c344da915b867cd5cb12024cfd965935eab6840a0b296be5244861e2cc6e3e84"
"temporal_instability/10sec_based/figures/supplementary_all_metrics/acf1_all_metrics_group_comparison.png","891448","0497d179c8c54ebe211a2b92eea820e37ca420e5898cf1b4d2dbceb874953bd8"
"temporal_instability/10sec_based/figures/supplementary_all_metrics/acf1_all_metrics_group_comparison.svg","659546","e9af4c4d56fdd9562d62e40d72cb14cdac9e0e989ad19e63ea6ee32465282289"
"temporal_instability/10sec_based/figures/supplementary_all_metrics/cv_all_metrics_group_comparison.pdf","213200","ca81794d82f6cebae2d86648745f3968a8d532bde52b253ec344d5616157637e"
"temporal_instability/10sec_based/figures/supplementary_all_metrics/cv_all_metrics_group_comparison.png","432607","65bec325ba6b8d0f285531a63354ad830b07c502db8d9f789ffe94a6a23a5e92"
"temporal_instability/10sec_based/figures/supplementary_all_metrics/cv_all_metrics_group_comparison.svg","661211","133fce11431abae71e33eaa6e80f863e4e348ef2445e63184d71fc8527091e3b"
"temporal_instability/10sec_based/figures/supplementary_all_metrics/fano_all_metrics_group_comparison.pdf","221702","777ae5196bd3f10b2e21399ece51bc466ff9b80f643fa3e8a52c69efd60de200"
"temporal_instability/10sec_based/figures/supplementary_all_metrics/fano_all_metrics_group_comparison.png","834093","30fe923ab2c58601a78201873dbb08b410d0239495001fd75bc7942920f91d8a"
"temporal_instability/10sec_based/figures/supplementary_all_metrics/fano_all_metrics_group_comparison.svg","660865","9f36e6344c11972279d3f2dc0a8790b60efe8825e82562bb96efb962856939df"
"temporal_instability/10sec_based/figures/supplementary_all_metrics/rmssd_all_metrics_group_comparison.pdf","231650","9122843d63304f5ab205ad73fa5dc236ddf815872e2647c0d6da7abcb3df5fe0"
"temporal_instability/10sec_based/figures/supplementary_all_metrics/rmssd_all_metrics_group_comparison.png","1029803","666ca0e311b37eb764f45151fb73274abf95ea5fe569c33f65a7984f381ddf5f"
"temporal_instability/10sec_based/figures/supplementary_all_metrics/rmssd_all_metrics_group_comparison.svg","660565","8137445e57319d3901381acb157e34f6285b40e570d8ee5828ce1bd37c8d5911"
"temporal_instability/10sec_based/figures/supplementary_all_metrics/rolling_rmssd_all_metrics_timecourse.pdf","6818766","8537b6dd2ee9a4a600d9ef2a6793f045403a93fb2f383612d4319c517c69a275"
"temporal_instability/10sec_based/figures/supplementary_all_metrics/rolling_rmssd_all_metrics_timecourse.png","3519318","f6262b89ad299df5a461955c2ebe98504c2789f607581ab93f3723d89fd0001c"
"temporal_instability/10sec_based/figures/supplementary_all_metrics/rolling_rmssd_all_metrics_timecourse.svg","21565145","7805994ad904bed164fff2d76bf45e4b5d6131fb6b0dbddd5bdad72a6bf1d8fe"
"temporal_instability/10sec_based/figures/supplementary/README.txt","332","72409480a7f9877bca1f93d2796bfdde2cf350a81c01a1dd3acfbcd060f10849"
"temporal_instability/10sec_based/manifest/input_output_manifest.csv","499","c450c677898e2e8fe118b384778937ca9447ec6ebc24f622b3fb3f160b2e9973"
"temporal_instability/10sec_based/manifest/output_manifest.csv","1169","948b8c0c66e07a80fa06e92942255d9e8c564e7c67806c7e5e8955b120028281"
"temporal_instability/10sec_based/output_manifest.csv","1169","948b8c0c66e07a80fa06e92942255d9e8c564e7c67806c7e5e8955b120028281"
"temporal_instability/10sec_based/stats_tables/delta_from_first_cage_change_instability_duration_sensitivity_consistency.csv","124033","a9ccd59ed4b29df73305f131c19f8bf6418b432aabaf14f7e647c37feb738d37"
"temporal_instability/10sec_based/stats_tables/delta_from_first_cage_change_instability_duration_sensitivity_group_contrasts.csv","378345","e7ab9d1e8fa81e928b9d926c0562c4666a782de552a7a9e8d17f5ee86d65322a"
"temporal_instability/10sec_based/stats_tables/delta_from_first_cage_change_instability_duration_sensitivity_group_summary.csv","194483","a0049f9ba56150975b975c8d98f0ff25c909dd57d774fdcdd06ac1e96c18bc66"
"temporal_instability/10sec_based/stats_tables/delta_from_first_cage_change_instability_group_contrasts.csv","199841","0bdc3eaccee5e252409d204e47f1cbaa5d9341440e05b83248ebc69643a67d77"
"temporal_instability/10sec_based/stats_tables/delta_from_first_cage_change_instability_group_summary.csv","109644","0c74cbb58544c390f393b6beb6f67d438f579a6119908c43f1f4f1c77ab0b0bb"
"temporal_instability/10sec_based/stats_tables/first_active_first_cage_change_instability_duration_sensitivity_consistency.csv","21167","df4478ac39c6e37f8d0eb1925bab736591408c6d4d03175cc75592b188e573f6"
"temporal_instability/10sec_based/stats_tables/first_active_first_cage_change_instability_duration_sensitivity_group_contrasts.csv","72347","07578a2e305911806b3576a4cda7e7ff2e45627755f2df5e3cd5f8b3e79e2d6f"
"temporal_instability/10sec_based/stats_tables/first_active_first_cage_change_instability_duration_sensitivity_group_summary.csv","34848","ec686e8de3039b2b299800bc6390cb1d2d98a6d696de1b0b35e4acd92415efad"
"temporal_instability/10sec_based/stats_tables/first_active_first_cage_change_instability_group_contrasts.csv","31627","2f54c60194b9724100345fc4256d9cf8590b3112e3a00a240a90c0c3d8b37138"
"temporal_instability/10sec_based/stats_tables/first_active_first_cage_change_instability_group_summary.csv","16110","b4a0dc9635ca8875938741c409f9a7640ad3718d1c55801c34208574b519d2b1"
"temporal_instability/10sec_based/stats_tables/overall_cage_change_phase_instability_duration_sensitivity_consistency.csv","164565","6d45af1bba315bd79bcdc9f9706ab8a3b07e624c75cebc786c683dd5c2fdae5a"
"temporal_instability/10sec_based/stats_tables/overall_cage_change_phase_instability_duration_sensitivity_group_contrasts.csv","517201","6484a423c6b933ae36f3976d86245c408fe464e75affff1e7a53fef8a05a6fdd"
"temporal_instability/10sec_based/stats_tables/overall_cage_change_phase_instability_duration_sensitivity_group_summary.csv","257125","c8db13ecf697cc5d764224662c1f0fe74b7c9c610fb1a6486d7771b8beb2c2b1"
"temporal_instability/10sec_based/stats_tables/overall_cage_change_phase_instability_group_contrasts.csv","259242","c20d78ce0b0129b716677bafe5e210fc813942e8a8dd64e5b6f346ab1b1a620d"
"temporal_instability/10sec_based/stats_tables/overall_cage_change_phase_instability_group_summary.csv","137186","4a3fe5461cec58bd40933f622830ff1203a485fafc7f15690087d25da97c1986"
"temporal_instability/10sec_based/tables/behavioral_finding_priority_all_tests.csv","735382","efc6e0f73ce3b29d220250f0aad5503555ad78e1844a3d61204f49daf72aad68"
"temporal_instability/10sec_based/tables/behavioral_finding_priority_shortlist.csv","27923","1c14dc5ee7b56fa31e0ec2989f37f29c6991f80b65526710bc0d91603c78c786"
"temporal_instability/10sec_based/tables/behavioral_key_patterns.csv","5463","646f9e5a6ec088d859917b3077c2e85d88c9892342109d5b5b0400cab785d48f"
"temporal_instability/10sec_based/tables/behavioral_pattern_classification.csv","26167","e7c87eb08ea91f4ab804e58d14686ea70fe4cc0d57c34b46bd79be382a6b1f7d"
"temporal_instability/10sec_based/tables/behavioral_readout_definitions.csv","973","697c349227106f2802ac20eeb1b88b4d68a63af15c5e671caa66a746f265c2d5"
"temporal_instability/10sec_based/tables/cage_change_delta_instability_all_metrics.csv","777194","4e69801eeebd09b10e5ba9af8a9218b13054283b5d0925d06cc78e02711df410"
"temporal_instability/10sec_based/tables/cage_change_delta_instability_primary_movement.csv","258631","dec4fd4fdfcb81146fd460ef99ba2794f1d2457c2b9520920ceb2b2b29f31a57"
"temporal_instability/10sec_based/tables/epoch_duration_qc.csv","216354","dda9bdf411eab3238f5842f8678f4efbeb9a37fc97c7b21d86444b0fcb025cd4"
"temporal_instability/10sec_based/tables/first_active_first_cage_change_instability_all_metrics.csv","129861","c8d91552008fb6ca26c2d4a5e07ed56fd2f512b3fb86482ca0819d8ef3a435a3"
"temporal_instability/10sec_based/tables/first_active_first_cage_change_instability_primary_movement.csv","41985","f73b959eb6a567397706d4e72bee5c063258741c0d4937a8bd59cb319a8b4461"
"temporal_instability/10sec_based/tables/first_active_first_cage_change_rolling_instability_all_metrics.csv","464641822","ebf5b38d2e0ba745a21d158c9a44d4cd1fbd4d1f4da641d0d082653d7f17efe3"
"temporal_instability/10sec_based/tables/first_active_first_cage_change_timecourse_all_metrics.csv","407637095","c42c294c0e16e6fcc00923c320143074d6e7f68fad58997d9719073ffd899576"
"temporal_instability/10sec_based/tables/output_figure_inventory.csv","35301","5e3a7b9284186e5d36fc01f304f0624831e93127428991e3d5283c911b649859"
"temporal_instability/10sec_based/tables/output_folder_summary.csv","366","7b41438a7032be50c98c12c18a746d3b9a7a42faf5558f7dd8bb71185fff4e67"
"temporal_instability/10sec_based/tables/publication_cage_change_rmssd_summary.csv","8326","c03a16715efe9f7e3fb4dca42e45681e71f7a82ada33161221ba189128ba681c"
"temporal_instability/10sec_based/tables/publication_delta_effect_size_heatmap_data.csv","257743","283e9a31990225c67cdd00fc5cbe25e21ec45dafac6e2f45310a377bff0976cb"
"temporal_instability/10sec_based/tables/publication_delta_rmssd_summary.csv","6432","64fe8c60e1a98609c5e5b8b3e02e7ba83922254ce958ea0d85f09b837da18de2"
"temporal_instability/10sec_based/tables/publication_first_active_rolling_rmssd_summary.csv","3251054","5f0aff30f6e58b17e37442369994957b9c8d35a6855d14636592abb82404907a"
"temporal_instability/10sec_based/tables/publication_instability_effect_size_heatmap_data.csv","337021","38f7913c90821d123ab3c54017d93046cca5f9b9d54fc6db2736f00f46ded393"
"temporal_instability/10sec_based/tables/publication_pairwise_contrast_forest_data.csv","45653","dbc85fba655b45aa613e49a4d9978a0841875ecca694731ab36bd9f34ca7abc9"
"temporal_instability/10sec_based/tables/publication_phase_timing_map.csv","220","3c92ee3414a580d4f345564fdaa9bcaa47a000171bed511946b1fc9eba18dcf0"
"temporal_instability/10sec_based/tables/publication_stress_model_comparisons.csv","291","1b16b3b7d3f4e33c34548100c539073fd9dc8cf39341cd1889c0327bdb72c811"
"temporal_instability/10sec_based/tables/publication_stress_model_timing_map.csv","368","7a06c6c941b7bf65a4202b77dd75d1f339b62751c38f3640d8f0157bdaba2a0e"
"temporal_instability/10sec_based/tables/rolling_instability_metrics_all_metrics.csv","9423780034","f97763283037343d7281befd7308d010e34386f7b729c154d17d32a67340438f"
"temporal_instability/10sec_based/tables/rolling_instability_metrics_primary_movement.csv","3078299976","862b852c1e7d3ad73d2b1bd7c99ae71bd13d5a00757b798e537a4a4d1a90a2ab"
"temporal_instability/10sec_based/tables/temporal_instability_group_summary_all_metrics.csv","39929","ec64193b81bd51d98f1b44a2b4be3009fdba94fbd53784e1ddb41a87be92f852"
"temporal_instability/10sec_based/tables/temporal_instability_group_summary_primary_movement.csv","13328","7c5ac33ccc2bb610eb82a0079f419ae47f167fa800b462ea457d657fac964b9d"
"temporal_instability/10sec_based/tables/temporal_instability_metrics_per_animal_all_metrics_duration_tagged_full.csv","885657","5bec03911170e86fc71fb58f3dfab46bb687015b7543c99e7ca24500dd447494"
"temporal_instability/10sec_based/tables/temporal_instability_metrics_per_animal_all_metrics_excluding_short_duration.csv","688717","8b3eb931dc7ade13643e3aca8fae9e24b6e4d0dc8d0698615ee9c599e14f4abe"
"temporal_instability/10sec_based/tables/temporal_instability_metrics_per_animal_all_metrics.csv","872317","0c058584774bc5af74fe8b70c2efe64b806d2374f2d721b8c0eb9c54e8840867"
"temporal_instability/10sec_based/tables/temporal_instability_metrics_per_animal_primary_movement.csv","279345","2da6e7347b30dcf5cce3a88e713b9b708c0f32d1785e4316f0565d6b3253b8bc"
"temporal_instability/10sec_based/tables/temporal_maintext_feature_set.csv","1352","75f1ccbb6a968bb47b119e2fb04bdf9cc21aa9c11cb45afa3c660bc3e5f40c99"
"temporal_instability/10sec_based/tables/temporal_organization_interpretation_guide.csv","1333","7d32a06fa1f1a23b37a6da187eefd327f32525162e66538a811daa2dd4fabbaf"
"temporal_instability/1min_based/figures/cage_change_deltas/delta_rmssd_movement_from_first_cage_change.pdf","245807","60801d6b1d1857158e29125cdf9bef7c3cc51d934f0c0bed219ce3af31bdd42f"
"temporal_instability/1min_based/figures/cage_change_deltas/delta_rmssd_movement_from_first_cage_change.png","984335","63ee8806453818b956380b63de1d0ff33d2792e09f5cced0c57f13f8fa8dde11"
"temporal_instability/1min_based/figures/cage_change_deltas/delta_rmssd_movement_from_first_cage_change.svg","634142","8c04a884cf5e93e6cf843fa8d37fb76cb78f76746df4d05d17c519c4a091ccf4"
"temporal_instability/1min_based/figures/cage_change_trajectories/rmssd_movement_across_cage_changes.pdf","41447","bcaf21b14917899630426d45bc28951b570453cfe0b5fb733015a5d41af7e393"
"temporal_instability/1min_based/figures/cage_change_trajectories/rmssd_movement_across_cage_changes.png","277464","57d6d6ce74254d4bdc339bb8d92b900df3b7237cb50204fd859836424b081c36"
"temporal_instability/1min_based/figures/cage_change_trajectories/rmssd_movement_across_cage_changes.svg","37092","65b573c5ecfda0bbf49fd78ff4793355f3ee291b25c0818543e1cdac5b3485b0"
"temporal_instability/1min_based/figures/first_active_first_cage_change/acf1_movement_first_active_first_cage_change.pdf","70282","431f5aa6abea3b79241f68bfa277ef469af11068dcdfdd2056b94b686d78943b"
"temporal_instability/1min_based/figures/first_active_first_cage_change/acf1_movement_first_active_first_cage_change.png","332148","e1aee48a757c6bd84141320374f387a78ff6cf9fa15d97d7034443cb208ea3f1"
"temporal_instability/1min_based/figures/first_active_first_cage_change/acf1_movement_first_active_first_cage_change.svg","110759","c92642919255c3021a0c6010d7077125f708e5cb51dd7397362330c6c61c9337"
"temporal_instability/1min_based/figures/first_active_first_cage_change/cv_movement_first_active_first_cage_change.pdf","73896","627a8e40e0ede7db67e332d91d62adeb3acfa9dc357a6c2b886966078e8f3d43"
"temporal_instability/1min_based/figures/first_active_first_cage_change/cv_movement_first_active_first_cage_change.png","299394","4323e6d7663cdd12916acc459a856a9c5770ca60f1e00b238cf03ebc869471fd"
"temporal_instability/1min_based/figures/first_active_first_cage_change/cv_movement_first_active_first_cage_change.svg","109978","b6f3b012dbfa33e5e5624ba9a554cc22a8157f43861027b11d809d7ca3476064"
"temporal_instability/1min_based/figures/first_active_first_cage_change/rmssd_movement_first_active_first_cage_change.pdf","70950","006a4226afdb46bf591e7f4119f020549fe22b0de7500bfd062e05270a091698"
"temporal_instability/1min_based/figures/first_active_first_cage_change/rmssd_movement_first_active_first_cage_change.png","317611","c16e33451d2e953122a17b2d0c12c8be66c037eef499a559281134e5a26bad31"
"temporal_instability/1min_based/figures/first_active_first_cage_change/rmssd_movement_first_active_first_cage_change.svg","110200","46340b424a8494f4edb98c719911ac99910254c4261944823c6e0267b8def0fe"
"temporal_instability/1min_based/figures/first_active_first_cage_change/rolling_rmssd_movement_first_active_first_cage_change.pdf","115692","ec3ee71820d3cc847b956955ca83d8a4975469549313ff6f3c2bbb0b639d1317"
"temporal_instability/1min_based/figures/first_active_first_cage_change/rolling_rmssd_movement_first_active_first_cage_change.png","1075827","11ccf6eb1dae2abfe09f7274aa08b52c122f1961113ffef55889e567a4fc945c"
"temporal_instability/1min_based/figures/first_active_first_cage_change/rolling_rmssd_movement_first_active_first_cage_change.svg","308383","16d91e09767a005fcb7ab71bd576b510120d920aa442a51cb37678ce4b3ffaf6"
"temporal_instability/1min_based/figures/primary_movement/acf1_movement_group_comparison.pdf","131847","d825426613e7111954576b02172d831ae1cf61890fe2bc4ace960d876ca5e58c"
"temporal_instability/1min_based/figures/primary_movement/acf1_movement_group_comparison.png","927125","ae3698cb4a6d2f186ed0295eb4cd88fc575e12cd8b8c88758b55878c420c45dd"
"temporal_instability/1min_based/figures/primary_movement/acf1_movement_group_comparison.svg","312940","286c934b4ef942158dd5a8b01cc966b4586c4d1f29de021be01ab47d7aabc3c5"
"temporal_instability/1min_based/figures/primary_movement/cv_movement_group_comparison.pdf","129861","d0cfab3bfe06012a9760275131dc60812afc2b715edb2083d5b8f0b8b3f39a41"
"temporal_instability/1min_based/figures/primary_movement/cv_movement_group_comparison.png","546421","84e689d270723b6f328b04c0ef01268cf8e102068f01add502d65e98211057aa"
"temporal_instability/1min_based/figures/primary_movement/cv_movement_group_comparison.svg","313073","ca6a2abb1fa2133c2453b1a25923e46c932a9588fd16b5157c4a9e16a20264c3"
"temporal_instability/1min_based/figures/primary_movement/fano_movement_group_comparison.pdf","134285","20d0dcea04e8a0fb7003d7a016e63d563c4cb201837d9b62349e815b63584cc6"
"temporal_instability/1min_based/figures/primary_movement/fano_movement_group_comparison.png","967253","81d38a6729185abd9a4c0ce250d826934778d9f04892b0cc3496074b20c5bebc"
"temporal_instability/1min_based/figures/primary_movement/fano_movement_group_comparison.svg","313138","85459583aad375c3c3690cbd03ba8fccaabadcf345f7f0fff3f8862e58ffdba1"
"temporal_instability/1min_based/figures/primary_movement/rmssd_movement_group_comparison.pdf","129342","a73e302c85dea0e113391a14e6f36058d6830cb6ef5e29b6c57385298ea3e9a7"
"temporal_instability/1min_based/figures/primary_movement/rmssd_movement_group_comparison.png","860950","8eeb49943d8bc25cbcb28d7a31acb383c07b75008c41874eeb621ece24cc77b5"
"temporal_instability/1min_based/figures/primary_movement/rmssd_movement_group_comparison.svg","312843","9d5560d7e7948861ca1752ee834e2df9ebbda667fdd9b3be8ca013520a346db3"
"temporal_instability/1min_based/figures/primary_movement/rmssd_movement_pairwise_bars_by_cage_change.pdf","322197","6caa595c0c8743db91f3817eb9d719b0b84681956f933a93926901393982fe0b"
"temporal_instability/1min_based/figures/primary_movement/rmssd_movement_pairwise_bars_by_cage_change.png","1257381","bce66e255aa9534a612a6fcdcc567c2fff560be81f7c349d8f4833ae27aabf55"
"temporal_instability/1min_based/figures/primary_movement/rmssd_movement_pairwise_bars_by_cage_change.svg","841372","c592172e306f5ad7eee5c8d92d1b45f9561e92bca8a80c81c9fce4880dd278a3"
"temporal_instability/1min_based/figures/primary_movement/rolling_rmssd_movement_timecourse.pdf","586723","4caa21c3c86583ffff2ecc3ccf29c0128e9c24cee740ca69197fa504c3bd7f59"
"temporal_instability/1min_based/figures/primary_movement/rolling_rmssd_movement_timecourse.png","2664523","a73d68bbb1775ca5df864dcc13732f3ea8d2014be93988f5df2a1e60b7436c28"
"temporal_instability/1min_based/figures/primary_movement/rolling_rmssd_movement_timecourse.svg","2432335","e3b08b5f5db4f06ba4755017ed24b4c1ec8dec92e5a75567eed2864bb3de37f1"
"temporal_instability/1min_based/figures/publication/overview/behavioral_pattern_classification.pdf","42103","35dbd03e4bfd3d51bd776419a1b6d3e1a2c808c8065a05e7697acb395eef8bd9"
"temporal_instability/1min_based/figures/publication/overview/behavioral_pattern_classification.png","256463","425298f4f73c54be9dff091009c2d68dd43d9456d341a349d35142147527b83e"
"temporal_instability/1min_based/figures/publication/overview/behavioral_pattern_classification.svg","31781","56b1cb10f06fa0d5691651af852afe6baf60617329fd1690708e2c602c19e353"
"temporal_instability/1min_based/figures/publication/overview/behavioral_readout_priority_shortlist.pdf","42447","ee862c4a97ebb24fc772d58742ddd08211073c3725703e276591515b40bd6869"
"temporal_instability/1min_based/figures/publication/overview/behavioral_readout_priority_shortlist.png","576127","9b0da114dbe053d6bc773193274d619aeb3f591c5a65fc6c32967f9a7300a62f"
"temporal_instability/1min_based/figures/publication/overview/behavioral_readout_priority_shortlist.svg","28479","b2d4a559fd44f93e54bd6b213101094087abdc9b4ace99683979df7e626497ca"
"temporal_instability/1min_based/figures/publication/overview/delta_effect_size_heatmap_all_metrics.pdf","48275","186d1024ae9ab444c88c5a4a65cb1e83fb54020a8dbd05e9b28f4a215fbdd27f"
"temporal_instability/1min_based/figures/publication/overview/delta_effect_size_heatmap_all_metrics.png","421853","64935a7201e2c0fee209085ca4c6be6363834252856c41221142f3a7ef6b8977"
"temporal_instability/1min_based/figures/publication/overview/delta_effect_size_heatmap_all_metrics.svg","143231","b950d23fd2ba69dbfed50fef2688892b202995250251806aa8b6e107747bf0e1"
"temporal_instability/1min_based/figures/publication/overview/effect_size_heatmap_all_metrics.pdf","51347","e6c58556287ec3a39957d8670f2d6d31e8b22526939c12a93463c7c5e7ee9591"
"temporal_instability/1min_based/figures/publication/overview/effect_size_heatmap_all_metrics.png","406295","f6403296bed662497155d1dfa64089823552c0c3a12fedd937c87dff828626a5"
"temporal_instability/1min_based/figures/publication/overview/effect_size_heatmap_all_metrics.svg","177350","d4c2bcb0280e1c1bfd95bb495649f407a8ed329bdf791d2b66059fa137fb632e"
"temporal_instability/1min_based/figures/publication/panels/panel_a_timeline_metric_schematic.pdf","35068","697b990bebdb13e4ef07ed686fa1cd62b364705d057234dc8709fd5ce85a985a"
"temporal_instability/1min_based/figures/publication/panels/panel_a_timeline_metric_schematic.png","142216","11f4e7a0b6b052bfffa3d63246fc6dd08e7693c9a6fc09c0a1fd0414281b2f54"
"temporal_instability/1min_based/figures/publication/panels/panel_a_timeline_metric_schematic.svg","4633","d2fb0a7c6ae10c47ac0d833d5fdc09715b628dcf3ca590760811b50d847a8c3b"
"temporal_instability/1min_based/figures/publication/panels/panel_b_first_active_rolling_rmssd.pdf","118078","d6416d2f9fca61bbb3b60f775767f579be7cd8d25129d403e489c8e557d9e950"
"temporal_instability/1min_based/figures/publication/panels/panel_b_first_active_rolling_rmssd.png","776450","3af664b60f670e3f0ae21b6e6ae5cfa68184b3574688cf65c4ff2544093b099f"
"temporal_instability/1min_based/figures/publication/panels/panel_b_first_active_rolling_rmssd.svg","308369","8c07cf201e71c123622fc93d2e97039a15ad3f6014670f09a6057fdad2c19147"
"temporal_instability/1min_based/figures/publication/panels/panel_c_cage_change_rmssd_trajectory.pdf","46844","393834f7713b2756eb6ba8bde79a35b4fce1c0d2c178419a9ff003efc46120c8"
"temporal_instability/1min_based/figures/publication/panels/panel_c_cage_change_rmssd_trajectory.png","1046450","09432359c741f9a530d862a6c407412bea6b51354a2325ee1cac7cd1d9a3ea71"
"temporal_instability/1min_based/figures/publication/panels/panel_c_cage_change_rmssd_trajectory.svg","79508","828448d8bb48415ff2dbcad44ccb53e1a4a5f2212fa5712ace7026ef9ee2f0d6"
"temporal_instability/1min_based/figures/publication/panels/panel_d_delta_rmssd_from_first_cage_change.pdf","40799","86c068ae02d934805688a49d85baa2297263c5b55198482e39c83a0ebd5ca084"
"temporal_instability/1min_based/figures/publication/panels/panel_d_delta_rmssd_from_first_cage_change.png","324482","9636c110dc037d806ca2d18237583ad634e00917f30a23e73437d57d2e146204"
"temporal_instability/1min_based/figures/publication/panels/panel_d_delta_rmssd_from_first_cage_change.svg","33372","07bd35e8fb0b512ff421d7c8ddb6caa8bb3608d350606d536e16685e758a5ef4"
"temporal_instability/1min_based/figures/publication/panels/panel_e_pairwise_contrast_forest.pdf","44631","59ae78a26653599edfcd79734681517d25f349465d78dbda320ec390d396b526"
"temporal_instability/1min_based/figures/publication/panels/panel_e_pairwise_contrast_forest.png","608559","cf69a55a7eccc7f92498028af77e55cb413a8fc3c5b152ecaa5416a8fecc8a5b"
"temporal_instability/1min_based/figures/publication/panels/panel_e_pairwise_contrast_forest.svg","65862","e0a13780239b03a02db19f2fc8cd8e13e32a9f682e32e019c995b4068f0800a1"
"temporal_instability/1min_based/figures/supplementary_all_metrics/acf1_all_metrics_group_comparison.pdf","227208","1d4f3d373591c39c7f69053c87bf23f94a3431e555aaad344ebae02d11fc91eb"
"temporal_instability/1min_based/figures/supplementary_all_metrics/acf1_all_metrics_group_comparison.png","971482","cffa2dd9e0d30bcc21ad0d9e6db91906e250af097b5f16f2fec6201be34d8b74"
"temporal_instability/1min_based/figures/supplementary_all_metrics/acf1_all_metrics_group_comparison.svg","658124","ac205579f07fb5474850fcf8c64f69fe47ecbf7531a50f8ae3c1c06ed9e612a4"
"temporal_instability/1min_based/figures/supplementary_all_metrics/cv_all_metrics_group_comparison.pdf","215940","62287448c7a58832f346e38a25243a11a661b9f14b0c5a041a16258280bd91be"
"temporal_instability/1min_based/figures/supplementary_all_metrics/cv_all_metrics_group_comparison.png","467589","d1ad2ccb311ca93df2d56cbb5514cb4f874420ad5e48a2d54e8c052419e0c7ea"
"temporal_instability/1min_based/figures/supplementary_all_metrics/cv_all_metrics_group_comparison.svg","661724","a181ee9bb4837a4358b36248672ecb3eea0dc634b88075712ace609d88a17fbf"
"temporal_instability/1min_based/figures/supplementary_all_metrics/fano_all_metrics_group_comparison.pdf","230068","53d95fe30b977b685f2ddb266af29c8490738e72d2e21a2e8b73394e9650678d"
"temporal_instability/1min_based/figures/supplementary_all_metrics/fano_all_metrics_group_comparison.png","1044562","4fc218c1e84afd5af25cc0227102b9ddc75415911e6d90fe40a70cf2ccd33c5f"
"temporal_instability/1min_based/figures/supplementary_all_metrics/fano_all_metrics_group_comparison.svg","659007","3f32cb9373f2dde2102169db52f72e1475c8cd9d7785cdbe7dc7b3202131a42d"
"temporal_instability/1min_based/figures/supplementary_all_metrics/rmssd_all_metrics_group_comparison.pdf","229598","bb6bd5e784ee0dab6b4f2b6fcd95999c7092467aa258a51a003d903df9263c13"
"temporal_instability/1min_based/figures/supplementary_all_metrics/rmssd_all_metrics_group_comparison.png","1034766","b811f1e6b093662ef26a4d809af5b83d6017db92183c97b8ed1704cdcda846c3"
"temporal_instability/1min_based/figures/supplementary_all_metrics/rmssd_all_metrics_group_comparison.svg","659982","65a82134939754597d77ea5cef678711faa1faf72ccee9304a4bdba66c8af990"
"temporal_instability/1min_based/figures/supplementary_all_metrics/rolling_rmssd_all_metrics_timecourse.pdf","908875","7027efac3aedf6838ea5cee1856c91dca8b02e77ca41a185974287bf2ed37f63"
"temporal_instability/1min_based/figures/supplementary_all_metrics/rolling_rmssd_all_metrics_timecourse.png","3296104","f6955ae62523e00371dbb191b78bb6a46c93a0fe3088bd5350b419817874f3b0"
"temporal_instability/1min_based/figures/supplementary_all_metrics/rolling_rmssd_all_metrics_timecourse.svg","3623722","694053557e0412e40a9ea87d4de60a2cf2d27d6b4b3a52e796389117cb9fc07f"
"temporal_instability/1min_based/output_manifest.csv","1246","90200bd2095afb0857975307f3686e5462557d04e6ec3661c30206017e15aed2"
"temporal_instability/1min_based/stats_tables/delta_from_first_cage_change_instability_duration_sensitivity_consistency.csv","123334","2f05f1e6c05b78a345ab0db47ae184a25f56147bcd4f8a2d98ee9f97a6cf7202"
"temporal_instability/1min_based/stats_tables/delta_from_first_cage_change_instability_duration_sensitivity_group_contrasts.csv","375674","db08c19008f8446f256755d88f11a3f0fa9f43834e6220769ba6b5fba65aefd8"
"temporal_instability/1min_based/stats_tables/delta_from_first_cage_change_instability_duration_sensitivity_group_summary.csv","192622","db1ffb3c401f0fafce71952f6260fb46968611a2c68cda2173ca5b6aa61bf943"
"temporal_instability/1min_based/stats_tables/delta_from_first_cage_change_instability_group_contrasts.csv","198169","0bc0dbbc188217e2395b8d7b0b80d26033c19e5ba682f3a5e811adf6142844b9"
"temporal_instability/1min_based/stats_tables/delta_from_first_cage_change_instability_group_summary.csv","108507","04779dac08d8afa9a2100294b4a9d8b1bc0370babf30b5c7bfa11b8d676aae39"
"temporal_instability/1min_based/stats_tables/first_active_first_cage_change_instability_duration_sensitivity_consistency.csv","21103","8395f344dff738503575c559095ea2d9aba5f47f754273c71aaf5ea2d7db54ba"
"temporal_instability/1min_based/stats_tables/first_active_first_cage_change_instability_duration_sensitivity_group_contrasts.csv","72363","120fc9844895ccf6b515a165e65b6bca29da4c6118339a6ce849fbf35c6fe4f0"
"temporal_instability/1min_based/stats_tables/first_active_first_cage_change_instability_duration_sensitivity_group_summary.csv","34454","c91ec571f238e4b6994da74589861f10d6ce7aabda88c086c6901f96d9e82291"
"temporal_instability/1min_based/stats_tables/first_active_first_cage_change_instability_group_contrasts.csv","31629","77793d3598413170958e26356bc4a133f9fd30cf3b4b4b1a6a09946d4d050d59"
"temporal_instability/1min_based/stats_tables/first_active_first_cage_change_instability_group_summary.csv","15913","7bcf078c85d5f916ff688e9d1b89a9dcb5ce479bd72a69e24f5ca7a7375bbc89"
"temporal_instability/1min_based/stats_tables/overall_cage_change_phase_instability_duration_sensitivity_consistency.csv","163505","77c960a496e49168724220dab7ddd5b92b7b1fae86a912d71815d18c503e914a"
"temporal_instability/1min_based/stats_tables/overall_cage_change_phase_instability_duration_sensitivity_group_contrasts.csv","516056","0dcc0af7b194df023123c6042cce08758c2447c74692ae9f8a4b0f856b55887f"
"temporal_instability/1min_based/stats_tables/overall_cage_change_phase_instability_duration_sensitivity_group_summary.csv","254233","e88ed9d7f9cd56742b57568a87802debf85a28385ff31a0f5bd8d5424d5579f5"
"temporal_instability/1min_based/stats_tables/overall_cage_change_phase_instability_group_contrasts.csv","258461","965ad0f95d3519dbbaf843d51c1686698b934dca6a737cd2c7521b868c68e994"
"temporal_instability/1min_based/stats_tables/overall_cage_change_phase_instability_group_summary.csv","135517","66de6361fac898f17ef617eea13cbc20403594faf3b067fc9074a64f9911ce00"
"temporal_instability/1min_based/tables/behavioral_finding_priority_all_tests.csv","732792","b056d094fa79933127af54bdd76efc3033c2bc1e9f9e71ab83472a25f1c39a62"
"temporal_instability/1min_based/tables/behavioral_finding_priority_shortlist.csv","29035","1efad78197b5646f5e0b083c9362ad7f05e2df1658a51a936b32e26ba4a18a18"
"temporal_instability/1min_based/tables/behavioral_key_patterns.csv","6605","aa92ffac894852a5e953ec625ad3e24106744305a292c615be708dd4bdca104c"
"temporal_instability/1min_based/tables/behavioral_pattern_classification.csv","26099","166a31d9aa9f3092c53d4b08c47737c0496a0700301ea42e6904053bf17eb267"
"temporal_instability/1min_based/tables/behavioral_readout_definitions.csv","973","697c349227106f2802ac20eeb1b88b4d68a63af15c5e671caa66a746f265c2d5"
"temporal_instability/1min_based/tables/cage_change_delta_instability_all_metrics.csv","764332","1a0215b99a2386dc785e352e71178655bad2eb0491d462c93c8547ad6ce039f7"
"temporal_instability/1min_based/tables/cage_change_delta_instability_primary_movement.csv","252368","a8c68e7d01ceb2e07c9524aebc566407d3659a49ad378530a054d45f269484e7"
"temporal_instability/1min_based/tables/epoch_duration_qc.csv","184420","72af9c928ee0e95a9e5d1b015e73104375eb87e6713efd2046e1f1feff33f580"
"temporal_instability/1min_based/tables/first_active_first_cage_change_instability_all_metrics.csv","119259","6eb21209a40e792832b3f000aa2fee5e5afd1f23792063b9244e8f2585479f6a"
"temporal_instability/1min_based/tables/first_active_first_cage_change_instability_primary_movement.csv","38056","fa849d9b7c49fb6ddb84d4a26c4ee85030d41f762fc0cf0757439cc6f246ef86"
"temporal_instability/1min_based/tables/first_active_first_cage_change_rolling_instability_all_metrics.csv","78480003","b452d7f3778ef98a612eb939a6e35390c50f9e2629e3f0ac12a01fae4e4832a1"
"temporal_instability/1min_based/tables/first_active_first_cage_change_timecourse_all_metrics.csv","66990671","2c8de8c063d88cc5f8602ebde2746a859252a5213ecc98d6d3f9e775fe70f95e"
"temporal_instability/1min_based/tables/publication_cage_change_rmssd_summary.csv","8206","0d33f296b120ff447d05038cca6eec7da0909614a34316e324d1d3699dd25b46"
"temporal_instability/1min_based/tables/publication_delta_effect_size_heatmap_data.csv","256083","7f868b13c2d10125ef1e9868a2213b4e8fd2a17df4b5959058bb2a7190b25bfc"
"temporal_instability/1min_based/tables/publication_delta_rmssd_summary.csv","6334","ebab06ee3ffa1bb7da116d67f6c47989d25fce9a1e8d4fefeaee136603ac8acf"
"temporal_instability/1min_based/tables/publication_first_active_rolling_rmssd_summary.csv","579015","822f152b2d899024f4884ec71fd9a5a66c6836612c47f1cb3b71f529a4d90725"
"temporal_instability/1min_based/tables/publication_instability_effect_size_heatmap_data.csv","336244","78173dc7339bd83118b74dcb3af97678112d66bc91b82ae8b87459bd22e22c22"
"temporal_instability/1min_based/tables/publication_pairwise_contrast_forest_data.csv","45587","0e10e3a2a101a314ba64a3991ee21bd8c5af767d5c928246a4184d8b4691f3a2"
"temporal_instability/1min_based/tables/publication_phase_timing_map.csv","220","3c92ee3414a580d4f345564fdaa9bcaa47a000171bed511946b1fc9eba18dcf0"
"temporal_instability/1min_based/tables/publication_stress_model_comparisons.csv","291","1b16b3b7d3f4e33c34548100c539073fd9dc8cf39341cd1889c0327bdb72c811"
"temporal_instability/1min_based/tables/publication_stress_model_timing_map.csv","368","7a06c6c941b7bf65a4202b77dd75d1f339b62751c38f3640d8f0157bdaba2a0e"
"temporal_instability/1min_based/tables/rolling_instability_metrics_all_metrics.csv","1583735466","89af848573faa61fdaa6f901d3dec4c0842eaa04a34b68398f21cd30a66e518c"
"temporal_instability/1min_based/tables/rolling_instability_metrics_primary_movement.csv","513240429","d15347559c98b4e3cf6223ab3e08fc1576017c527028f7c8104a1760d1ce5672"
"temporal_instability/1min_based/tables/temporal_instability_group_summary_all_metrics.csv","39521","ca039d448e342b25ec9ca989352fdb3c7219ba000756f98a8483847d6538eef9"
"temporal_instability/1min_based/tables/temporal_instability_group_summary_primary_movement.csv","13125","4256dcbf08eaf5442bdc7c9cb825d5eaa2e081935948a10941fd2a54ec84a760"
"temporal_instability/1min_based/tables/temporal_instability_metrics_per_animal_all_metrics_duration_tagged_full.csv","809507","ec16d6db5695c9f7015573308ebe592735c1141bfe98252aa6d4467f0674ba7d"
"temporal_instability/1min_based/tables/temporal_instability_metrics_per_animal_all_metrics_excluding_short_duration.csv","635048","7fe58be863a6712375607b5197dee9f11755cc92d019ef86bd10679258e48fba"
"temporal_instability/1min_based/tables/temporal_instability_metrics_per_animal_all_metrics.csv","796167","ce06c2e0d75250541556873cf5d87cd29720d85f6f4b3668ee248205cdf0c636"
"temporal_instability/1min_based/tables/temporal_instability_metrics_per_animal_primary_movement.csv","252030","c489c7430b409c3a5b6c13db46e6ed8ccb8b8024b6b8719a01746f27af633484"
"temporal_instability/1min_based/tables/temporal_maintext_feature_set.csv","1352","75f1ccbb6a968bb47b119e2fb04bdf9cc21aa9c11cb45afa3c660bc3e5f40c99"
"temporal_instability/1min_based/tables/temporal_organization_interpretation_guide.csv","1333","7d32a06fa1f1a23b37a6da187eefd327f32525162e66538a811daa2dd4fabbaf"
"temporal_instability/5min_based/figures/cage_change_deltas/delta_rmssd_movement_from_first_cage_change.pdf","249163","2219f1712920e88a91c464c889262ea5fdbe1a8cd76bebddea27a3777d9abaf8"
"temporal_instability/5min_based/figures/cage_change_deltas/delta_rmssd_movement_from_first_cage_change.png","990616","fcbbdcc4177bbfb66038dc6022ce8feabdc15d6f00ca320f75e6cea0121c4209"
"temporal_instability/5min_based/figures/cage_change_deltas/delta_rmssd_movement_from_first_cage_change.svg","634993","487bd118bb0ad375385ceb66ced9e5d4a29cb0f15006ee3a71706c0cb9f57450"
"temporal_instability/5min_based/figures/cage_change_deltas/Thumbs.db","15360","84253bd64ec44c2f35e8bd478e5e0a4267ed5149b75775dbdeab3460cb4656b0"
"temporal_instability/5min_based/figures/cage_change_trajectories/rmssd_movement_across_cage_changes.pdf","40645","19d1810fc87dd1ed3ca0a93877a4c1a63d755be23a44ba1abcb771a96e8d9208"
"temporal_instability/5min_based/figures/cage_change_trajectories/rmssd_movement_across_cage_changes.png","268929","ced7528296ef85b75a9c31a347bc50e30c54a5d8bee5cd30f6a67afe781a26ba"
"temporal_instability/5min_based/figures/cage_change_trajectories/rmssd_movement_across_cage_changes.svg","36280","3fc9b1eca4f692ae0c06a802b0ee11084fa2b6ba26cdba9a5c8ba39a50407d9c"
"temporal_instability/5min_based/figures/exploratory/README.txt","330","7c55015964e5c3d731055c51390e0cce86dc97a263317edcab388117e11eda54"
"temporal_instability/5min_based/figures/first_active_first_cage_change/acf1_movement_first_active_first_cage_change.pdf","73922","27469027e46d075b67dcf878460764b093a0b2d950dc447958a60b785534e7bb"
"temporal_instability/5min_based/figures/first_active_first_cage_change/acf1_movement_first_active_first_cage_change.png","337272","f91d0d7c1da9144114887213b547d8ead5f4c3fc97f533b6dd325bb45d902946"
"temporal_instability/5min_based/figures/first_active_first_cage_change/acf1_movement_first_active_first_cage_change.svg","110482","0f97ac7d9c9d90c6ec24c143f686f9685dda7a687c3dcbbf525a91bf3cc8ccf4"
"temporal_instability/5min_based/figures/first_active_first_cage_change/cv_movement_first_active_first_cage_change.pdf","70507","44081ff4ac1df88bc4ab5032f19bc7c145a8db725e6e3ae480746bcd12d12c9f"
"temporal_instability/5min_based/figures/first_active_first_cage_change/cv_movement_first_active_first_cage_change.png","311235","385606d5949b92d0c2e727e11de992133b84812ca45da28109bcc6665556e34a"
"temporal_instability/5min_based/figures/first_active_first_cage_change/cv_movement_first_active_first_cage_change.svg","109692","1fef4053dfa8dd51edcd6a64096a723adf0a2ada599a274943a0d561f36b7c43"
"temporal_instability/5min_based/figures/first_active_first_cage_change/rmssd_movement_first_active_first_cage_change.pdf","73048","ad0992c1bd24779634220f96310730e80ca81c52f12822dabafd425f9c2cf2e8"
"temporal_instability/5min_based/figures/first_active_first_cage_change/rmssd_movement_first_active_first_cage_change.png","305698","cdcf2c7da0804c74e80ebf068a0301815f91e30a708644e14018dcd631527242"
"temporal_instability/5min_based/figures/first_active_first_cage_change/rmssd_movement_first_active_first_cage_change.svg","111026","6aa887dd4a0d4f146d25676bcd4cde80058e75a2fe8dc70086ab64aa8a936cf1"
"temporal_instability/5min_based/figures/first_active_first_cage_change/rolling_rmssd_movement_first_active_first_cage_change.pdf","51866","fb6d97f81b8a54e05d5c1eae182a36327fe438f2d45f2c59f3f67946b41c0136"
"temporal_instability/5min_based/figures/first_active_first_cage_change/rolling_rmssd_movement_first_active_first_cage_change.png","729851","91c958fd7910b3ebda441a07fc4370a793da341ff59189c84e83006889608fd6"
"temporal_instability/5min_based/figures/first_active_first_cage_change/rolling_rmssd_movement_first_active_first_cage_change.svg","69542","c2647d11e12da6c1d4c548699072288abef6d6018359c53dd672a92b9c30876e"
"temporal_instability/5min_based/figures/interactive/README.txt","330","04a93a9db626de7962d449170c58971355320ac8caedf223705da54c56ce935b"
"temporal_instability/5min_based/figures/primary_movement/acf1_movement_group_comparison.pdf","135894","4e6bf96d2788979889ce766c5d0bba38df6eb7059e03a2655735e5162554929c"
"temporal_instability/5min_based/figures/primary_movement/acf1_movement_group_comparison.png","978213","d8ebbac4aa0d86876497b78bffd41110628c03a23e63de4cd368d04da136791b"
"temporal_instability/5min_based/figures/primary_movement/acf1_movement_group_comparison.svg","312408","63df360571ac033841fa601fe7f787a7b5690addf170a82b8a2adc9ad5b814b3"
"temporal_instability/5min_based/figures/primary_movement/cv_movement_group_comparison.pdf","130787","f11284dabddf8e06168ad36143ecf7c563f8808584e92bcf28faec8768bc0bb6"
"temporal_instability/5min_based/figures/primary_movement/cv_movement_group_comparison.png","565068","637e0179dd90719a9bdd7f19d7edb4d01ce623ec11190221501367b1228d4054"
"temporal_instability/5min_based/figures/primary_movement/cv_movement_group_comparison.svg","312556","626055929437cffaa318600a6fd7ef42d0f2fb4ccfbdfaf44d7b14c5cce1cf45"
"temporal_instability/5min_based/figures/primary_movement/fano_movement_group_comparison.pdf","131660","77a271ee063cb3371916bdf01c7ceb695b3c754cbe82414ce86242bb69c75381"
"temporal_instability/5min_based/figures/primary_movement/fano_movement_group_comparison.png","1005378","13cb0d6858759dd39fb941b0ef7d4911f995df2e293b74b798e48f997dcddaee"
"temporal_instability/5min_based/figures/primary_movement/fano_movement_group_comparison.svg","312584","352531093da4349a018e92b1b90d8bf83f810fcdc0eb253e74637e9a4f9a61a1"
"temporal_instability/5min_based/figures/primary_movement/rmssd_movement_group_comparison.pdf","129748","2e8b57eb2c90e4a8473a23720de07b06b50a881829d2fa9642c4e5c2832ccac3"
"temporal_instability/5min_based/figures/primary_movement/rmssd_movement_group_comparison.png","879949","57b479f3f732250e38b536a7d2a7215b98dffd3c0ec16a9637682e3870d73efb"
"temporal_instability/5min_based/figures/primary_movement/rmssd_movement_group_comparison.svg","312529","4914bae21c3e0335093da47f4473c6a2af7582009b335b050bc3dfa6e02b19f3"
"temporal_instability/5min_based/figures/primary_movement/rmssd_movement_pairwise_bars_by_cage_change.pdf","316498","7765bf3bb85339311c7aec0c48be86a19a68176b69dafe2c3d10b2cb731833c2"
"temporal_instability/5min_based/figures/primary_movement/rmssd_movement_pairwise_bars_by_cage_change.png","1286156","c9c5205b844c9b702943e43ef2e89ba2232ea8a513e814bb70625f92fd0c72db"
"temporal_instability/5min_based/figures/primary_movement/rmssd_movement_pairwise_bars_by_cage_change.svg","841463","d767aee0f207e4c2f8933b8228cf744b5e42028deb3139e0e44f5120059494f7"
"temporal_instability/5min_based/figures/primary_movement/rolling_rmssd_movement_timecourse.pdf","159062","f4dedcf2068008937cd9ab46c6ac26cc4ea85596d3f45ff63728c7f2702896a0"
"temporal_instability/5min_based/figures/primary_movement/rolling_rmssd_movement_timecourse.png","2049026","a61f77ab8104788a6c4c8ba1c50c0551e101940530a1fc8dd92c8fdbb21af9e7"
"temporal_instability/5min_based/figures/primary_movement/rolling_rmssd_movement_timecourse.svg","519996","3aea6fadbc612e9890f04c362779db02449ac946068648bb3a756d690a173068"
"temporal_instability/5min_based/figures/primary_movement/Thumbs.db","29184","20c67387ed94e93b43f46304e87f652694aa2275eda9319041a7725546dd62f4"
"temporal_instability/5min_based/figures/publication_panels/acf1_all_metrics_group_comparison.pdf","228897","873296d615f0db50eb64d954dd9930082ce749c683e933510df6d6bd59e528a8"
"temporal_instability/5min_based/figures/publication_panels/acf1_all_metrics_group_comparison.png","1212499","a4376ee77f6f3f35ae0263db217dd54f126b025f05df7fea412fd94ea6a1d2dd"
"temporal_instability/5min_based/figures/publication_panels/acf1_all_metrics_group_comparison.svg","657906","df6b78c9af553267900025416cf2590f199e0779a0302330e453b69e1381fc3d"
"temporal_instability/5min_based/figures/publication_panels/acf1_movement_first_active_first_cage_change.pdf","73922","27469027e46d075b67dcf878460764b093a0b2d950dc447958a60b785534e7bb"
"temporal_instability/5min_based/figures/publication_panels/acf1_movement_first_active_first_cage_change.png","337272","f91d0d7c1da9144114887213b547d8ead5f4c3fc97f533b6dd325bb45d902946"
"temporal_instability/5min_based/figures/publication_panels/acf1_movement_first_active_first_cage_change.svg","110482","0f97ac7d9c9d90c6ec24c143f686f9685dda7a687c3dcbbf525a91bf3cc8ccf4"
"temporal_instability/5min_based/figures/publication_panels/acf1_movement_group_comparison.pdf","135894","4e6bf96d2788979889ce766c5d0bba38df6eb7059e03a2655735e5162554929c"
"temporal_instability/5min_based/figures/publication_panels/acf1_movement_group_comparison.png","978213","d8ebbac4aa0d86876497b78bffd41110628c03a23e63de4cd368d04da136791b"
"temporal_instability/5min_based/figures/publication_panels/acf1_movement_group_comparison.svg","312408","63df360571ac033841fa601fe7f787a7b5690addf170a82b8a2adc9ad5b814b3"
"temporal_instability/5min_based/figures/publication_panels/behavioral_pattern_classification.pdf","41704","585668ceed6151ae7b5c10e391d6d59c1f71c93c0c0f806fecb1ea6b87480f7c"
"temporal_instability/5min_based/figures/publication_panels/behavioral_pattern_classification.png","244671","ca9b40f972894949115dcd15f146721deb4472389e60bfc7c2c05b7b6ef801c2"
"temporal_instability/5min_based/figures/publication_panels/behavioral_pattern_classification.svg","30797","1ddef1aae3507740f6ba30d4680df20396d014ad1dcc384b9b28373a819013ea"
"temporal_instability/5min_based/figures/publication_panels/behavioral_readout_priority_shortlist.pdf","43195","b6a0aece011aab03bd59886287787428d6117d0d3db41fe10084d6c25de35f5b"
"temporal_instability/5min_based/figures/publication_panels/behavioral_readout_priority_shortlist.png","539986","4eb02e5564fdc9f9361b2f03f1bf3b2b3c1aded02a4358d52a7d791373cc89ae"
"temporal_instability/5min_based/figures/publication_panels/behavioral_readout_priority_shortlist.svg","27424","ac339ad44cecae7b4d78b1e22ee6eada31917ee8cbfa2bc5ef9424d0faaf6434"
"temporal_instability/5min_based/figures/publication_panels/cv_all_metrics_group_comparison.pdf","216504","18538eada903153bf2d2aa8b2118adc9e8b39618341ccf7de0b0ceb0b029825d"
"temporal_instability/5min_based/figures/publication_panels/cv_all_metrics_group_comparison.png","540671","071012a93fd9c8807e2126ab95d4b4522c94514cd62c85327b2d04faff612f34"
"temporal_instability/5min_based/figures/publication_panels/cv_all_metrics_group_comparison.svg","661267","ab3397e66431482e3e21aa84a99d7a17cf8b09a63a1478d893d7dfb0b0104182"
"temporal_instability/5min_based/figures/publication_panels/cv_movement_first_active_first_cage_change.pdf","70507","44081ff4ac1df88bc4ab5032f19bc7c145a8db725e6e3ae480746bcd12d12c9f"
"temporal_instability/5min_based/figures/publication_panels/cv_movement_first_active_first_cage_change.png","311235","385606d5949b92d0c2e727e11de992133b84812ca45da28109bcc6665556e34a"
"temporal_instability/5min_based/figures/publication_panels/cv_movement_first_active_first_cage_change.svg","109692","1fef4053dfa8dd51edcd6a64096a723adf0a2ada599a274943a0d561f36b7c43"
"temporal_instability/5min_based/figures/publication_panels/cv_movement_group_comparison.pdf","130787","f11284dabddf8e06168ad36143ecf7c563f8808584e92bcf28faec8768bc0bb6"
"temporal_instability/5min_based/figures/publication_panels/cv_movement_group_comparison.png","565068","637e0179dd90719a9bdd7f19d7edb4d01ce623ec11190221501367b1228d4054"
"temporal_instability/5min_based/figures/publication_panels/cv_movement_group_comparison.svg","312556","626055929437cffaa318600a6fd7ef42d0f2fb4ccfbdfaf44d7b14c5cce1cf45"
"temporal_instability/5min_based/figures/publication_panels/delta_effect_size_heatmap_all_metrics.pdf","47855","dc30d19495337cbb95abafe296a59b0e1351bb2e661ebaecad65469b4d88bd90"
"temporal_instability/5min_based/figures/publication_panels/delta_effect_size_heatmap_all_metrics.png","409637","85f7b0a3b087d9c7e6a35d1467aa2c6e08bd76eda29582e013d11103599d307b"
"temporal_instability/5min_based/figures/publication_panels/delta_effect_size_heatmap_all_metrics.svg","140880","ceefc6a8e5659257d6a06814d5b811901dc1d84ec4f471a8154105184b32be97"
"temporal_instability/5min_based/figures/publication_panels/delta_rmssd_movement_from_first_cage_change.pdf","249163","2219f1712920e88a91c464c889262ea5fdbe1a8cd76bebddea27a3777d9abaf8"
"temporal_instability/5min_based/figures/publication_panels/delta_rmssd_movement_from_first_cage_change.png","990616","fcbbdcc4177bbfb66038dc6022ce8feabdc15d6f00ca320f75e6cea0121c4209"
"temporal_instability/5min_based/figures/publication_panels/delta_rmssd_movement_from_first_cage_change.svg","634993","487bd118bb0ad375385ceb66ced9e5d4a29cb0f15006ee3a71706c0cb9f57450"
"temporal_instability/5min_based/figures/publication_panels/effect_size_heatmap_all_metrics.pdf","50954","e4ed15c1eac3fdd2ef5b0825be153fde690b8567218e4a6203b6ffe76787b694"
"temporal_instability/5min_based/figures/publication_panels/effect_size_heatmap_all_metrics.png","401240","a5c945f83aca1cad10f9f9c3831f8dfd51eff56839f78b4749edceb36ffc1b88"
"temporal_instability/5min_based/figures/publication_panels/effect_size_heatmap_all_metrics.svg","176242","9424a47b60befe9f67c914a727ee23e33405a3e576a853cdab63ef86bc2275d9"
"temporal_instability/5min_based/figures/publication_panels/fano_all_metrics_group_comparison.pdf","235188","265217225dd4c321491876dd4d24e3ec7afb2a6bf64f90336e910d740bcaec85"
"temporal_instability/5min_based/figures/publication_panels/fano_all_metrics_group_comparison.png","1150614","bc94d1bb7dc3b0befcad5b5a2d4fc35db6a588b8431b2e9c74b61805028aa6cb"
"temporal_instability/5min_based/figures/publication_panels/fano_all_metrics_group_comparison.svg","658759","aceb8bec841b1398d9bb7ae266f27bd15cad92d3c934f21807f91ab3fef3f438"
"temporal_instability/5min_based/figures/publication_panels/fano_movement_group_comparison.pdf","131660","77a271ee063cb3371916bdf01c7ceb695b3c754cbe82414ce86242bb69c75381"
"temporal_instability/5min_based/figures/publication_panels/fano_movement_group_comparison.png","1005378","13cb0d6858759dd39fb941b0ef7d4911f995df2e293b74b798e48f997dcddaee"
"temporal_instability/5min_based/figures/publication_panels/fano_movement_group_comparison.svg","312584","352531093da4349a018e92b1b90d8bf83f810fcdc0eb253e74637e9a4f9a61a1"
"temporal_instability/5min_based/figures/publication_panels/panel_a_timeline_metric_schematic.pdf","35068","dbb039d7b25e33943cfc6d70b5cc526fe6ec9840efee805c68ada932aff50e8f"
"temporal_instability/5min_based/figures/publication_panels/panel_a_timeline_metric_schematic.png","142216","11f4e7a0b6b052bfffa3d63246fc6dd08e7693c9a6fc09c0a1fd0414281b2f54"
"temporal_instability/5min_based/figures/publication_panels/panel_a_timeline_metric_schematic.svg","4633","d2fb0a7c6ae10c47ac0d833d5fdc09715b628dcf3ca590760811b50d847a8c3b"
"temporal_instability/5min_based/figures/publication_panels/panel_b_first_active_rolling_rmssd.pdf","51781","7af17fe6c5ab2a4a6360e449982d3caf0d6ac4b27ffe80916566d6fb64f2a77a"
"temporal_instability/5min_based/figures/publication_panels/panel_b_first_active_rolling_rmssd.png","589741","78f7c2d926aabce655371206811f78769d843e6acc0beded59696711de50b7d1"
"temporal_instability/5min_based/figures/publication_panels/panel_b_first_active_rolling_rmssd.svg","70463","0817c9adee9d989fb2dae798d0378c57868030f337a53867cb7c245eea82d554"
"temporal_instability/5min_based/figures/publication_panels/panel_c_cage_change_rmssd_trajectory.pdf","47015","a93c384ed7d282a84bcfb47570031c2e11fd16bd7c390906a791e8cfa57b103f"
"temporal_instability/5min_based/figures/publication_panels/panel_c_cage_change_rmssd_trajectory.png","1110103","c8f9a79e0f24cf9d1de0ff361b3c2838b3c8877b843322cc4a7b8dcb918e4ea4"
"temporal_instability/5min_based/figures/publication_panels/panel_c_cage_change_rmssd_trajectory.svg","81495","92e76c612f72deef59f30a9fc937efcb0f52fa2d56c5a1f0d7a10ef98b786e5b"
"temporal_instability/5min_based/figures/publication_panels/panel_d_delta_rmssd_from_first_cage_change.pdf","40698","db2ed2163640a5fbe9a8807cd20cc4e0940056409ab2b4e7ae9a316236142502"
"temporal_instability/5min_based/figures/publication_panels/panel_d_delta_rmssd_from_first_cage_change.png","331183","b43a094818f55793be267d623bef14523a7239cb363dd499bf17235148905de0"
"temporal_instability/5min_based/figures/publication_panels/panel_d_delta_rmssd_from_first_cage_change.svg","34379","3c8c34e3c5602d47737a2839446a878fb17813aea3bcf4a4f37d167dd4686384"
"temporal_instability/5min_based/figures/publication_panels/panel_e_pairwise_contrast_forest.pdf","45071","3ef97e0953a5d2eea86e160e619fb100a90da15438ec03d6925285b348acb9d2"
"temporal_instability/5min_based/figures/publication_panels/panel_e_pairwise_contrast_forest.png","609392","939b7c2b8ec287694e2ed646fef6d881ef9b2c83387b6e88286a11eee974c3d8"
"temporal_instability/5min_based/figures/publication_panels/panel_e_pairwise_contrast_forest.svg","65055","e2cef9e7d6e767f6aec1cc25e40f06a549b80344fbcf41ba5bc65b6785410fef"
"temporal_instability/5min_based/figures/publication_panels/README.txt","319","9b957880bf142e8e7ee5034d698dc3cf630f411fae5bfd345d64fabf57540a90"
"temporal_instability/5min_based/figures/publication_panels/rmssd_all_metrics_group_comparison.pdf","235262","0b564068fca681a3e6433783347bc8dc75d18c147fdcdbcb36bc6986512abe3d"
"temporal_instability/5min_based/figures/publication_panels/rmssd_all_metrics_group_comparison.png","1042932","838c851960ec0d81476e0cf4a786b0f9b5d64827c8f5f28de6ceb28b029e7a12"
"temporal_instability/5min_based/figures/publication_panels/rmssd_all_metrics_group_comparison.svg","660537","10b005129df470c7383b65994e08babf91ccbd012b7a275de445f4f76b67039a"
"temporal_instability/5min_based/figures/publication_panels/rmssd_movement_across_cage_changes.pdf","40645","19d1810fc87dd1ed3ca0a93877a4c1a63d755be23a44ba1abcb771a96e8d9208"
"temporal_instability/5min_based/figures/publication_panels/rmssd_movement_across_cage_changes.png","268929","ced7528296ef85b75a9c31a347bc50e30c54a5d8bee5cd30f6a67afe781a26ba"
"temporal_instability/5min_based/figures/publication_panels/rmssd_movement_across_cage_changes.svg","36280","3fc9b1eca4f692ae0c06a802b0ee11084fa2b6ba26cdba9a5c8ba39a50407d9c"
"temporal_instability/5min_based/figures/publication_panels/rmssd_movement_first_active_first_cage_change.pdf","73048","ad0992c1bd24779634220f96310730e80ca81c52f12822dabafd425f9c2cf2e8"
"temporal_instability/5min_based/figures/publication_panels/rmssd_movement_first_active_first_cage_change.png","305698","cdcf2c7da0804c74e80ebf068a0301815f91e30a708644e14018dcd631527242"
"temporal_instability/5min_based/figures/publication_panels/rmssd_movement_first_active_first_cage_change.svg","111026","6aa887dd4a0d4f146d25676bcd4cde80058e75a2fe8dc70086ab64aa8a936cf1"
"temporal_instability/5min_based/figures/publication_panels/rmssd_movement_group_comparison.pdf","129748","2e8b57eb2c90e4a8473a23720de07b06b50a881829d2fa9642c4e5c2832ccac3"
"temporal_instability/5min_based/figures/publication_panels/rmssd_movement_group_comparison.png","879949","57b479f3f732250e38b536a7d2a7215b98dffd3c0ec16a9637682e3870d73efb"
"temporal_instability/5min_based/figures/publication_panels/rmssd_movement_group_comparison.svg","312529","4914bae21c3e0335093da47f4473c6a2af7582009b335b050bc3dfa6e02b19f3"
"temporal_instability/5min_based/figures/publication_panels/rmssd_movement_pairwise_bars_by_cage_change.pdf","316498","7765bf3bb85339311c7aec0c48be86a19a68176b69dafe2c3d10b2cb731833c2"
"temporal_instability/5min_based/figures/publication_panels/rmssd_movement_pairwise_bars_by_cage_change.png","1286156","c9c5205b844c9b702943e43ef2e89ba2232ea8a513e814bb70625f92fd0c72db"
"temporal_instability/5min_based/figures/publication_panels/rmssd_movement_pairwise_bars_by_cage_change.svg","841463","d767aee0f207e4c2f8933b8228cf744b5e42028deb3139e0e44f5120059494f7"
"temporal_instability/5min_based/figures/publication_panels/rolling_rmssd_all_metrics_timecourse.pdf","223282","a9d5fd3a5071d365956572486f3e05a0c892ee0c897f734f2b9b7160cef8108f"
"temporal_instability/5min_based/figures/publication_panels/rolling_rmssd_all_metrics_timecourse.png","2800005","438466b72535dd903dc7fe666aa63a03e79fae069c1808df5b05be510e001217"
"temporal_instability/5min_based/figures/publication_panels/rolling_rmssd_all_metrics_timecourse.svg","770734","02cf010f57993f0b52fb8843a2376db5027048a8764be693ba2eec3952a79b7b"
"temporal_instability/5min_based/figures/publication_panels/rolling_rmssd_movement_first_active_first_cage_change.pdf","51866","fb6d97f81b8a54e05d5c1eae182a36327fe438f2d45f2c59f3f67946b41c0136"
"temporal_instability/5min_based/figures/publication_panels/rolling_rmssd_movement_first_active_first_cage_change.png","729851","91c958fd7910b3ebda441a07fc4370a793da341ff59189c84e83006889608fd6"
"temporal_instability/5min_based/figures/publication_panels/rolling_rmssd_movement_first_active_first_cage_change.svg","69542","c2647d11e12da6c1d4c548699072288abef6d6018359c53dd672a92b9c30876e"
"temporal_instability/5min_based/figures/publication_panels/rolling_rmssd_movement_timecourse.pdf","159062","f4dedcf2068008937cd9ab46c6ac26cc4ea85596d3f45ff63728c7f2702896a0"
"temporal_instability/5min_based/figures/publication_panels/rolling_rmssd_movement_timecourse.png","2049026","a61f77ab8104788a6c4c8ba1c50c0551e101940530a1fc8dd92c8fdbb21af9e7"
"temporal_instability/5min_based/figures/publication_panels/rolling_rmssd_movement_timecourse.svg","519996","3aea6fadbc612e9890f04c362779db02449ac946068648bb3a756d690a173068"
"temporal_instability/5min_based/figures/publication/overview/behavioral_pattern_classification.pdf","41704","585668ceed6151ae7b5c10e391d6d59c1f71c93c0c0f806fecb1ea6b87480f7c"
"temporal_instability/5min_based/figures/publication/overview/behavioral_pattern_classification.png","244671","ca9b40f972894949115dcd15f146721deb4472389e60bfc7c2c05b7b6ef801c2"
"temporal_instability/5min_based/figures/publication/overview/behavioral_pattern_classification.svg","30797","1ddef1aae3507740f6ba30d4680df20396d014ad1dcc384b9b28373a819013ea"
"temporal_instability/5min_based/figures/publication/overview/behavioral_readout_priority_shortlist.pdf","43195","b6a0aece011aab03bd59886287787428d6117d0d3db41fe10084d6c25de35f5b"
"temporal_instability/5min_based/figures/publication/overview/behavioral_readout_priority_shortlist.png","539986","4eb02e5564fdc9f9361b2f03f1bf3b2b3c1aded02a4358d52a7d791373cc89ae"
"temporal_instability/5min_based/figures/publication/overview/behavioral_readout_priority_shortlist.svg","27424","ac339ad44cecae7b4d78b1e22ee6eada31917ee8cbfa2bc5ef9424d0faaf6434"
"temporal_instability/5min_based/figures/publication/overview/delta_effect_size_heatmap_all_metrics.pdf","47855","dc30d19495337cbb95abafe296a59b0e1351bb2e661ebaecad65469b4d88bd90"
"temporal_instability/5min_based/figures/publication/overview/delta_effect_size_heatmap_all_metrics.png","409637","85f7b0a3b087d9c7e6a35d1467aa2c6e08bd76eda29582e013d11103599d307b"
"temporal_instability/5min_based/figures/publication/overview/delta_effect_size_heatmap_all_metrics.svg","140880","ceefc6a8e5659257d6a06814d5b811901dc1d84ec4f471a8154105184b32be97"
"temporal_instability/5min_based/figures/publication/overview/effect_size_heatmap_all_metrics.pdf","50954","e4ed15c1eac3fdd2ef5b0825be153fde690b8567218e4a6203b6ffe76787b694"
"temporal_instability/5min_based/figures/publication/overview/effect_size_heatmap_all_metrics.png","401240","a5c945f83aca1cad10f9f9c3831f8dfd51eff56839f78b4749edceb36ffc1b88"
"temporal_instability/5min_based/figures/publication/overview/effect_size_heatmap_all_metrics.svg","176242","9424a47b60befe9f67c914a727ee23e33405a3e576a853cdab63ef86bc2275d9"
"temporal_instability/5min_based/figures/publication/panels/panel_a_timeline_metric_schematic.pdf","35068","dbb039d7b25e33943cfc6d70b5cc526fe6ec9840efee805c68ada932aff50e8f"
"temporal_instability/5min_based/figures/publication/panels/panel_a_timeline_metric_schematic.png","142216","11f4e7a0b6b052bfffa3d63246fc6dd08e7693c9a6fc09c0a1fd0414281b2f54"
"temporal_instability/5min_based/figures/publication/panels/panel_a_timeline_metric_schematic.svg","4633","d2fb0a7c6ae10c47ac0d833d5fdc09715b628dcf3ca590760811b50d847a8c3b"
"temporal_instability/5min_based/figures/publication/panels/panel_b_first_active_rolling_rmssd.pdf","51781","7af17fe6c5ab2a4a6360e449982d3caf0d6ac4b27ffe80916566d6fb64f2a77a"
"temporal_instability/5min_based/figures/publication/panels/panel_b_first_active_rolling_rmssd.png","589741","78f7c2d926aabce655371206811f78769d843e6acc0beded59696711de50b7d1"
"temporal_instability/5min_based/figures/publication/panels/panel_b_first_active_rolling_rmssd.svg","70463","0817c9adee9d989fb2dae798d0378c57868030f337a53867cb7c245eea82d554"
"temporal_instability/5min_based/figures/publication/panels/panel_c_cage_change_rmssd_trajectory.pdf","47015","a93c384ed7d282a84bcfb47570031c2e11fd16bd7c390906a791e8cfa57b103f"
"temporal_instability/5min_based/figures/publication/panels/panel_c_cage_change_rmssd_trajectory.png","1110103","c8f9a79e0f24cf9d1de0ff361b3c2838b3c8877b843322cc4a7b8dcb918e4ea4"
"temporal_instability/5min_based/figures/publication/panels/panel_c_cage_change_rmssd_trajectory.svg","81495","92e76c612f72deef59f30a9fc937efcb0f52fa2d56c5a1f0d7a10ef98b786e5b"
"temporal_instability/5min_based/figures/publication/panels/panel_d_delta_rmssd_from_first_cage_change.pdf","40698","db2ed2163640a5fbe9a8807cd20cc4e0940056409ab2b4e7ae9a316236142502"
"temporal_instability/5min_based/figures/publication/panels/panel_d_delta_rmssd_from_first_cage_change.png","331183","b43a094818f55793be267d623bef14523a7239cb363dd499bf17235148905de0"
"temporal_instability/5min_based/figures/publication/panels/panel_d_delta_rmssd_from_first_cage_change.svg","34379","3c8c34e3c5602d47737a2839446a878fb17813aea3bcf4a4f37d167dd4686384"
"temporal_instability/5min_based/figures/publication/panels/panel_e_pairwise_contrast_forest.pdf","45071","3ef97e0953a5d2eea86e160e619fb100a90da15438ec03d6925285b348acb9d2"
"temporal_instability/5min_based/figures/publication/panels/panel_e_pairwise_contrast_forest.png","609392","939b7c2b8ec287694e2ed646fef6d881ef9b2c83387b6e88286a11eee974c3d8"
"temporal_instability/5min_based/figures/publication/panels/panel_e_pairwise_contrast_forest.svg","65055","e2cef9e7d6e767f6aec1cc25e40f06a549b80344fbcf41ba5bc65b6785410fef"
"temporal_instability/5min_based/figures/publication/panels/Thumbs.db","32768","2c7b4a18fb7ae0107f4edb99b50e1e7b1d81f4b1379109bf971f6c5b6210f51c"
"temporal_instability/5min_based/figures/qc/README.txt","321","fcc7347cfbb2d92ffff45d2d214694895194bd3da990013d0d8e3d556a6ef029"
"temporal_instability/5min_based/figures/supplementary_all_metrics/acf1_all_metrics_group_comparison.pdf","228897","873296d615f0db50eb64d954dd9930082ce749c683e933510df6d6bd59e528a8"
"temporal_instability/5min_based/figures/supplementary_all_metrics/acf1_all_metrics_group_comparison.png","1212499","a4376ee77f6f3f35ae0263db217dd54f126b025f05df7fea412fd94ea6a1d2dd"
"temporal_instability/5min_based/figures/supplementary_all_metrics/acf1_all_metrics_group_comparison.svg","657906","df6b78c9af553267900025416cf2590f199e0779a0302330e453b69e1381fc3d"
"temporal_instability/5min_based/figures/supplementary_all_metrics/cv_all_metrics_group_comparison.pdf","216504","18538eada903153bf2d2aa8b2118adc9e8b39618341ccf7de0b0ceb0b029825d"
"temporal_instability/5min_based/figures/supplementary_all_metrics/cv_all_metrics_group_comparison.png","540671","071012a93fd9c8807e2126ab95d4b4522c94514cd62c85327b2d04faff612f34"
"temporal_instability/5min_based/figures/supplementary_all_metrics/cv_all_metrics_group_comparison.svg","661267","ab3397e66431482e3e21aa84a99d7a17cf8b09a63a1478d893d7dfb0b0104182"
"temporal_instability/5min_based/figures/supplementary_all_metrics/fano_all_metrics_group_comparison.pdf","235188","265217225dd4c321491876dd4d24e3ec7afb2a6bf64f90336e910d740bcaec85"
"temporal_instability/5min_based/figures/supplementary_all_metrics/fano_all_metrics_group_comparison.png","1150614","bc94d1bb7dc3b0befcad5b5a2d4fc35db6a588b8431b2e9c74b61805028aa6cb"
"temporal_instability/5min_based/figures/supplementary_all_metrics/fano_all_metrics_group_comparison.svg","658759","aceb8bec841b1398d9bb7ae266f27bd15cad92d3c934f21807f91ab3fef3f438"
"temporal_instability/5min_based/figures/supplementary_all_metrics/rmssd_all_metrics_group_comparison.pdf","235262","0b564068fca681a3e6433783347bc8dc75d18c147fdcdbcb36bc6986512abe3d"
"temporal_instability/5min_based/figures/supplementary_all_metrics/rmssd_all_metrics_group_comparison.png","1042932","838c851960ec0d81476e0cf4a786b0f9b5d64827c8f5f28de6ceb28b029e7a12"
"temporal_instability/5min_based/figures/supplementary_all_metrics/rmssd_all_metrics_group_comparison.svg","660537","10b005129df470c7383b65994e08babf91ccbd012b7a275de445f4f76b67039a"
"temporal_instability/5min_based/figures/supplementary_all_metrics/rolling_rmssd_all_metrics_timecourse.pdf","223282","a9d5fd3a5071d365956572486f3e05a0c892ee0c897f734f2b9b7160cef8108f"
"temporal_instability/5min_based/figures/supplementary_all_metrics/rolling_rmssd_all_metrics_timecourse.png","2800005","438466b72535dd903dc7fe666aa63a03e79fae069c1808df5b05be510e001217"
"temporal_instability/5min_based/figures/supplementary_all_metrics/rolling_rmssd_all_metrics_timecourse.svg","770734","02cf010f57993f0b52fb8843a2376db5027048a8764be693ba2eec3952a79b7b"
"temporal_instability/5min_based/figures/supplementary_all_metrics/Thumbs.db","49152","f679fbea9af6a902e3227172ab34338037eb05971b54b6117e55324288751aab"
"temporal_instability/5min_based/figures/supplementary/README.txt","332","72409480a7f9877bca1f93d2796bfdde2cf350a81c01a1dd3acfbcd060f10849"
"temporal_instability/5min_based/output_manifest.csv","1246","90200bd2095afb0857975307f3686e5462557d04e6ec3661c30206017e15aed2"
"temporal_instability/5min_based/stats_tables/delta_from_first_cage_change_instability_duration_sensitivity_consistency.csv","123082","1d1ad0c92f57e6dcf278e6cfa562fabcbdfee7ca7e5f923409d604eec60caa85"
"temporal_instability/5min_based/stats_tables/delta_from_first_cage_change_instability_duration_sensitivity_group_contrasts.csv","374920","47a7a4710cb691c77304579cca8d73b353e71e6f5f451fa3e4cac2e44fdf24dd"
"temporal_instability/5min_based/stats_tables/delta_from_first_cage_change_instability_duration_sensitivity_group_summary.csv","191767","ae81fb13c21c667c17da62f32fd2151e9d7a164f996ee5927be8fe7bbc343caa"
"temporal_instability/5min_based/stats_tables/delta_from_first_cage_change_instability_group_contrasts.csv","197708","304d9ae936234f1450f7cfe4af95abfecb7b02d4e30dadbc500e126435d9414e"
"temporal_instability/5min_based/stats_tables/delta_from_first_cage_change_instability_group_summary.csv","107997","6a8cd0bcee5c4e505ae7c4bb198fb139baa2b3eb83888f9e55de82d393aa765e"
"temporal_instability/5min_based/stats_tables/first_active_first_cage_change_instability_duration_sensitivity_consistency.csv","21045","cb925bbd91b5afc5276141c48e659bad4255db34ff3d8e01114dd8e4b0ae1b4e"
"temporal_instability/5min_based/stats_tables/first_active_first_cage_change_instability_duration_sensitivity_group_contrasts.csv","72239","295066bfcbaedd04e011d80e798ea3f9853969a458460e147d351ad41571ab2a"
"temporal_instability/5min_based/stats_tables/first_active_first_cage_change_instability_duration_sensitivity_group_summary.csv","34292","2a1c9fe94db0b05a87e01292dd5f1ed7eb7f2b9618cd7bcae4b8118460d573ee"
"temporal_instability/5min_based/stats_tables/first_active_first_cage_change_instability_group_contrasts.csv","31561","e78d790bccc8aed1d9ee24532536ce2e74a18dc41bdcdab790e6952c51220824"
"temporal_instability/5min_based/stats_tables/first_active_first_cage_change_instability_group_summary.csv","15832","08362552e8298bf0b3d80e104a245d34e348bf2ff6c882c8158239558e662905"
"temporal_instability/5min_based/stats_tables/overall_cage_change_phase_instability_duration_sensitivity_consistency.csv","163396","4209281eb5b754b67ddad078f0795e341501882a72fdeaadf6b3e056681bcae9"
"temporal_instability/5min_based/stats_tables/overall_cage_change_phase_instability_duration_sensitivity_group_contrasts.csv","515683","698122de1650c17637758319aeb7ee944bb0c8c7bdaebc29d6dbad9cb9012a80"
"temporal_instability/5min_based/stats_tables/overall_cage_change_phase_instability_duration_sensitivity_group_summary.csv","253015","8e5452a7279da366354a3bc74354a8f2f7828e67f9e47c5bb6dd321bef55abcb"
"temporal_instability/5min_based/stats_tables/overall_cage_change_phase_instability_group_contrasts.csv","258164","9b3cc4d72287d429f2af37360b7f449f0ada8449fe2910e18387b4e475f3d051"
"temporal_instability/5min_based/stats_tables/overall_cage_change_phase_instability_group_summary.csv","134839","a575acff75a46c5b847cc64e6cc293bccfbdae6b1908caacbd313da3ffc303e3"
"temporal_instability/5min_based/tables/behavioral_finding_priority_all_tests.csv","732210","8cb16ac325d17fdea59e722355babf6ac3a613d0ac128af9b272b42567c3fa5a"
"temporal_instability/5min_based/tables/behavioral_finding_priority_shortlist.csv","26631","563948c9e39512eb2fa8bfc7984b4b8eb2a4b306e1706723c79830953c3ed92f"
"temporal_instability/5min_based/tables/behavioral_key_patterns.csv","4823","f36411225e1d184abba19045f4ace42ab1b442f98d5a6bf6427da89cbcfbd0ee"
"temporal_instability/5min_based/tables/behavioral_pattern_classification.csv","26063","a581909bedded86d62a79f2462304472e5b5edaa490b6be65a4e0c372563d9e5"
"temporal_instability/5min_based/tables/behavioral_readout_definitions.csv","973","697c349227106f2802ac20eeb1b88b4d68a63af15c5e671caa66a746f265c2d5"
"temporal_instability/5min_based/tables/cage_change_delta_instability_all_metrics.csv","760019","2955871225ffd4a98ee2bddbb2f58cdd73d0f92363982745554d918404b740f7"
"temporal_instability/5min_based/tables/cage_change_delta_instability_primary_movement.csv","249328","3ea6ce6e318b6b1d0eb83632be4159642b881fe9365b290ae97200f55a59e170"
"temporal_instability/5min_based/tables/epoch_duration_qc.csv","182644","311211606bdd3524c8e4558995fb9c00be7e1fcde3d5d6551e5200b00272fb90"
"temporal_instability/5min_based/tables/first_active_first_cage_change_instability_all_metrics.csv","119880","50e0448538615c866f1ef137fcd02fef0511fcefba8c0c4852ea0a99de3a54ad"
"temporal_instability/5min_based/tables/first_active_first_cage_change_instability_primary_movement.csv","38188","c80d30bd496079fe47f5cfa5f5204b9dc7f87240d38485c908d52ef1e8cf1a6e"
"temporal_instability/5min_based/tables/first_active_first_cage_change_rolling_instability_all_metrics.csv","16662389","18b3dbda6e16b94550cb8f534777b69e3aa39347e732f11c71ff6a1059107f70"
"temporal_instability/5min_based/tables/first_active_first_cage_change_timecourse_all_metrics.csv","13955568","d93507f1013dc70159adc2e6d0df15e8a4b68881257ff79584178896072cbe46"
"temporal_instability/5min_based/tables/output_figure_inventory.csv","35281","ab4d30ef583a3cdbfb1c7c4321a28dda8718cae28e3d42e0835bb5df96a343d8"
"temporal_instability/5min_based/tables/output_folder_summary.csv","366","7b41438a7032be50c98c12c18a746d3b9a7a42faf5558f7dd8bb71185fff4e67"
"temporal_instability/5min_based/tables/publication_cage_change_rmssd_summary.csv","8063","d271b8fadb034b33ed7cd111eaf3c7776b8807d4806251aff60bcdf873dd2845"
"temporal_instability/5min_based/tables/publication_delta_effect_size_heatmap_data.csv","255612","35360fa67ba1384a6aa52810319188af92cea587e7f49e329a051a2943738aff"
"temporal_instability/5min_based/tables/publication_delta_rmssd_summary.csv","6233","b11aa7684ae7346324d5863efd11fcce83531c88989e84b793aa758b3bf10e70"
"temporal_instability/5min_based/tables/publication_first_active_rolling_rmssd_summary.csv","111956","0f776b4b49cc0f650209a882b2fe733ddae0627b4a023d66f8f824f291057100"
"temporal_instability/5min_based/tables/publication_instability_effect_size_heatmap_data.csv","335945","df36aee19322b8bc1ef00479ed9b133c1af54cdccfbe7790029d8668162fa3dc"
"temporal_instability/5min_based/tables/publication_pairwise_contrast_forest_data.csv","45216","6a90e4b9b77f16f4441378a30c5d9391c5b7f449b335cd8094b0252c1a9305c0"
"temporal_instability/5min_based/tables/publication_phase_timing_map.csv","220","3c92ee3414a580d4f345564fdaa9bcaa47a000171bed511946b1fc9eba18dcf0"
"temporal_instability/5min_based/tables/publication_stress_model_comparisons.csv","291","1b16b3b7d3f4e33c34548100c539073fd9dc8cf39341cd1889c0327bdb72c811"
"temporal_instability/5min_based/tables/publication_stress_model_timing_map.csv","368","7a06c6c941b7bf65a4202b77dd75d1f339b62751c38f3640d8f0157bdaba2a0e"
"temporal_instability/5min_based/tables/rolling_instability_metrics_all_metrics.csv","336420396","60018d84a2f54bf9959a8ff64ae2c58cfbef447f9b3a8599a5ddb6c9712dae51"
"temporal_instability/5min_based/tables/rolling_instability_metrics_primary_movement.csv","108284015","8a860e5748f309ad49e837b69cbb49cf6f151823d425653fd335f824b76b7440"
"temporal_instability/5min_based/tables/temporal_instability_group_summary_all_metrics.csv","39271","72da11b063e0f76b96eda18e8738ba7c4075e6f1470af4c65fc4cbd9b7b1bb79"
"temporal_instability/5min_based/tables/temporal_instability_group_summary_primary_movement.csv","12995","9eb824ad7ffea4098050df4865381945c8597c9ef21a8c8c5bbb1cfb5a779310"
"temporal_instability/5min_based/tables/temporal_instability_metrics_per_animal_all_metrics_duration_tagged_full.csv","810256","d579e42b3916c0adeff057daf58b7b14499e54ef820106118a61dc8f585af84d"
"temporal_instability/5min_based/tables/temporal_instability_metrics_per_animal_all_metrics_excluding_short_duration.csv","634647","8e7d40463ac36caf4936a1da31a31fd72b301bee6d5c2952717d0291624dcde5"
"temporal_instability/5min_based/tables/temporal_instability_metrics_per_animal_all_metrics.csv","796916","856b6d189774efead14341ffcb63d8409ba1189037534864110dce9b2dd56e15"
"temporal_instability/5min_based/tables/temporal_instability_metrics_per_animal_primary_movement.csv","249345","b502fa9d6bffb32189b5410d051380ee374fd014142850130effd95b54f4c127"
"temporal_instability/5min_based/tables/temporal_maintext_feature_set.csv","1352","75f1ccbb6a968bb47b119e2fb04bdf9cc21aa9c11cb45afa3c660bc3e5f40c99"
"temporal_instability/5min_based/tables/temporal_organization_interpretation_guide.csv","1333","7d32a06fa1f1a23b37a6da187eefd327f32525162e66538a811daa2dd4fabbaf"
