"relative_path","size_bytes","sha256"
"5min_based/audit_hmm_state_architecture/audit_doc_v1_state_semantics.csv","2399","ac4e3c1ce6c012468b1f5f9a724c0959eb9d1497877a966f3ddd15e02bdc702d"
"5min_based/audit_hmm_state_architecture/audit_doc_v2_component_reduction.csv","1359","497e427d8c930fa8015d63e686ff1178afbe55a6c0a8bad2aef1d6934ba95c6e"
"5min_based/audit_hmm_state_architecture/audit_doc_v3_permutation_invariance.csv","159","b09bde5f78e716a820609e72fce7d659c684a5d155d22188833d4baea24de08d"
"5min_based/audit_hmm_state_architecture/audit_doc_v3b_closed_form_reduction.csv","103","5d8c3a7200726f13056a4b74a8b9d379cfc2556a61e19e9b53a9048a421b4395"
"5min_based/audit_hmm_state_architecture/audit_doc_v4_model_fixed_effects.csv","4891","b840b8774c1745d2c26546fb6d6be9e77fc79fed77d42a31b91cda00cd292303"
"5min_based/audit_hmm_state_architecture/audit_doc_v4b_helper_contrasts.csv","10841","9f2feb32841cb2ab144fb3e6f411dac472f367c03a2bd02d8c2432f2d18fb39b"
"5min_based/audit_hmm_state_architecture/audit_doc_v5_context_cell_moments.csv","2370","234c26b5b2f763c295a6e87c4056b346dab59b9e8db8d8740b3212a75ca9587d"
"5min_based/audit_hmm_state_architecture/audit_doc_v5b_group_mean_zero_sum.csv","1674","b556826fd8fffd81d1c5ca8f89760a89da3009feed1c5b6a70d6e099c6fa9740"
"5min_based/audit_hmm_state_architecture/audit_doc_v6_sex_and_cc_terms.csv","5147","0240c7e4df43203b05d1b33ac4b820359899c5e53792c94b99bf2a0daf0c1b19"
"5min_based/audit_hmm_state_architecture/audit_doc_v7_artifact_consumption_map.csv","1060","a2cf9a24ec4121417678063409464213ff9803426895a8772adac66ec6679411"
"5min_based/audit_hmm_state_architecture/audit_doc_v7b_stage08_files_present.csv","1635","02ae52f8087429a863c563e1a746c1a12c40814ef81b6dafcaf624002a6b1253"
"5min_based/audit_hmm_state_architecture/first_night_domain_heatmap/Fig_first_night_10domain_audit_heatmap.pdf","50321","f5183cc9d03c9ba9a6ed31e69c744a8ae9160444f5a767159721348efecaa356"
"5min_based/audit_hmm_state_architecture/first_night_domain_heatmap/Fig_first_night_10domain_audit_heatmap.png","590043","ed0a118ace7268a4c67c835ee7bc623608452fa54a8ce7fb5f83de2ade669ff9"
"5min_based/audit_hmm_state_architecture/first_night_domain_heatmap/Fig_first_night_10domain_audit_heatmap.svg","32890","69422b01d01d74065bdeeb82c5d7fc00e330e9a58853ba697f0dff9717b3f648"
"5min_based/audit_hmm_state_architecture/first_night_domain_heatmap/Fig_first_night_domain_heatmap.pdf","46548","2a13f18544026910664be0f0fdac6f81f454f2f0c064e7aa90b9a7fa5c5edb08"
"5min_based/audit_hmm_state_architecture/first_night_domain_heatmap/Fig_first_night_domain_heatmap.png","421405","ec5c8fa3b57d0ac9ae47ef4ea02d7bc2abefc15883296bd93ea97dfd55d9c676"
"5min_based/audit_hmm_state_architecture/first_night_domain_heatmap/Fig_first_night_domain_heatmap.svg","25735","c22685e0ea4f797de53804599a3fb25f3b9d1cf45bb9d7ba618bfc1b0b87f835"
"5min_based/audit_hmm_state_architecture/first_night_domain_heatmap/Fig_first_night_hmm_components.pdf","49604","837bb22d6d1c2198a77d86648cce48f95e207b0d8334602709a1f6d2ced7dd3a"
"5min_based/audit_hmm_state_architecture/first_night_domain_heatmap/Fig_first_night_hmm_components.png","401674","573177e95c136fc90588e70b19f675034c8e37ee413b7918e70e2cfc2f8a7547"
"5min_based/audit_hmm_state_architecture/first_night_domain_heatmap/Fig_first_night_hmm_components.svg","26106","4f51be9e2d5bed586f482b5d55d2ccf1977296a4c42a3933a11724cada7e7b72"
"5min_based/audit_hmm_state_architecture/first_night_domain_heatmap/Fig_first_night_minimal_heatmap.pdf","48458","88e78aaaf5fef824ecf472a053e0355581d3f39ddcdabcf5554daf5ca1e63ae6"
"5min_based/audit_hmm_state_architecture/first_night_domain_heatmap/Fig_first_night_minimal_heatmap.png","469685","6f210a072152fca324c9ec30edf0d29cfbeed550b1e946eda75cb5810ae31057"
"5min_based/audit_hmm_state_architecture/first_night_domain_heatmap/Fig_first_night_minimal_heatmap.svg","24396","cf71d2dcb22e72d39337956280f7c2063d2a7295787a2887d6ea74dffb47047a"
"5min_based/audit_hmm_state_architecture/first_night_domain_heatmap/first_night_10domain_effects.csv","159943","6d630d927dc0a3a350d5a0edc1afa21c87458ad115d70d96e5586424f3b18d8a"
"5min_based/audit_hmm_state_architecture/first_night_domain_heatmap/first_night_10domain_formula_overlap.csv","85068","002d3f7909d9966ab9395da547090675e6359e5eebaf9898d636e361e83a0c6f"
"5min_based/audit_hmm_state_architecture/first_night_domain_heatmap/first_night_10domain_locomotion_dominance.csv","71923","22aa02d5557ee5e78e9b6f16d3727febf64d426f511ecf415e9fb2f4836b2ccf"
"5min_based/audit_hmm_state_architecture/first_night_domain_heatmap/first_night_10domain_redundancy.csv","467093","2d62235e42db0a91d836b914e15d6f61c2918c7b7dba7819a5fbfdec9fbde6e3"
"5min_based/audit_hmm_state_architecture/first_night_domain_heatmap/first_night_10domain_resolution_agreement.csv","66629","8a938a737182986854b2f19d2816ec80ec9a19de9de96e79462b5bb34346fe16"
"5min_based/audit_hmm_state_architecture/first_night_domain_heatmap/first_night_10domain_scores.csv","5230315","73d55a1f581c89516f3b729686c555cfbf9f1e73f7db18a29e30accd547dfcba"
"5min_based/audit_hmm_state_architecture/first_night_domain_heatmap/first_night_candidate_set_decision_assertions.csv","5550","40b8fbf1caa10c21e5ef00d80dafaba932e336a2cc829d191e10bc58c8bd2602"
"5min_based/audit_hmm_state_architecture/first_night_domain_heatmap/first_night_candidate_set_effects_assertions.csv","2920","4c0602a055ebe88eca4bd49b3dff62d0a9cb8514d073db8eae6c787cc21bf8d5"
"5min_based/audit_hmm_state_architecture/first_night_domain_heatmap/first_night_candidate_set_readme.md","16913","9d97638e90d8592c8a24c26c0de3a9f0d6eac6fb1b2b668b64a1a0b73985f6f9"
"5min_based/audit_hmm_state_architecture/first_night_domain_heatmap/first_night_combz_exploratory_association.csv","15412","1fd768444c60eab1a8738464cdb56e35ca1e008670e368f25a8c8104848b3076"
"5min_based/audit_hmm_state_architecture/first_night_domain_heatmap/first_night_cross_resolution_stability_v2.csv","382","01ae95d6372f3f61a9dc5cd17e90998a81c3d466acd1cbccf51f1543cc99d80b"
"5min_based/audit_hmm_state_architecture/first_night_domain_heatmap/first_night_domain_contrasts_v2.csv","82787","190f1d419d43a8ff4eefad1eb119ddcd1728ed10921f3af9f7bd9bd414ab6f39"
"5min_based/audit_hmm_state_architecture/first_night_domain_heatmap/first_night_domain_effect_summary.csv","159713","4e88efbbbd74fbccbce042df17cac6bd8baf19c4466ddd64345150dcb1ce669c"
"5min_based/audit_hmm_state_architecture/first_night_domain_heatmap/first_night_domain_interaction_tests.csv","19559","f5f2d808c91e003cd44efea60fa25b56691e3f0fef916e68ce5b0451ad2a6476"
"5min_based/audit_hmm_state_architecture/first_night_domain_heatmap/first_night_domain_provenance.csv","38471","b9878e7f82a7b45cd50f5ba03caa2be8c34bd18cb331fac694d2bbe7444a8cf0"
"5min_based/audit_hmm_state_architecture/first_night_domain_heatmap/first_night_domain_redundancy_audit.csv","52366","216b3a06b87a9bcacfbd9beaa7c4ed73f74c541b017227739d5d1489b0e8ea8f"
"5min_based/audit_hmm_state_architecture/first_night_domain_heatmap/first_night_domain_scores.csv","2789161","a5b2989a7ba3f630beecbf5c6327eccfa0c9d0ff7c95890b55a6760f0af74613"
"5min_based/audit_hmm_state_architecture/first_night_domain_heatmap/first_night_domain_source_classification.csv","8435","46c4fb2db050af78304a5d2d1741d07fa9eb8564ccf8db8517ed2fd6ba29be6b"
"5min_based/audit_hmm_state_architecture/first_night_domain_heatmap/first_night_duplicate_domain_check_v2.csv","730","73ba11a7423235daf82f49967d98f222c3030d2ff3cc860bcbd6bc13c7bce0c5"
"5min_based/audit_hmm_state_architecture/first_night_domain_heatmap/first_night_duplicate_domain_check.csv","412","8e9ed5f64378c66c56d93b0a9b5028abc851c9cf9c24885de17100cbcec3125e"
"5min_based/audit_hmm_state_architecture/first_night_domain_heatmap/first_night_dwell_partition_stability_contrasts.csv","2896","aa9b47762fb7d4415144b35d5bb02ebc88cc0de5ed57b779ed03dc3750b7efa2"
"5min_based/audit_hmm_state_architecture/first_night_domain_heatmap/first_night_dwell_partition_stability_values.csv","33347","059ecbba41ccb123fce208644b0bba493ac3ee7fc03f49eff4c8ec546fa26cfb"
"5min_based/audit_hmm_state_architecture/first_night_domain_heatmap/first_night_dwell_shipped_vs_refit.csv","6099","f1eafd3345f239ebed463e994ad02c5842706748785062680d1b07e2076553fd"
"5min_based/audit_hmm_state_architecture/first_night_domain_heatmap/first_night_fdr_family_definition.csv","194","2dda71c9c46d0e78db12b1d7c3da387ffc941680421cbc871453b4e2b025f572"
"5min_based/audit_hmm_state_architecture/first_night_domain_heatmap/first_night_final_domain_decision.csv","56246","67787c345653ec497ffaeacea3992aef4637145449adde507b1fcc1eb6538c71"
"5min_based/audit_hmm_state_architecture/first_night_domain_heatmap/first_night_group_sex_interaction_v2.csv","4467","7f242bcec3abca50b2cc98a7f486e6bb1241129553f0662544fba7787c837d9d"
"5min_based/audit_hmm_state_architecture/first_night_domain_heatmap/first_night_group_sex_interactions.csv","42679","5e8659aea274162cb55d126b2006dea769c887848b62fe1bcf63ce4052f1fbdf"
"5min_based/audit_hmm_state_architecture/first_night_domain_heatmap/first_night_group_sex_n.csv","6810","898ed7ea3f8c727374541a9ba5ec24df75a2d6ebc07c043e90c1eebac469c50c"
"5min_based/audit_hmm_state_architecture/first_night_domain_heatmap/first_night_heatmap_assertions.csv","3889","1fa6637cbee4c269c139ba795d4637c8145e5f567adc17f6d2d62f1a0285f7ce"
"5min_based/audit_hmm_state_architecture/first_night_domain_heatmap/first_night_heatmap_readme.md","10901","e2144615fc1774ab7540110b15fa090b4b87e804f5ac735c60ad3038ad520365"
"5min_based/audit_hmm_state_architecture/first_night_domain_heatmap/first_night_hmm_block_structure_qc.csv","956","c054b470c17aab9120f2cf87824fbfc826daabbf80f89ae810ce161aed9b16da"
"5min_based/audit_hmm_state_architecture/first_night_domain_heatmap/first_night_hmm_combz_association.csv","86504","de423251606980fa727e7573b66bdb6a91e2cf2d88bba6567e99d6efc715b677"
"5min_based/audit_hmm_state_architecture/first_night_domain_heatmap/first_night_hmm_component_animal_features.csv","73709","1a846b0b84247ba5da6108e4f0f2202e3073196886c9012acc7452f23fd79ed5"
"5min_based/audit_hmm_state_architecture/first_night_domain_heatmap/first_night_hmm_component_combz_association.csv","35467","bbc0aa0db74f58e81e1c9a567f17d3faade0e57c732727cab046c4b7f9c89131"
"5min_based/audit_hmm_state_architecture/first_night_domain_heatmap/first_night_hmm_component_features_v2.csv","44983","91e46f556f0010b96cae0f0937a49378ab5eb5d2767fcd620937b6e113a2e310"
"5min_based/audit_hmm_state_architecture/first_night_domain_heatmap/first_night_hmm_component_interactions.csv","12564","4c4f313a05fb59bae6229f7c6aaa917f493b3b46cd2348f473219fa5875292b9"
"5min_based/audit_hmm_state_architecture/first_night_domain_heatmap/first_night_hmm_component_locomotion_dominance.csv","5271","b05d4ba1a85f084e4f227e3788c2c359b520ac09f70f0d9963496882d907ea67"
"5min_based/audit_hmm_state_architecture/first_night_domain_heatmap/first_night_hmm_component_movement_adjustment.csv","55591","260ffeeb47e55af69f36989cdc553cab884935aaa4bc559107ae31a0b30491ae"
"5min_based/audit_hmm_state_architecture/first_night_domain_heatmap/first_night_hmm_component_resolution_sensitivity.csv","23441","deb8c912eafdc10019dd27faf8f2cfee0ff44354ac0200a548916fdd85011e77"
"5min_based/audit_hmm_state_architecture/first_night_domain_heatmap/first_night_hmm_component_results.csv","284159","f98ad8ecb412bc1aecb67e1d8944337f83fa213707f5c6b2c32307507973c6ef"
"5min_based/audit_hmm_state_architecture/first_night_domain_heatmap/first_night_hmm_coverage_missing_animals.csv","903","8143603d35adec00450bc81eeb207740d7961a815a387e88b6a689d25decdae4"
"5min_based/audit_hmm_state_architecture/first_night_domain_heatmap/first_night_hmm_coverage_v2.csv","928","ad0c7b00e6a00bd9ef03ea0329957054aed63291381eca9b24867e935b24c91a"
"5min_based/audit_hmm_state_architecture/first_night_domain_heatmap/first_night_hmm_cross_resolution_dwell.csv","271","f556e88070abc74b6810048f2278a8f0e683b164d8967f1772a8fe949b67cee6"
"5min_based/audit_hmm_state_architecture/first_night_domain_heatmap/first_night_hmm_first_block_features.csv","99722","e57fadf96d75ca4e70bdd7de4186e217ad5fc6a6f2c5407c1f7de24568c4f3b8"
"5min_based/audit_hmm_state_architecture/first_night_domain_heatmap/first_night_hmm_first_block_geometry.csv","18533","7e3a2a187a3bf5d5a614eea2d5880691af8d9fb4887c3f9f505f8a0885992db4"
"5min_based/audit_hmm_state_architecture/first_night_domain_heatmap/first_night_hmm_movement_adjustment.csv","128542","902fe91b35a4af138f3a07a73beb399f0512d0ba194edb6f9b42d0ad2e1e5a5c"
"5min_based/audit_hmm_state_architecture/first_night_domain_heatmap/first_night_hmm_production_reconciliation.csv","689","98dd2f2e5a2cc7e85aa7d2ced6a93ccab0d753879947f503e0743cfca4bc3e2c"
"5min_based/audit_hmm_state_architecture/first_night_domain_heatmap/first_night_hmm_state_semantics_v2.csv","1666","a7926060920e77389f23b9deb73f2a3caf5d605c68e88aeae03e64ceaa3560e3"
"5min_based/audit_hmm_state_architecture/first_night_domain_heatmap/first_night_hmm_state_semantics.csv","1536","8fba7c3617dc9e17e704c77f27dfc74ee11b081dea04bc5b42995d77c454e0db"
"5min_based/audit_hmm_state_architecture/first_night_domain_heatmap/first_night_hmm_state_space_semantics.csv","1670","9fcd27f6313b8241a0ab359edb001bf328edea28b49a3e70441c9a81dedab25c"
"5min_based/audit_hmm_state_architecture/first_night_domain_heatmap/first_night_hmm_window_equivalence_assertions.csv","655","830baacd70339793c95f4c8efaae3a9205477d72aa623547fe259ce80a6db76a"
"5min_based/audit_hmm_state_architecture/first_night_domain_heatmap/first_night_hmm_window_provenance_impurity.csv","6977","36688d75f070ccbaeb72d7cb42c6a799d2559325ee5380032658cc2fea32758f"
"5min_based/audit_hmm_state_architecture/first_night_domain_heatmap/first_night_leakage_assertions.csv","7657","693c33243192a11dd087c63fe1ad85fd175f31b35e6afa8924bc5faa19783690"
"5min_based/audit_hmm_state_architecture/first_night_domain_heatmap/first_night_locomotion_dominance_v2.csv","8265","2ca01545b92898a05317637eb7d5ffca4ccc6019d4a5e346401a8cda4921ba43"
"5min_based/audit_hmm_state_architecture/first_night_domain_heatmap/first_night_locomotion_dominance.csv","6961","f39e65b6bf701b69c78282cd82c849628ebad26cd07a1c48d2c97ede48ea49f3"
"5min_based/audit_hmm_state_architecture/first_night_domain_heatmap/first_night_multiplicity_sensitivity.csv","1592558","b7fbb29fc279d350a3824b58ed5722853477808f03732ec07add88df4a41cff7"
"5min_based/audit_hmm_state_architecture/first_night_domain_heatmap/first_night_raw_cc1_active_block_geometry.csv","8858","35c312e1d83fbdefa29b0359b157562a6bcde130ceee3072ea71ede6bf5520ca"
"5min_based/audit_hmm_state_architecture/first_night_domain_heatmap/first_night_raw_feature_missingness.csv","341","16128aee5c1dab35af054a329a2279a900361de9cf86b236838dfa66d866056e"
"5min_based/audit_hmm_state_architecture/first_night_domain_heatmap/first_night_raw_window_impurity.csv","8509","f428f5f5b181b7e4afc258536128f61c1f6864e0084b302fee0eafb219e2ab19"
"5min_based/audit_hmm_state_architecture/first_night_domain_heatmap/first_night_reconciliation_with_production.csv","7310","6745f8f21477217269145bd3f0aa09464cc888b64c82017e9302a961b85ef5fc"
"5min_based/audit_hmm_state_architecture/first_night_domain_heatmap/first_night_time_anchor_audit_long.csv","90715","9dd3ca0e5bf2f4bfe5e5d0d1b09a6b12056f134b9b20b3465b75b380900b67ca"
"5min_based/audit_hmm_state_architecture/first_night_domain_heatmap/first_night_time_anchor_audit.csv","43612","0edc98ece93d5a16fdd0e09e2ed6c30ca6fd2bb475abe9054a13047896829a7b"
"5min_based/audit_hmm_state_architecture/first_night_domain_heatmap/first_night_v1_countrule_vs_v2_clockwindow.csv","3368","b713a19a367475595a8b833df7bc4a6755be204d22f6bd007e244c9d2792fee8"
"5min_based/audit_hmm_state_architecture/first_night_domain_heatmap/first_night_volatility_formula_deviation.csv","564","0aec910ea1145dfcd2d1c1b9e3aef2a7b65c809a74d5edc3fe94d7f9bc585cfc"
"5min_based/audit_hmm_state_architecture/first_night_domain_heatmap/first_night_volatility_multiplicity_focus.csv","35838","ac05997c3e56bf46af4fbbd6247a73539743588304355b014b70ac076c5f4e3e"
"5min_based/audit_hmm_state_architecture/first_night_domain_heatmap/first_night_vs_all_cc1_active_assertions.csv","3653","3cfe9424032265dcf39ed7d3ab41ba86ca39a6cead28d0c2ef1c628cf3721a4e"
"5min_based/audit_hmm_state_architecture/first_night_domain_heatmap/first_night_vs_all_cc1_active_correlations.csv","17974","76015173a38a82208eb6ecadbe235fb5a16ed0dcb0f47a2edfd89fe7c9f2d571"
"5min_based/audit_hmm_state_architecture/first_night_domain_heatmap/first_night_vs_all_cc1_active_epoch_geometry.csv","22937","5c142bf5c5b2a004f418d11e5d90c2ef0532b7650483b065d3958d4c46cc8650"
"5min_based/audit_hmm_state_architecture/first_night_domain_heatmap/first_night_vs_all_cc1_active_sensitivity.csv","1032522","482c216cc874a062a01d35485696bb1e2742f9b61f754c2d9164a1d86512c4ab"
"5min_based/audit_hmm_state_architecture/first_night_domain_heatmap/first_night_vs_longitudinal_persistence.csv","2405","d4b11462eb026e7e68d34f4d01ba0a6b532314c5bdea79ca4f1c48eafe9d9141"
"5min_based/audit_hmm_state_architecture/first_night_domain_heatmap/first_night_vs_production_cc1_reconciliation.csv","95641","7a0c3125ab81aa66b9dadab66a914a268b0992801a354818f72f324d23614486"
"5min_based/audit_hmm_state_architecture/first_night_domain_heatmap/first_night_window_contract.csv","756","efa1696c87bae164747361dd28a0d9e13a7c8345d0ea9f3270a7787e3c06b139"
"5min_based/audit_hmm_state_architecture/first_night_domain_heatmap/stage09_downstream_consumer_audit.csv","1108","0d484f8a0e849e92af679ece9a3c4439eebb5d28d2e1e310cd8d7ccdcc661f17"
"5min_based/audit_hmm_state_architecture/first_night_domain_heatmap/stage09_stale_artifact_audit.csv","15971","762cce014579eff0e4fa068aaf6f3ceec366eab442d239b2f26c55d660efb0df"
"5min_based/audit_hmm_state_architecture/hmm_architecture_check_a_counts.csv","156","caa57797f537a023b8faeb04ea1cb2b7a48ab4c459cb8399c89a64d47792429d"
"5min_based/audit_hmm_state_architecture/hmm_architecture_check_b_composite_reproduction.csv","260","4c2d3da33cb2c4471614687f7ab5559042127cb87c456f66683fcb0d9e91023a"
"5min_based/audit_hmm_state_architecture/hmm_architecture_check_b2_vs_shipped_artifact.csv","299","42fa749854933ee68cf785da16efcee36a39ab5a0ae222c58644c60fd3252e1b"
"5min_based/audit_hmm_state_architecture/hmm_architecture_check_c_social_zero.csv","150","4523354554ad9a5e308cf405f73c0a23b5938422785b3c35d9ce707afd7ed138"
"5min_based/audit_hmm_state_architecture/hmm_architecture_check_d_complementarity.csv","116","03179afdd260fc7df8d1590599b5cd9290d81573a24152ada1c3d2b59366b241"
"5min_based/audit_hmm_state_architecture/hmm_architecture_check_e_geometric_dwell.csv","313","ba7a294813f238e8ff3febc3c0ec24e614d20b2a3b5eb2115c3d1fdb78160547"
"5min_based/audit_hmm_state_architecture/hmm_architecture_check_e2_geometric_dwell_per_state.csv","318","2df95535d9c3cd41888ad2ac3d2acd2f76d141324108061bc1b66df61ea5025b"
"5min_based/audit_hmm_state_architecture/hmm_architecture_check_e3_degenerate_epochs.csv","493","20f7f1fdc82889788f0f244a623a98800736fb74461e01e6ebcbdccc26ba38eb"
"5min_based/audit_hmm_state_architecture/hmm_architecture_check_f_entropy_ranges.csv","777","91b3420c0284d394b2ea9618873bd48a2d28d246c5676e4c8b1f4a7e34777c8f"
"5min_based/audit_hmm_state_architecture/hmm_architecture_check_f_estimator_identities.csv","279","aed1e32c82e7ccf83528aff64528a6cb7e71ef41df529920c0cdf1a317656c92"
"5min_based/audit_hmm_state_architecture/hmm_architecture_check_g_length_dependence.csv","526","63bb34087d7118700b8e7ccacb96f5a830a460b537959e25e0171cfc96d85e48"
"5min_based/audit_hmm_state_architecture/hmm_architecture_check_g2_length_dependence_by_phase.csv","324","abac1562b1c35b86f80eb32d250699542f59909cf9f1ea4af8875da5dddbfb50"
"5min_based/audit_hmm_state_architecture/hmm_architecture_check_g3_short_vs_standard_entropy.csv","1030","216ba4f01b7b8fc79bef2dcf0f6f0a47c034c58558476c5cb73caac130784d37"
"5min_based/audit_hmm_state_architecture/hmm_architecture_check_g4_short_vs_standard_hedges_g.csv","404","b07cce0fe7867e4addbdb8ccce172ca979a89da3371a4cbdfd9b34955dfcd0f8"
"5min_based/audit_hmm_state_architecture/hmm_architecture_check_g4c_length_dependence_standard_epochs.csv","379","c79da7757954a7e7ff7f3fb93110d74f0bc91b267bd81b234b3eb712e1a8c727"
"5min_based/audit_hmm_state_architecture/hmm_architecture_check_g5_exact_redundancy.csv","718","70cb0b2768b7990bc9fdb14f5e711fb23853512bdcffd9a36d20a114f6e7117b"
"5min_based/audit_hmm_state_architecture/hmm_architecture_check_h_bin_size_dependence.csv","535","39c9f8b539895a2d05de5cb6ba04da371e5d2369ff32f386ee2da7cd492f3157"
"5min_based/audit_hmm_state_architecture/hmm_architecture_check_i_duration_and_completeness.csv","519","9b4f98db3d244fadc0f1b31d17a94aeed5d834ac7a1d2118dcca151c46602084"
"5min_based/audit_hmm_state_architecture/hmm_architecture_check_j_read_density_pooled.csv","853","4bbb5cc38027f9b253e13ec67e535e783c3c6c158b8a698cf2789169ac747ebd"
"5min_based/audit_hmm_state_architecture/hmm_architecture_check_j2_read_density_within_context.csv","2314","6b1a13b63e468d26210e9d2e99086b470982cac4a1ac73c4ce8bf80fa399724c"
"5min_based/audit_hmm_state_architecture/hmm_architecture_check_j3_read_density_animal_level.csv","628","f2b3479a82358e9050db07c22503bac9568c7f75e481c6278915075ea7c09e26"
"5min_based/audit_hmm_state_architecture/hmm_architecture_check_j4_read_density_by_group.csv","2643","3f2855fca1bf29380a7b592ac50eb7cd63fa0b77ff914d9120ab182129d8dbc5"
"5min_based/audit_hmm_state_architecture/hmm_architecture_check_j5_active_dropout_epochs.csv","2453","d1d9376572aca8b6a531a152b7d1017f8411dbd28b269e1dff12713ec0b26ffa"
"5min_based/audit_hmm_state_architecture/hmm_architecture_check_k_model_sensitivity.csv","88542","d7ce6f4cb25bd531d03e078aebd70bf82d7ecdb67a2fbdf27abf52e1fb67f899"
"5min_based/audit_hmm_state_architecture/hmm_architecture_check_k2_covariate_sensitivity.csv","6345","f4a7f19a622469ec90b4870ed6a1d97b8afbd5fae434f2f5e91b487b92f4018d"
"5min_based/audit_hmm_state_architecture/hmm_architecture_check_l1_length_design_collinearity.csv","425","c1f00c109c99457d70b423c31feae4d314d86b26d92f525ab5c3f96adf44ff57"
"5min_based/audit_hmm_state_architecture/hmm_architecture_check_l2_subsampling_length_bias.csv","965","0972ab182245246556e86859b89b1ee9172e64fb42b7cd04667646bc99b301ca"
"5min_based/audit_hmm_state_architecture/hmm_architecture_check_l3_group_differences_transition_entropy.csv","598","16f2d71e7fd0458c01fd3c21ecba826b3841ceeee803a7646efee18666bc8d79"
"5min_based/audit_hmm_state_architecture/hmm_architecture_check_m_temporal_contiguity.csv","1020","e2fe24743adebe7b3ad1dcb7a5a547da363f52dbe73d335d53d376c1a1e25826"
"5min_based/audit_hmm_state_architecture/hmm_architecture_component_correlations.csv","658290","a6810ac833100152ccea2be04277684617eea9bc977e29d97f1867fd200c2fb6"
"5min_based/audit_hmm_state_architecture/hmm_architecture_component_coupling.csv","7095","e9430808ac7a7ddc8d0d27e3c2c91ac13bafe1e9c8d873027cef8607708d8634"
"5min_based/audit_hmm_state_architecture/hmm_architecture_component_descriptives.csv","8242","bcd603588a8da41118f307e240791bc0a701de5603059b9d6c999a1f1d838151"
"5min_based/audit_hmm_state_architecture/hmm_architecture_component_distributions.csv","27182","8a0658801a1f09e541f6525f0e359d398e27742914cc1fb0b283a69f8e6cb39b"
"5min_based/audit_hmm_state_architecture/hmm_architecture_component_epoch_metrics.csv","1995517","c6c4745af4c5e7d0a67307211cbc92ff7e6bd3b9b7f737eb4d9b2a84137cee43"
"5min_based/audit_hmm_state_architecture/hmm_architecture_component_interactions.csv","50595","0a32c7eb5ae307432271c8759580e8bd4163fb8bf466593607bd313c71b26ffd"
"5min_based/audit_hmm_state_architecture/hmm_architecture_component_leaveout_sensitivity.csv","109580","7e2b9300c43467e1ed044b582489c33d3e84b8f3adc133f663b549e9f59780d6"
"5min_based/audit_hmm_state_architecture/hmm_architecture_component_pca.csv","24614","20292308dbe40ddde72681ac772832669f7cacd6efa2d1ef9825b0cee0b9bd93"
"5min_based/audit_hmm_state_architecture/hmm_architecture_component_rankings.csv","7207","7a903dd64f1f4b3a92c12b0e23b40ee3ed56b580ddd2c80e46368d94a98b810d"
"5min_based/audit_hmm_state_architecture/hmm_architecture_component_redundancy_mirror_check.csv","2200","9969b791f0a61f5f80041e372a54574a1fd8ee8350a51654166e4a5f4dba9e9d"
"5min_based/audit_hmm_state_architecture/hmm_architecture_component_results.csv","739264","61fe930f2a7924252ec6c7052ef23c6bc68ec49feed555e9d1629e98dac9164d"
"5min_based/audit_hmm_state_architecture/hmm_architecture_component_scale_artefacts.csv","10055","5907bcf77164387de1c7670f7afd40b32fb854ce9260a52b3b54b29666e7feb6"
"5min_based/audit_hmm_state_architecture/hmm_architecture_component_spearman_correlations.csv","5405","5c889e260a1f7caad436f251d4a21ae116530c429308cc143770ba440ff7a961"
"5min_based/audit_hmm_state_architecture/hmm_architecture_composite_additive_decomposition.csv","6065","9e5c0a99b8fed6a83bc6c56874d6993d4cf65670cfe71d15ccbed1748e217bf0"
"5min_based/audit_hmm_state_architecture/hmm_architecture_composite_loading.csv","513","42697e0082588599cf2b443a03918a31040d54b89540dfc364ab9a44ed0f9dec"
"5min_based/audit_hmm_state_architecture/hmm_architecture_construct_agreement.csv","8394","bbb2b998fdabfbb70a787a3008092951da29408f4008de6d2cb20b44de877531"
"5min_based/audit_hmm_state_architecture/hmm_architecture_construct_comparison_structural.csv","22910","e157d97b924511783df428e768ad1595ab6c77a5bc5dc9f5debd9b57c2c22df8"
"5min_based/audit_hmm_state_architecture/hmm_architecture_construct_comparison_summary.md","9322","a324e7c7f929c626d44cb64182030911759e5e4f3bc86deae300cad31bdba4be"
"5min_based/audit_hmm_state_architecture/hmm_architecture_construct_comparison.csv","251237","ab738d5907f56fff3c812d7bdda8c5c327b1fbfb1d46cf399a25dacbfa1d83bd"
"5min_based/audit_hmm_state_architecture/hmm_architecture_gap_aware_contrasts.csv","53101","73be4a1060178d7eb1b92180d04641d3400c0798dec1b446ed56385e8b1f9d27"
"5min_based/audit_hmm_state_architecture/hmm_architecture_identifiability_probe.csv","2144","1fcc6fba09e5746452261a0e65e5134422ca09dc0dd768c97c9def33dc37a1b6"
"5min_based/audit_hmm_state_architecture/hmm_architecture_identity_audit_summary.csv","980","38a7d94bd91da366d5d8715d93131cf142f2b61725444ccebb281f097b3d925c"
"5min_based/audit_hmm_state_architecture/hmm_architecture_inactive_burst_complement.csv","279","c7640678081cb3c41787594345ade4ff9f8eaa084e2f09fc114244cbc20ee38b"
"5min_based/audit_hmm_state_architecture/hmm_architecture_locomotion_dominance_by_metric.csv","2182","2b30d7c896e032a0391aa86f389c7975b870b209958caa2ba2c8cf9da1a66ccf"
"5min_based/audit_hmm_state_architecture/hmm_architecture_longitudinal_cell_counts.csv","25979","401be9a8dce346f2070cf3f5d37ea48b4487eade05de8f4967c09140276fb3ba"
"5min_based/audit_hmm_state_architecture/hmm_architecture_longitudinal_crosscheck_interaction_vs_lm.csv","230914","404806435e240a84c71f9aad7b4a05cbdecbabfed0c87c4be5694ca25f20781a"
"5min_based/audit_hmm_state_architecture/hmm_architecture_longitudinal_crosscheck_summary.csv","6806","75e2a17a5ed0c190710eef786c6d743d0c1fc7cad1fd28736b5b2c76d2d92ec4"
"5min_based/audit_hmm_state_architecture/hmm_architecture_longitudinal_model_diagnostics.csv","4998","821b12192d4568020e5672770fac818b73698b41a8008b4dad741c8c3b3f36f3"
"5min_based/audit_hmm_state_architecture/hmm_architecture_longitudinal_omnibus_tests.csv","292455","fe176134038bf3e607eb3e42fd4ce8294f8b5b3d56ea36f120d7fb1ab16e6c73"
"5min_based/audit_hmm_state_architecture/hmm_architecture_longitudinal_results.csv","4008680","a3a41d4620162ae03ab88e5830f0b16abe24844526ddd0c980a860dc0bed588d"
"5min_based/audit_hmm_state_architecture/hmm_architecture_naive_formula_weights.csv","1650","61ec0068f0b9892216a67c26e8fc4a081db7fb930f51676b7ede5f6dcc9d318b"
"5min_based/audit_hmm_state_architecture/hmm_architecture_occupied_state_distribution.csv","171","c02fe64ac36ec43acb3ede541e2724e9192c3c676559d91d16f26d97a352882c"
"5min_based/audit_hmm_state_architecture/hmm_architecture_partition_robustness_contrasts.csv","140102","bad91086682d7658ee2e56c0bfd00fee24c8d70c3bc1655813982e877e71295d"
"5min_based/audit_hmm_state_architecture/hmm_architecture_per_state_occupancy_contrasts.csv","56592","b77e59d88b62cb48ec60f7e08a7277dab1534fdd7960bfbd10a6a5484adbf8f6"
"5min_based/audit_hmm_state_architecture/hmm_architecture_proposed_construct_contrasts.csv","145800","755e40cd238ac774a87874ea3cf49a8324b7c326100cf5da8bdc5a496f4added"
"5min_based/audit_hmm_state_architecture/hmm_architecture_proposed_construct_definition.csv","7147","9f8cbb3a9d7643762e47f3f7326313b6d7d7624d91ce6b466074cb18944a758f"
"5min_based/audit_hmm_state_architecture/hmm_architecture_proposed_construct_readdensity_sensitivity.csv","17813","0ef564f9582d2310daf227e1d1764a0b4981ab9259d4d252ad99d32a96d01db5"
"5min_based/audit_hmm_state_architecture/hmm_architecture_qc_leaveout_sensitivity.csv","105576","7463a54df90895dcc3e4d0b3f671d3c4c7a96f8072e92df0ef96a47d35e7f95e"
"5min_based/audit_hmm_state_architecture/hmm_architecture_redundancy_identity_audit.csv","335","4a4c9d54efd1a0edd8cb1c8a034d115b1d4406941642200e2b246e7669df129d"
"5min_based/audit_hmm_state_architecture/hmm_architecture_state_label_report.csv","2175","99d4892f936712df74386cf5e651cdc030378a44c7d1bdd7b32242768ae7c790"
"5min_based/audit_hmm_state_architecture/hmm_architecture_temporal_component_contrasts.csv","62256","8ba88841f5012ad598d61119be9b9db7da5dea09f318b21acf0f6be100e3789f"
"5min_based/audit_hmm_state_architecture/hmm_architecture_temporal_epoch_metrics.csv","286592","7cda68a5b483dd5319a8a8e8938956cb21dd506f110aafada2f1b52f84bc9c35"
"5min_based/audit_hmm_state_architecture/hmm_cross_optimum_gapaware_claim_verdicts.csv","2283","221df73f2d18166fb4f47c68ee5409588e183aa4069ac68f4d4451ae4c48f3fa"
"5min_based/audit_hmm_state_architecture/hmm_cross_optimum_gapaware_contrasts.csv","135571","bde9f6ab3c88323fc6597a4b78ac4f57dd420f0f4e1a67d78cff929089a81fe7"
"5min_based/audit_hmm_state_architecture/hmm_cross_optimum_gapaware_sign_stability.csv","1830","6fbca32e64ff1e5fbad662d8a4fd808e19d6c783e6d95a3e6a3b36452c6adcae"
"5min_based/audit_hmm_state_architecture/hmm_cross_optimum_gapaware_state_profiles.csv","2091","d88d88c4f0835ab5af2c6067266590d4c7224a4f1631185491418443e9e82fbd"
"5min_based/audit_hmm_state_architecture/hmm_state_binlevel_profile_audit.csv","25546","85c9af678c9672ac58cce4c1e71f21157f0a5ad90990822ad60a67e20077674f"
"5min_based/audit_hmm_state_architecture/hmm_state_emission_degeneracy_audit.csv","7610","c0df3dd118e8301d7c2b942103870ac5344ff113e75eba3cd8c24db8dad77d62"
"5min_based/audit_hmm_state_architecture/hmm_state_multidimensional_profile_audit.csv","12561","dbf76d7b5b39fb9cda7c9585c71f508f6c6978d40e0d13d3824f7adb00ac71cc"
"5min_based/audit_hmm_state_architecture/phase_bug_impact_counterfactual.csv","1554","981635d5b9c0c28f051061ec928d526e0438a9c85f2eb39364ba998e99c7d988"
"5min_based/audit_hmm_state_architecture/phaseA_issue1_formula_preservation.csv","598","20033e85c735b3f04a21eca578bc679e8dcb27d1f1b8ca2beefb3880f17d08a4"
"5min_based/audit_hmm_state_architecture/phaseA_issue2_dwell_units.csv","1255","c1401862bd0e085d558b658054051fad45b17c301f02f7b09bf175a3f1ff2614"
"5min_based/audit_hmm_state_architecture/phaseA_issue3_topproximity_partition_contrasts.csv","63401","76bedaecaa6080e049a25ede82ce328b8cfd271d20ddf9d037d41369817f5aa6"
"5min_based/audit_hmm_state_architecture/phaseA_issue3_topproximity_state_profiles.csv","2490","c547c2682913476faa41388fb962fd868ce4e2ded23b9a2cfade9a13214cf831"
"5min_based/audit_hmm_state_architecture/phaseA_issue4_gapaware_contrast_comparison.csv","39660","83d051eb6a677bb990bd0af2e0cd3efb8d760c60c4165b6243d46bae02d1d254"
"5min_based/audit_hmm_state_architecture/phaseA_issue5_qc_population_ladder.csv","913","3b70c923ec4c9a94b1a3418cb77e068a0e5452c2c2b427c4b8b62e70aca29bfb"
"5min_based/audit_hmm_state_architecture/step6_longitudinal_gapaware_contrasts.csv","53145","162d72fe91b9563dbd588f9a87cc087ea82fdf2dd888273ac0880593817a76bd"
"5min_based/audit_inactive_phase_qc/inactive_qc_epoch_evidence.csv","189863","802f67e9d032badcbf81741b173fd0a2d0928fbec0fcbdab8ebf2a8406cd4ec1"
"5min_based/audit_inactive_phase_qc/inactive_qc_proposed_specification.csv","2265","9a40f741ec1e76ee52354cdf056aa5bc913fe1b074a2a7f6123d2e8a2112881f"
"5min_based/audit_inactive_phase_qc/inactive_qc_threshold_calibration.csv","126","9c35e921b496c398d676a26f00d45ad9184e8fa9b0b9544dc7b08710ce1b2dc4"
"5min_based/audit_rfid_alternative_inference/1_reliability_attenuation_ceiling.csv","1154","375cdadff44d835df40405f163d7035ea1bba897b72920f7683af9e983685d18"
"5min_based/audit_rfid_alternative_inference/1b_disattenuated_effects.csv","3764","7c2b39815f0c5e36797c197eaa66122311f4b71ae34a2e31309ef61f69d76d5c"
"5min_based/audit_rfid_alternative_inference/2a_permutation_between_cage.csv","751","3b194b5971d2019dce765df4e5e3c416735f927680b5569321d34834d4527ccd"
"5min_based/audit_rfid_alternative_inference/2b_permutation_within_cage.csv","741","9872c3f6581ea4b2edbed273f7819f17078c449d03d48108979d1308d323224c"
"5min_based/audit_rfid_alternative_inference/2c_wild_cluster_bootstrap.csv","684","3a375fb8afc81981271e205e7c2b9d8eb2886c7a251990a47452c85621b957c0"
"5min_based/audit_rfid_alternative_inference/3a_within_block_fixed_cage_estimator.csv","1939","ffc889d3d221ddfe9b7b61c2ff44fa219667bd6479bfa8f5d3b1c8106930ff5f"
"5min_based/audit_rfid_alternative_inference/3b_batch_fixed_vs_random.csv","1430","cefe027fb32be5765353a7c1a51b1e3e2ff47001c3efcf26b356c5bf5f61916f"
"5min_based/audit_rfid_alternative_inference/3c_extreme_group_split.csv","4498","07fe641323bef1766f80ffa3f3d18bf596b7985cba7c2ed71e539d49c8a64b63"
"5min_based/audit_rfid_alternative_inference/4_multiplicity_binding_or_not.csv","1542","1eb9bddb143f935efbeb201d6e742c270893c2847b3159b5268f2b2ea69c6c82"
"5min_based/audit_rfid_alternative_inference/VERDICT.csv","2575","21ac4a03f79a26f5478b2b2a2859d2d42134955a2cf7266cdb5a938549c4600d"
"5min_based/audit_rfid_conservatism/A_adjustment_cost.csv","19253","af1e36d14505e3a5019ee628ec7ca97b5faeb942039c073949b501dea977f31e"
"5min_based/audit_rfid_conservatism/B_random_effect_warrant.csv","2059","f510ba4d7b281b6108e7ecc33be937a89ed0ab95bcc64b736757ad31d8519887"
"5min_based/audit_rfid_conservatism/C_distribution_and_robustness.csv","2076","0900efe613378fc02172c81462b33dce3eaf002a0bc9ad0433ab08b1c2ffbfbe"
"5min_based/audit_rfid_conservatism/D_prognostic_covariate_gain.csv","662","2d2cab47fdc052c3e36dd2868aea27b548b1d63efa4af0ccdf7b97dd01635f09"
"5min_based/audit_rfid_conservatism/E_ancova_vs_change_score.csv","4623","a531110082f30255a590ea944a11d4a96addbb6af60f46da31e8eee47eeb7f9c"
"5min_based/audit_rfid_conservatism/F_dispersion_estimand.csv","2897","0ceaa9e33a3b6ee0c7dcaba4b50a112ec654a94e03799dae6ff1fd994c99dffb"
"5min_based/audit_rfid_conservatism/G_temporal_localisation.csv","27080","444a7e41605c866032024ec292ec8b499c29e82dc8e583bc120d5146f0d71585"
"5min_based/audit_rfid_conservatism/H_multivariate_omnibus.csv","448","ffbf4e35ada9570f6924a0fdb5c9690e31e30d549f7f127553a38b0f7fe04e14"
"5min_based/audit_rfid_conservatism/I_multiplicity_cost.csv","4112","cc3d69c90ac490c5b3bbaa468655159186e1d0769d626a912df556408a279c7c"
"5min_based/audit_rfid_conservatism/J_continuous_vs_thresholded_outcome.csv","1564","6eef94ca2320f0ed3d417d668bafcf7e9ac2f8c51b322fff596e0a86d9d9a9f9"
"5min_based/audit_rfid_conservatism/VERDICT.csv","3983","97f00bb5a143a2064c70e50e8fcd343cf2d76bdd3a54e70a452cf8eb516a71fa"
"5min_based/audit_rfid_domain_construct_blind/algebraic_overlap.csv","652","75fa09eafb7e0575751f2f9a9b6024668cfa0d6c82d754c0b27cb8d77741b66c"
"5min_based/audit_rfid_domain_construct_blind/cross_resolution_score_stability.csv","1437","7f1f631bdf17cafefeee874fed6583d0764c190cc497a2d165b811045c1a8283"
"5min_based/audit_rfid_domain_construct_blind/domain_coefficient_matrix.csv","392","c8b6baac09745b9b80e7038d5e8afd4a695f2178bc10db1a004dec308defbd80"
"5min_based/audit_rfid_domain_construct_blind/empirical_redundancy_matrix.csv","5029","00d61e35faf03320c17090e3a84f931ac9181bda3bc9e50fb7b99aaa83af608c"
"5min_based/audit_rfid_domain_construct_blind/extreme_value_and_influence.csv","3096","b7f9abe89669d352f73b5ba7207771e93b504e7c7c892d52d3dcec663e80af5f"
"5min_based/audit_rfid_domain_construct_blind/flags.csv","541","feff6d9d66c29f1a49afe5fc6ab0c080735753b86c571d0e8295212cac4fcef1"
"5min_based/audit_rfid_domain_construct_blind/locomotion_dominance_and_variance.csv","3630","d388ec3434a7eb7c062edf1b76b22ffc2f66084451ba78d741eb5947d3fe8f55"
"5min_based/audit_rfid_domain_construct_blind/missing_contributor_frequency.csv","1177","7461e6c2d79abfeb15c4941bded53d100a182d13a0b90fa7eb9c33066e1b3d32"
"5min_based/audit_rfid_domain_construct_blind/unscored_animals.csv","1227","619c7d88f1c3ab80150f865b61a64f59892c3ca7f415aa1b64b951b6b744a406"
"5min_based/audit_rfid_domain_construct_blind/verdict.csv","890","0b37e686cc482b13ec0608fd46b8f08e3fa49b207b0109577ec03cc8369f02b1"
"5min_based/audit_rfid_domain_construct_blind/weighting_sensitivity.csv","5827","5dc50cbc2606679efcd7ffdd19d354e2c499033941675f2e42bdffaceb9f59e1"
"5min_based/audit_rfid_leading_bin_seed/burden_change_by_group.csv","899","51accae248f3f95caaa8695bcf5f903bc2467fd6a44620afb570b35a02e7b597"
"5min_based/audit_rfid_leading_bin_seed/domain_scores_by_trim_variant.csv","581152","e2b6584de3f2c411cc51bd6fc55df32ebe120dbdb089a2827806d2b393b048dc"
"5min_based/audit_rfid_leading_bin_seed/group_omnibus_by_trim_variant_wide.csv","2327","3228035a2daaf521899b58aa0d88fc08c311747b615f0eb170cf15f04a3b7aab"
"5min_based/audit_rfid_leading_bin_seed/group_omnibus_by_trim_variant.csv","16796","6cccc419f56607120529f53937f9f53fe259d12655c4b960fc54095ebdc450fb"
"5min_based/audit_rfid_leading_bin_seed/leading_zero_burden_by_cagechange.csv","1239","664643b802d786bdb41600a942a10c4bde9dc03d3961c8724fc4914f1daebb2e"
"5min_based/audit_rfid_leading_bin_seed/leading_zero_burden_by_group.csv","166","48873a148c940fd6ccfbcde4080c130e879fdf48e9a7d122070072a688dd8882"
"5min_based/audit_rfid_leading_bin_seed/leading_zero_burden_by_sex.csv","111","fea9239faf0428fe5d82fab84f42a52c70873a93ed8d2cf50fb66dacb9e3f68e"
"5min_based/audit_rfid_leading_bin_seed/leading_zero_burden_group_test.csv","328","b2e855e3d323010cb98168f7a2d377ec1e5aefb622ae8d6c1917cf8e1be63e78"
"5min_based/audit_rfid_leading_bin_seed/leading_zero_by_animal_and_cagechange.csv","12325","9ea1b808ed4485d9f56267dbe25089cc32c7534a2d2689bb653f49262dececac"
"5min_based/audit_rfid_leading_bin_seed/leading_zero_entropy_by_animal.csv","7228","1e0cc4473076c20cd5520e1fd9308e46884b36b07e00431160a01622a282da1b"
"5min_based/audit_rfid_leading_bin_seed/score_agreement_vs_trim.csv","1494","de0f89a715e3e15466a5949f4a2a233d5a8b2c5a0ff6f41f28a8b778e5b8a915"
"5min_based/audit_rfid_leading_bin_seed/verdict.csv","600","16a0b7143c98ba12c85a076595eeb5c0a51da39c84be0720b05a1b62f072ca66"
"5min_based/audit_rfid_legacy_vs_new/contrast_level_old_vs_new.csv","26283","d38c1028595f6f249669223b5be059288f2bff788f85f21736d49ee1b3eba5c1"
"5min_based/audit_rfid_legacy_vs_new/domain_crosswalk.csv","4698","fd0d48cea1f79bf28bd56a8d6cd045b9b17d3a146a80cbbe6b67f96e327176bc"
"5min_based/audit_rfid_legacy_vs_new/headline_summary.csv","434","14e530d8efcae7bd2da01a1f73ba6d4ee968e1b53f55ad2c82b5fc471324db6e"
"5min_based/audit_rfid_legacy_vs_new/interaction_family_old_vs_new.csv","1731","510605dc30794484b639f541bae1450e697024d1ff075d66921da825453393e1"
"5min_based/audit_rfid_reliability_improvement/1_split_half_internal_consistency.csv","18619","81fa90c2876f79b2f73d5267d8fea58d033466801a7a0803227623b6ee23accc"
"5min_based/audit_rfid_reliability_improvement/2_reliability_vs_stability_decomposition.csv","2075","45cbd82513a2beff3c85635f99eb03c78b2048e1c23bfba9de3f650e25f85135"
"5min_based/audit_rfid_reliability_improvement/3_contributor_reliability.csv","2691","d74561104154fd3416d659c60ea53dea812320a5efd70d4d38d6eab34bec4666"
"5min_based/audit_rfid_reliability_improvement/4_reliability_weighted_composite.csv","1505","ff15f5a7a886b116fbe8ffe62cc49b2a545b1c7cbb03c864bbdd9ca5a6113500"
"5min_based/audit_rfid_reliability_improvement/5_averaging_occasions_power.csv","4511","baf4539e3ceabbd8da87c79df5763a9a6490ee1422763dafb42bd3b32c940613"
"5min_based/audit_rfid_reliability_improvement/6_design_requirements.csv","2312","e6b6a2df4a10e34e6f554f34aa98d95a9533935e8855f79f210f6127523e7b67"
"5min_based/audit_rfid_reliability_improvement/VERDICT.csv","2129","40b4e9391be994a00bbcb5d29cb59fc3320398dea00bfd5bb221878fc56e6f25"
"5min_based/figures/exploratory/README.txt","330","7c55015964e5c3d731055c51390e0cce86dc97a263317edcab388117e11eda54"
"5min_based/figures/Fig_integrated_systems_dashboard.pdf","72532","8d43cf620641575c136425a6e7f43aa297a2270b0a950dd0151c5ba90b8a1308"
"5min_based/figures/Fig_integrated_systems_dashboard.png","2956641","8fcf0e00d2fcf7880db83bfb380ddab14c7df31e76448282410d4ae75bfb7c98"
"5min_based/figures/Fig_integrated_systems_dashboard.svg","193895","a10585ed45a18394996dc77193c8fe173d745c03944347efe54cd747e0724422"
"5min_based/figures/interactive/README.txt","312","7b9628088e3ae37e8763c1c5222d0fb0d5d793bfa4f23d673257fa2c4e3e58f7"
"5min_based/figures/interactive/systems_named_biological_scores_files/crosstalk-1.2.2/css/crosstalk.min.css","1306","47bfd8c2b16c29c0c5d03656963e26730f7c566f8f7ea9dd4448bbaaca09ca0d"
"5min_based/figures/interactive/systems_named_biological_scores_files/crosstalk-1.2.2/js/crosstalk.js","49030","6640e1c8218f1f8479ac6fab11b07362e48e82c739ef1f167bb9a504756e169a"
"5min_based/figures/interactive/systems_named_biological_scores_files/crosstalk-1.2.2/js/crosstalk.js.map","54853","e042433b718cb57864be57b6e912cfdfff37e75f0be9d6d27ea91460c964b7cc"
"5min_based/figures/interactive/systems_named_biological_scores_files/crosstalk-1.2.2/js/crosstalk.min.js","18925","abd7f07e2e8acbe5ba7aa3dc76712efaece662fb65560fbbcb3e8fb1df66b2e9"
"5min_based/figures/interactive/systems_named_biological_scores_files/crosstalk-1.2.2/js/crosstalk.min.js.map","50338","5ffcb3703b9f002b255ef30d30a0521c08e5c5894c53b8726da6502654a1063a"
"5min_based/figures/interactive/systems_named_biological_scores_files/crosstalk-1.2.2/scss/crosstalk.scss","1816","a2a4d7222509d20ef1ee56291714feceb25fee06e666f37af8e61dc35986d9cd"
"5min_based/figures/interactive/systems_named_biological_scores_files/htmltools-fill-0.5.9/fill.css","585","0f41825dd6d8bb9923f39a10cd5de929daf009243c64e3e30fc008e45b8c3325"
"5min_based/figures/interactive/systems_named_biological_scores_files/htmlwidgets-1.6.4/htmlwidgets.js","33190","4578d2a0732228ac3381eb2b3dfd81d30dc1d8000beb96a1b20e4f2088b2b9a4"
"5min_based/figures/interactive/systems_named_biological_scores_files/jquery-3.5.1/jquery-AUTHORS.txt","13369","2e30eead6100c8d506d8606bf67d11713807a179bdca57a9e49974df5eaadbf4"
"5min_based/figures/interactive/systems_named_biological_scores_files/jquery-3.5.1/jquery.js","287630","416a3b2c3bf16d64f6b5b6d0f7b079df2267614dd6847fc2f3271b4409233c37"
"5min_based/figures/interactive/systems_named_biological_scores_files/jquery-3.5.1/jquery.min.js","89476","f7f6a5894f1d19ddad6fa392b2ece2c5e578cbf7da4ea805b6885eb6985b6e3d"
"5min_based/figures/interactive/systems_named_biological_scores_files/jquery-3.5.1/jquery.min.map","137986","511d6f6d3e7acec78cd2505f04282b6e01329b4c24931f39d91739d0d1ddeef8"
"5min_based/figures/interactive/systems_named_biological_scores_files/plotly-binding-4.12.0/plotly.js","33758","56288752cfa1613e53ced81ac2769ba23674feebf32cbd171ff5f22a747077e9"
"5min_based/figures/interactive/systems_named_biological_scores_files/plotly-htmlwidgets-css-2.25.2/plotly-htmlwidgets.css","173","44356da5c42f304af74d60ee75225f216d5241f353f07fdef30c99536e103d9b"
"5min_based/figures/interactive/systems_named_biological_scores_files/plotly-main-2.25.2/plotly-latest.min.js","3575010","419deebe105f4c993feb7e6d1fe94fb1c2f7f98716db5d9b8fe3e37773838898"
"5min_based/figures/interactive/systems_named_biological_scores_files/typedarray-0.1/typedarray.min.js","22444","d95dda2a9a0ac6d74f2a473074b9d613b5a43a83b1dbc8590c247d9da1e22b3b"
"5min_based/figures/interactive/systems_named_biological_scores.html","185586","ff98fefdea69ba07546af3b15aff8ebebc557030f47c699fd8ad3b5473c55903"
"5min_based/figures/publication_panels/Fig_early_active_adaptation_architecture.pdf","40479","609051ddfabf0f552c4de4fb0b055ab1d5273b77983b76be6806a5c6a4bd5158"
"5min_based/figures/publication_panels/Fig_early_active_adaptation_architecture.png","181823","a5f30b4c5fdcd786353aa65984febe03e7aeab581b58d52bb56cea8e65a4980a"
"5min_based/figures/publication_panels/Fig_early_active_adaptation_architecture.svg","24690","9a88c5414e5e0606e2a5df5584910a5c92b563b9c63973f012849defe61b1ea2"
"5min_based/figures/publication_panels/Fig_ethological_phase_transition_structure.pdf","35342","6f8d3807623d023aeb6fd3b1e7d987ce1f7fd7ba6967149f522f9ca8a79222b0"
"5min_based/figures/publication_panels/Fig_ethological_phase_transition_structure.png","105068","20d1dd87279813774d69ef551a9c49f2352915d1d174139688a2d7775b3d15a5"
"5min_based/figures/publication_panels/Fig_ethological_phase_transition_structure.svg","8840","16fadc5ec932e4be839dbdbf228d8d684c39a1b185da113eea92f2e42f269444"
"5min_based/figures/publication_panels/Fig_first_active_entropy_acf1_or_instability.pdf","103436","bf1dbd960cf734ea549538213024cf1334ca9bd4979bb78b5471ba026ec73088"
"5min_based/figures/publication_panels/Fig_first_active_entropy_acf1_or_instability.png","3322409","eec10521bdd204125270e4b7774a3289767aa0f264425d4e00efe4c7d01ac71b"
"5min_based/figures/publication_panels/Fig_first_active_entropy_acf1_or_instability.svg","308632","f4ca5e16856d931234e474d79305ce7955ccc52071d54f66da2ee463e42d5b1b"
"5min_based/figures/publication_panels/Fig_first_active_movement_trajectory_by_group_sex.pdf","82799","87a085fb701a64274a5c72906c0f2f48542b5f4977725ae97eea456975f5ab7e"
"5min_based/figures/publication_panels/Fig_first_active_movement_trajectory_by_group_sex.png","1811242","9b8ed1c8382031b9a2c3de7c2a7c6e2d8d698f431e0d5190bbf21141a78a18e0"
"5min_based/figures/publication_panels/Fig_first_active_movement_trajectory_by_group_sex.svg","310695","82adc4cddeaa6691cfe84eb1f14543c83b9f385c45e462c3cf00b0a27a9be2e0"
"5min_based/figures/publication_panels/Fig_group_sex_interaction_effects.pdf","35258","c93510c340bd208b75670324914f8e235a4b3127c28387141bde06bf9c925e11"
"5min_based/figures/publication_panels/Fig_group_sex_interaction_effects.png","211181","4ecc82078de1135e2fffcbe6ed8604e9a249c37b085ce3c5d1acac7a77457636"
"5min_based/figures/publication_panels/Fig_group_sex_interaction_effects.svg","12135","f9b466dab3c94486e9a852e1365c5d7117c50379df81e83eff935a1af080d3d0"
"5min_based/figures/publication_panels/Fig_linear_vs_nonlinear_model_ladder.pdf","34637","1b1169c38531f26a4383fc9f2d4ea267c6771ecd22fc56a799735ffc88581cdb"
"5min_based/figures/publication_panels/Fig_linear_vs_nonlinear_model_ladder.png","270260","f5d7718f14b32d67b4131eb5db7cce5180833333d0e8e32351035c8e4fdbc30c"
"5min_based/figures/publication_panels/Fig_linear_vs_nonlinear_model_ladder.svg","6889","c30ec4c08f3ab94a31bc9cb6498d033b0fd258f26323b74c2937457e95665dfb"
"5min_based/figures/publication_panels/Fig_multiscale_behavioral_organization.pdf","35783","f15beab664eecbaeb6f556ee8193a736bc132d5fc80b0c6f2593e71f5dad6a82"
"5min_based/figures/publication_panels/Fig_multiscale_behavioral_organization.png","127386","c45400a59aa50c1391a5ba1e3167ea660cc5cb092f1eaf8b2e05355cc0a166fc"
"5min_based/figures/publication_panels/Fig_multiscale_behavioral_organization.svg","12499","54948f90e844f8f9232188c55da17b1696818eec90ee2fa3c347f40fce63a2d1"
"5min_based/figures/publication_panels/Fig_rest_fragmentation_and_circadian_structure.pdf","36696","512841f1e3a96a7d2d631123d6bbec33ee45fea2a3ce5a6df58b68bbe9e82433"
"5min_based/figures/publication_panels/Fig_rest_fragmentation_and_circadian_structure.png","127633","fbb9274407b08e1782b676224788860cad188a64257e6cf784e11f2352575a5e"
"5min_based/figures/publication_panels/Fig_rest_fragmentation_and_circadian_structure.svg","12762","069aafb8f691d6bd212f804799185e99879a7cdb20d5a61de1acd973136bfe5a"
"5min_based/figures/publication_panels/Fig_sis_active_inactive_domain_heatmap.pdf","42417","88edf8a8e4d12e360ebce8bdbebde135ef737b10f93e0ede7cc354af2c7eb12d"
"5min_based/figures/publication_panels/Fig_sis_active_inactive_domain_heatmap.png","248435","60efa1027dea12acea99d0120573a435b66232b7f50a4fde4b6ec4a512a83780"
"5min_based/figures/publication_panels/Fig_sis_active_inactive_domain_heatmap.svg","30233","a6163c86be3746cb61f905e338e97333436a5430ee9afdda07bb7c2c1e0c7692"
"5min_based/figures/publication_panels/Fig_sis_behavioral_flexibility_trajectory.pdf","39752","c14bb80d044f57af6f153faed46b33a54f73ef57b08129d5ee72f83993dd90bc"
"5min_based/figures/publication_panels/Fig_sis_behavioral_flexibility_trajectory.png","915511","f71c97cc724c556931ecd64d64ab40becff1a69ec82e443fe154df50fe5301ee"
"5min_based/figures/publication_panels/Fig_sis_behavioral_flexibility_trajectory.svg","34653","5c477c375c5f8aff673ef1c49941cb63851d64f446bd580237a2aa46bdb43484"
"5min_based/figures/publication_panels/Fig_sis_CC1_first_active_domain_heatmap.pdf","43677","ac88211bf39b7dcc55cbfb46868b80ee647ffc6d1806e588de0c0bf5d9c9eaf0"
"5min_based/figures/publication_panels/Fig_sis_CC1_first_active_domain_heatmap.png","269221","aeb1cf44d8eb7265f0ac8c8e9069f8a014202121f1ef36ea47bd237712264e2d"
"5min_based/figures/publication_panels/Fig_sis_CC1_first_active_domain_heatmap.svg","19787","bcb3404285738bd1b825ed49e888fdb4ccae2f54bdc7971964f9d56b78d7b080"
"5min_based/figures/publication_panels/Fig_sis_early_prediction_first_active_12h.pdf","45961","ec7db334446cfed0e17687c50bd3ede2af560903c7574efdf5fa066e632b1d77"
"5min_based/figures/publication_panels/Fig_sis_early_prediction_first_active_12h.png","298377","6e2e75d0603c09aca5359660c6c67165e24ed97786bf1f8c5fec773fa4e2bc5a"
"5min_based/figures/publication_panels/Fig_sis_early_prediction_first_active_12h.svg","36793","ab4dc58f9ec8e98028de90ffb1ac0f3e5c4ca84c116544967de4fc6a6cf5ace6"
"5min_based/figures/publication_panels/Fig_sis_first_night_domain_heatmap_5min_sensitivity.pdf","43728","53e903ca003bb306666af639b0777a790ba18fc91340affccf8b0639ac16304f"
"5min_based/figures/publication_panels/Fig_sis_first_night_domain_heatmap_5min_sensitivity.png","274377","1348ccffa23641abec1cc434f06e3d378d62c1d032f8ae2bbf3a77bb5cc4dffd"
"5min_based/figures/publication_panels/Fig_sis_first_night_domain_heatmap_5min_sensitivity.svg","19807","10158397fcdfa6a1b6d9c7bd90bcb54f23d9753000bbc86c767b95f87a80f307"
"5min_based/figures/publication_panels/Fig_sis_hmm_resolution_sensitivity.pdf","40339","84510e495f999d8da771912cc058bf0fbbfcfb60cc887bb10bd4295d9134d8eb"
"5min_based/figures/publication_panels/Fig_sis_hmm_resolution_sensitivity.png","239214","78d47aae5b4f56307051202c3629712878e8be4d59659383b413cf04c07de0d0"
"5min_based/figures/publication_panels/Fig_sis_hmm_resolution_sensitivity.svg","28240","60ebcf75eae76168871e7af58f1cd633a5f28af3855f54c822c5ed79049b451e"
"5min_based/figures/publication_panels/Fig_sis_repeated_active_phase_adaptation.pdf","38388","1d40c970e3666885a3cdfeb1be364052a8b32e672a3c8ec6711c21b612cfc839"
"5min_based/figures/publication_panels/Fig_sis_repeated_active_phase_adaptation.png","947509","50efe9fc9997e3fd4d9f5d584886e263bc72dc71d68d53d80dd209792c7508e5"
"5min_based/figures/publication_panels/Fig_sis_repeated_active_phase_adaptation.svg","34931","aa84dedf5556f29eb878887bc0ab2875255b3b80b702e2c3acc2f4ead92b68f7"
"5min_based/figures/publication_panels/Fig_sis_rest_or_state_architecture.pdf","36514","9883e8082091c163667c702f346eeebd7b0190d052f9d0e74b251ca0142cd3ef"
"5min_based/figures/publication_panels/Fig_sis_rest_or_state_architecture.png","147362","23a684e57ef757bdb4b89aef6d287a6d2660d28fceaec6f4ee0506244099de9d"
"5min_based/figures/publication_panels/Fig_sis_rest_or_state_architecture.svg","27068","0e8865a4ec8841b623f38aa8585a2af0a57e1eed9eeb0c0d19c5091092b6d453"
"5min_based/figures/publication_panels/Fig_sis_social_spatial_organization.pdf","38723","7b3c207ab32b9ec670620bdc439ed4abf49de9503cc9327c141a729d2a33c88f"
"5min_based/figures/publication_panels/Fig_sis_social_spatial_organization.png","926315","f5a03d65c98c884dbab0cbcf0ce6680f21148fc0584a80f9404848306167bb33"
"5min_based/figures/publication_panels/Fig_sis_social_spatial_organization.svg","34594","c7ecd29a3668b839cb5afeda1e7c1a9ab509bcafa58224a1b90a300bfee6723a"
"5min_based/figures/publication_panels/Fig_sis_systems_neuroscience_dashboard.pdf","72532","cffa465a5cea6a93a88fbe7582a9f8bfccbd3e10cb0dcf7ab069a611f8bbee5d"
"5min_based/figures/publication_panels/Fig_sis_systems_neuroscience_dashboard.png","2956641","8fcf0e00d2fcf7880db83bfb380ddab14c7df31e76448282410d4ae75bfb7c98"
"5min_based/figures/publication_panels/Fig_sis_systems_neuroscience_dashboard.svg","193895","a10585ed45a18394996dc77193c8fe173d745c03944347efe54cd747e0724422"
"5min_based/figures/publication_panels/Fig_sleep_like_inactivity_by_group_sex.pdf","59066","5cc2af1671bc5a5caaf2eb7ace692f515cebf009f0b205a035de0aa2685d9631"
"5min_based/figures/publication_panels/Fig_sleep_like_inactivity_by_group_sex.png","579929","f55ea4e1b35188509d6c61f1acc82ba85f53e0ea8a04eec9923144cfc18f08ac"
"5min_based/figures/publication_panels/Fig_sleep_like_inactivity_by_group_sex.svg","116452","b36b8b2ead407262209414c4e2b29e7b0cd4141239e1ee9807e0b8b6d66e7422"
"5min_based/figures/publication_panels/Fig_social_reorganization_dynamics.pdf","36416","f150f3afc5ac7e09cab7885747f3aa10505cb9c7d682694d0dee1148620cfb2b"
"5min_based/figures/publication_panels/Fig_social_reorganization_dynamics.png","109459","2c721a8dbbabc713fa466d7f71afc1fb282644d2179c8a9b4762e17712494023"
"5min_based/figures/publication_panels/Fig_social_reorganization_dynamics.svg","9090","537d10adeb333bf02201046a5dfaff2cc3fab923de94f8764a027321d1c0bb2f"
"5min_based/figures/publication_panels/Fig_systems_effect_size_heatmap.pdf","48159","1e135ae62c4b20e6c48c5f808dbc6c44b0df0e72dd01ad91055adbd13383a094"
"5min_based/figures/publication_panels/Fig_systems_effect_size_heatmap.png","831524","2a3e872e474019be2218feb207b0daeecf9d3ca820c6cd7e3cdc07fc4092ebbc"
"5min_based/figures/publication_panels/Fig_systems_effect_size_heatmap.svg","100576","5f80bbd6bd19317b9860908bd43df3d22600e5ae924569a517d95c0f71ef17a3"
"5min_based/figures/publication_panels/Fig_systems_feature_coupling_network_summary.pdf","35521","ee3a5a630970c386108f8df9b2ffd8bd6fb2d0df999b2f3da338891b60e3d2f6"
"5min_based/figures/publication_panels/Fig_systems_feature_coupling_network_summary.png","285413","bc2c4ca7ea194e676ff47b942df0e3a0a1055f754e3b98bb532fce4c1201701d"
"5min_based/figures/publication_panels/Fig_systems_feature_coupling_network_summary.svg","21671","dd3689c6de8d5878dcdddc52e1d7c8cd35320940680e8aa49559e09f944faba4"
"5min_based/figures/publication_panels/Fig_systems_hmm_dwell_time_ridges.pdf","88969","5cb8dcdbf34cc3afdbadb9aeeeefaa9fbf9685ff6addec3f9d76e66dbb2e9bf2"
"5min_based/figures/publication_panels/Fig_systems_hmm_dwell_time_ridges.png","317018","2cca70e84fdb5978dae8be48b7ede868e0fe2dcfc323c6000729997894eee134"
"5min_based/figures/publication_panels/Fig_systems_hmm_dwell_time_ridges.svg","414365","087dc4c7ee20fcb7d892b65123095d5a873953a9451c51753ba8848050fa2c68"
"5min_based/figures/publication_panels/Fig_systems_hmm_state_flow_alluvial.pdf","50354","da1a944e3615a082110605ec48bd15a5cea0dc6a68640df970224765aff74009"
"5min_based/figures/publication_panels/Fig_systems_hmm_state_flow_alluvial.png","597819","85a37f5e99858b02f64623a962086b7920f7d3961362f14c5faf18eb002f1d6d"
"5min_based/figures/publication_panels/Fig_systems_hmm_state_flow_alluvial.svg","144764","0cdc773352891e6bf8601582d08b064204e3a1c1212c491585afeba770155bd7"
"5min_based/figures/publication_panels/Fig_systems_hmm_transition_difference.pdf","38974","6f75d03529f582cb1b2469d89a3ae4d55adcd8b5c213a40f35d5e6ddb76dc45b"
"5min_based/figures/publication_panels/Fig_systems_hmm_transition_difference.png","290793","f6a04e743930f9ee67bf920046111a13968b4508cac207dda3ae5b5b3f365b22"
"5min_based/figures/publication_panels/Fig_systems_hmm_transition_difference.svg","34576","c5af5daf009bd9f32f1d0f8cebfd69a35e05191ee65d7ca8f52bbb3421f9325f"
"5min_based/figures/publication_panels/Fig_systems_latent_trajectory_instability.pdf","45238","11d9acc4eba645f4cb477a334f4a29dc1817583d5ca30eef7083a9a35f77d1a0"
"5min_based/figures/publication_panels/Fig_systems_latent_trajectory_instability.png","310711","60f3bf5778a3daa98df0325652611991bb82f2288e5c416c64601f6dbb516167"
"5min_based/figures/publication_panels/Fig_systems_latent_trajectory_instability.svg","53278","9529d21bc53748fc515a478bc1f7db58c86de5110e9949288bca41088c04148b"
"5min_based/figures/publication_panels/Fig_systems_module_coupling_network.pdf","37444","d5b0a450b8a626dc69675c77d05589242e9d6be313d686ee9d3c962ed4b56beb"
"5min_based/figures/publication_panels/Fig_systems_module_coupling_network.png","631079","c684c1dbe18c859668dce7f611706269551f920e2144178e43e98bcaa0eadc09"
"5min_based/figures/publication_panels/Fig_systems_module_coupling_network.svg","34069","b4da10015ebaadd4cee4f3ad7daa38143a11d21058fb2033e9ba9158430dcc65"
"5min_based/figures/publication_panels/Fig_systems_module_scorecard.pdf","36860","6274eddc0faaec317bf53f04021eb2d368324e70fcb5b7e18af9ba4602cce87c"
"5min_based/figures/publication_panels/Fig_systems_module_scorecard.png","178090","82253fafa3fea17a78ccd786cf44c21e426c1c702267595f82b42d788b8c754f"
"5min_based/figures/publication_panels/Fig_systems_module_scorecard.svg","11098","952b63fbbab3ec3d05df49710fdcb649bbfaa67717ae779a92f74dfb72cae43a"
"5min_based/figures/publication_panels/Fig_systems_named_biological_scores.pdf","467195","31c224faad58454f790c938ad46e2e877fa4213b6d15abcfd2802023a374aaa2"
"5min_based/figures/publication_panels/Fig_systems_named_biological_scores.png","1133090","902bf8bbabe217e089aa7f83178729e02b2ccdbf32aa1baae7e7ff8ad93a4ee8"
"5min_based/figures/publication_panels/Fig_systems_named_biological_scores.svg","1491988","c95d50b35689f8288d5a38cd39fe57931b8853ae7b3577b62eda53acf72ebc45"
"5min_based/figures/publication_panels/Fig_systems_outcome_association_rank.pdf","41959","b50ba9cf3193e2e845f52520c842b43592c4953a930d1f89e42ebb40f36ffd6e"
"5min_based/figures/publication_panels/Fig_systems_outcome_association_rank.png","436526","4e92b237c0814d3a9c312c85fb6d6063da8e0efad0d57e839f2e71c859146954"
"5min_based/figures/publication_panels/Fig_systems_outcome_association_rank.svg","25618","e0c572c90699477f614bce6bc6f634f17fe9aeff71b8077c43f33f0b58e56140"
"5min_based/figures/publication_panels/Fig_systems_prediction_delta_waterfall.pdf","38763","36638c3a6f667bf887152bad6894ed74fa2b48e91a1ff0ad7001a409ea1588ef"
"5min_based/figures/publication_panels/Fig_systems_prediction_delta_waterfall.png","194748","09aa2d5582233bb7d0cb4326297f1b7d650f167a6638fb62f5484a3932cc3f98"
"5min_based/figures/publication_panels/Fig_systems_prediction_delta_waterfall.svg","9754","b67230e10255b1923e00c23c93d85c6155b62ea2ee2b10c8aaba3c32fac4ad22"
"5min_based/figures/publication_panels/Fig_systems_prediction_duration_sensitivity.pdf","33695","27027d6205cb4657cbb9be465edc5fd2782da6897185b21dc6907fd41688f468"
"5min_based/figures/publication_panels/Fig_systems_prediction_duration_sensitivity.png","146843","2ba0b4309f254a131531d183246904e194017c568cea03925c639403850fb7e3"
"5min_based/figures/publication_panels/Fig_systems_prediction_duration_sensitivity.svg","6636","8f9542aa94ae25fc6545dbfab656175cb403f496825eea8112a4de97ed0c9d2e"
"5min_based/figures/publication_panels/Fig_systems_prediction_ladder.pdf","45697","a83ca30de2df73e0d3c9d7fde3d49d23920634e9a4a75f39a79a1bc82d083d53"
"5min_based/figures/publication_panels/Fig_systems_prediction_ladder.png","262336","9adfa1c62ed739f0ce549f79380811a02bdb6045a900a5a65513240c36c1693a"
"5min_based/figures/publication_panels/Fig_systems_prediction_ladder.svg","11707","e855061cd2a3dc07c3a565edf966836fe07c238a371374b1aa493b0225e99b3a"
"5min_based/figures/publication_panels/Fig_systems_prospective_crossvalidated_prediction.pdf","50466","c74ea4a5505d6451d57f8d6388f9712179e5972490c85ea803b0cbf1c1159ffd"
"5min_based/figures/publication_panels/Fig_systems_prospective_crossvalidated_prediction.png","381413","7ce1e31b5aff1020285e49834bba24ffba5a4a5b4691b629fe7224a5d9626101"
"5min_based/figures/publication_panels/Fig_systems_prospective_crossvalidated_prediction.svg","61920","00b709dec3763bcde4892d0d2a84db1a2a69b0b1ba8a2907d9f1a0360f5eb890"
"5min_based/figures/publication_panels/Fig_systems_prospective_feature_scatter.pdf","18719","65d200c0c00605a9612cfcdb47438fca2118abe8a59b5db9410a3f87404c7e76"
"5min_based/figures/publication_panels/Fig_systems_prospective_feature_scatter.png","79924","369138fbd15846ae5fb7629ddb88cb3cac69c3c2697b0b8a19b05aff0cd4c9aa"
"5min_based/figures/publication_panels/Fig_systems_prospective_feature_scatter.svg","2156802","36ebf463ec9d8b85ee96474bc6f946ddea98b1ceaf9c29ee807864fd4c448ab6"
"5min_based/figures/publication_panels/Fig_systems_prospective_outcome_association_rank.pdf","41017","0911515a0469d11c4e756347fd44caf7be8b88eb25da0e8072f39abadc3ed33a"
"5min_based/figures/publication_panels/Fig_systems_prospective_outcome_association_rank.png","455054","d3c33860fdd15a8a92e3d9f526ad9f0b4ec4325c5cf7ad8df3071e1398c4274f"
"5min_based/figures/publication_panels/Fig_systems_prospective_outcome_association_rank.svg","25724","aa7bf38e295e1c11acc727b75fb92675badfadba682d99ac6190cb5148fbd3cc"
"5min_based/figures/publication_panels/Fig_systems_social_phenotype_map.pdf","40421","68838bb67694fc522dd22042386f398924eb16d1acd1010eefd34e0597ff3d89"
"5min_based/figures/publication_panels/Fig_systems_social_phenotype_map.png","488820","c88bbe5c4de8ce1a97d873312316bb4a2b91eb750f626be7e2c2ddd8ad6bdf08"
"5min_based/figures/publication_panels/Fig_systems_social_phenotype_map.svg","30455","0b419b98263f7c71959021b3f0da6dc6181124ebe2f2ea2613f708545ae0a796"
"5min_based/figures/publication_panels/Fig_systems_state_space_PCA.pdf","44172","e8e73d901990b1cfebc33426693e44c4c7da267fb7626f87b1430decbd366b0f"
"5min_based/figures/publication_panels/Fig_systems_state_space_PCA.png","420426","9afd851f9f1e3d26aa745e8e22e6c929649f3dfda8ad9c1a1d0417aedc4916a8"
"5min_based/figures/publication_panels/Fig_systems_state_space_PCA.svg","30914","14b1dd9114171b10e462f5c833841cc79925f10d021b0850b246941666b43a6b"
"5min_based/figures/publication_panels/Fig_systems_state_space_UMAP.pdf","42485","ab53da2ad08a35f3001727f4f6e9433712867c84d5effa96a3f4ab1c23904b96"
"5min_based/figures/publication_panels/Fig_systems_state_space_UMAP.png","404202","4dd51381c93250f51459841e378edb7242be2e6fabb6495a3cc40408ac24682c"
"5min_based/figures/publication_panels/Fig_systems_state_space_UMAP.svg","30335","34b1e41ea6aef4e919a8e12469847db81c5d13a8b960d14d71f21dac640b265a"
"5min_based/figures/publication_panels/Fig_systems_temporal_latent_trajectories.pdf","42003","9d898111c8f8054da5c113b8dd834d100ed97c76c014a15d31ad54a9b2bd2f49"
"5min_based/figures/publication_panels/Fig_systems_temporal_latent_trajectories.png","267233","75765999a4c4a2fff6b9f043b097e210aecb04350afdfc53508643bdaa5088c1"
"5min_based/figures/publication_panels/Fig_systems_temporal_latent_trajectories.svg","29237","14afc1cd97861c5a3ca5ff34291a854ae24269d4f53fb6080725c501905a9b2f"
"5min_based/figures/publication_panels/Fig_systems_temporal_umap_trajectories.pdf","39031","3a0710faa23b02982121bd2cbf446cbd9024d0cf6beda70b7a63239b50d98f6b"
"5min_based/figures/publication_panels/Fig_systems_temporal_umap_trajectories.png","218533","14a4bb5ba96a2c87554e971bc9a7460511afbda31e9f1109350d1cd3f3553ced"
"5min_based/figures/publication_panels/Fig_systems_temporal_umap_trajectories.svg","29167","5ba4258200e2ba2df8d9a4556b1a5abd9588d0cfa8f257943515d822915cfa2f"
"5min_based/figures/publication_panels/Fig_systems_trajectory_adaptation_phase_portrait.pdf","41334","05732cfc8da790dd444c752bbcca1ff2b034303b6d362e4ec5e03594f528d02a"
"5min_based/figures/publication_panels/Fig_systems_trajectory_adaptation_phase_portrait.png","382869","b856beddf02649858fa557010792e6e6f61ed491f13d86ea20c6a0b6021fd800"
"5min_based/figures/publication_panels/Fig_systems_trajectory_adaptation_phase_portrait.svg","39073","05552a491b6b3c677ea3f6ec732dc8de170af14c3f67fe74998a236bc2a57785"
"5min_based/figures/publication_panels/Fig_temporal_flexibility_vs_rigidity.pdf","36744","2678d627037811889337c56632d3b1f8152441706d411998df7de5bae3c3cdf1"
"5min_based/figures/publication_panels/Fig_temporal_flexibility_vs_rigidity.png","142219","89b0f4e6d0a73134e20f04598f582a344334845831dadad56c9a69378f3cbdfd"
"5min_based/figures/publication_panels/Fig_temporal_flexibility_vs_rigidity.svg","16652","11e9f937f012af11394e41a0ef5e05ecc985bd1e4dec7d1c909567f5ccf63265"
"5min_based/figures/publication_panels/README.txt","337","286c6049c438a35fa640b7aebc024153bbbbe1f1a4bbe837fd8b226708ff37cf"
"5min_based/figures/publication_panels/Thumbs.db","369152","341185862208ea4748e620e5e10163d0e26a56c989571b86a65813990ecf9abb"
"5min_based/figures/qc/Fig_batch_system_feature_bias.pdf","35943","0d12dff2236244ad41e9afd447ae89831a9feb77f02d9c1bfcdb5b48eebfcbbd"
"5min_based/figures/qc/Fig_batch_system_feature_bias.png","210679","66a89be33eb934cb77a1b50f31ae992ad52d347bd47b9633104de2118ae214bf"
"5min_based/figures/qc/Fig_batch_system_feature_bias.svg","12034","becb04a3eeb5263e10534f721872b523b17282fdb729c28c1fe5187b5ecc765b"
"5min_based/figures/qc/Fig_chip_loss_dropout_timeline.pdf","41377","509f8db45140ece0125c2876657f20e759515a5f89e519908f241826064a2e7e"
"5min_based/figures/qc/Fig_chip_loss_dropout_timeline.png","507808","d3199512d74fc8e22c482f88be274c4913e7f8029b241ac92226c749b99caa95"
"5min_based/figures/qc/Fig_chip_loss_dropout_timeline.svg","183606","44f29ca316b1a1e58f3842570762697d4b010778d2850351c1915ef98ae3e097"
"5min_based/figures/qc/Fig_chip_loss_movement_proximity_diagnostics.pdf","60916","9dc9ffb8c38bd8620c003134d696307051d82c9480b2a8de99560fc1a6bd35fd"
"5min_based/figures/qc/Fig_chip_loss_movement_proximity_diagnostics.png","506254","3b94852591d833504a93449b6996bbad6e5c411a4a82b5250d902f929e6ca2b8"
"5min_based/figures/qc/Fig_chip_loss_movement_proximity_diagnostics.svg","106851","b58f7acb3eb020ef69f9fc20eb6e5039a514c09f7bbe4878202cd098e93c2b12"
"5min_based/figures/qc/Fig_early_active_adaptation_architecture.pdf","40479","609051ddfabf0f552c4de4fb0b055ab1d5273b77983b76be6806a5c6a4bd5158"
"5min_based/figures/qc/Fig_early_active_adaptation_architecture.png","181823","a5f30b4c5fdcd786353aa65984febe03e7aeab581b58d52bb56cea8e65a4980a"
"5min_based/figures/qc/Fig_early_active_adaptation_architecture.svg","24690","9a88c5414e5e0606e2a5df5584910a5c92b563b9c63973f012849defe61b1ea2"
"5min_based/figures/qc/Fig_ethological_phase_transition_structure.pdf","35342","6f8d3807623d023aeb6fd3b1e7d987ce1f7fd7ba6967149f522f9ca8a79222b0"
"5min_based/figures/qc/Fig_ethological_phase_transition_structure.png","105068","20d1dd87279813774d69ef551a9c49f2352915d1d174139688a2d7775b3d15a5"
"5min_based/figures/qc/Fig_ethological_phase_transition_structure.svg","8840","16fadc5ec932e4be839dbdbf228d8d684c39a1b185da113eea92f2e42f269444"
"5min_based/figures/qc/Fig_first_active_entropy_acf1_or_instability.pdf","103436","bf1dbd960cf734ea549538213024cf1334ca9bd4979bb78b5471ba026ec73088"
"5min_based/figures/qc/Fig_first_active_entropy_acf1_or_instability.png","3322409","eec10521bdd204125270e4b7774a3289767aa0f264425d4e00efe4c7d01ac71b"
"5min_based/figures/qc/Fig_first_active_entropy_acf1_or_instability.svg","308632","f4ca5e16856d931234e474d79305ce7955ccc52071d54f66da2ee463e42d5b1b"
"5min_based/figures/qc/Fig_first_active_movement_trajectory_by_group_sex.pdf","82799","87a085fb701a64274a5c72906c0f2f48542b5f4977725ae97eea456975f5ab7e"
"5min_based/figures/qc/Fig_first_active_movement_trajectory_by_group_sex.png","1811242","9b8ed1c8382031b9a2c3de7c2a7c6e2d8d698f431e0d5190bbf21141a78a18e0"
"5min_based/figures/qc/Fig_first_active_movement_trajectory_by_group_sex.svg","310695","82adc4cddeaa6691cfe84eb1f14543c83b9f385c45e462c3cf00b0a27a9be2e0"
"5min_based/figures/qc/Fig_group_balance_by_batch_system.pdf","33902","85c0315bfce9c0ec3e90fbe20c0db697cf2042b2ca247af81b11250747c8ab35"
"5min_based/figures/qc/Fig_group_balance_by_batch_system.png","181322","c1128984359fcc8c664374d4cca804603a7d57b4813721bdd83504a730cb6f96"
"5min_based/figures/qc/Fig_group_balance_by_batch_system.svg","49789","4069a3b32794401b18067d8e3c09b6aa4717340d2783043b6086cab318589352"
"5min_based/figures/qc/Fig_group_sex_interaction_effects.pdf","35258","c93510c340bd208b75670324914f8e235a4b3127c28387141bde06bf9c925e11"
"5min_based/figures/qc/Fig_group_sex_interaction_effects.png","211181","4ecc82078de1135e2fffcbe6ed8604e9a249c37b085ce3c5d1acac7a77457636"
"5min_based/figures/qc/Fig_group_sex_interaction_effects.svg","12135","f9b466dab3c94486e9a852e1365c5d7117c50379df81e83eff935a1af080d3d0"
"5min_based/figures/qc/Fig_integrated_systems_dashboard.pdf","72532","8d43cf620641575c136425a6e7f43aa297a2270b0a950dd0151c5ba90b8a1308"
"5min_based/figures/qc/Fig_integrated_systems_dashboard.png","2956641","8fcf0e00d2fcf7880db83bfb380ddab14c7df31e76448282410d4ae75bfb7c98"
"5min_based/figures/qc/Fig_integrated_systems_dashboard.svg","193895","a10585ed45a18394996dc77193c8fe173d745c03944347efe54cd747e0724422"
"5min_based/figures/qc/Fig_linear_vs_nonlinear_model_ladder.pdf","34637","1b1169c38531f26a4383fc9f2d4ea267c6771ecd22fc56a799735ffc88581cdb"
"5min_based/figures/qc/Fig_linear_vs_nonlinear_model_ladder.png","270260","f5d7718f14b32d67b4131eb5db7cce5180833333d0e8e32351035c8e4fdbc30c"
"5min_based/figures/qc/Fig_linear_vs_nonlinear_model_ladder.svg","6889","c30ec4c08f3ab94a31bc9cb6498d033b0fd258f26323b74c2937457e95665dfb"
"5min_based/figures/qc/Fig_multiscale_behavioral_organization.pdf","35783","f15beab664eecbaeb6f556ee8193a736bc132d5fc80b0c6f2593e71f5dad6a82"
"5min_based/figures/qc/Fig_multiscale_behavioral_organization.png","127386","c45400a59aa50c1391a5ba1e3167ea660cc5cb092f1eaf8b2e05355cc0a166fc"
"5min_based/figures/qc/Fig_multiscale_behavioral_organization.svg","12499","54948f90e844f8f9232188c55da17b1696818eec90ee2fa3c347f40fce63a2d1"
"5min_based/figures/qc/Fig_primary_feature_robustness.pdf","60913","e15f7bcc527b797eb29e878b5b68ad3f7f61272e2a7c198f16b718838d341783"
"5min_based/figures/qc/Fig_primary_feature_robustness.png","846323","bec331d90931d77ca066934dabea70e92cfef8851504533f0f9f7ef9e0a59c12"
"5min_based/figures/qc/Fig_primary_feature_robustness.svg","755052","0f390906ad67ed01c6ce2ca184d54644acb151ecbc92c609f2bb0efd46716340"
"5min_based/figures/qc/Fig_rest_fragmentation_and_circadian_structure.pdf","36696","512841f1e3a96a7d2d631123d6bbec33ee45fea2a3ce5a6df58b68bbe9e82433"
"5min_based/figures/qc/Fig_rest_fragmentation_and_circadian_structure.png","127633","fbb9274407b08e1782b676224788860cad188a64257e6cf784e11f2352575a5e"
"5min_based/figures/qc/Fig_rest_fragmentation_and_circadian_structure.svg","12762","069aafb8f691d6bd212f804799185e99879a7cdb20d5a61de1acd973136bfe5a"
"5min_based/figures/qc/Fig_sis_active_inactive_domain_heatmap.pdf","42417","88edf8a8e4d12e360ebce8bdbebde135ef737b10f93e0ede7cc354af2c7eb12d"
"5min_based/figures/qc/Fig_sis_active_inactive_domain_heatmap.png","248435","60efa1027dea12acea99d0120573a435b66232b7f50a4fde4b6ec4a512a83780"
"5min_based/figures/qc/Fig_sis_active_inactive_domain_heatmap.svg","30233","a6163c86be3746cb61f905e338e97333436a5430ee9afdda07bb7c2c1e0c7692"
"5min_based/figures/qc/Fig_sis_behavioral_flexibility_trajectory.pdf","39752","c14bb80d044f57af6f153faed46b33a54f73ef57b08129d5ee72f83993dd90bc"
"5min_based/figures/qc/Fig_sis_behavioral_flexibility_trajectory.png","915511","f71c97cc724c556931ecd64d64ab40becff1a69ec82e443fe154df50fe5301ee"
"5min_based/figures/qc/Fig_sis_behavioral_flexibility_trajectory.svg","34653","5c477c375c5f8aff673ef1c49941cb63851d64f446bd580237a2aa46bdb43484"
"5min_based/figures/qc/Fig_sis_CC1_first_active_domain_heatmap.pdf","43677","ac88211bf39b7dcc55cbfb46868b80ee647ffc6d1806e588de0c0bf5d9c9eaf0"
"5min_based/figures/qc/Fig_sis_CC1_first_active_domain_heatmap.png","269221","aeb1cf44d8eb7265f0ac8c8e9069f8a014202121f1ef36ea47bd237712264e2d"
"5min_based/figures/qc/Fig_sis_CC1_first_active_domain_heatmap.svg","19787","bcb3404285738bd1b825ed49e888fdb4ccae2f54bdc7971964f9d56b78d7b080"
"5min_based/figures/qc/Fig_sis_early_prediction_first_active_12h.pdf","45961","ec7db334446cfed0e17687c50bd3ede2af560903c7574efdf5fa066e632b1d77"
"5min_based/figures/qc/Fig_sis_early_prediction_first_active_12h.png","298377","6e2e75d0603c09aca5359660c6c67165e24ed97786bf1f8c5fec773fa4e2bc5a"
"5min_based/figures/qc/Fig_sis_early_prediction_first_active_12h.svg","36793","ab4dc58f9ec8e98028de90ffb1ac0f3e5c4ca84c116544967de4fc6a6cf5ace6"
"5min_based/figures/qc/Fig_sis_first_night_domain_heatmap_5min_sensitivity.pdf","43728","53e903ca003bb306666af639b0777a790ba18fc91340affccf8b0639ac16304f"
"5min_based/figures/qc/Fig_sis_first_night_domain_heatmap_5min_sensitivity.png","274377","1348ccffa23641abec1cc434f06e3d378d62c1d032f8ae2bbf3a77bb5cc4dffd"
"5min_based/figures/qc/Fig_sis_first_night_domain_heatmap_5min_sensitivity.svg","19807","10158397fcdfa6a1b6d9c7bd90bcb54f23d9753000bbc86c767b95f87a80f307"
"5min_based/figures/qc/Fig_sis_hmm_resolution_sensitivity.pdf","40339","84510e495f999d8da771912cc058bf0fbbfcfb60cc887bb10bd4295d9134d8eb"
"5min_based/figures/qc/Fig_sis_hmm_resolution_sensitivity.png","239214","78d47aae5b4f56307051202c3629712878e8be4d59659383b413cf04c07de0d0"
"5min_based/figures/qc/Fig_sis_hmm_resolution_sensitivity.svg","28240","60ebcf75eae76168871e7af58f1cd633a5f28af3855f54c822c5ed79049b451e"
"5min_based/figures/qc/Fig_sis_repeated_active_phase_adaptation.pdf","38388","1d40c970e3666885a3cdfeb1be364052a8b32e672a3c8ec6711c21b612cfc839"
"5min_based/figures/qc/Fig_sis_repeated_active_phase_adaptation.png","947509","50efe9fc9997e3fd4d9f5d584886e263bc72dc71d68d53d80dd209792c7508e5"
"5min_based/figures/qc/Fig_sis_repeated_active_phase_adaptation.svg","34931","aa84dedf5556f29eb878887bc0ab2875255b3b80b702e2c3acc2f4ead92b68f7"
"5min_based/figures/qc/Fig_sis_rest_or_state_architecture.pdf","36514","9883e8082091c163667c702f346eeebd7b0190d052f9d0e74b251ca0142cd3ef"
"5min_based/figures/qc/Fig_sis_rest_or_state_architecture.png","147362","23a684e57ef757bdb4b89aef6d287a6d2660d28fceaec6f4ee0506244099de9d"
"5min_based/figures/qc/Fig_sis_rest_or_state_architecture.svg","27068","0e8865a4ec8841b623f38aa8585a2af0a57e1eed9eeb0c0d19c5091092b6d453"
"5min_based/figures/qc/Fig_sis_social_spatial_organization.pdf","38723","7b3c207ab32b9ec670620bdc439ed4abf49de9503cc9327c141a729d2a33c88f"
"5min_based/figures/qc/Fig_sis_social_spatial_organization.png","926315","f5a03d65c98c884dbab0cbcf0ce6680f21148fc0584a80f9404848306167bb33"
"5min_based/figures/qc/Fig_sis_social_spatial_organization.svg","34594","c7ecd29a3668b839cb5afeda1e7c1a9ab509bcafa58224a1b90a300bfee6723a"
"5min_based/figures/qc/Fig_sis_systems_neuroscience_dashboard.pdf","72532","cffa465a5cea6a93a88fbe7582a9f8bfccbd3e10cb0dcf7ab069a611f8bbee5d"
"5min_based/figures/qc/Fig_sis_systems_neuroscience_dashboard.png","2956641","8fcf0e00d2fcf7880db83bfb380ddab14c7df31e76448282410d4ae75bfb7c98"
"5min_based/figures/qc/Fig_sis_systems_neuroscience_dashboard.svg","193895","a10585ed45a18394996dc77193c8fe173d745c03944347efe54cd747e0724422"
"5min_based/figures/qc/Fig_sleep_like_inactivity_by_group_sex.pdf","59066","5cc2af1671bc5a5caaf2eb7ace692f515cebf009f0b205a035de0aa2685d9631"
"5min_based/figures/qc/Fig_sleep_like_inactivity_by_group_sex.png","579929","f55ea4e1b35188509d6c61f1acc82ba85f53e0ea8a04eec9923144cfc18f08ac"
"5min_based/figures/qc/Fig_sleep_like_inactivity_by_group_sex.svg","116452","b36b8b2ead407262209414c4e2b29e7b0cd4141239e1ee9807e0b8b6d66e7422"
"5min_based/figures/qc/Fig_social_reorganization_dynamics.pdf","36416","f150f3afc5ac7e09cab7885747f3aa10505cb9c7d682694d0dee1148620cfb2b"
"5min_based/figures/qc/Fig_social_reorganization_dynamics.png","109459","2c721a8dbbabc713fa466d7f71afc1fb282644d2179c8a9b4762e17712494023"
"5min_based/figures/qc/Fig_social_reorganization_dynamics.svg","9090","537d10adeb333bf02201046a5dfaff2cc3fab923de94f8764a027321d1c0bb2f"
"5min_based/figures/qc/Fig_systems_effect_size_heatmap.pdf","48159","1e135ae62c4b20e6c48c5f808dbc6c44b0df0e72dd01ad91055adbd13383a094"
"5min_based/figures/qc/Fig_systems_effect_size_heatmap.png","831524","2a3e872e474019be2218feb207b0daeecf9d3ca820c6cd7e3cdc07fc4092ebbc"
"5min_based/figures/qc/Fig_systems_effect_size_heatmap.svg","100576","5f80bbd6bd19317b9860908bd43df3d22600e5ae924569a517d95c0f71ef17a3"
"5min_based/figures/qc/Fig_systems_feature_coupling_network_summary.pdf","35521","ee3a5a630970c386108f8df9b2ffd8bd6fb2d0df999b2f3da338891b60e3d2f6"
"5min_based/figures/qc/Fig_systems_feature_coupling_network_summary.png","285413","bc2c4ca7ea194e676ff47b942df0e3a0a1055f754e3b98bb532fce4c1201701d"
"5min_based/figures/qc/Fig_systems_feature_coupling_network_summary.svg","21671","dd3689c6de8d5878dcdddc52e1d7c8cd35320940680e8aa49559e09f944faba4"
"5min_based/figures/qc/Fig_systems_hmm_dwell_time_ridges.pdf","88969","5cb8dcdbf34cc3afdbadb9aeeeefaa9fbf9685ff6addec3f9d76e66dbb2e9bf2"
"5min_based/figures/qc/Fig_systems_hmm_dwell_time_ridges.png","317018","2cca70e84fdb5978dae8be48b7ede868e0fe2dcfc323c6000729997894eee134"
"5min_based/figures/qc/Fig_systems_hmm_dwell_time_ridges.svg","414365","087dc4c7ee20fcb7d892b65123095d5a873953a9451c51753ba8848050fa2c68"
"5min_based/figures/qc/Fig_systems_hmm_state_flow_alluvial.pdf","50354","da1a944e3615a082110605ec48bd15a5cea0dc6a68640df970224765aff74009"
"5min_based/figures/qc/Fig_systems_hmm_state_flow_alluvial.png","597819","85a37f5e99858b02f64623a962086b7920f7d3961362f14c5faf18eb002f1d6d"
"5min_based/figures/qc/Fig_systems_hmm_state_flow_alluvial.svg","144764","0cdc773352891e6bf8601582d08b064204e3a1c1212c491585afeba770155bd7"
"5min_based/figures/qc/Fig_systems_hmm_transition_difference.pdf","38974","6f75d03529f582cb1b2469d89a3ae4d55adcd8b5c213a40f35d5e6ddb76dc45b"
"5min_based/figures/qc/Fig_systems_hmm_transition_difference.png","290793","f6a04e743930f9ee67bf920046111a13968b4508cac207dda3ae5b5b3f365b22"
"5min_based/figures/qc/Fig_systems_hmm_transition_difference.svg","34576","c5af5daf009bd9f32f1d0f8cebfd69a35e05191ee65d7ca8f52bbb3421f9325f"
"5min_based/figures/qc/Fig_systems_latent_trajectory_instability.pdf","45238","11d9acc4eba645f4cb477a334f4a29dc1817583d5ca30eef7083a9a35f77d1a0"
"5min_based/figures/qc/Fig_systems_latent_trajectory_instability.png","310711","60f3bf5778a3daa98df0325652611991bb82f2288e5c416c64601f6dbb516167"
"5min_based/figures/qc/Fig_systems_latent_trajectory_instability.svg","53278","9529d21bc53748fc515a478bc1f7db58c86de5110e9949288bca41088c04148b"
"5min_based/figures/qc/Fig_systems_module_coupling_network.pdf","37444","d5b0a450b8a626dc69675c77d05589242e9d6be313d686ee9d3c962ed4b56beb"
"5min_based/figures/qc/Fig_systems_module_coupling_network.png","631079","c684c1dbe18c859668dce7f611706269551f920e2144178e43e98bcaa0eadc09"
"5min_based/figures/qc/Fig_systems_module_coupling_network.svg","34069","b4da10015ebaadd4cee4f3ad7daa38143a11d21058fb2033e9ba9158430dcc65"
"5min_based/figures/qc/Fig_systems_module_scorecard.pdf","36860","6274eddc0faaec317bf53f04021eb2d368324e70fcb5b7e18af9ba4602cce87c"
"5min_based/figures/qc/Fig_systems_module_scorecard.png","178090","82253fafa3fea17a78ccd786cf44c21e426c1c702267595f82b42d788b8c754f"
"5min_based/figures/qc/Fig_systems_module_scorecard.svg","11098","952b63fbbab3ec3d05df49710fdcb649bbfaa67717ae779a92f74dfb72cae43a"
"5min_based/figures/qc/Fig_systems_named_biological_scores.pdf","467195","31c224faad58454f790c938ad46e2e877fa4213b6d15abcfd2802023a374aaa2"
"5min_based/figures/qc/Fig_systems_named_biological_scores.png","1133090","902bf8bbabe217e089aa7f83178729e02b2ccdbf32aa1baae7e7ff8ad93a4ee8"
"5min_based/figures/qc/Fig_systems_named_biological_scores.svg","1491988","c95d50b35689f8288d5a38cd39fe57931b8853ae7b3577b62eda53acf72ebc45"
"5min_based/figures/qc/Fig_systems_outcome_association_rank.pdf","41959","b50ba9cf3193e2e845f52520c842b43592c4953a930d1f89e42ebb40f36ffd6e"
"5min_based/figures/qc/Fig_systems_outcome_association_rank.png","436526","4e92b237c0814d3a9c312c85fb6d6063da8e0efad0d57e839f2e71c859146954"
"5min_based/figures/qc/Fig_systems_outcome_association_rank.svg","25618","e0c572c90699477f614bce6bc6f634f17fe9aeff71b8077c43f33f0b58e56140"
"5min_based/figures/qc/Fig_systems_prediction_delta_waterfall.pdf","38763","36638c3a6f667bf887152bad6894ed74fa2b48e91a1ff0ad7001a409ea1588ef"
"5min_based/figures/qc/Fig_systems_prediction_delta_waterfall.png","194748","09aa2d5582233bb7d0cb4326297f1b7d650f167a6638fb62f5484a3932cc3f98"
"5min_based/figures/qc/Fig_systems_prediction_delta_waterfall.svg","9754","b67230e10255b1923e00c23c93d85c6155b62ea2ee2b10c8aaba3c32fac4ad22"
"5min_based/figures/qc/Fig_systems_prediction_duration_sensitivity.pdf","33695","27027d6205cb4657cbb9be465edc5fd2782da6897185b21dc6907fd41688f468"
"5min_based/figures/qc/Fig_systems_prediction_duration_sensitivity.png","146843","2ba0b4309f254a131531d183246904e194017c568cea03925c639403850fb7e3"
"5min_based/figures/qc/Fig_systems_prediction_duration_sensitivity.svg","6636","8f9542aa94ae25fc6545dbfab656175cb403f496825eea8112a4de97ed0c9d2e"
"5min_based/figures/qc/Fig_systems_prediction_ladder.pdf","45697","a83ca30de2df73e0d3c9d7fde3d49d23920634e9a4a75f39a79a1bc82d083d53"
"5min_based/figures/qc/Fig_systems_prediction_ladder.png","262336","9adfa1c62ed739f0ce549f79380811a02bdb6045a900a5a65513240c36c1693a"
"5min_based/figures/qc/Fig_systems_prediction_ladder.svg","11707","e855061cd2a3dc07c3a565edf966836fe07c238a371374b1aa493b0225e99b3a"
"5min_based/figures/qc/Fig_systems_prospective_crossvalidated_prediction.pdf","50466","c74ea4a5505d6451d57f8d6388f9712179e5972490c85ea803b0cbf1c1159ffd"
"5min_based/figures/qc/Fig_systems_prospective_crossvalidated_prediction.png","381413","7ce1e31b5aff1020285e49834bba24ffba5a4a5b4691b629fe7224a5d9626101"
"5min_based/figures/qc/Fig_systems_prospective_crossvalidated_prediction.svg","61920","00b709dec3763bcde4892d0d2a84db1a2a69b0b1ba8a2907d9f1a0360f5eb890"
"5min_based/figures/qc/Fig_systems_prospective_feature_scatter.pdf","18719","65d200c0c00605a9612cfcdb47438fca2118abe8a59b5db9410a3f87404c7e76"
"5min_based/figures/qc/Fig_systems_prospective_feature_scatter.png","79924","369138fbd15846ae5fb7629ddb88cb3cac69c3c2697b0b8a19b05aff0cd4c9aa"
"5min_based/figures/qc/Fig_systems_prospective_feature_scatter.svg","2156802","36ebf463ec9d8b85ee96474bc6f946ddea98b1ceaf9c29ee807864fd4c448ab6"
"5min_based/figures/qc/Fig_systems_prospective_outcome_association_rank.pdf","41017","0911515a0469d11c4e756347fd44caf7be8b88eb25da0e8072f39abadc3ed33a"
"5min_based/figures/qc/Fig_systems_prospective_outcome_association_rank.png","455054","d3c33860fdd15a8a92e3d9f526ad9f0b4ec4325c5cf7ad8df3071e1398c4274f"
"5min_based/figures/qc/Fig_systems_prospective_outcome_association_rank.svg","25724","aa7bf38e295e1c11acc727b75fb92675badfadba682d99ac6190cb5148fbd3cc"
"5min_based/figures/qc/Fig_systems_social_phenotype_map.pdf","40421","68838bb67694fc522dd22042386f398924eb16d1acd1010eefd34e0597ff3d89"
"5min_based/figures/qc/Fig_systems_social_phenotype_map.png","488820","c88bbe5c4de8ce1a97d873312316bb4a2b91eb750f626be7e2c2ddd8ad6bdf08"
"5min_based/figures/qc/Fig_systems_social_phenotype_map.svg","30455","0b419b98263f7c71959021b3f0da6dc6181124ebe2f2ea2613f708545ae0a796"
"5min_based/figures/qc/Fig_systems_state_space_PCA.pdf","44172","e8e73d901990b1cfebc33426693e44c4c7da267fb7626f87b1430decbd366b0f"
"5min_based/figures/qc/Fig_systems_state_space_PCA.png","420426","9afd851f9f1e3d26aa745e8e22e6c929649f3dfda8ad9c1a1d0417aedc4916a8"
"5min_based/figures/qc/Fig_systems_state_space_PCA.svg","30914","14b1dd9114171b10e462f5c833841cc79925f10d021b0850b246941666b43a6b"
"5min_based/figures/qc/Fig_systems_state_space_UMAP.pdf","42485","ab53da2ad08a35f3001727f4f6e9433712867c84d5effa96a3f4ab1c23904b96"
"5min_based/figures/qc/Fig_systems_state_space_UMAP.png","404202","4dd51381c93250f51459841e378edb7242be2e6fabb6495a3cc40408ac24682c"
"5min_based/figures/qc/Fig_systems_state_space_UMAP.svg","30335","34b1e41ea6aef4e919a8e12469847db81c5d13a8b960d14d71f21dac640b265a"
"5min_based/figures/qc/Fig_systems_temporal_latent_trajectories.pdf","42003","9d898111c8f8054da5c113b8dd834d100ed97c76c014a15d31ad54a9b2bd2f49"
"5min_based/figures/qc/Fig_systems_temporal_latent_trajectories.png","267233","75765999a4c4a2fff6b9f043b097e210aecb04350afdfc53508643bdaa5088c1"
"5min_based/figures/qc/Fig_systems_temporal_latent_trajectories.svg","29237","14afc1cd97861c5a3ca5ff34291a854ae24269d4f53fb6080725c501905a9b2f"
"5min_based/figures/qc/Fig_systems_temporal_umap_trajectories.pdf","39031","3a0710faa23b02982121bd2cbf446cbd9024d0cf6beda70b7a63239b50d98f6b"
"5min_based/figures/qc/Fig_systems_temporal_umap_trajectories.png","218533","14a4bb5ba96a2c87554e971bc9a7460511afbda31e9f1109350d1cd3f3553ced"
"5min_based/figures/qc/Fig_systems_temporal_umap_trajectories.svg","29167","5ba4258200e2ba2df8d9a4556b1a5abd9588d0cfa8f257943515d822915cfa2f"
"5min_based/figures/qc/Fig_systems_trajectory_adaptation_phase_portrait.pdf","41334","05732cfc8da790dd444c752bbcca1ff2b034303b6d362e4ec5e03594f528d02a"
"5min_based/figures/qc/Fig_systems_trajectory_adaptation_phase_portrait.png","382869","b856beddf02649858fa557010792e6e6f61ed491f13d86ea20c6a0b6021fd800"
"5min_based/figures/qc/Fig_systems_trajectory_adaptation_phase_portrait.svg","39073","05552a491b6b3c677ea3f6ec732dc8de170af14c3f67fe74998a236bc2a57785"
"5min_based/figures/qc/Fig_temporal_flexibility_vs_rigidity.pdf","36744","2678d627037811889337c56632d3b1f8152441706d411998df7de5bae3c3cdf1"
"5min_based/figures/qc/Fig_temporal_flexibility_vs_rigidity.png","142219","89b0f4e6d0a73134e20f04598f582a344334845831dadad56c9a69378f3cbdfd"
"5min_based/figures/qc/Fig_temporal_flexibility_vs_rigidity.svg","16652","11e9f937f012af11394e41a0ef5e05ecc985bd1e4dec7d1c909567f5ccf63265"
"5min_based/figures/qc/README.txt","303","bd3073e865725624f3c6ff4fd004c5b4010f203899ffadac3f13aa2199a52d15"
"5min_based/figures/qc/Thumbs.db","407552","9dccd76d1d15a7f65d985156bdef4b9454826a7c41ed21c42b43c3d7d3ba265c"
"5min_based/figures/supplementary/README.txt","332","72409480a7f9877bca1f93d2796bfdde2cf350a81c01a1dd3acfbcd060f10849"
"5min_based/first_night/10min_based/first_night_animal_window_qc.csv","19639","b54bd2390cf6a8d46045f946e2070f85fab50d4f6d55f9dadee591a5167363a5"
"5min_based/first_night/10min_based/first_night_domain_contributor_qc.csv","161176","dfcb7d4bd364c7d0457b195d1aff96dce910577c758387d84d9e6f1497cc6bf2"
"5min_based/first_night/10min_based/first_night_domain_scores.csv","556480","7763628e1b8c45a53d06b9f0484ef3f5396b29f12a68caf59a3a7e7c6059f7b7"
"5min_based/first_night/10min_based/first_night_feature_standardization_parameters.csv","1508","9fe6c034c696b3c5ed3fb8ae14c49d412ef7ab30d2018cafdcc2753e2122aaa2"
"5min_based/first_night/10min_based/first_night_full_raw_candidate_family_sensitivity.csv","32019","f024c94bda488296942a2f57f3e907943abe5ac2e29d8192e8ac0f2530779bf1"
"5min_based/first_night/10min_based/first_night_group_contrasts.csv","18514","b55aac3b0f05a04a78093356990387d269649fd60bd2f00039eadfe44003146f"
"5min_based/first_night/10min_based/first_night_group_sex_interactions.csv","1943","0eec4b0d7e0bdc4dcbbc6570bd242b3f87e1aaf90c40aaa684d15b16474a7e7d"
"5min_based/first_night/10min_based/first_night_multiplicity_contract.csv","857","e15c16e63207c0e53ea2f8a77fd722073a53bc078d39b51c07f6fbc1f082bcb1"
"5min_based/first_night/10min_based/first_night_raw_features.csv","40022","4005bca5be7584c667bdc2b78ccb37ab6f9ed52f3576e8a67be3528d68d13668"
"5min_based/first_night/10min_based/first_night_window_contract.csv","1462","2ad4959684a23caff8cab336d972870ba619e6672fd96cc32e935fc9e4b186a2"
"5min_based/first_night/5min_based/first_night_animal_window_qc.csv","19861","eb4e12a4c5bad46c814622615c6d57b87193386440804354fe43d8c96851c784"
"5min_based/first_night/5min_based/first_night_domain_contributor_qc.csv","160274","dae8583d959ea55d8d9d3b2fbf9fd6ff5476b57f05be759afd8a5dc1274153ef"
"5min_based/first_night/5min_based/first_night_domain_scores.csv","558242","bf7e887f0ebca52efa540c1f9e5f90fae714bbf438d4923052922b598da95140"
"5min_based/first_night/5min_based/first_night_feature_standardization_parameters.csv","1515","b0caef49616ffabae525749f5a9004a1afb9dccad892293a9015dbccda8bf47f"
"5min_based/first_night/5min_based/first_night_full_raw_candidate_family_sensitivity.csv","32194","01070ed953cbe6b6decca6acd2e0f84e7f5665f2dbdf7fca3d4c14e0650c15cc"
"5min_based/first_night/5min_based/first_night_group_contrasts.csv","18620","b7c9ea6a63a487699ee07b20cb0eb83204ddf541ee8926e995ee172a26d78db2"
"5min_based/first_night/5min_based/first_night_group_sex_interactions.csv","1955","c93f35bb662ed3d9861e644268fd599060add2a2d137d68604f1fdd667b64860"
"5min_based/first_night/5min_based/first_night_multiplicity_contract.csv","852","2aaca597a99b2c3f8332624a824e755b6f873235cc01aea7a0392faaba316c23"
"5min_based/first_night/5min_based/first_night_raw_features.csv","41008","fc7d06eaed073541708eaf202bbb145142f06bf58cef1e649797bd3928ca0c04"
"5min_based/first_night/5min_based/first_night_window_contract.csv","1467","d4dd95226b6d525b0112cc48495ff0f562392287467ec6352f6a86b6ae56fbc7"
"5min_based/manifest/input_output_manifest.csv","557","221b5e1e55dcf0c0e85dd7902b5b6d4b4dcad36d095431a16364132de096a9d3"
"5min_based/manifest/output_manifest.csv","8423","5f0dc224a6700556a2002302dbb6e283b8c621f607c036deff933c249200b6dd"
"5min_based/output_manifest.csv","8423","5f0dc224a6700556a2002302dbb6e283b8c621f607c036deff933c249200b6dd"
"5min_based/stats_tables/sis_first_night_full_raw_candidate_family_sensitivity.csv","63928","67c5a21a57b3647e49ef9fdacd960e430d1a96aaa80f72a3aab73954e263a130"
"5min_based/stats_tables/sis_first_night_group_contrasts.csv","36828","740de76ddd4392eee20d8b348c393c25c42090fc7a1c96f2fc8e8723ac8b3e02"
"5min_based/stats_tables/sis_first_night_group_sex_interactions.csv","3707","03e09711fc48eb5ce58f662717dba872bf75eae1cc9a4dd0feeee66fd37a7cd3"
"5min_based/stats_tables/systems_duration_negative_control_endpoint_correlations.csv","4134","630a61fdb6ee27fb00a21c620ce4960e2a2d1a574aa232107f61d62bb73fe31c"
"5min_based/stats_tables/systems_group_contrasts.csv","8473986","aeec31eda197bdef34e6a4b1a1d6642440c643f1f279deabc5dbb2ad381e646f"
"5min_based/stats_tables/systems_group_sex_interaction_models.csv","74355","7b21006cbe822b98e17a77d9aeb44e2fbee2bfcb3c6ccb9a783eb7ffe314a1e9"
"5min_based/stats_tables/systems_group_summary.csv","5435943","2125bf27e929c84517beaf20e6f9ed816dca36c48e2987c130ba6a91f58cfbec"
"5min_based/stats_tables/systems_latent_instability_combz_associations.csv","916","4e008285b383cbf6ab25bc8ee3e2df3f702352068957c0d35f7bfc756b1fc1c5"
"5min_based/stats_tables/systems_named_biological_score_group_summary.csv","10303","80c922560b6973bbf2c8b61d09d32b0483eae47f9b120a98b9ab4e9bd5bef5ae"
"5min_based/stats_tables/systems_outcome_associations.csv","17435465","edb3ead24a2ff50d7db64bc7c138abbd2e0958688d25da9245187189737b7cea"
"5min_based/stats_tables/systems_pc1_combz_association_by_sex.csv","244","6d5339011f3d717ce70c3af889dcc14ea364ea250fdb503932f2d2b3597add43"
"5min_based/stats_tables/systems_prospective_feature_scatter_sex_stats.csv","47721","3b4ae4d2f7eb86ef94b33cd110c9935b2156cc38616de0971c000b9b1fec315d"
"5min_based/stats_tables/systems_prospective_outcome_associations.csv","214541","f6dda35c685facdcbc5acc78437a5703ccee5b6d962a7561a95f751158b723fa"
"5min_based/stats_tables/systems_sis_domain_effect_summary_pre_hmm_identity_fix.csv","11948","83eba65318fbd275380783d49c1ab1673ebb7c0ac1a57ddb66cc5facda31f400"
"5min_based/stats_tables/systems_sis_domain_effect_summary.csv","48512","1fcff4830618b84cb6c9508a0d52281ef84489e749e3a7a7825185701cae5545"
"5min_based/stats_tables/systems_sis_domain_group_sex_interactions_by_hmm_resolution.csv","3567","75287879b2dbeae2fc1d080ccb8f85d88e63116a567a5d67d3e58308a116f4b3"
"5min_based/stats_tables/systems_sis_domain_group_summary.csv","43246","3b80235145619e5fda9d7937bfd83125f7198aacc48d527fa77587dc36f2a085"
"5min_based/stats_tables/systems_sis_domain_mixed_model_stats.csv","12236","6573d77ab8c8bc1d783d7c758deeaa648938238e8fe92d21107610e34d5399c6"
"5min_based/stats_tables/systems_sis_female_active_state_architecture_before_after.csv","1821","af542739a033554b5259ae1a8dce7c2fd5aa9f1adad14edefd8fafc6605a88fe"
"5min_based/stats_tables/systems_sis_first_active_12h_prediction_table.csv","55729","8b28f9fafd46251dd5ff55b0debffd24d4d12fd8d27eb5900dfaad47143c150f"
"5min_based/stats_tables/systems_sis_hmm_resolution_sensitivity.csv","11074","d3a79a1afd938e7f63ce0e054125d2affd3a34c9159b42e3ecb772645b58ffa5"
"5min_based/tables/duration_normalization_methods_text.csv","1030","a155fe186af52ee133974e3f4685ee1db575d14a87db5f0cc4427e8b5bf17ea1"
"5min_based/tables/duration_sensitivity_audit.csv","6235","5a679ade8e7fa9dcf870a23d25f334f02c6f568a1fd80e55b0cc571b86b4ab4f"
"5min_based/tables/epoch_duration_qc.csv","208467","f246242dd03bb710a0dcfe468308f15fa5ca0caecc8f051b8ea553b978b4b873"
"5min_based/tables/input_path_registry.csv","2254","bb4edbf029e0164c9a3ff1a79929a841cf711ab32a81a7819cb231d34051eb28"
"5min_based/tables/output_figure_inventory.csv","52747","4f57b8ef795b940da181f49319dd459f37dad57033ab0ec798e18f7c765170dd"
"5min_based/tables/output_folder_summary.csv","348","4ed29366ce0513f11492321a9ac017c59109dbc19fd922b5cde6c6aedd37529f"
"5min_based/tables/qc_chip_loss_flags.csv","214650","f992afc794fbaef4314b080734cc1f9d0ed585bbd79ba244662caf7f78c51bf1"
"5min_based/tables/qc/chip_loss_downstream_feature_audit.csv","678","a9eb87aec098d93dc48c415b9016ebb905acf660d11716eef28dc3c34aa50487"
"5min_based/tables/qc/group_balance_by_batch_system.csv","904","e8790d92c2ed4adafdc5618259a6abe78166dd821fb66be80e948eef0b734036"
"5min_based/tables/sis_CC1_first_active_domain_contrasts.csv","20428","7d5a7ea2d18c65ea3cea39a528fbd0d9aff5b9dd963a1f36d3a371f1a49a7f5b"
"5min_based/tables/sis_CC1_first_active_domain_documentation.csv","883","d5c3502fdaa8ef539d9c8f497b8d36a620096660ea5cc724be5d3008652fd62b"
"5min_based/tables/sis_CC1_first_active_domain_exclusion_qc.csv","951","1cae8aa1dc312aa06df3c37ed689347a4f628c768a39ccce52f3eeaf28959bc4"
"5min_based/tables/sis_CC1_first_active_domain_feature_inventory.csv","4640","99a8df6b6d482267c983522a6229d5ebc55055d6b6ca761787fcf49d498adc87"
"5min_based/tables/sis_CC1_first_active_domain_heatmap_data.csv","12842","22041be83c59a0867ac6a961897cd4d79720803ab341a13e1c1394bc885e04a3"
"5min_based/tables/sis_first_night_animal_window_qc.csv","36564","022d402097e3b11757bb01b37a8d31a7d8725332524c1faf0a5acdea092118a8"
"5min_based/tables/sis_first_night_documentation.csv","2557","7b347aeac66b7caf22859d946cd2d1f9018069a04686585e938251e6b2989ef5"
"5min_based/tables/sis_first_night_domain_contributor_qc.csv","321270","6a18458e95255f9434fc023aee55ede01b544494fcd5c7be54d24d22a52b8fb9"
"5min_based/tables/sis_first_night_domain_n_by_sex_group.csv","3849","870b52329104229612281d6ad68e2b5381f2ecb3e6dafd1c304e634e19e575d6"
"5min_based/tables/sis_first_night_domain_scores.csv","1114398","6fc52537314eb19f4a165d72bfafcaf8a287a49b7756d1d45ad480734f39396a"
"5min_based/tables/sis_first_night_raw_features.csv","80647","15cfc74f73ae31c02d7e026cda5c1d41b364d559547aaacbaf31224c65520724"
"5min_based/tables/sis_first_night_window_contract.csv","2421","2a7a6b8cc2e683a84ee39d8380636563c331cf2f2fd2835af3390d6a9096be6c"
"5min_based/tables/systems_analysis_summary.csv","1030","d0ee4d698b018da460ce5ad6b90563c757d9b14bb2ec5c5165179239c084961f"
"5min_based/tables/systems_animal_feature_matrix.csv","4460226","b9e9d4fbb47d4d796e26d59fc98e49b6bcebc9adec53a754602cf2f9390e98d2"
"5min_based/tables/systems_batch_system_cage_audit.csv","6268","0db4eb7d006e011132d11c894712cbd502f82bddde3ced83220546ee57995954"
"5min_based/tables/systems_behavior_proteomics_bridge.csv","274","17ff0b89b9b7d51de4e2cd804ca8dd176ebbb238be532e46e6f1af34a8f4ce84"
"5min_based/tables/systems_bin_size_sensitivity_summary.csv","277189","08eb0d7dae243954dc6da1527f1f6bcb2c6c7c8e0b456dbacaaefd698fbfd89a"
"5min_based/tables/systems_claim_hierarchy.csv","3541","c51b5fcfdbc062ce448c9e3cfe54ba14f9feee415b0b2f63f9ac786e3cc44cb2"
"5min_based/tables/systems_computation_integration_audit.csv","16080","b8eef961db9c52f15084f4920f03c869fba9d0a1ea6b39d1e2dfc44b98144f0e"
"5min_based/tables/systems_dashboard_group_n_by_sex.csv","90","ee0523a0afd0ea7530e66443dc5027e2f0be0334b6418e5fab278b617c797ad9"
"5min_based/tables/systems_dashboard_module_effect_summary.csv","4308","6b4dd082ad4bfa67874c001ab6287bcda8f3098faf5bcea12ccf84e2f67031ca"
"5min_based/tables/systems_domain_bin_preference_audit.csv","1820","097bc3ec871d720ac02907ab91e3bc398f41431262a2b786cfcf4ca4a969090d"
"5min_based/tables/systems_duration_negative_control_by_animal.csv","23878","6abc297c0e1b6e5c2d37e601c7a2a629f243ea2aecdfd4caff050136322893f7"
"5min_based/tables/systems_early_active_baseline_relative_reorganization.csv","19870","175ea9b283d2def38aef71599fb32f01052d054eb75e7df7a90059c7e4d22eb6"
"5min_based/tables/systems_early_active_domain_scores.csv","328008","32a44a82ee3fd740e462313b8714351ceb8efd0e7b261ef8d03ca0932099827c"
"5min_based/tables/systems_early_active_recovery_kinetics.csv","17224871","f3774173caae0e2d55c3e1c852f78bab003f99f3f623f99ba6ab9ad159c90a42"
"5min_based/tables/systems_endpoint_leakage_audit.csv","597016","cb06e767433ab3822ec4c13a5c2e7cc9c9601a05abd6f6b245a84644dc1e7a98"
"5min_based/tables/systems_ethological_phase_organization.csv","4964440","96bf63f06d83cc4335761b2557310f9233af4f926efa3ff4b6c6a947c52a226d"
"5min_based/tables/systems_feature_correlation_network_edges.csv","16279","a5a1e10f5c2f41713085f2854fcd0e8b3b772803b3eff98c6a462620f94438f7"
"5min_based/tables/systems_feature_dictionary.csv","2064131","63e89b6121ffe540636cf709c2715c5540503cd4df21262ff20a9fc158b0f591"
"5min_based/tables/systems_feature_qc.csv","2240444","253914877ebebefd1dc842ffb1a76449fbdbea2eb53e09efb33acb58841186a0"
"5min_based/tables/systems_feature_redundancy_within_modules.csv","2677671","0cefe5e10f45a8361a16c77a65adebfe2035a92197bc468c81b0bf3c2094798a"
"5min_based/tables/systems_feature_sets.csv","810","fdbfb0f25e6ba6b7cccd1916d318eccc8aeab079f8f69d554fb7ab424249272a"
"5min_based/tables/systems_first_active_window_qc.csv","19861","eb4e12a4c5bad46c814622615c6d57b87193386440804354fe43d8c96851c784"
"5min_based/tables/systems_hmm_composite_component_audit.csv","1358","50971483cc998488f49dd2047b2f5748fa4d2a1fb8b121bb8efa11072f02d001"
"5min_based/tables/systems_hmm_epoch_scores_by_resolution.csv","310432","08dda2eda8e75cd132f74c6065f257a82d4b67c3b2423d58c0b8a0c2dd3bcd3d"
"5min_based/tables/systems_hmm_group_sex_concordance.csv","66690","9bbbc1d7b08248936f7b6cdfb0fe5004dab7339a6332064b0be35d5ac4609a9a"
"5min_based/tables/systems_hmm_identity_alias_audit.csv","48292","771cad058c9677e6e0bb8760863225446e53f7d5faeebce9d089e05b5de2b327"
"5min_based/tables/systems_hmm_identity_conflicts.csv","83","b8841b7f70d33409f15d8c7fe1a2fe8a96b25cac4705daa70147e414705042a6"
"5min_based/tables/systems_hmm_identity_summary.csv","720","7aa499271655b905b48124bfd98a05c3f08fd9d5c33eedb69aec580d43bdbbd3"
"5min_based/tables/systems_hmm_path_audit.csv","1975","47fe5c88bd1755fb5e07e9fcc022151ef7aa6f6c0768b40502b5c6c8ba88148c"
"5min_based/tables/systems_hmm_resolution_provenance.csv","4980","a22e3a94d2846fb77e7c0aa3940a77a5d27227afc7f5ab4f7fb640f2e5d40769"
"5min_based/tables/systems_hmm_semantic_category_audit.csv","505","203fa5ba89d3f876c7127e5b50e1652b77b667b5abf112e8399d6122fcb52373"
"5min_based/tables/systems_hmm_standardization_context_audit.csv","3636","48539eec25002e7559c0881ed6ee432b194d7dd84e01a4c3c1cc75868afc4dcd"
"5min_based/tables/systems_hmm_state_semantic_labels.csv","1538","af387d68b9ab2b2af53d53a3ae58a4adc713a4475d2dd7d3e0f503bd5a2d870c"
"5min_based/tables/systems_hmm_transition_probability_differences.csv","13888","222208fb9742b4e45b3b2c7c806843765fd5a59e78a534193415cf20d645a568"
"5min_based/tables/systems_hmm_transition_probability_summary.csv","7488","0279d418ceca5c6b43f60c02574dca24537712925ac4c63a654af25b42b39837"
"5min_based/tables/systems_incremental_prediction_loo_predictions.csv","56928","3247b8817b50ce8598fed4dff428548fb7e0895fd55728c2208b6c49fb3ea408"
"5min_based/tables/systems_incremental_prediction_model_ladder.csv","3584","3e51208061682857cff4c746aa2deb869e1c2fd5c0e91e2f507e5e88614329f1"
"5min_based/tables/systems_interpretation_guide.csv","895818","5a6f4b604654899725ea7d3863b6c4512f426fee5a196a6ea90a2285b67f1cba"
"5min_based/tables/systems_latent_instability_by_animal.csv","72662","bea04bed99c92162392f9193d05dfabf483a12b072b5583462bc0ef43a6d160b"
"5min_based/tables/systems_leave_one_context_out_robustness.csv","214734","e99838f0f67e8a20331771e9b0d67c206fbf6f8867bf0e30d847d433c2aed1ae"
"5min_based/tables/systems_linear_vs_nonlinear_feature_audit.csv","934985","07ce550a2916d888ae3387ced4ac77e94d9ca260aa855397e9777a1cddd723d1"
"5min_based/tables/systems_module_coupling_edges.csv","3947","7f75fc694cefde8aa1b5e531d377b6819dd90217dc11074d2bec20d0d2c859a6"
"5min_based/tables/systems_module_feature_inventory.csv","341","78ee806087a2817f14ca0c96f946cfb6fa4a1bb2d950e1d9c7b426c1b7983824"
"5min_based/tables/systems_module_scorecards_base.csv","1745","4755d7170041651866ac9d4bc0eea3871ea58c8ee8dc36b6c39deda00ab0d4f2"
"5min_based/tables/systems_module_scorecards.csv","2112","ce3feb70f383fc898066572487ac62cca1b4f6e418ef0678ee0156ec77a7d72e"
"5min_based/tables/systems_module_scores_by_animal.csv","20057","9c2cf8cf6b203eb61d253bd71bf3fc1848abfd02d15b3e5021237085ee5260c0"
"5min_based/tables/systems_multiscale_temporal_organization.csv","4153125","f31b6adaecd7979c3f7734c8f69fdd8a72bf92d92a498ae766996b6a730b6f52"
"5min_based/tables/systems_named_biological_scores.csv","1386011","6e5c6ff0876aab1abbc7eca166f9d2ef1f22093c5e46b5be3eb62c57827f9e6a"
"5min_based/tables/systems_output_naming_conventions.csv","1741","421aad77aaa669f3cac73f7270a8d12b7134b2f2603e5185786277406d17a177"
"5min_based/tables/systems_pca_loadings.csv","1800270","47c582304ee6a52acc69aecd517994056743ca2ea57efa3df056b0f3fb5f9a4f"
"5min_based/tables/systems_pca_scores.csv","29588","db82f40edd1b9921a3c0875970696b9fe9048ce336f8799444fc0a60c6a8e328"
"5min_based/tables/systems_pca_variance.csv","5033","20b8eb6783d4e5d2936733548133a7db237c514c3ebb8af5eafc49629ed8d569"
"5min_based/tables/systems_prediction_ladder_coefficients_duration_sensitivity.csv","301245","a54d9d8ef242c56a255eac38981fe8b7adc71ef358d6897c1430237877351bbb"
"5min_based/tables/systems_prediction_ladder_coefficients.csv","301245","a54d9d8ef242c56a255eac38981fe8b7adc71ef358d6897c1430237877351bbb"
"5min_based/tables/systems_prediction_ladder_loo_predictions_duration_sensitivity.csv","82762","25499cf4ab08d7180cd856d0ea49ed143f42c1b5fbc98c5ec42cba02854d2170"
"5min_based/tables/systems_prediction_ladder_loo_predictions.csv","82762","25499cf4ab08d7180cd856d0ea49ed143f42c1b5fbc98c5ec42cba02854d2170"
"5min_based/tables/systems_prediction_ladder_performance_duration_sensitivity.csv","4300","1cf8eb7d965a374661677611289f3d6c349d9c8215b4940f8d7921ce247a8db5"
"5min_based/tables/systems_prediction_ladder_performance.csv","5909","03eb2964c1eb5446b6a8c997d7f4b2e799e50170410f6d10ff2de6691cfd1b11"
"5min_based/tables/systems_prediction_module_delta_waterfall.csv","1285","ec27e3f96959e2fb3b9000f61656f2a02c858621c60f71dce466d098d72d3453"
"5min_based/tables/systems_prediction_module_scores_duration_sensitivity.csv","22478","a1b56e232aa93b2fb9f839e6f253f838db71e54b40df553b87f665e7efd10f4b"
"5min_based/tables/systems_prediction_module_scores.csv","22478","a1b56e232aa93b2fb9f839e6f253f838db71e54b40df553b87f665e7efd10f4b"
"5min_based/tables/systems_primary_claims_table.csv","4789","11d30b54d7967f0ff138d2e3f944e3ca158e4d532e0f347652d41162b7919f3f"
"5min_based/tables/systems_primary_feature_set.csv","2651","3e300422f45bb06e4d0f1c964328210030cbd6b6059ccf0cd6fcfda6d4e901eb"
"5min_based/tables/systems_primary_findings_summary.csv","36372","9cffa57e201d60abf179cdf8db2a5df9553062624e47a1a922b2c529afec91e8"
"5min_based/tables/systems_prospective_outcome_loo_performance_by_sex.csv","243","b9aa2ebeae6ac26bb1e396510f75efd5632226375a74c2b39b8def1d7f213257"
"5min_based/tables/systems_prospective_outcome_loo_performance.csv","1280","f07efbae13fdc64a1f2b013844df32de77b7fd7e294503158bfc178c90caa306"
"5min_based/tables/systems_prospective_outcome_loo_predictions.csv","11778","7215d962999fcbdc0f9f4d69e9b88140300094514a4541fd640249770e80473f"
"5min_based/tables/systems_rest_fragmentation_metrics.csv","3877893","0904f30fb52ebe3791956f770936690451cad17fecd666981f31e7cb388886e1"
"5min_based/tables/systems_robustness_audit.csv","3429","953ec85fff0b7a7c714349c952b8c2fda9e726de90331330f7241b2d73345a44"
"5min_based/tables/systems_robustness_summary.csv","2195848","900c6b22fcfc64e4af2902dfa34951aab9de54f5402e1524ac61614fa98a1a4c"
"5min_based/tables/systems_sis_active_inactive_domain_contrasts.csv","740379","e5a5b0f70fc86ad11dc7c0dcd780901988af5eb7b05eb49c4cf2a58a0927eb7d"
"5min_based/tables/systems_sis_dashboard_figure_legend_draft.csv","1737","364c382a38d771c43a7e31f579c570060869433a7bbb296f533c7b3fb9166bac"
"5min_based/tables/systems_sis_domain_feature_inventory.csv","31680","daf1dc4c377eff074a9b653395d7e77d83460cbb2614c3d618b25fd3f43bffa7"
"5min_based/tables/systems_sis_domain_interpretation_guide.csv","3869","9001231c1c65c9939101181b9b0aa4f7baa7b2079f148cb7329d181133567fed"
"5min_based/tables/systems_sis_domain_pca_loadings.csv","959","463342c03459c11e588ae72a6c495eeb8a2dfaf706ef8eb46fbc019c1335f9d6"
"5min_based/tables/systems_sis_domain_pca_scores.csv","6086","e01333a55cc534f8f76c76a109632b1255c19a8baa39737aa35ba74dd2812dee"
"5min_based/tables/systems_sis_domain_scores.csv","2034602","e076bcd1a3d781d92fa827717477b6bbf890a76579c2a43b2865745b5fad79c4"
"5min_based/tables/systems_sis_feature_redundancy_diagnostics.csv","32861","21c3403e372ce9f33d4362095f275361133d5f946d6a0312dd7b451c724b69a9"
"5min_based/tables/systems_sis_first_active_12h_domain_scores.csv","484186","9e76356d78a07c48eb0fae6a53b2dcfaafa8481e6a15614bf2ad7e512ffdf66a"
"5min_based/tables/systems_sis_locomotion_dominance_audit.csv","1583","9bd90357409b737db21a530427f67782762e61748056030496cfe7c7a54acfda"
"5min_based/tables/systems_sis_raw_phase_epoch_features.csv","296922","7107b1f827cdec0359013c80803a08e5390cdfcbb0615f8426b190baa550309d"
"5min_based/tables/systems_sleep_like_inactivity_summary.csv","7223","e6cafeab422fb219c954d17cf0a15c004352028039de53f041ab0555fc025ffe"
"5min_based/tables/systems_sleep_like_path_audit.csv","1163","45b9879d4ffa28d93f72d7862a0961edf7750518cc7df4c8447e763eb5ec56f6"
"5min_based/tables/systems_social_reorganization_metrics.csv","13191671","36bb75b0c1659c83ef2e99debde508dab9ac57289cd1a7b62587e69862f8b96c"
"5min_based/tables/systems_stage14_hmm_coverage_audit.csv","1381","1a13d78df3c2404075f02dae875fdbaa8eff058e4d57e51504eb39dd2afd1baa"
"5min_based/tables/systems_stage14_hmm_epoch_coverage_detail.csv","89931","0a4a9eba6f5f1b1226034e00d0c91f8bcabf993cd35f9c5d960f244ab8426f35"
"5min_based/tables/systems_stats_reporting_guide.csv","4480","51310d0f8264fc3f13aa71bf4053dddcd159c8002334571f6200fdb352900c26"
"5min_based/tables/systems_temporal_latent_epoch_embeddings.csv","300377","94197a47b96a4edf62db53e598f7dc75b4f3684e66911876131407d96f215dc3"
"5min_based/tables/systems_temporal_latent_group_trajectories.csv","3910","691b511a8921e84538962fb080184fc088aac6660d999ad027475992e1db915e"
"5min_based/tables/systems_top_findings_for_reporting.csv","24981","99e4dc534d041e7da389b5330d47ce5f40c4cade9e7fc7f0c53a765f56fbe798"
"5min_based/tables/systems_umap_scores.csv","21316","8fd8120e64215fb5d487a4923b30129bb73d6c35a2a95660b587e3da137b2767"
"5min_based/tables/systems_upstream_dependency_audit.csv","3083","08d27a81abcf1ba546f2d0a7ab8eae28505b483228fd6202b9f851c0973c07c4"
"5min_based/tables/systems_visualization_guide.csv","7239","70124cc697bb9dd81777f0ced5950f56f2f7398eec3c5f5bc9926d62b65acb49"
