"group","source_rel","target_root_rel","target_file","source_sha256","gate","contract_file","contract_sha256"
"first_night_10min","12_systems_neuroscience_summary/5min_based/first_night/10min_based/first_night_animal_window_qc.csv","analyses/first_night_five_domain_characterization/10min","first_night_animal_window_qc.csv","b54bd2390cf6a8d46045f946e2070f85fab50d4f6d55f9dadee591a5167363a5","ready","docs/behavior_output_code_contracts/first_night_10min.csv","e69c26f92a1c482e6b3b6fa5e62b3b38d64ac925790293b718695b3b73b06d36"
"first_night_10min","12_systems_neuroscience_summary/5min_based/first_night/10min_based/first_night_domain_contributor_qc.csv","analyses/first_night_five_domain_characterization/10min","first_night_domain_contributor_qc.csv","dfcb7d4bd364c7d0457b195d1aff96dce910577c758387d84d9e6f1497cc6bf2","ready","docs/behavior_output_code_contracts/first_night_10min.csv","e69c26f92a1c482e6b3b6fa5e62b3b38d64ac925790293b718695b3b73b06d36"
"first_night_10min","12_systems_neuroscience_summary/5min_based/first_night/10min_based/first_night_domain_scores.csv","analyses/first_night_five_domain_characterization/10min","first_night_domain_scores.csv","7763628e1b8c45a53d06b9f0484ef3f5396b29f12a68caf59a3a7e7c6059f7b7","ready","docs/behavior_output_code_contracts/first_night_10min.csv","e69c26f92a1c482e6b3b6fa5e62b3b38d64ac925790293b718695b3b73b06d36"
"first_night_10min","12_systems_neuroscience_summary/5min_based/first_night/10min_based/first_night_feature_standardization_parameters.csv","analyses/first_night_five_domain_characterization/10min","first_night_feature_standardization_parameters.csv","9fe6c034c696b3c5ed3fb8ae14c49d412ef7ab30d2018cafdcc2753e2122aaa2","ready","docs/behavior_output_code_contracts/first_night_10min.csv","e69c26f92a1c482e6b3b6fa5e62b3b38d64ac925790293b718695b3b73b06d36"
"first_night_10min","12_systems_neuroscience_summary/5min_based/first_night/10min_based/first_night_full_raw_candidate_family_sensitivity.csv","analyses/first_night_five_domain_characterization/10min","first_night_full_raw_candidate_family_sensitivity.csv","f024c94bda488296942a2f57f3e907943abe5ac2e29d8192e8ac0f2530779bf1","ready","docs/behavior_output_code_contracts/first_night_10min.csv","e69c26f92a1c482e6b3b6fa5e62b3b38d64ac925790293b718695b3b73b06d36"
"first_night_10min","12_systems_neuroscience_summary/5min_based/first_night/10min_based/first_night_group_contrasts.csv","analyses/first_night_five_domain_characterization/10min","first_night_group_contrasts.csv","b55aac3b0f05a04a78093356990387d269649fd60bd2f00039eadfe44003146f","ready","docs/behavior_output_code_contracts/first_night_10min.csv","e69c26f92a1c482e6b3b6fa5e62b3b38d64ac925790293b718695b3b73b06d36"
"first_night_10min","12_systems_neuroscience_summary/5min_based/first_night/10min_based/first_night_group_sex_interactions.csv","analyses/first_night_five_domain_characterization/10min","first_night_group_sex_interactions.csv","0eec4b0d7e0bdc4dcbbc6570bd242b3f87e1aaf90c40aaa684d15b16474a7e7d","ready","docs/behavior_output_code_contracts/first_night_10min.csv","e69c26f92a1c482e6b3b6fa5e62b3b38d64ac925790293b718695b3b73b06d36"
"first_night_10min","12_systems_neuroscience_summary/5min_based/first_night/10min_based/first_night_multiplicity_contract.csv","analyses/first_night_five_domain_characterization/10min","first_night_multiplicity_contract.csv","e15c16e63207c0e53ea2f8a77fd722073a53bc078d39b51c07f6fbc1f082bcb1","ready","docs/behavior_output_code_contracts/first_night_10min.csv","e69c26f92a1c482e6b3b6fa5e62b3b38d64ac925790293b718695b3b73b06d36"
"first_night_10min","12_systems_neuroscience_summary/5min_based/first_night/10min_based/first_night_raw_features.csv","analyses/first_night_five_domain_characterization/10min","first_night_raw_features.csv","4005bca5be7584c667bdc2b78ccb37ab6f9ed52f3576e8a67be3528d68d13668","ready","docs/behavior_output_code_contracts/first_night_10min.csv","e69c26f92a1c482e6b3b6fa5e62b3b38d64ac925790293b718695b3b73b06d36"
"first_night_10min","12_systems_neuroscience_summary/5min_based/first_night/10min_based/first_night_window_contract.csv","analyses/first_night_five_domain_characterization/10min","first_night_window_contract.csv","2ad4959684a23caff8cab336d972870ba619e6672fd96cc32e935fc9e4b186a2","ready","docs/behavior_output_code_contracts/first_night_10min.csv","e69c26f92a1c482e6b3b6fa5e62b3b38d64ac925790293b718695b3b73b06d36"
"first_night_5min","12_systems_neuroscience_summary/5min_based/first_night/5min_based/first_night_animal_window_qc.csv","analyses/first_night_five_domain_characterization/5min","first_night_animal_window_qc.csv","eb4e12a4c5bad46c814622615c6d57b87193386440804354fe43d8c96851c784","ready","docs/behavior_output_code_contracts/first_night_5min.csv","59de3f951e6e952c8af23cee322dabb73857f9769d79fbcd139896bcefff8fbc"
"first_night_5min","12_systems_neuroscience_summary/5min_based/first_night/5min_based/first_night_domain_contributor_qc.csv","analyses/first_night_five_domain_characterization/5min","first_night_domain_contributor_qc.csv","dae8583d959ea55d8d9d3b2fbf9fd6ff5476b57f05be759afd8a5dc1274153ef","ready","docs/behavior_output_code_contracts/first_night_5min.csv","59de3f951e6e952c8af23cee322dabb73857f9769d79fbcd139896bcefff8fbc"
"first_night_5min","12_systems_neuroscience_summary/5min_based/first_night/5min_based/first_night_domain_scores.csv","analyses/first_night_five_domain_characterization/5min","first_night_domain_scores.csv","bf7e887f0ebca52efa540c1f9e5f90fae714bbf438d4923052922b598da95140","ready","docs/behavior_output_code_contracts/first_night_5min.csv","59de3f951e6e952c8af23cee322dabb73857f9769d79fbcd139896bcefff8fbc"
"first_night_5min","12_systems_neuroscience_summary/5min_based/first_night/5min_based/first_night_feature_standardization_parameters.csv","analyses/first_night_five_domain_characterization/5min","first_night_feature_standardization_parameters.csv","b0caef49616ffabae525749f5a9004a1afb9dccad892293a9015dbccda8bf47f","ready","docs/behavior_output_code_contracts/first_night_5min.csv","59de3f951e6e952c8af23cee322dabb73857f9769d79fbcd139896bcefff8fbc"
"first_night_5min","12_systems_neuroscience_summary/5min_based/first_night/5min_based/first_night_full_raw_candidate_family_sensitivity.csv","analyses/first_night_five_domain_characterization/5min","first_night_full_raw_candidate_family_sensitivity.csv","01070ed953cbe6b6decca6acd2e0f84e7f5665f2dbdf7fca3d4c14e0650c15cc","ready","docs/behavior_output_code_contracts/first_night_5min.csv","59de3f951e6e952c8af23cee322dabb73857f9769d79fbcd139896bcefff8fbc"
"first_night_5min","12_systems_neuroscience_summary/5min_based/first_night/5min_based/first_night_group_contrasts.csv","analyses/first_night_five_domain_characterization/5min","first_night_group_contrasts.csv","b7c9ea6a63a487699ee07b20cb0eb83204ddf541ee8926e995ee172a26d78db2","ready","docs/behavior_output_code_contracts/first_night_5min.csv","59de3f951e6e952c8af23cee322dabb73857f9769d79fbcd139896bcefff8fbc"
"first_night_5min","12_systems_neuroscience_summary/5min_based/first_night/5min_based/first_night_group_sex_interactions.csv","analyses/first_night_five_domain_characterization/5min","first_night_group_sex_interactions.csv","c93f35bb662ed3d9861e644268fd599060add2a2d137d68604f1fdd667b64860","ready","docs/behavior_output_code_contracts/first_night_5min.csv","59de3f951e6e952c8af23cee322dabb73857f9769d79fbcd139896bcefff8fbc"
"first_night_5min","12_systems_neuroscience_summary/5min_based/first_night/5min_based/first_night_multiplicity_contract.csv","analyses/first_night_five_domain_characterization/5min","first_night_multiplicity_contract.csv","2aaca597a99b2c3f8332624a824e755b6f873235cc01aea7a0392faaba316c23","ready","docs/behavior_output_code_contracts/first_night_5min.csv","59de3f951e6e952c8af23cee322dabb73857f9769d79fbcd139896bcefff8fbc"
"first_night_5min","12_systems_neuroscience_summary/5min_based/first_night/5min_based/first_night_raw_features.csv","analyses/first_night_five_domain_characterization/5min","first_night_raw_features.csv","fc7d06eaed073541708eaf202bbb145142f06bf58cef1e649797bd3928ca0c04","ready","docs/behavior_output_code_contracts/first_night_5min.csv","59de3f951e6e952c8af23cee322dabb73857f9769d79fbcd139896bcefff8fbc"
"first_night_5min","12_systems_neuroscience_summary/5min_based/first_night/5min_based/first_night_window_contract.csv","analyses/first_night_five_domain_characterization/5min","first_night_window_contract.csv","d4dd95226b6d525b0112cc48495ff0f562392287467ec6352f6a86b6ae56fbc7","ready","docs/behavior_output_code_contracts/first_night_5min.csv","59de3f951e6e952c8af23cee322dabb73857f9769d79fbcd139896bcefff8fbc"
"spatial_tables","03_derived_metrics/spatial_occupancy/all_position_occupancy_by_bin.csv","analyses/spatial_occupancy/tables","all_position_occupancy_by_bin.csv","127b3b765b5a08b05f16dcffa175296b95375b3c71eaf9ba832dcf02b5ccdeff","ready","docs/behavior_output_code_contracts/spatial_tables.csv","42f68e3197754c1763b21614b8b59357b32550e4edbcc1b697028056efb0ae01"
"spatial_tables","03_derived_metrics/spatial_occupancy/all_position_occupancy_by_phase.csv","analyses/spatial_occupancy/tables","all_position_occupancy_by_phase.csv","8cb4ac1598aecc2bc5206603bd4c0c362226ed12078524c1886dd1b037988d7d","ready","docs/behavior_output_code_contracts/spatial_tables.csv","42f68e3197754c1763b21614b8b59357b32550e4edbcc1b697028056efb0ae01"
"spatial_tables","03_derived_metrics/spatial_occupancy/animal_level_reader_occupancy_for_maps.csv","analyses/spatial_occupancy/tables","animal_level_reader_occupancy_for_maps.csv","f6c4d97ea6be68ff725dec5accc18e691ce5a3a9c77ccbde734dde1703811b5b","ready","docs/behavior_output_code_contracts/spatial_tables.csv","42f68e3197754c1763b21614b8b59357b32550e4edbcc1b697028056efb0ae01"
"spatial_tables","03_derived_metrics/spatial_occupancy/animal_level_reader_occupancy_summary.csv","analyses/spatial_occupancy/tables","animal_level_reader_occupancy_summary.csv","1fc3c4101d5ca7e5fda44d152ea943aacdc7a677c9555b59dcc7bd9ceb674ba7","ready","docs/behavior_output_code_contracts/spatial_tables.csv","42f68e3197754c1763b21614b8b59357b32550e4edbcc1b697028056efb0ae01"
"spatial_tables","03_derived_metrics/spatial_occupancy/group_level_reader_occupancy_summary.csv","analyses/spatial_occupancy/tables","group_level_reader_occupancy_summary.csv","79fd4f70a4108b6f9683e4c51bb63344deb542a9f438943604297d23a70f00e9","ready","docs/behavior_output_code_contracts/spatial_tables.csv","42f68e3197754c1763b21614b8b59357b32550e4edbcc1b697028056efb0ae01"
"spatial_tables","03_derived_metrics/spatial_occupancy/reader_occupancy_group_contrasts_effect_sizes.csv","analyses/spatial_occupancy/tables","reader_occupancy_group_contrasts_effect_sizes.csv","9e8ac2342ab9d058b2a9fe5dbe906445c25424630740901103cdac8f5f615331","ready","docs/behavior_output_code_contracts/spatial_tables.csv","42f68e3197754c1763b21614b8b59357b32550e4edbcc1b697028056efb0ae01"
"spatial_audit","03_derived_metrics/spatial_occupancy/canonical_identity_alias_merge.csv","analyses/spatial_occupancy/audit","canonical_identity_alias_merge.csv","138c79969505f5af7b44985df7691708c9e1fdf7b81ec6556c8760f997973672","ready","docs/behavior_output_code_contracts/spatial_audit.csv","d07fa67e5677ecf516483fc8f2b1e067432f2eb23e6ef72776ce63279f56f582"
"spatial_audit","03_derived_metrics/spatial_occupancy/canonical_identity_conflicts.csv","analyses/spatial_occupancy/audit","canonical_identity_conflicts.csv","1bd3756105603e526d26a8b4439326060bc356bd06c066a2c2bb118bc4396a53","ready","docs/behavior_output_code_contracts/spatial_audit.csv","d07fa67e5677ecf516483fc8f2b1e067432f2eb23e6ef72776ce63279f56f582"
"spatial_audit","03_derived_metrics/spatial_occupancy/canonical_identity_summary.csv","analyses/spatial_occupancy/audit","canonical_identity_summary.csv","a6bc838c4ae708e1e24a9f53c0cb099ff472dcc8e88fa880dcc1f35062a5197f","ready","docs/behavior_output_code_contracts/spatial_audit.csv","d07fa67e5677ecf516483fc8f2b1e067432f2eb23e6ef72776ce63279f56f582"
"spatial_audit","03_derived_metrics/spatial_occupancy/group_sex_label_contract.csv","analyses/spatial_occupancy/audit","group_sex_label_contract.csv","d1acf19d02b588f455a7a422d69455174e7b760fe0b56a1984709d8180844578","ready","docs/behavior_output_code_contracts/spatial_audit.csv","d07fa67e5677ecf516483fc8f2b1e067432f2eb23e6ef72776ce63279f56f582"
"spatial_audit","03_derived_metrics/spatial_occupancy/phase_boundary_and_gap_rule_audit.csv","analyses/spatial_occupancy/audit","phase_boundary_and_gap_rule_audit.csv","2309e3ad1d63e456ce6ee60677382a1781f3fa166ad2b9633ac629fa42337bc0","ready","docs/behavior_output_code_contracts/spatial_audit.csv","d07fa67e5677ecf516483fc8f2b1e067432f2eb23e6ef72776ce63279f56f582"
"spatial_audit","03_derived_metrics/spatial_occupancy/raw_position_metadata_assignment_qc.csv","analyses/spatial_occupancy/audit","raw_position_metadata_assignment_qc.csv","a9f986dc5b5649022b5dd93fb35115bc94e75092c05884a7396d88732a125636","ready","docs/behavior_output_code_contracts/spatial_audit.csv","d07fa67e5677ecf516483fc8f2b1e067432f2eb23e6ef72776ce63279f56f582"
"spatial_audit","03_derived_metrics/spatial_occupancy/session_info.txt","analyses/spatial_occupancy/audit","session_info.txt","0ee60dd54552940b5012840c2f6b9b7356f9645a0c8b0568443e3b2854e2de4f","ready","docs/behavior_output_code_contracts/spatial_audit.csv","d07fa67e5677ecf516483fc8f2b1e067432f2eb23e6ef72776ce63279f56f582"
"spatial_audit","03_derived_metrics/spatial_occupancy/spatial_occupancy_run_log.csv","analyses/spatial_occupancy/audit","spatial_occupancy_run_log.csv","41d9ac0a803844da996cacbe7f783da544d2939cba3a7af68bc7ad7daaafb854","ready","docs/behavior_output_code_contracts/spatial_audit.csv","d07fa67e5677ecf516483fc8f2b1e067432f2eb23e6ef72776ce63279f56f582"
"spatial_models","04_model_outputs/spatial_occupancy/longitudinal_full_phase_reader_occupancy_anova.csv","analyses/spatial_occupancy/models","longitudinal_full_phase_reader_occupancy_anova.csv","d7fd0e8653fae036d4db997ea124fd020262a79e7e836f7cecac65162c94d3d2","ready","docs/behavior_output_code_contracts/spatial_models.csv","3c920e427bdbb3d63bffccd048b8cca17b2386c5f55694acb2cd44f35f9ed886"
"spatial_models","04_model_outputs/spatial_occupancy/longitudinal_full_phase_reader_occupancy_emmeans_group_contrasts_by_position.csv","analyses/spatial_occupancy/models","longitudinal_full_phase_reader_occupancy_emmeans_group_contrasts_by_position.csv","e2303164464d0ace24f9bf1de1c26b598d52668db316a6444a8ce90e8b0f9e09","ready","docs/behavior_output_code_contracts/spatial_models.csv","3c920e427bdbb3d63bffccd048b8cca17b2386c5f55694acb2cd44f35f9ed886"
"spatial_models","04_model_outputs/spatial_occupancy/longitudinal_full_phase_reader_occupancy_lmer_fit.rds","analyses/spatial_occupancy/models","longitudinal_full_phase_reader_occupancy_lmer_fit.rds","5f5a235218e6bcca182a77891c8466c3dbe325c9cdaf367ee0fc687982ad8559","ready","docs/behavior_output_code_contracts/spatial_models.csv","3c920e427bdbb3d63bffccd048b8cca17b2386c5f55694acb2cd44f35f9ed886"
"spatial_models","04_model_outputs/spatial_occupancy/primary_cc1_first_active_reader_occupancy_anova.csv","analyses/spatial_occupancy/models","primary_cc1_first_active_reader_occupancy_anova.csv","60d1d0b222e40f2b980a2df9d0d93e93f19663b2c73d16b09443e92b217e832a","ready","docs/behavior_output_code_contracts/spatial_models.csv","3c920e427bdbb3d63bffccd048b8cca17b2386c5f55694acb2cd44f35f9ed886"
"spatial_models","04_model_outputs/spatial_occupancy/primary_cc1_first_active_reader_occupancy_emmeans_group_contrasts_by_position.csv","analyses/spatial_occupancy/models","primary_cc1_first_active_reader_occupancy_emmeans_group_contrasts_by_position.csv","9051afb7e5cc527a93be172bf26043d886e5e94f53678fb440ec414317dc2997","ready","docs/behavior_output_code_contracts/spatial_models.csv","3c920e427bdbb3d63bffccd048b8cca17b2386c5f55694acb2cd44f35f9ed886"
"spatial_models","04_model_outputs/spatial_occupancy/primary_cc1_first_active_reader_occupancy_lmer_fit.rds","analyses/spatial_occupancy/models","primary_cc1_first_active_reader_occupancy_lmer_fit.rds","6a285e8152e06108ee8201e534bb5d07e93a7b574d9685b99f3a4f18319488a5","ready","docs/behavior_output_code_contracts/spatial_models.csv","3c920e427bdbb3d63bffccd048b8cca17b2386c5f55694acb2cd44f35f9ed886"
"spatial_figures","05_figures/spatial_occupancy/longitudinal_reader_occupancy_effect_size_heatmap.svg","analyses/spatial_occupancy/figures","longitudinal_reader_occupancy_effect_size_heatmap.svg","b02ba67978338c03ad6021e731b169dc1c8255eacfe728dbf267aaceac18527b","ready","docs/behavior_output_code_contracts/spatial_figures.csv","3c920e427bdbb3d63bffccd048b8cca17b2386c5f55694acb2cd44f35f9ed886"
"spatial_figures","05_figures/spatial_occupancy/longitudinal_reader_occupancy_position_by_cagechange.svg","analyses/spatial_occupancy/figures","longitudinal_reader_occupancy_position_by_cagechange.svg","a3f867832b843ab536168815f5bbb7ff3e7400fe050ad135eb759db784ce83b6","ready","docs/behavior_output_code_contracts/spatial_figures.csv","3c920e427bdbb3d63bffccd048b8cca17b2386c5f55694acb2cd44f35f9ed886"
"spatial_figures","05_figures/spatial_occupancy/primary_cc1_first_active_reader_occupancy_by_sex_group.svg","analyses/spatial_occupancy/figures","primary_cc1_first_active_reader_occupancy_by_sex_group.svg","df83fd63fafb658830d675256320ebc2c5f4c749a6fd38267593228d25af89cf","ready","docs/behavior_output_code_contracts/spatial_figures.csv","3c920e427bdbb3d63bffccd048b8cca17b2386c5f55694acb2cd44f35f9ed886"
"spatial_figures","05_figures/spatial_occupancy/primary_cc1_first_active_reader_occupancy_difference_maps.svg","analyses/spatial_occupancy/figures","primary_cc1_first_active_reader_occupancy_difference_maps.svg","a78b181ad066930623aeb8cf138117914972a950a6499990e9fd75ed1384381b","ready","docs/behavior_output_code_contracts/spatial_figures.csv","3c920e427bdbb3d63bffccd048b8cca17b2386c5f55694acb2cd44f35f9ed886"
"spatial_figures","05_figures/spatial_occupancy/qc_reader_fraction_by_batch_cagechange_system.svg","analyses/spatial_occupancy/figures","qc_reader_fraction_by_batch_cagechange_system.svg","6c85028cedca79e45584017e772ea0ab4fb105f595beb0100981c789c8abc77e","ready","docs/behavior_output_code_contracts/spatial_figures.csv","3c920e427bdbb3d63bffccd048b8cca17b2386c5f55694acb2cd44f35f9ed886"
"dyadic_contacts","06_behavioral_dynamics/dyadic_contacts/output_manifest.csv","analyses/dyadic_contacts","output_manifest.csv","d23501c8adb75b19f117cc5c95e92e149b46139baa2ff7dc817cbc78d46670f9","ready","docs/behavior_output_code_contracts/dyadic_contacts.csv","33de10337181948eead3f0a70b7711102071d9e7be7ee3195b429e6690060b3a"
"dyadic_contacts","06_behavioral_dynamics/dyadic_contacts/figures/exploratory/README.txt","analyses/dyadic_contacts","figures/exploratory/README.txt","7c55015964e5c3d731055c51390e0cce86dc97a263317edcab388117e11eda54","ready","docs/behavior_output_code_contracts/dyadic_contacts.csv","33de10337181948eead3f0a70b7711102071d9e7be7ee3195b429e6690060b3a"
"dyadic_contacts","06_behavioral_dynamics/dyadic_contacts/figures/interactive/README.txt","analyses/dyadic_contacts","figures/interactive/README.txt","04a93a9db626de7962d449170c58971355320ac8caedf223705da54c56ce935b","ready","docs/behavior_output_code_contracts/dyadic_contacts.csv","33de10337181948eead3f0a70b7711102071d9e7be7ee3195b429e6690060b3a"
"dyadic_contacts","06_behavioral_dynamics/dyadic_contacts/figures/publication_panels/README.txt","analyses/dyadic_contacts","figures/publication_panels/README.txt","286c6049c438a35fa640b7aebc024153bbbbe1f1a4bbe837fd8b226708ff37cf","ready","docs/behavior_output_code_contracts/dyadic_contacts.csv","33de10337181948eead3f0a70b7711102071d9e7be7ee3195b429e6690060b3a"
"dyadic_contacts","06_behavioral_dynamics/dyadic_contacts/figures/qc/README.txt","analyses/dyadic_contacts","figures/qc/README.txt","fcc7347cfbb2d92ffff45d2d214694895194bd3da990013d0d8e3d556a6ef029","ready","docs/behavior_output_code_contracts/dyadic_contacts.csv","33de10337181948eead3f0a70b7711102071d9e7be7ee3195b429e6690060b3a"
"dyadic_contacts","06_behavioral_dynamics/dyadic_contacts/figures/supplementary/README.txt","analyses/dyadic_contacts","figures/supplementary/README.txt","72409480a7f9877bca1f93d2796bfdde2cf350a81c01a1dd3acfbcd060f10849","ready","docs/behavior_output_code_contracts/dyadic_contacts.csv","33de10337181948eead3f0a70b7711102071d9e7be7ee3195b429e6690060b3a"
"dyadic_contacts","06_behavioral_dynamics/dyadic_contacts/manifest/input_output_manifest.csv","analyses/dyadic_contacts","manifest/input_output_manifest.csv","691364f35924a62b67511b606b1b5172154bc4e2f4e6309e12877e5eb8977e42","ready","docs/behavior_output_code_contracts/dyadic_contacts.csv","33de10337181948eead3f0a70b7711102071d9e7be7ee3195b429e6690060b3a"
"dyadic_contacts","06_behavioral_dynamics/dyadic_contacts/manifest/output_manifest.csv","analyses/dyadic_contacts","manifest/output_manifest.csv","d23501c8adb75b19f117cc5c95e92e149b46139baa2ff7dc817cbc78d46670f9","ready","docs/behavior_output_code_contracts/dyadic_contacts.csv","33de10337181948eead3f0a70b7711102071d9e7be7ee3195b429e6690060b3a"
"dyadic_contacts","06_behavioral_dynamics/dyadic_contacts/tables/dyadic_contact_qc_by_file.csv","analyses/dyadic_contacts","tables/dyadic_contact_qc_by_file.csv","b7f701c26ba241feace8dd7086684f7116bf9206d1ad336ccc51695cd035b6f7","ready","docs/behavior_output_code_contracts/dyadic_contacts.csv","33de10337181948eead3f0a70b7711102071d9e7be7ee3195b429e6690060b3a"
"dyadic_contacts","06_behavioral_dynamics/dyadic_contacts/tables/dyadic_contacts_by_bin.csv","analyses/dyadic_contacts","tables/dyadic_contacts_by_bin.csv","1090c24ca778d90e84e570ca7d58dd8107d63d8129d3756e7f49088547c95568","ready","docs/behavior_output_code_contracts/dyadic_contacts.csv","33de10337181948eead3f0a70b7711102071d9e7be7ee3195b429e6690060b3a"
"dyadic_contacts","06_behavioral_dynamics/dyadic_contacts/tables/dyadic_contacts_interval_level.csv","analyses/dyadic_contacts","tables/dyadic_contacts_interval_level.csv","7219c7f4e6fa706b31a6ee5a4a651ed3a4240b784d8e1ce956af01bdd6bb6627","ready","docs/behavior_output_code_contracts/dyadic_contacts.csv","33de10337181948eead3f0a70b7711102071d9e7be7ee3195b429e6690060b3a"
"dyadic_contacts","06_behavioral_dynamics/dyadic_contacts/tables/dyadic_network_ready.csv","analyses/dyadic_contacts","tables/dyadic_network_ready.csv","e0e4ff0748d270b72099197ef954349b4643a8ec0c6cc9f9f7530d2126d82e83","ready","docs/behavior_output_code_contracts/dyadic_contacts.csv","33de10337181948eead3f0a70b7711102071d9e7be7ee3195b429e6690060b3a"
"dyadic_contacts","06_behavioral_dynamics/dyadic_contacts/tables/epoch_duration_qc.csv","analyses/dyadic_contacts","tables/epoch_duration_qc.csv","418a81bb51b00203a0fc664037b2bfded8118a5b95b5b2640905c188e3edbe3a","ready","docs/behavior_output_code_contracts/dyadic_contacts.csv","33de10337181948eead3f0a70b7711102071d9e7be7ee3195b429e6690060b3a"
"dyadic_contacts","06_behavioral_dynamics/dyadic_contacts/tables/output_figure_inventory.csv","analyses/dyadic_contacts","tables/output_figure_inventory.csv","c24480f8916b209fb4de1eb9188e3584cc5f0488a474be0d99e8e6ea5be1842f","ready","docs/behavior_output_code_contracts/dyadic_contacts.csv","33de10337181948eead3f0a70b7711102071d9e7be7ee3195b429e6690060b3a"
"dyadic_contacts","06_behavioral_dynamics/dyadic_contacts/tables/output_folder_summary.csv","analyses/dyadic_contacts","tables/output_folder_summary.csv","b25f6193d87a02b31cac6ed273314414bcf336c826e3f9dee8951bb51ed00ce2","ready","docs/behavior_output_code_contracts/dyadic_contacts.csv","33de10337181948eead3f0a70b7711102071d9e7be7ee3195b429e6690060b3a"
"dyadic_contacts","06_behavioral_dynamics/dyadic_contacts/tables/phase_boundary_and_gap_rule_audit.csv","analyses/dyadic_contacts","tables/phase_boundary_and_gap_rule_audit.csv","119772c516bb95056515a4da98ff307103e3c27a851a306d5c810af6675b1357","ready","docs/behavior_output_code_contracts/dyadic_contacts.csv","33de10337181948eead3f0a70b7711102071d9e7be7ee3195b429e6690060b3a"
"social_networks_5min","06_behavioral_dynamics/social_networks/5min_based/output_manifest.csv","analyses/dynamic_social_networks/5min","output_manifest.csv","027a0506c630b5bef4fe7f90f3d7afbfdd8d0bd9e6aee34b19c0f53d4af27cfe","ready","docs/behavior_output_code_contracts/social_networks_5min.csv","70cd7b23e9a37df35fd7202c8c50c801477f071c674d266e9764d5fb57ef6d18"
"social_networks_5min","06_behavioral_dynamics/social_networks/5min_based/figures/animal_level_social_dynamics.pdf","analyses/dynamic_social_networks/5min","figures/animal_level_social_dynamics.pdf","be77987e3b4236c601faeb1a50f52bf798e7f94cf907a3b7001c49ea93d3c9f4","ready","docs/behavior_output_code_contracts/social_networks_5min.csv","70cd7b23e9a37df35fd7202c8c50c801477f071c674d266e9764d5fb57ef6d18"
"social_networks_5min","06_behavioral_dynamics/social_networks/5min_based/figures/animal_level_social_dynamics.png","analyses/dynamic_social_networks/5min","figures/animal_level_social_dynamics.png","5ac6ed331fc1ad03110af92de50e1b3f02413b2b60f907e209c0ba3fe373499f","ready","docs/behavior_output_code_contracts/social_networks_5min.csv","70cd7b23e9a37df35fd7202c8c50c801477f071c674d266e9764d5fb57ef6d18"
"social_networks_5min","06_behavioral_dynamics/social_networks/5min_based/figures/animal_level_social_dynamics.svg","analyses/dynamic_social_networks/5min","figures/animal_level_social_dynamics.svg","3f5e96679180b46b8e5fbf1a14b370d00ea3d483b7222a62cf0a8d441e0c37c6","ready","docs/behavior_output_code_contracts/social_networks_5min.csv","70cd7b23e9a37df35fd7202c8c50c801477f071c674d266e9764d5fb57ef6d18"
"social_networks_5min","06_behavioral_dynamics/social_networks/5min_based/figures/animal_level_social_trajectories.pdf","analyses/dynamic_social_networks/5min","figures/animal_level_social_trajectories.pdf","156873e6468119680909bcbe968adb26d8b5ad3ed35c823f8c48b11460357c24","ready","docs/behavior_output_code_contracts/social_networks_5min.csv","70cd7b23e9a37df35fd7202c8c50c801477f071c674d266e9764d5fb57ef6d18"
"social_networks_5min","06_behavioral_dynamics/social_networks/5min_based/figures/animal_level_social_trajectories.png","analyses/dynamic_social_networks/5min","figures/animal_level_social_trajectories.png","9e88b4e347392475df33b44b0b0e56ac1ba7c9f9e11ca21ec8698703e585e9d9","ready","docs/behavior_output_code_contracts/social_networks_5min.csv","70cd7b23e9a37df35fd7202c8c50c801477f071c674d266e9764d5fb57ef6d18"
"social_networks_5min","06_behavioral_dynamics/social_networks/5min_based/figures/animal_level_social_trajectories.svg","analyses/dynamic_social_networks/5min","figures/animal_level_social_trajectories.svg","7451a9ad9eca1326c2d0b621af82b513b5bf12dea7f49249fd2df87a270d609c","ready","docs/behavior_output_code_contracts/social_networks_5min.csv","70cd7b23e9a37df35fd7202c8c50c801477f071c674d266e9764d5fb57ef6d18"
"social_networks_5min","06_behavioral_dynamics/social_networks/5min_based/figures/dyadic_graph_period_summary.pdf","analyses/dynamic_social_networks/5min","figures/dyadic_graph_period_summary.pdf","6c9fcd793c2ef2d337773b5b549b26f8169f3cfe6b35762035ddf932b933c48e","ready","docs/behavior_output_code_contracts/social_networks_5min.csv","70cd7b23e9a37df35fd7202c8c50c801477f071c674d266e9764d5fb57ef6d18"
"social_networks_5min","06_behavioral_dynamics/social_networks/5min_based/figures/dyadic_graph_period_summary.png","analyses/dynamic_social_networks/5min","figures/dyadic_graph_period_summary.png","ac39a4bbec1637b8019129ef66bb91857cbc52dbb34391a449b42e32975e6755","ready","docs/behavior_output_code_contracts/social_networks_5min.csv","70cd7b23e9a37df35fd7202c8c50c801477f071c674d266e9764d5fb57ef6d18"
"social_networks_5min","06_behavioral_dynamics/social_networks/5min_based/figures/dyadic_graph_period_summary.svg","analyses/dynamic_social_networks/5min","figures/dyadic_graph_period_summary.svg","e022e10cc78fe4ab1ce35292cbc85326fe2383337cee85a8dff4646e28b0eccb","ready","docs/behavior_output_code_contracts/social_networks_5min.csv","70cd7b23e9a37df35fd7202c8c50c801477f071c674d266e9764d5fb57ef6d18"
"social_networks_5min","06_behavioral_dynamics/social_networks/5min_based/figures/dyadic_network_density_timecourse.pdf","analyses/dynamic_social_networks/5min","figures/dyadic_network_density_timecourse.pdf","67e2527ae8d8fd396c3e5336b86bb6d0768d24e1c05e4835ef5866d07cc13a6d","ready","docs/behavior_output_code_contracts/social_networks_5min.csv","70cd7b23e9a37df35fd7202c8c50c801477f071c674d266e9764d5fb57ef6d18"
"social_networks_5min","06_behavioral_dynamics/social_networks/5min_based/figures/dyadic_network_density_timecourse.png","analyses/dynamic_social_networks/5min","figures/dyadic_network_density_timecourse.png","d1e2146d84e08dbf13c286e5befda62dedd5faf909fbdb6c0f3e6c175df5e456","ready","docs/behavior_output_code_contracts/social_networks_5min.csv","70cd7b23e9a37df35fd7202c8c50c801477f071c674d266e9764d5fb57ef6d18"
"social_networks_5min","06_behavioral_dynamics/social_networks/5min_based/figures/dyadic_network_density_timecourse.svg","analyses/dynamic_social_networks/5min","figures/dyadic_network_density_timecourse.svg","0acacc41f505e089deb605c68c829798e005730c42603cbf7edd814ef995791e","ready","docs/behavior_output_code_contracts/social_networks_5min.csv","70cd7b23e9a37df35fd7202c8c50c801477f071c674d266e9764d5fb57ef6d18"
"social_networks_5min","06_behavioral_dynamics/social_networks/5min_based/figures/dyadic_node_centrality_summary.pdf","analyses/dynamic_social_networks/5min","figures/dyadic_node_centrality_summary.pdf","30e81b4122c8fb2c6c3fe6d9ebbbc7718f5c487d6d46af56970f755d4ba34e00","ready","docs/behavior_output_code_contracts/social_networks_5min.csv","70cd7b23e9a37df35fd7202c8c50c801477f071c674d266e9764d5fb57ef6d18"
"social_networks_5min","06_behavioral_dynamics/social_networks/5min_based/figures/dyadic_node_centrality_summary.png","analyses/dynamic_social_networks/5min","figures/dyadic_node_centrality_summary.png","5516dfeb181fc4d01290ac9c7de2be07ec416c376c565cbac7ac93ad787ac958","ready","docs/behavior_output_code_contracts/social_networks_5min.csv","70cd7b23e9a37df35fd7202c8c50c801477f071c674d266e9764d5fb57ef6d18"
"social_networks_5min","06_behavioral_dynamics/social_networks/5min_based/figures/dyadic_node_centrality_summary.svg","analyses/dynamic_social_networks/5min","figures/dyadic_node_centrality_summary.svg","577952321a332391b91fd38429b4eb27746169cc352237e007b242ed7da8330f","ready","docs/behavior_output_code_contracts/social_networks_5min.csv","70cd7b23e9a37df35fd7202c8c50c801477f071c674d266e9764d5fb57ef6d18"
"social_networks_5min","06_behavioral_dynamics/social_networks/5min_based/figures/dyadic_partner_preference_summary.pdf","analyses/dynamic_social_networks/5min","figures/dyadic_partner_preference_summary.pdf","3928a95dfe390199adaddf3cfe465a408b40642ab4dd72f31684020fcb67d62c","ready","docs/behavior_output_code_contracts/social_networks_5min.csv","70cd7b23e9a37df35fd7202c8c50c801477f071c674d266e9764d5fb57ef6d18"
"social_networks_5min","06_behavioral_dynamics/social_networks/5min_based/figures/dyadic_partner_preference_summary.png","analyses/dynamic_social_networks/5min","figures/dyadic_partner_preference_summary.png","74634c400180935c4e8f1c37aa1759a80f9cfb96241299f1ae9d4c2c3bd31a20","ready","docs/behavior_output_code_contracts/social_networks_5min.csv","70cd7b23e9a37df35fd7202c8c50c801477f071c674d266e9764d5fb57ef6d18"
"social_networks_5min","06_behavioral_dynamics/social_networks/5min_based/figures/dyadic_partner_preference_summary.svg","analyses/dynamic_social_networks/5min","figures/dyadic_partner_preference_summary.svg","21e68c6ba612831a2664618ef3b8a99a1047a435616c278039ec93c30bcc0198","ready","docs/behavior_output_code_contracts/social_networks_5min.csv","70cd7b23e9a37df35fd7202c8c50c801477f071c674d266e9764d5fb57ef6d18"
"social_networks_5min","06_behavioral_dynamics/social_networks/5min_based/figures/exploratory/README.txt","analyses/dynamic_social_networks/5min","figures/exploratory/README.txt","7c55015964e5c3d731055c51390e0cce86dc97a263317edcab388117e11eda54","ready","docs/behavior_output_code_contracts/social_networks_5min.csv","70cd7b23e9a37df35fd7202c8c50c801477f071c674d266e9764d5fb57ef6d18"
"social_networks_5min","06_behavioral_dynamics/social_networks/5min_based/figures/interactive/README.txt","analyses/dynamic_social_networks/5min","figures/interactive/README.txt","04a93a9db626de7962d449170c58971355320ac8caedf223705da54c56ce935b","ready","docs/behavior_output_code_contracts/social_networks_5min.csv","70cd7b23e9a37df35fd7202c8c50c801477f071c674d266e9764d5fb57ef6d18"
"social_networks_5min","06_behavioral_dynamics/social_networks/5min_based/figures/publication/overview/animal_level_social_effect_size_heatmap.pdf","analyses/dynamic_social_networks/5min","figures/publication/overview/animal_level_social_effect_size_heatmap.pdf","71d2f574ad6a3c952256f433d6fd5fb1c457ae0301ced867e19cb7e227457663","ready","docs/behavior_output_code_contracts/social_networks_5min.csv","70cd7b23e9a37df35fd7202c8c50c801477f071c674d266e9764d5fb57ef6d18"
"social_networks_5min","06_behavioral_dynamics/social_networks/5min_based/figures/publication/overview/animal_level_social_effect_size_heatmap.png","analyses/dynamic_social_networks/5min","figures/publication/overview/animal_level_social_effect_size_heatmap.png","1a134cb0cf733c80ffe6a1d04926abe239f7b2bf2ecce51b0d733d33e7fb8ead","ready","docs/behavior_output_code_contracts/social_networks_5min.csv","70cd7b23e9a37df35fd7202c8c50c801477f071c674d266e9764d5fb57ef6d18"
"social_networks_5min","06_behavioral_dynamics/social_networks/5min_based/figures/publication/overview/animal_level_social_effect_size_heatmap.svg","analyses/dynamic_social_networks/5min","figures/publication/overview/animal_level_social_effect_size_heatmap.svg","11d654edd1abb65e5d26caee42294aa4ce9ff7dd0fc6b1cf0123e6c9365ba73a","ready","docs/behavior_output_code_contracts/social_networks_5min.csv","70cd7b23e9a37df35fd7202c8c50c801477f071c674d266e9764d5fb57ef6d18"
"social_networks_5min","06_behavioral_dynamics/social_networks/5min_based/figures/publication_panels/animal_level_social_dynamics.pdf","analyses/dynamic_social_networks/5min","figures/publication_panels/animal_level_social_dynamics.pdf","be77987e3b4236c601faeb1a50f52bf798e7f94cf907a3b7001c49ea93d3c9f4","ready","docs/behavior_output_code_contracts/social_networks_5min.csv","70cd7b23e9a37df35fd7202c8c50c801477f071c674d266e9764d5fb57ef6d18"
"social_networks_5min","06_behavioral_dynamics/social_networks/5min_based/figures/publication_panels/animal_level_social_dynamics.png","analyses/dynamic_social_networks/5min","figures/publication_panels/animal_level_social_dynamics.png","5ac6ed331fc1ad03110af92de50e1b3f02413b2b60f907e209c0ba3fe373499f","ready","docs/behavior_output_code_contracts/social_networks_5min.csv","70cd7b23e9a37df35fd7202c8c50c801477f071c674d266e9764d5fb57ef6d18"
"social_networks_5min","06_behavioral_dynamics/social_networks/5min_based/figures/publication_panels/animal_level_social_dynamics.svg","analyses/dynamic_social_networks/5min","figures/publication_panels/animal_level_social_dynamics.svg","3f5e96679180b46b8e5fbf1a14b370d00ea3d483b7222a62cf0a8d441e0c37c6","ready","docs/behavior_output_code_contracts/social_networks_5min.csv","70cd7b23e9a37df35fd7202c8c50c801477f071c674d266e9764d5fb57ef6d18"
"social_networks_5min","06_behavioral_dynamics/social_networks/5min_based/figures/publication_panels/animal_level_social_effect_size_heatmap.pdf","analyses/dynamic_social_networks/5min","figures/publication_panels/animal_level_social_effect_size_heatmap.pdf","71d2f574ad6a3c952256f433d6fd5fb1c457ae0301ced867e19cb7e227457663","ready","docs/behavior_output_code_contracts/social_networks_5min.csv","70cd7b23e9a37df35fd7202c8c50c801477f071c674d266e9764d5fb57ef6d18"
"social_networks_5min","06_behavioral_dynamics/social_networks/5min_based/figures/publication_panels/animal_level_social_effect_size_heatmap.png","analyses/dynamic_social_networks/5min","figures/publication_panels/animal_level_social_effect_size_heatmap.png","1a134cb0cf733c80ffe6a1d04926abe239f7b2bf2ecce51b0d733d33e7fb8ead","ready","docs/behavior_output_code_contracts/social_networks_5min.csv","70cd7b23e9a37df35fd7202c8c50c801477f071c674d266e9764d5fb57ef6d18"
"social_networks_5min","06_behavioral_dynamics/social_networks/5min_based/figures/publication_panels/animal_level_social_effect_size_heatmap.svg","analyses/dynamic_social_networks/5min","figures/publication_panels/animal_level_social_effect_size_heatmap.svg","11d654edd1abb65e5d26caee42294aa4ce9ff7dd0fc6b1cf0123e6c9365ba73a","ready","docs/behavior_output_code_contracts/social_networks_5min.csv","70cd7b23e9a37df35fd7202c8c50c801477f071c674d266e9764d5fb57ef6d18"
"social_networks_5min","06_behavioral_dynamics/social_networks/5min_based/figures/publication_panels/animal_level_social_trajectories.pdf","analyses/dynamic_social_networks/5min","figures/publication_panels/animal_level_social_trajectories.pdf","156873e6468119680909bcbe968adb26d8b5ad3ed35c823f8c48b11460357c24","ready","docs/behavior_output_code_contracts/social_networks_5min.csv","70cd7b23e9a37df35fd7202c8c50c801477f071c674d266e9764d5fb57ef6d18"
"social_networks_5min","06_behavioral_dynamics/social_networks/5min_based/figures/publication_panels/animal_level_social_trajectories.png","analyses/dynamic_social_networks/5min","figures/publication_panels/animal_level_social_trajectories.png","9e88b4e347392475df33b44b0b0e56ac1ba7c9f9e11ca21ec8698703e585e9d9","ready","docs/behavior_output_code_contracts/social_networks_5min.csv","70cd7b23e9a37df35fd7202c8c50c801477f071c674d266e9764d5fb57ef6d18"
"social_networks_5min","06_behavioral_dynamics/social_networks/5min_based/figures/publication_panels/animal_level_social_trajectories.svg","analyses/dynamic_social_networks/5min","figures/publication_panels/animal_level_social_trajectories.svg","7451a9ad9eca1326c2d0b621af82b513b5bf12dea7f49249fd2df87a270d609c","ready","docs/behavior_output_code_contracts/social_networks_5min.csv","70cd7b23e9a37df35fd7202c8c50c801477f071c674d266e9764d5fb57ef6d18"
"social_networks_5min","06_behavioral_dynamics/social_networks/5min_based/figures/publication_panels/dyadic_graph_period_summary.pdf","analyses/dynamic_social_networks/5min","figures/publication_panels/dyadic_graph_period_summary.pdf","6c9fcd793c2ef2d337773b5b549b26f8169f3cfe6b35762035ddf932b933c48e","ready","docs/behavior_output_code_contracts/social_networks_5min.csv","70cd7b23e9a37df35fd7202c8c50c801477f071c674d266e9764d5fb57ef6d18"
"social_networks_5min","06_behavioral_dynamics/social_networks/5min_based/figures/publication_panels/dyadic_graph_period_summary.png","analyses/dynamic_social_networks/5min","figures/publication_panels/dyadic_graph_period_summary.png","ac39a4bbec1637b8019129ef66bb91857cbc52dbb34391a449b42e32975e6755","ready","docs/behavior_output_code_contracts/social_networks_5min.csv","70cd7b23e9a37df35fd7202c8c50c801477f071c674d266e9764d5fb57ef6d18"
"social_networks_5min","06_behavioral_dynamics/social_networks/5min_based/figures/publication_panels/dyadic_graph_period_summary.svg","analyses/dynamic_social_networks/5min","figures/publication_panels/dyadic_graph_period_summary.svg","e022e10cc78fe4ab1ce35292cbc85326fe2383337cee85a8dff4646e28b0eccb","ready","docs/behavior_output_code_contracts/social_networks_5min.csv","70cd7b23e9a37df35fd7202c8c50c801477f071c674d266e9764d5fb57ef6d18"
"social_networks_5min","06_behavioral_dynamics/social_networks/5min_based/figures/publication_panels/dyadic_network_density_timecourse.pdf","analyses/dynamic_social_networks/5min","figures/publication_panels/dyadic_network_density_timecourse.pdf","67e2527ae8d8fd396c3e5336b86bb6d0768d24e1c05e4835ef5866d07cc13a6d","ready","docs/behavior_output_code_contracts/social_networks_5min.csv","70cd7b23e9a37df35fd7202c8c50c801477f071c674d266e9764d5fb57ef6d18"
"social_networks_5min","06_behavioral_dynamics/social_networks/5min_based/figures/publication_panels/dyadic_network_density_timecourse.png","analyses/dynamic_social_networks/5min","figures/publication_panels/dyadic_network_density_timecourse.png","d1e2146d84e08dbf13c286e5befda62dedd5faf909fbdb6c0f3e6c175df5e456","ready","docs/behavior_output_code_contracts/social_networks_5min.csv","70cd7b23e9a37df35fd7202c8c50c801477f071c674d266e9764d5fb57ef6d18"
"social_networks_5min","06_behavioral_dynamics/social_networks/5min_based/figures/publication_panels/dyadic_network_density_timecourse.svg","analyses/dynamic_social_networks/5min","figures/publication_panels/dyadic_network_density_timecourse.svg","0acacc41f505e089deb605c68c829798e005730c42603cbf7edd814ef995791e","ready","docs/behavior_output_code_contracts/social_networks_5min.csv","70cd7b23e9a37df35fd7202c8c50c801477f071c674d266e9764d5fb57ef6d18"
"social_networks_5min","06_behavioral_dynamics/social_networks/5min_based/figures/publication_panels/dyadic_node_centrality_summary.pdf","analyses/dynamic_social_networks/5min","figures/publication_panels/dyadic_node_centrality_summary.pdf","30e81b4122c8fb2c6c3fe6d9ebbbc7718f5c487d6d46af56970f755d4ba34e00","ready","docs/behavior_output_code_contracts/social_networks_5min.csv","70cd7b23e9a37df35fd7202c8c50c801477f071c674d266e9764d5fb57ef6d18"
"social_networks_5min","06_behavioral_dynamics/social_networks/5min_based/figures/publication_panels/dyadic_node_centrality_summary.png","analyses/dynamic_social_networks/5min","figures/publication_panels/dyadic_node_centrality_summary.png","5516dfeb181fc4d01290ac9c7de2be07ec416c376c565cbac7ac93ad787ac958","ready","docs/behavior_output_code_contracts/social_networks_5min.csv","70cd7b23e9a37df35fd7202c8c50c801477f071c674d266e9764d5fb57ef6d18"
"social_networks_5min","06_behavioral_dynamics/social_networks/5min_based/figures/publication_panels/dyadic_node_centrality_summary.svg","analyses/dynamic_social_networks/5min","figures/publication_panels/dyadic_node_centrality_summary.svg","577952321a332391b91fd38429b4eb27746169cc352237e007b242ed7da8330f","ready","docs/behavior_output_code_contracts/social_networks_5min.csv","70cd7b23e9a37df35fd7202c8c50c801477f071c674d266e9764d5fb57ef6d18"
"social_networks_5min","06_behavioral_dynamics/social_networks/5min_based/figures/publication_panels/dyadic_partner_preference_summary.pdf","analyses/dynamic_social_networks/5min","figures/publication_panels/dyadic_partner_preference_summary.pdf","3928a95dfe390199adaddf3cfe465a408b40642ab4dd72f31684020fcb67d62c","ready","docs/behavior_output_code_contracts/social_networks_5min.csv","70cd7b23e9a37df35fd7202c8c50c801477f071c674d266e9764d5fb57ef6d18"
"social_networks_5min","06_behavioral_dynamics/social_networks/5min_based/figures/publication_panels/dyadic_partner_preference_summary.png","analyses/dynamic_social_networks/5min","figures/publication_panels/dyadic_partner_preference_summary.png","74634c400180935c4e8f1c37aa1759a80f9cfb96241299f1ae9d4c2c3bd31a20","ready","docs/behavior_output_code_contracts/social_networks_5min.csv","70cd7b23e9a37df35fd7202c8c50c801477f071c674d266e9764d5fb57ef6d18"
"social_networks_5min","06_behavioral_dynamics/social_networks/5min_based/figures/publication_panels/dyadic_partner_preference_summary.svg","analyses/dynamic_social_networks/5min","figures/publication_panels/dyadic_partner_preference_summary.svg","21e68c6ba612831a2664618ef3b8a99a1047a435616c278039ec93c30bcc0198","ready","docs/behavior_output_code_contracts/social_networks_5min.csv","70cd7b23e9a37df35fd7202c8c50c801477f071c674d266e9764d5fb57ef6d18"
"social_networks_5min","06_behavioral_dynamics/social_networks/5min_based/figures/publication_panels/README.txt","analyses/dynamic_social_networks/5min","figures/publication_panels/README.txt","9b957880bf142e8e7ee5034d698dc3cf630f411fae5bfd345d64fabf57540a90","ready","docs/behavior_output_code_contracts/social_networks_5min.csv","70cd7b23e9a37df35fd7202c8c50c801477f071c674d266e9764d5fb57ef6d18"
"social_networks_5min","06_behavioral_dynamics/social_networks/5min_based/figures/qc/README.txt","analyses/dynamic_social_networks/5min","figures/qc/README.txt","fcc7347cfbb2d92ffff45d2d214694895194bd3da990013d0d8e3d556a6ef029","ready","docs/behavior_output_code_contracts/social_networks_5min.csv","70cd7b23e9a37df35fd7202c8c50c801477f071c674d266e9764d5fb57ef6d18"
"social_networks_5min","06_behavioral_dynamics/social_networks/5min_based/figures/supplementary/README.txt","analyses/dynamic_social_networks/5min","figures/supplementary/README.txt","72409480a7f9877bca1f93d2796bfdde2cf350a81c01a1dd3acfbcd060f10849","ready","docs/behavior_output_code_contracts/social_networks_5min.csv","70cd7b23e9a37df35fd7202c8c50c801477f071c674d266e9764d5fb57ef6d18"
"social_networks_5min","06_behavioral_dynamics/social_networks/5min_based/manifest/input_output_manifest.csv","analyses/dynamic_social_networks/5min","manifest/input_output_manifest.csv","7736132f60668bbe76b7222b55737deff321012f64451cd556536cf0e636543b","ready","docs/behavior_output_code_contracts/social_networks_5min.csv","70cd7b23e9a37df35fd7202c8c50c801477f071c674d266e9764d5fb57ef6d18"
"social_networks_5min","06_behavioral_dynamics/social_networks/5min_based/manifest/output_manifest.csv","analyses/dynamic_social_networks/5min","manifest/output_manifest.csv","027a0506c630b5bef4fe7f90f3d7afbfdd8d0bd9e6aee34b19c0f53d4af27cfe","ready","docs/behavior_output_code_contracts/social_networks_5min.csv","70cd7b23e9a37df35fd7202c8c50c801477f071c674d266e9764d5fb57ef6d18"
"social_networks_5min","06_behavioral_dynamics/social_networks/5min_based/stats_tables/animal_level_social_dynamics_duration_sensitivity_consistency.csv","analyses/dynamic_social_networks/5min","stats_tables/animal_level_social_dynamics_duration_sensitivity_consistency.csv","9d23e4855029f0881e8952dbaeda2ef0bf37eb018b0a67186a589e355a8051b7","ready","docs/behavior_output_code_contracts/social_networks_5min.csv","70cd7b23e9a37df35fd7202c8c50c801477f071c674d266e9764d5fb57ef6d18"
"social_networks_5min","06_behavioral_dynamics/social_networks/5min_based/stats_tables/animal_level_social_dynamics_duration_sensitivity_group_contrasts.csv","analyses/dynamic_social_networks/5min","stats_tables/animal_level_social_dynamics_duration_sensitivity_group_contrasts.csv","ff0736d4573b5d0022433f116f99dd10c304894c3d7952a275e10fe2cc60d5bc","ready","docs/behavior_output_code_contracts/social_networks_5min.csv","70cd7b23e9a37df35fd7202c8c50c801477f071c674d266e9764d5fb57ef6d18"
"social_networks_5min","06_behavioral_dynamics/social_networks/5min_based/stats_tables/animal_level_social_dynamics_duration_sensitivity_group_summary.csv","analyses/dynamic_social_networks/5min","stats_tables/animal_level_social_dynamics_duration_sensitivity_group_summary.csv","925b6d3c67f5d94f03056881acf41a035607b1e39a77af9b351942b34571ac85","ready","docs/behavior_output_code_contracts/social_networks_5min.csv","70cd7b23e9a37df35fd7202c8c50c801477f071c674d266e9764d5fb57ef6d18"
"social_networks_5min","06_behavioral_dynamics/social_networks/5min_based/stats_tables/animal_level_social_dynamics_group_contrasts.csv","analyses/dynamic_social_networks/5min","stats_tables/animal_level_social_dynamics_group_contrasts.csv","b902ef015fd00f5443509031894f0d53e3db275c9891a4310486c980908dc0fc","ready","docs/behavior_output_code_contracts/social_networks_5min.csv","70cd7b23e9a37df35fd7202c8c50c801477f071c674d266e9764d5fb57ef6d18"
"social_networks_5min","06_behavioral_dynamics/social_networks/5min_based/stats_tables/animal_level_social_dynamics_group_summary.csv","analyses/dynamic_social_networks/5min","stats_tables/animal_level_social_dynamics_group_summary.csv","e9d958ba99c71c35044697290ae0e9c2e88ffd46ed42b9906951330cba7b7db5","ready","docs/behavior_output_code_contracts/social_networks_5min.csv","70cd7b23e9a37df35fd7202c8c50c801477f071c674d266e9764d5fb57ef6d18"
"social_networks_5min","06_behavioral_dynamics/social_networks/5min_based/stats_tables/dyadic_graph_period_duration_sensitivity_group_contrasts.csv","analyses/dynamic_social_networks/5min","stats_tables/dyadic_graph_period_duration_sensitivity_group_contrasts.csv","e3b0c44298fc1c149afbf4c8996fb92427ae41e4649b934ca495991b7852b855","ready","docs/behavior_output_code_contracts/social_networks_5min.csv","70cd7b23e9a37df35fd7202c8c50c801477f071c674d266e9764d5fb57ef6d18"
"social_networks_5min","06_behavioral_dynamics/social_networks/5min_based/stats_tables/dyadic_graph_period_duration_sensitivity_group_summary.csv","analyses/dynamic_social_networks/5min","stats_tables/dyadic_graph_period_duration_sensitivity_group_summary.csv","741ca56eeb781538f1f3b2085d1d03a160c02bb6d1e681d2b8a8f99a319b221e","ready","docs/behavior_output_code_contracts/social_networks_5min.csv","70cd7b23e9a37df35fd7202c8c50c801477f071c674d266e9764d5fb57ef6d18"
"social_networks_5min","06_behavioral_dynamics/social_networks/5min_based/stats_tables/dyadic_graph_period_group_contrasts.csv","analyses/dynamic_social_networks/5min","stats_tables/dyadic_graph_period_group_contrasts.csv","e3b0c44298fc1c149afbf4c8996fb92427ae41e4649b934ca495991b7852b855","ready","docs/behavior_output_code_contracts/social_networks_5min.csv","70cd7b23e9a37df35fd7202c8c50c801477f071c674d266e9764d5fb57ef6d18"
"social_networks_5min","06_behavioral_dynamics/social_networks/5min_based/stats_tables/dyadic_graph_period_group_summary.csv","analyses/dynamic_social_networks/5min","stats_tables/dyadic_graph_period_group_summary.csv","a2a6e41474c11b2b0f58638843d1b17412a7a317b1d22b7eec921a92a88fbb15","ready","docs/behavior_output_code_contracts/social_networks_5min.csv","70cd7b23e9a37df35fd7202c8c50c801477f071c674d266e9764d5fb57ef6d18"
"social_networks_5min","06_behavioral_dynamics/social_networks/5min_based/stats_tables/dyadic_node_centrality_duration_sensitivity_group_contrasts.csv","analyses/dynamic_social_networks/5min","stats_tables/dyadic_node_centrality_duration_sensitivity_group_contrasts.csv","e3b0c44298fc1c149afbf4c8996fb92427ae41e4649b934ca495991b7852b855","ready","docs/behavior_output_code_contracts/social_networks_5min.csv","70cd7b23e9a37df35fd7202c8c50c801477f071c674d266e9764d5fb57ef6d18"
"social_networks_5min","06_behavioral_dynamics/social_networks/5min_based/stats_tables/dyadic_node_centrality_duration_sensitivity_group_summary.csv","analyses/dynamic_social_networks/5min","stats_tables/dyadic_node_centrality_duration_sensitivity_group_summary.csv","ba417da0e09f128e1301b3d527a712bb016901785754c2c3130d2554c039de68","ready","docs/behavior_output_code_contracts/social_networks_5min.csv","70cd7b23e9a37df35fd7202c8c50c801477f071c674d266e9764d5fb57ef6d18"
"social_networks_5min","06_behavioral_dynamics/social_networks/5min_based/stats_tables/dyadic_node_centrality_group_contrasts.csv","analyses/dynamic_social_networks/5min","stats_tables/dyadic_node_centrality_group_contrasts.csv","e3b0c44298fc1c149afbf4c8996fb92427ae41e4649b934ca495991b7852b855","ready","docs/behavior_output_code_contracts/social_networks_5min.csv","70cd7b23e9a37df35fd7202c8c50c801477f071c674d266e9764d5fb57ef6d18"
"social_networks_5min","06_behavioral_dynamics/social_networks/5min_based/stats_tables/dyadic_node_centrality_group_summary.csv","analyses/dynamic_social_networks/5min","stats_tables/dyadic_node_centrality_group_summary.csv","574b5a4e6bc49942b286a7ea4380bf97bb1e4059937510e0a35f57dbdbc7ec28","ready","docs/behavior_output_code_contracts/social_networks_5min.csv","70cd7b23e9a37df35fd7202c8c50c801477f071c674d266e9764d5fb57ef6d18"
"social_networks_5min","06_behavioral_dynamics/social_networks/5min_based/stats_tables/dyadic_partner_preference_group_contrasts.csv","analyses/dynamic_social_networks/5min","stats_tables/dyadic_partner_preference_group_contrasts.csv","e3b0c44298fc1c149afbf4c8996fb92427ae41e4649b934ca495991b7852b855","ready","docs/behavior_output_code_contracts/social_networks_5min.csv","70cd7b23e9a37df35fd7202c8c50c801477f071c674d266e9764d5fb57ef6d18"
"social_networks_5min","06_behavioral_dynamics/social_networks/5min_based/stats_tables/dyadic_partner_preference_group_summary.csv","analyses/dynamic_social_networks/5min","stats_tables/dyadic_partner_preference_group_summary.csv","fff33266806754add01f57764f012bfab2c2e6cd1e501df1bc3a5fe3d891c57e","ready","docs/behavior_output_code_contracts/social_networks_5min.csv","70cd7b23e9a37df35fd7202c8c50c801477f071c674d266e9764d5fb57ef6d18"
"social_networks_5min","06_behavioral_dynamics/social_networks/5min_based/tables/animal_level_contact_threshold.csv","analyses/dynamic_social_networks/5min","tables/animal_level_contact_threshold.csv","a8c2e89ef18ddad6f30336b0763e1ac05c3b18c0849e07eeafc86881da053e17","ready","docs/behavior_output_code_contracts/social_networks_5min.csv","70cd7b23e9a37df35fd7202c8c50c801477f071c674d266e9764d5fb57ef6d18"
"social_networks_5min","06_behavioral_dynamics/social_networks/5min_based/tables/animal_level_social_dynamics_duration_tagged_full.csv","analyses/dynamic_social_networks/5min","tables/animal_level_social_dynamics_duration_tagged_full.csv","5b242c7cd496e9a13a34300e3916dd036f99676465ed8cf8871a8f5c77cbd31b","ready","docs/behavior_output_code_contracts/social_networks_5min.csv","70cd7b23e9a37df35fd7202c8c50c801477f071c674d266e9764d5fb57ef6d18"
"social_networks_5min","06_behavioral_dynamics/social_networks/5min_based/tables/animal_level_social_dynamics_excluding_short_duration.csv","analyses/dynamic_social_networks/5min","tables/animal_level_social_dynamics_excluding_short_duration.csv","24f2d0b4e972735ad67259b80e8e29dae4a641b7fb310cee748337effafd50db","ready","docs/behavior_output_code_contracts/social_networks_5min.csv","70cd7b23e9a37df35fd7202c8c50c801477f071c674d266e9764d5fb57ef6d18"
"social_networks_5min","06_behavioral_dynamics/social_networks/5min_based/tables/animal_level_social_dynamics.csv","analyses/dynamic_social_networks/5min","tables/animal_level_social_dynamics.csv","b2b9dbf090f59a652cc6324bdab5b5ebd6deecea3b9fddeab866af0b0f7f74e5","ready","docs/behavior_output_code_contracts/social_networks_5min.csv","70cd7b23e9a37df35fd7202c8c50c801477f071c674d266e9764d5fb57ef6d18"
"social_networks_5min","06_behavioral_dynamics/social_networks/5min_based/tables/animal_level_social_effect_size_heatmap_data.csv","analyses/dynamic_social_networks/5min","tables/animal_level_social_effect_size_heatmap_data.csv","6d8d638142c85b74b2103dcbac948f07fe5eede27723bb89c6d4394ba803a604","ready","docs/behavior_output_code_contracts/social_networks_5min.csv","70cd7b23e9a37df35fd7202c8c50c801477f071c674d266e9764d5fb57ef6d18"
"social_networks_5min","06_behavioral_dynamics/social_networks/5min_based/tables/animal_level_social_plot_stat_brackets.csv","analyses/dynamic_social_networks/5min","tables/animal_level_social_plot_stat_brackets.csv","140d3c2eb7e2191a7769c32c4b84a4bda8d3e71d64bfcded20cafa68373e09fd","ready","docs/behavior_output_code_contracts/social_networks_5min.csv","70cd7b23e9a37df35fd7202c8c50c801477f071c674d266e9764d5fb57ef6d18"
"social_networks_5min","06_behavioral_dynamics/social_networks/5min_based/tables/animal_level_social_threshold_sensitivity.csv","analyses/dynamic_social_networks/5min","tables/animal_level_social_threshold_sensitivity.csv","ae0d70e6d2c2e91c1f5fe97b4c82c2cc460a1fca81c601d7f9d14b3b2386aaea","ready","docs/behavior_output_code_contracts/social_networks_5min.csv","70cd7b23e9a37df35fd7202c8c50c801477f071c674d266e9764d5fb57ef6d18"
"social_networks_5min","06_behavioral_dynamics/social_networks/5min_based/tables/animal_level_social_trajectory_summary.csv","analyses/dynamic_social_networks/5min","tables/animal_level_social_trajectory_summary.csv","ed13628d4b8f0da575f8050570a86819b88bdfdd544db369daff1bff013f31c6","ready","docs/behavior_output_code_contracts/social_networks_5min.csv","70cd7b23e9a37df35fd7202c8c50c801477f071c674d266e9764d5fb57ef6d18"
"social_networks_5min","06_behavioral_dynamics/social_networks/5min_based/tables/dyadic_contact_threshold.csv","analyses/dynamic_social_networks/5min","tables/dyadic_contact_threshold.csv","5957f5755c2445ae5ae3923c6fb36b85b579d13a5472963acdfd67919d2c3f5f","ready","docs/behavior_output_code_contracts/social_networks_5min.csv","70cd7b23e9a37df35fd7202c8c50c801477f071c674d266e9764d5fb57ef6d18"
"social_networks_5min","06_behavioral_dynamics/social_networks/5min_based/tables/dyadic_edges_network_input.csv","analyses/dynamic_social_networks/5min","tables/dyadic_edges_network_input.csv","4a5b7770b23a84cf74750c900e228986783b16fe9037d39215a998e88e3077ec","ready","docs/behavior_output_code_contracts/social_networks_5min.csv","70cd7b23e9a37df35fd7202c8c50c801477f071c674d266e9764d5fb57ef6d18"
"social_networks_5min","06_behavioral_dynamics/social_networks/5min_based/tables/dyadic_graph_effect_size_heatmap_data.csv","analyses/dynamic_social_networks/5min","tables/dyadic_graph_effect_size_heatmap_data.csv","bc2f88299ce512799e06a80bf60cce07cd9ccd87fe186e05abb420c68364f1ed","ready","docs/behavior_output_code_contracts/social_networks_5min.csv","70cd7b23e9a37df35fd7202c8c50c801477f071c674d266e9764d5fb57ef6d18"
"social_networks_5min","06_behavioral_dynamics/social_networks/5min_based/tables/dyadic_graph_metrics_by_time.csv","analyses/dynamic_social_networks/5min","tables/dyadic_graph_metrics_by_time.csv","6b58515037a3ce6f1b4e445dd39a03b5cf6178a3885fcf2bbdddb4fc2f52518c","ready","docs/behavior_output_code_contracts/social_networks_5min.csv","70cd7b23e9a37df35fd7202c8c50c801477f071c674d266e9764d5fb57ef6d18"
"social_networks_5min","06_behavioral_dynamics/social_networks/5min_based/tables/dyadic_graph_period_summary.csv","analyses/dynamic_social_networks/5min","tables/dyadic_graph_period_summary.csv","e6b877a8cd73ee69c5a262211ae26d2514b20ad06e4a826d8c83e9344fe57daa","ready","docs/behavior_output_code_contracts/social_networks_5min.csv","70cd7b23e9a37df35fd7202c8c50c801477f071c674d266e9764d5fb57ef6d18"
"social_networks_5min","06_behavioral_dynamics/social_networks/5min_based/tables/dyadic_graph_plot_stat_brackets.csv","analyses/dynamic_social_networks/5min","tables/dyadic_graph_plot_stat_brackets.csv","426e5688663cdf72eb7a21d33f5f0af40b89981e0c364ce0b8d109a7d3b3d434","ready","docs/behavior_output_code_contracts/social_networks_5min.csv","70cd7b23e9a37df35fd7202c8c50c801477f071c674d266e9764d5fb57ef6d18"
"social_networks_5min","06_behavioral_dynamics/social_networks/5min_based/tables/dyadic_input_qc.csv","analyses/dynamic_social_networks/5min","tables/dyadic_input_qc.csv","2e83e78350eabeb6bce98cf7205ee4fea52d9180c710a3813ab9596aff49604e","ready","docs/behavior_output_code_contracts/social_networks_5min.csv","70cd7b23e9a37df35fd7202c8c50c801477f071c674d266e9764d5fb57ef6d18"
"social_networks_5min","06_behavioral_dynamics/social_networks/5min_based/tables/dyadic_network_density_time_summary.csv","analyses/dynamic_social_networks/5min","tables/dyadic_network_density_time_summary.csv","284108cf0c28cf17311d238765776c0fbe7471e9e35768ca06cef152e2993af8","ready","docs/behavior_output_code_contracts/social_networks_5min.csv","70cd7b23e9a37df35fd7202c8c50c801477f071c674d266e9764d5fb57ef6d18"
"social_networks_5min","06_behavioral_dynamics/social_networks/5min_based/tables/dyadic_node_effect_size_heatmap_data.csv","analyses/dynamic_social_networks/5min","tables/dyadic_node_effect_size_heatmap_data.csv","bc2f88299ce512799e06a80bf60cce07cd9ccd87fe186e05abb420c68364f1ed","ready","docs/behavior_output_code_contracts/social_networks_5min.csv","70cd7b23e9a37df35fd7202c8c50c801477f071c674d266e9764d5fb57ef6d18"
"social_networks_5min","06_behavioral_dynamics/social_networks/5min_based/tables/dyadic_node_metrics_by_time.csv","analyses/dynamic_social_networks/5min","tables/dyadic_node_metrics_by_time.csv","cf88c25cf40567ff09396b8ad309d6c1e124014bb84989d14f7ea2624feaae54","ready","docs/behavior_output_code_contracts/social_networks_5min.csv","70cd7b23e9a37df35fd7202c8c50c801477f071c674d266e9764d5fb57ef6d18"
"social_networks_5min","06_behavioral_dynamics/social_networks/5min_based/tables/dyadic_node_plot_stat_brackets.csv","analyses/dynamic_social_networks/5min","tables/dyadic_node_plot_stat_brackets.csv","426e5688663cdf72eb7a21d33f5f0af40b89981e0c364ce0b8d109a7d3b3d434","ready","docs/behavior_output_code_contracts/social_networks_5min.csv","70cd7b23e9a37df35fd7202c8c50c801477f071c674d266e9764d5fb57ef6d18"
"social_networks_5min","06_behavioral_dynamics/social_networks/5min_based/tables/dyadic_node_summary.csv","analyses/dynamic_social_networks/5min","tables/dyadic_node_summary.csv","1b25a8cef5dd8e1afcee080434455178c2f6a8730c592f52580d3153d822390f","ready","docs/behavior_output_code_contracts/social_networks_5min.csv","70cd7b23e9a37df35fd7202c8c50c801477f071c674d266e9764d5fb57ef6d18"
"social_networks_5min","06_behavioral_dynamics/social_networks/5min_based/tables/dyadic_pair_summary.csv","analyses/dynamic_social_networks/5min","tables/dyadic_pair_summary.csv","c946c599e5d2a513a98b6f34cdf4a1e144d87ae684bbc755c5d1cf8cb25842c0","ready","docs/behavior_output_code_contracts/social_networks_5min.csv","70cd7b23e9a37df35fd7202c8c50c801477f071c674d266e9764d5fb57ef6d18"
"social_networks_5min","06_behavioral_dynamics/social_networks/5min_based/tables/dyadic_partner_instability_jaccard.csv","analyses/dynamic_social_networks/5min","tables/dyadic_partner_instability_jaccard.csv","7e16afae00c48053148dd208d0ebe47b1ef751d5f3565d82d542f88ef5ad6771","ready","docs/behavior_output_code_contracts/social_networks_5min.csv","70cd7b23e9a37df35fd7202c8c50c801477f071c674d266e9764d5fb57ef6d18"
"social_networks_5min","06_behavioral_dynamics/social_networks/5min_based/tables/dyadic_partner_preference_plot_stat_brackets.csv","analyses/dynamic_social_networks/5min","tables/dyadic_partner_preference_plot_stat_brackets.csv","426e5688663cdf72eb7a21d33f5f0af40b89981e0c364ce0b8d109a7d3b3d434","ready","docs/behavior_output_code_contracts/social_networks_5min.csv","70cd7b23e9a37df35fd7202c8c50c801477f071c674d266e9764d5fb57ef6d18"
"social_networks_5min","06_behavioral_dynamics/social_networks/5min_based/tables/dyadic_partner_preference_summary.csv","analyses/dynamic_social_networks/5min","tables/dyadic_partner_preference_summary.csv","0f1de3df938a436fd0b8b74d9b42439b1db017020f67ee65c33176f41fe0e085","ready","docs/behavior_output_code_contracts/social_networks_5min.csv","70cd7b23e9a37df35fd7202c8c50c801477f071c674d266e9764d5fb57ef6d18"
"social_networks_5min","06_behavioral_dynamics/social_networks/5min_based/tables/dyadic_partner_threshold_sensitivity.csv","analyses/dynamic_social_networks/5min","tables/dyadic_partner_threshold_sensitivity.csv","558afe461f5fb4ddfa08b32b2b46902f9ed060497d2934846db60a72ad1e5eb3","ready","docs/behavior_output_code_contracts/social_networks_5min.csv","70cd7b23e9a37df35fd7202c8c50c801477f071c674d266e9764d5fb57ef6d18"
"social_networks_5min","06_behavioral_dynamics/social_networks/5min_based/tables/epoch_duration_qc.csv","analyses/dynamic_social_networks/5min","tables/epoch_duration_qc.csv","bc8fa6edbcff69cbb6d91f8b17a0fdd922add543860b2391d5f16b784e22bd8b","ready","docs/behavior_output_code_contracts/social_networks_5min.csv","70cd7b23e9a37df35fd7202c8c50c801477f071c674d266e9764d5fb57ef6d18"
"social_networks_5min","06_behavioral_dynamics/social_networks/5min_based/tables/output_figure_inventory.csv","analyses/dynamic_social_networks/5min","tables/output_figure_inventory.csv","00ccdb07051484d7b64fbc02f5bc627df7d78bd47f31dd9b0120acf58ae54e60","ready","docs/behavior_output_code_contracts/social_networks_5min.csv","70cd7b23e9a37df35fd7202c8c50c801477f071c674d266e9764d5fb57ef6d18"
"social_networks_5min","06_behavioral_dynamics/social_networks/5min_based/tables/output_folder_summary.csv","analyses/dynamic_social_networks/5min","tables/output_folder_summary.csv","220233a328bd0a88d4f65bae5975d92f0b13fb8f60745db7fa83b3132456a29e","ready","docs/behavior_output_code_contracts/social_networks_5min.csv","70cd7b23e9a37df35fd7202c8c50c801477f071c674d266e9764d5fb57ef6d18"
"social_networks_5min","06_behavioral_dynamics/social_networks/5min_based/tables/social_reorganization_interpretation_guide.csv","analyses/dynamic_social_networks/5min","tables/social_reorganization_interpretation_guide.csv","86736e85164ccef01dac6dc201046e7fcac85283c86e785cc8318a635556a458","ready","docs/behavior_output_code_contracts/social_networks_5min.csv","70cd7b23e9a37df35fd7202c8c50c801477f071c674d266e9764d5fb57ef6d18"
"gamm_features_10min","06_behavioral_dynamics/gamm_features/10min_based/output_manifest.csv","analyses/gamm_trajectory_features/10min","output_manifest.csv","90eed32540e86911fe00b92d4cd535d4b9b9abf37e4c9568eab1a34f55759347","ready","docs/behavior_output_code_contracts/gamm_features_10min.csv","39267e73e57f00542a4d1e67afacd2077b44b1aeba891e79d227fc9e7ebf878d"
"gamm_features_10min","06_behavioral_dynamics/gamm_features/10min_based/figures/exploratory/README.txt","analyses/gamm_trajectory_features/10min","figures/exploratory/README.txt","7c55015964e5c3d731055c51390e0cce86dc97a263317edcab388117e11eda54","ready","docs/behavior_output_code_contracts/gamm_features_10min.csv","39267e73e57f00542a4d1e67afacd2077b44b1aeba891e79d227fc9e7ebf878d"
"gamm_features_10min","06_behavioral_dynamics/gamm_features/10min_based/figures/interactive/README.txt","analyses/gamm_trajectory_features/10min","figures/interactive/README.txt","04a93a9db626de7962d449170c58971355320ac8caedf223705da54c56ce935b","ready","docs/behavior_output_code_contracts/gamm_features_10min.csv","39267e73e57f00542a4d1e67afacd2077b44b1aeba891e79d227fc9e7ebf878d"
"gamm_features_10min","06_behavioral_dynamics/gamm_features/10min_based/figures/publication_panels/README.txt","analyses/gamm_trajectory_features/10min","figures/publication_panels/README.txt","286c6049c438a35fa640b7aebc024153bbbbe1f1a4bbe837fd8b226708ff37cf","ready","docs/behavior_output_code_contracts/gamm_features_10min.csv","39267e73e57f00542a4d1e67afacd2077b44b1aeba891e79d227fc9e7ebf878d"
"gamm_features_10min","06_behavioral_dynamics/gamm_features/10min_based/figures/qc/README.txt","analyses/gamm_trajectory_features/10min","figures/qc/README.txt","fcc7347cfbb2d92ffff45d2d214694895194bd3da990013d0d8e3d556a6ef029","ready","docs/behavior_output_code_contracts/gamm_features_10min.csv","39267e73e57f00542a4d1e67afacd2077b44b1aeba891e79d227fc9e7ebf878d"
"gamm_features_10min","06_behavioral_dynamics/gamm_features/10min_based/figures/supplementary/README.txt","analyses/gamm_trajectory_features/10min","figures/supplementary/README.txt","72409480a7f9877bca1f93d2796bfdde2cf350a81c01a1dd3acfbcd060f10849","ready","docs/behavior_output_code_contracts/gamm_features_10min.csv","39267e73e57f00542a4d1e67afacd2077b44b1aeba891e79d227fc9e7ebf878d"
"gamm_features_10min","06_behavioral_dynamics/gamm_features/10min_based/manifest/input_output_manifest.csv","analyses/gamm_trajectory_features/10min","manifest/input_output_manifest.csv","47539461d64e47f1a02a818eb03317267bac3e259b2d3051a7b2c620e2768d9f","ready","docs/behavior_output_code_contracts/gamm_features_10min.csv","39267e73e57f00542a4d1e67afacd2077b44b1aeba891e79d227fc9e7ebf878d"
"gamm_features_10min","06_behavioral_dynamics/gamm_features/10min_based/manifest/output_manifest.csv","analyses/gamm_trajectory_features/10min","manifest/output_manifest.csv","90eed32540e86911fe00b92d4cd535d4b9b9abf37e4c9568eab1a34f55759347","ready","docs/behavior_output_code_contracts/gamm_features_10min.csv","39267e73e57f00542a4d1e67afacd2077b44b1aeba891e79d227fc9e7ebf878d"
"gamm_features_10min","06_behavioral_dynamics/gamm_features/10min_based/tables/combined_gamm_features.csv","analyses/gamm_trajectory_features/10min","tables/combined_gamm_features.csv","61c164fa48cf88ea0cb164ffcc21fc51ca8d7b01c7d731aa05fb93c04c4fd860","ready","docs/behavior_output_code_contracts/gamm_features_10min.csv","39267e73e57f00542a4d1e67afacd2077b44b1aeba891e79d227fc9e7ebf878d"
"gamm_features_10min","06_behavioral_dynamics/gamm_features/10min_based/tables/entropy_gamm_features.csv","analyses/gamm_trajectory_features/10min","tables/entropy_gamm_features.csv","46e288c1f4d903202e43bcf69d4aff064e5c37c24f9d4591591d6304c58fb082","ready","docs/behavior_output_code_contracts/gamm_features_10min.csv","39267e73e57f00542a4d1e67afacd2077b44b1aeba891e79d227fc9e7ebf878d"
"gamm_features_10min","06_behavioral_dynamics/gamm_features/10min_based/tables/epoch_duration_qc.csv","analyses/gamm_trajectory_features/10min","tables/epoch_duration_qc.csv","19d1ae2deddb7d4c46f29f33064c054ea2231dca288e99dbeeddbbc6a2e443b0","ready","docs/behavior_output_code_contracts/gamm_features_10min.csv","39267e73e57f00542a4d1e67afacd2077b44b1aeba891e79d227fc9e7ebf878d"
"gamm_features_10min","06_behavioral_dynamics/gamm_features/10min_based/tables/gamm_model_qc.csv","analyses/gamm_trajectory_features/10min","tables/gamm_model_qc.csv","0bb61f0106c04d9fa11d5c6043507560d61f1dfe22da3010d1e5261abd4537b9","ready","docs/behavior_output_code_contracts/gamm_features_10min.csv","39267e73e57f00542a4d1e67afacd2077b44b1aeba891e79d227fc9e7ebf878d"
"gamm_features_10min","06_behavioral_dynamics/gamm_features/10min_based/tables/gamm_trajectory_interpretation_guide.csv","analyses/gamm_trajectory_features/10min","tables/gamm_trajectory_interpretation_guide.csv","c1f47990469dcb155c664e46c1f3e7e8deeb7526c22fa4410a3e52bf424a6852","ready","docs/behavior_output_code_contracts/gamm_features_10min.csv","39267e73e57f00542a4d1e67afacd2077b44b1aeba891e79d227fc9e7ebf878d"
"gamm_features_10min","06_behavioral_dynamics/gamm_features/10min_based/tables/gamm_trajectory_robustness_summary.csv","analyses/gamm_trajectory_features/10min","tables/gamm_trajectory_robustness_summary.csv","2e36b626fd1abb8f82b130f304853ed205c8ab1ccb79cea3cf3703a6550731b7","ready","docs/behavior_output_code_contracts/gamm_features_10min.csv","39267e73e57f00542a4d1e67afacd2077b44b1aeba891e79d227fc9e7ebf878d"
"gamm_features_10min","06_behavioral_dynamics/gamm_features/10min_based/tables/movement_gamm_features.csv","analyses/gamm_trajectory_features/10min","tables/movement_gamm_features.csv","e0258260bb4a469d643186980569ceaba310c86299de2b042744a8e6139f75f8","ready","docs/behavior_output_code_contracts/gamm_features_10min.csv","39267e73e57f00542a4d1e67afacd2077b44b1aeba891e79d227fc9e7ebf878d"
"gamm_features_10min","06_behavioral_dynamics/gamm_features/10min_based/tables/output_figure_inventory.csv","analyses/gamm_trajectory_features/10min","tables/output_figure_inventory.csv","c24480f8916b209fb4de1eb9188e3584cc5f0488a474be0d99e8e6ea5be1842f","ready","docs/behavior_output_code_contracts/gamm_features_10min.csv","39267e73e57f00542a4d1e67afacd2077b44b1aeba891e79d227fc9e7ebf878d"
"gamm_features_10min","06_behavioral_dynamics/gamm_features/10min_based/tables/output_folder_summary.csv","analyses/gamm_trajectory_features/10min","tables/output_folder_summary.csv","b25f6193d87a02b31cac6ed273314414bcf336c826e3f9dee8951bb51ed00ce2","ready","docs/behavior_output_code_contracts/gamm_features_10min.csv","39267e73e57f00542a4d1e67afacd2077b44b1aeba891e79d227fc9e7ebf878d"
"gamm_features_10min","06_behavioral_dynamics/gamm_features/10min_based/tables/proximity_gamm_features.csv","analyses/gamm_trajectory_features/10min","tables/proximity_gamm_features.csv","2f55df91e731494a470e188d0f8bdfd6d788bacda45ceedaae1142ac14e39acb","ready","docs/behavior_output_code_contracts/gamm_features_10min.csv","39267e73e57f00542a4d1e67afacd2077b44b1aeba891e79d227fc9e7ebf878d"
"state_space_5min","06_behavioral_dynamics/state_space/5min_based/output_manifest.csv","analyses/behavioral_state_space/5min","output_manifest.csv","ec93416a4a47b4b3fee822033e840c895c457a188430cf7639dfabd3ac4a34bc","ready","docs/behavior_output_code_contracts/state_space_5min.csv","259782d0a0d3cca94f494e1b30a242915e1ac99e338096f207666c9949c66f5f"
"state_space_5min","06_behavioral_dynamics/state_space/5min_based/figures/behavioral_state_space_pca.pdf","analyses/behavioral_state_space/5min","figures/behavioral_state_space_pca.pdf","774e9d76e22e17a136d62d4a450f64778bdfca8b8824c037b80a51126c044cb2","ready","docs/behavior_output_code_contracts/state_space_5min.csv","259782d0a0d3cca94f494e1b30a242915e1ac99e338096f207666c9949c66f5f"
"state_space_5min","06_behavioral_dynamics/state_space/5min_based/figures/behavioral_state_space_pca.png","analyses/behavioral_state_space/5min","figures/behavioral_state_space_pca.png","4abd915f54484166fcc9bd3e3c8abc149be95e32291dd28123fcb5514c3d868b","ready","docs/behavior_output_code_contracts/state_space_5min.csv","259782d0a0d3cca94f494e1b30a242915e1ac99e338096f207666c9949c66f5f"
"state_space_5min","06_behavioral_dynamics/state_space/5min_based/figures/behavioral_state_space_pca.svg","analyses/behavioral_state_space/5min","figures/behavioral_state_space_pca.svg","a92808c1a07601f43b6a8ecfa4a00d72c3e8d4257ae117d1a783f4c8ebae710b","ready","docs/behavior_output_code_contracts/state_space_5min.csv","259782d0a0d3cca94f494e1b30a242915e1ac99e338096f207666c9949c66f5f"
"state_space_5min","06_behavioral_dynamics/state_space/5min_based/figures/state_centroid_profiles.pdf","analyses/behavioral_state_space/5min","figures/state_centroid_profiles.pdf","57ca440c7b8e497557d88fc58488cfc02ceb532865c1014f5f32c3b50e309c5a","ready","docs/behavior_output_code_contracts/state_space_5min.csv","259782d0a0d3cca94f494e1b30a242915e1ac99e338096f207666c9949c66f5f"
"state_space_5min","06_behavioral_dynamics/state_space/5min_based/figures/state_centroid_profiles.png","analyses/behavioral_state_space/5min","figures/state_centroid_profiles.png","fc515ba670b498f84366e4ad3ba924fa215bde81b251d7d2bf716d1a1fb763df","ready","docs/behavior_output_code_contracts/state_space_5min.csv","259782d0a0d3cca94f494e1b30a242915e1ac99e338096f207666c9949c66f5f"
"state_space_5min","06_behavioral_dynamics/state_space/5min_based/figures/state_centroid_profiles.svg","analyses/behavioral_state_space/5min","figures/state_centroid_profiles.svg","4c4fc5f3a249e2dd97731aaa90e28ecccf1215a76ce53bf571bb6e556f2247ed","ready","docs/behavior_output_code_contracts/state_space_5min.csv","259782d0a0d3cca94f494e1b30a242915e1ac99e338096f207666c9949c66f5f"
"state_space_5min","06_behavioral_dynamics/state_space/5min_based/figures/state_diversity_entropy.pdf","analyses/behavioral_state_space/5min","figures/state_diversity_entropy.pdf","2afd22b1d692cdcda8b5db2b05832fd58be3495bd76c76a14fe8335adb6489da","ready","docs/behavior_output_code_contracts/state_space_5min.csv","259782d0a0d3cca94f494e1b30a242915e1ac99e338096f207666c9949c66f5f"
"state_space_5min","06_behavioral_dynamics/state_space/5min_based/figures/state_diversity_entropy.png","analyses/behavioral_state_space/5min","figures/state_diversity_entropy.png","8fa7b9b254f97ce5850d23513b181cb322c220e1ca933229109f81e92e8a43e6","ready","docs/behavior_output_code_contracts/state_space_5min.csv","259782d0a0d3cca94f494e1b30a242915e1ac99e338096f207666c9949c66f5f"
"state_space_5min","06_behavioral_dynamics/state_space/5min_based/figures/state_diversity_entropy.svg","analyses/behavioral_state_space/5min","figures/state_diversity_entropy.svg","57f881ae60afc37f79ad39fbbe3ef7e28c84c57538095b63539b466ab66e52b4","ready","docs/behavior_output_code_contracts/state_space_5min.csv","259782d0a0d3cca94f494e1b30a242915e1ac99e338096f207666c9949c66f5f"
"state_space_5min","06_behavioral_dynamics/state_space/5min_based/figures/state_occupancy_trajectories.pdf","analyses/behavioral_state_space/5min","figures/state_occupancy_trajectories.pdf","ad0d1a8c83d6f3771bcfb95f99d761ed2f101af2e9184b40d49b057469a34ab9","ready","docs/behavior_output_code_contracts/state_space_5min.csv","259782d0a0d3cca94f494e1b30a242915e1ac99e338096f207666c9949c66f5f"
"state_space_5min","06_behavioral_dynamics/state_space/5min_based/figures/state_occupancy_trajectories.png","analyses/behavioral_state_space/5min","figures/state_occupancy_trajectories.png","c3f11c9d6e5296a9a27f77d851d3b69e304895bcd58052a6c3012010d4cdbeb9","ready","docs/behavior_output_code_contracts/state_space_5min.csv","259782d0a0d3cca94f494e1b30a242915e1ac99e338096f207666c9949c66f5f"
"state_space_5min","06_behavioral_dynamics/state_space/5min_based/figures/state_occupancy_trajectories.svg","analyses/behavioral_state_space/5min","figures/state_occupancy_trajectories.svg","2c0eb2472798eec531f31c4b99a741697064eed9eaeaf871f7cc84088c05ac73","ready","docs/behavior_output_code_contracts/state_space_5min.csv","259782d0a0d3cca94f494e1b30a242915e1ac99e338096f207666c9949c66f5f"
"state_space_5min","06_behavioral_dynamics/state_space/5min_based/figures/state_occupancy.pdf","analyses/behavioral_state_space/5min","figures/state_occupancy.pdf","e526cfc1258afc1e26299b2794577a08031e70976d0abe0a3b3fd16f6b5ab265","ready","docs/behavior_output_code_contracts/state_space_5min.csv","259782d0a0d3cca94f494e1b30a242915e1ac99e338096f207666c9949c66f5f"
"state_space_5min","06_behavioral_dynamics/state_space/5min_based/figures/state_occupancy.png","analyses/behavioral_state_space/5min","figures/state_occupancy.png","0c328c2ff75563709496f21a366fc9ee31156c6eb2751257e074a3f4026b7fc4","ready","docs/behavior_output_code_contracts/state_space_5min.csv","259782d0a0d3cca94f494e1b30a242915e1ac99e338096f207666c9949c66f5f"
"state_space_5min","06_behavioral_dynamics/state_space/5min_based/figures/state_occupancy.svg","analyses/behavioral_state_space/5min","figures/state_occupancy.svg","bc797a015e3e8312f4c9f135412972bc04157baa2279c82c0ac1f675a8b59904","ready","docs/behavior_output_code_contracts/state_space_5min.csv","259782d0a0d3cca94f494e1b30a242915e1ac99e338096f207666c9949c66f5f"
"state_space_5min","06_behavioral_dynamics/state_space/5min_based/figures/state_switching_rate.pdf","analyses/behavioral_state_space/5min","figures/state_switching_rate.pdf","982fb7a8405aea1ebad69c4b2022c131482215f18d5c4aaed36f65b0424d5be1","ready","docs/behavior_output_code_contracts/state_space_5min.csv","259782d0a0d3cca94f494e1b30a242915e1ac99e338096f207666c9949c66f5f"
"state_space_5min","06_behavioral_dynamics/state_space/5min_based/figures/state_switching_rate.png","analyses/behavioral_state_space/5min","figures/state_switching_rate.png","537488143539f51927d741d433d80b037665967b962fd0cae3fcfd2db4c81815","ready","docs/behavior_output_code_contracts/state_space_5min.csv","259782d0a0d3cca94f494e1b30a242915e1ac99e338096f207666c9949c66f5f"
"state_space_5min","06_behavioral_dynamics/state_space/5min_based/figures/state_switching_rate.svg","analyses/behavioral_state_space/5min","figures/state_switching_rate.svg","8c08163a55bb6deb52105aa6e185db1e6fa8194a0f5e4e06635e91277dc63028","ready","docs/behavior_output_code_contracts/state_space_5min.csv","259782d0a0d3cca94f494e1b30a242915e1ac99e338096f207666c9949c66f5f"
"state_space_5min","06_behavioral_dynamics/state_space/5min_based/figures/state_transition_probability_heatmap.pdf","analyses/behavioral_state_space/5min","figures/state_transition_probability_heatmap.pdf","769eb8f3eb6f90040f339b6f00a6e8ccf25323ad1f20683c91813c7dbb25c628","ready","docs/behavior_output_code_contracts/state_space_5min.csv","259782d0a0d3cca94f494e1b30a242915e1ac99e338096f207666c9949c66f5f"
"state_space_5min","06_behavioral_dynamics/state_space/5min_based/figures/state_transition_probability_heatmap.png","analyses/behavioral_state_space/5min","figures/state_transition_probability_heatmap.png","77b37d1b9b0b58708252056ecb315599a9acf31b50de7b0b8298ab9bd5092371","ready","docs/behavior_output_code_contracts/state_space_5min.csv","259782d0a0d3cca94f494e1b30a242915e1ac99e338096f207666c9949c66f5f"
"state_space_5min","06_behavioral_dynamics/state_space/5min_based/figures/state_transition_probability_heatmap.svg","analyses/behavioral_state_space/5min","figures/state_transition_probability_heatmap.svg","3dc7a8cca464a286c4ab336e61a790e8150f9baf3d4a8217e2a5df18c5563498","ready","docs/behavior_output_code_contracts/state_space_5min.csv","259782d0a0d3cca94f494e1b30a242915e1ac99e338096f207666c9949c66f5f"
"state_space_5min","06_behavioral_dynamics/state_space/5min_based/figures/exploratory/README.txt","analyses/behavioral_state_space/5min","figures/exploratory/README.txt","7c55015964e5c3d731055c51390e0cce86dc97a263317edcab388117e11eda54","ready","docs/behavior_output_code_contracts/state_space_5min.csv","259782d0a0d3cca94f494e1b30a242915e1ac99e338096f207666c9949c66f5f"
"state_space_5min","06_behavioral_dynamics/state_space/5min_based/figures/interactive/README.txt","analyses/behavioral_state_space/5min","figures/interactive/README.txt","04a93a9db626de7962d449170c58971355320ac8caedf223705da54c56ce935b","ready","docs/behavior_output_code_contracts/state_space_5min.csv","259782d0a0d3cca94f494e1b30a242915e1ac99e338096f207666c9949c66f5f"
"state_space_5min","06_behavioral_dynamics/state_space/5min_based/figures/publication/overview/state_occupancy_effect_size_heatmap.pdf","analyses/behavioral_state_space/5min","figures/publication/overview/state_occupancy_effect_size_heatmap.pdf","31283dc577880a24e4908bb51320d2053ffafa7e82131990268077fd615342ae","ready","docs/behavior_output_code_contracts/state_space_5min.csv","259782d0a0d3cca94f494e1b30a242915e1ac99e338096f207666c9949c66f5f"
"state_space_5min","06_behavioral_dynamics/state_space/5min_based/figures/publication/overview/state_occupancy_effect_size_heatmap.png","analyses/behavioral_state_space/5min","figures/publication/overview/state_occupancy_effect_size_heatmap.png","f4983488e00b91fc54aa8b56a4de02962465902e1dd13851d44f92f23ecddb49","ready","docs/behavior_output_code_contracts/state_space_5min.csv","259782d0a0d3cca94f494e1b30a242915e1ac99e338096f207666c9949c66f5f"
"state_space_5min","06_behavioral_dynamics/state_space/5min_based/figures/publication/overview/state_occupancy_effect_size_heatmap.svg","analyses/behavioral_state_space/5min","figures/publication/overview/state_occupancy_effect_size_heatmap.svg","c68dc0b39603589f7830cffbc1e441af681969568b0d580419620655834b3456","ready","docs/behavior_output_code_contracts/state_space_5min.csv","259782d0a0d3cca94f494e1b30a242915e1ac99e338096f207666c9949c66f5f"
"state_space_5min","06_behavioral_dynamics/state_space/5min_based/figures/publication/overview/state_switching_effect_size_heatmap.pdf","analyses/behavioral_state_space/5min","figures/publication/overview/state_switching_effect_size_heatmap.pdf","512d617895ea2de62c6c642f1aee8a3bfe9ddb3e1e468d00161ac37651f6f385","ready","docs/behavior_output_code_contracts/state_space_5min.csv","259782d0a0d3cca94f494e1b30a242915e1ac99e338096f207666c9949c66f5f"
"state_space_5min","06_behavioral_dynamics/state_space/5min_based/figures/publication/overview/state_switching_effect_size_heatmap.png","analyses/behavioral_state_space/5min","figures/publication/overview/state_switching_effect_size_heatmap.png","c8d981ceacf0f62d240ea29189e4559305dabe970c45168f5c187e41a4a4fec9","ready","docs/behavior_output_code_contracts/state_space_5min.csv","259782d0a0d3cca94f494e1b30a242915e1ac99e338096f207666c9949c66f5f"
"state_space_5min","06_behavioral_dynamics/state_space/5min_based/figures/publication/overview/state_switching_effect_size_heatmap.svg","analyses/behavioral_state_space/5min","figures/publication/overview/state_switching_effect_size_heatmap.svg","f2703dddf92adf14f44fc7ec38bd4d73d3397a759bdd92295ce0dfed483308d4","ready","docs/behavior_output_code_contracts/state_space_5min.csv","259782d0a0d3cca94f494e1b30a242915e1ac99e338096f207666c9949c66f5f"
"state_space_5min","06_behavioral_dynamics/state_space/5min_based/figures/publication_panels/behavioral_state_space_pca.pdf","analyses/behavioral_state_space/5min","figures/publication_panels/behavioral_state_space_pca.pdf","774e9d76e22e17a136d62d4a450f64778bdfca8b8824c037b80a51126c044cb2","ready","docs/behavior_output_code_contracts/state_space_5min.csv","259782d0a0d3cca94f494e1b30a242915e1ac99e338096f207666c9949c66f5f"
"state_space_5min","06_behavioral_dynamics/state_space/5min_based/figures/publication_panels/behavioral_state_space_pca.png","analyses/behavioral_state_space/5min","figures/publication_panels/behavioral_state_space_pca.png","4abd915f54484166fcc9bd3e3c8abc149be95e32291dd28123fcb5514c3d868b","ready","docs/behavior_output_code_contracts/state_space_5min.csv","259782d0a0d3cca94f494e1b30a242915e1ac99e338096f207666c9949c66f5f"
"state_space_5min","06_behavioral_dynamics/state_space/5min_based/figures/publication_panels/behavioral_state_space_pca.svg","analyses/behavioral_state_space/5min","figures/publication_panels/behavioral_state_space_pca.svg","a92808c1a07601f43b6a8ecfa4a00d72c3e8d4257ae117d1a783f4c8ebae710b","ready","docs/behavior_output_code_contracts/state_space_5min.csv","259782d0a0d3cca94f494e1b30a242915e1ac99e338096f207666c9949c66f5f"
"state_space_5min","06_behavioral_dynamics/state_space/5min_based/figures/publication_panels/README.txt","analyses/behavioral_state_space/5min","figures/publication_panels/README.txt","9b957880bf142e8e7ee5034d698dc3cf630f411fae5bfd345d64fabf57540a90","ready","docs/behavior_output_code_contracts/state_space_5min.csv","259782d0a0d3cca94f494e1b30a242915e1ac99e338096f207666c9949c66f5f"
"state_space_5min","06_behavioral_dynamics/state_space/5min_based/figures/publication_panels/state_centroid_profiles.pdf","analyses/behavioral_state_space/5min","figures/publication_panels/state_centroid_profiles.pdf","57ca440c7b8e497557d88fc58488cfc02ceb532865c1014f5f32c3b50e309c5a","ready","docs/behavior_output_code_contracts/state_space_5min.csv","259782d0a0d3cca94f494e1b30a242915e1ac99e338096f207666c9949c66f5f"
"state_space_5min","06_behavioral_dynamics/state_space/5min_based/figures/publication_panels/state_centroid_profiles.png","analyses/behavioral_state_space/5min","figures/publication_panels/state_centroid_profiles.png","fc515ba670b498f84366e4ad3ba924fa215bde81b251d7d2bf716d1a1fb763df","ready","docs/behavior_output_code_contracts/state_space_5min.csv","259782d0a0d3cca94f494e1b30a242915e1ac99e338096f207666c9949c66f5f"
"state_space_5min","06_behavioral_dynamics/state_space/5min_based/figures/publication_panels/state_centroid_profiles.svg","analyses/behavioral_state_space/5min","figures/publication_panels/state_centroid_profiles.svg","4c4fc5f3a249e2dd97731aaa90e28ecccf1215a76ce53bf571bb6e556f2247ed","ready","docs/behavior_output_code_contracts/state_space_5min.csv","259782d0a0d3cca94f494e1b30a242915e1ac99e338096f207666c9949c66f5f"
"state_space_5min","06_behavioral_dynamics/state_space/5min_based/figures/publication_panels/state_diversity_entropy.pdf","analyses/behavioral_state_space/5min","figures/publication_panels/state_diversity_entropy.pdf","2afd22b1d692cdcda8b5db2b05832fd58be3495bd76c76a14fe8335adb6489da","ready","docs/behavior_output_code_contracts/state_space_5min.csv","259782d0a0d3cca94f494e1b30a242915e1ac99e338096f207666c9949c66f5f"
"state_space_5min","06_behavioral_dynamics/state_space/5min_based/figures/publication_panels/state_diversity_entropy.png","analyses/behavioral_state_space/5min","figures/publication_panels/state_diversity_entropy.png","8fa7b9b254f97ce5850d23513b181cb322c220e1ca933229109f81e92e8a43e6","ready","docs/behavior_output_code_contracts/state_space_5min.csv","259782d0a0d3cca94f494e1b30a242915e1ac99e338096f207666c9949c66f5f"
"state_space_5min","06_behavioral_dynamics/state_space/5min_based/figures/publication_panels/state_diversity_entropy.svg","analyses/behavioral_state_space/5min","figures/publication_panels/state_diversity_entropy.svg","57f881ae60afc37f79ad39fbbe3ef7e28c84c57538095b63539b466ab66e52b4","ready","docs/behavior_output_code_contracts/state_space_5min.csv","259782d0a0d3cca94f494e1b30a242915e1ac99e338096f207666c9949c66f5f"
"state_space_5min","06_behavioral_dynamics/state_space/5min_based/figures/publication_panels/state_occupancy_effect_size_heatmap.pdf","analyses/behavioral_state_space/5min","figures/publication_panels/state_occupancy_effect_size_heatmap.pdf","31283dc577880a24e4908bb51320d2053ffafa7e82131990268077fd615342ae","ready","docs/behavior_output_code_contracts/state_space_5min.csv","259782d0a0d3cca94f494e1b30a242915e1ac99e338096f207666c9949c66f5f"
"state_space_5min","06_behavioral_dynamics/state_space/5min_based/figures/publication_panels/state_occupancy_effect_size_heatmap.png","analyses/behavioral_state_space/5min","figures/publication_panels/state_occupancy_effect_size_heatmap.png","f4983488e00b91fc54aa8b56a4de02962465902e1dd13851d44f92f23ecddb49","ready","docs/behavior_output_code_contracts/state_space_5min.csv","259782d0a0d3cca94f494e1b30a242915e1ac99e338096f207666c9949c66f5f"
"state_space_5min","06_behavioral_dynamics/state_space/5min_based/figures/publication_panels/state_occupancy_effect_size_heatmap.svg","analyses/behavioral_state_space/5min","figures/publication_panels/state_occupancy_effect_size_heatmap.svg","c68dc0b39603589f7830cffbc1e441af681969568b0d580419620655834b3456","ready","docs/behavior_output_code_contracts/state_space_5min.csv","259782d0a0d3cca94f494e1b30a242915e1ac99e338096f207666c9949c66f5f"
"state_space_5min","06_behavioral_dynamics/state_space/5min_based/figures/publication_panels/state_occupancy_trajectories.pdf","analyses/behavioral_state_space/5min","figures/publication_panels/state_occupancy_trajectories.pdf","ad0d1a8c83d6f3771bcfb95f99d761ed2f101af2e9184b40d49b057469a34ab9","ready","docs/behavior_output_code_contracts/state_space_5min.csv","259782d0a0d3cca94f494e1b30a242915e1ac99e338096f207666c9949c66f5f"
"state_space_5min","06_behavioral_dynamics/state_space/5min_based/figures/publication_panels/state_occupancy_trajectories.png","analyses/behavioral_state_space/5min","figures/publication_panels/state_occupancy_trajectories.png","c3f11c9d6e5296a9a27f77d851d3b69e304895bcd58052a6c3012010d4cdbeb9","ready","docs/behavior_output_code_contracts/state_space_5min.csv","259782d0a0d3cca94f494e1b30a242915e1ac99e338096f207666c9949c66f5f"
"state_space_5min","06_behavioral_dynamics/state_space/5min_based/figures/publication_panels/state_occupancy_trajectories.svg","analyses/behavioral_state_space/5min","figures/publication_panels/state_occupancy_trajectories.svg","2c0eb2472798eec531f31c4b99a741697064eed9eaeaf871f7cc84088c05ac73","ready","docs/behavior_output_code_contracts/state_space_5min.csv","259782d0a0d3cca94f494e1b30a242915e1ac99e338096f207666c9949c66f5f"
"state_space_5min","06_behavioral_dynamics/state_space/5min_based/figures/publication_panels/state_occupancy.pdf","analyses/behavioral_state_space/5min","figures/publication_panels/state_occupancy.pdf","e526cfc1258afc1e26299b2794577a08031e70976d0abe0a3b3fd16f6b5ab265","ready","docs/behavior_output_code_contracts/state_space_5min.csv","259782d0a0d3cca94f494e1b30a242915e1ac99e338096f207666c9949c66f5f"
"state_space_5min","06_behavioral_dynamics/state_space/5min_based/figures/publication_panels/state_occupancy.png","analyses/behavioral_state_space/5min","figures/publication_panels/state_occupancy.png","0c328c2ff75563709496f21a366fc9ee31156c6eb2751257e074a3f4026b7fc4","ready","docs/behavior_output_code_contracts/state_space_5min.csv","259782d0a0d3cca94f494e1b30a242915e1ac99e338096f207666c9949c66f5f"
"state_space_5min","06_behavioral_dynamics/state_space/5min_based/figures/publication_panels/state_occupancy.svg","analyses/behavioral_state_space/5min","figures/publication_panels/state_occupancy.svg","bc797a015e3e8312f4c9f135412972bc04157baa2279c82c0ac1f675a8b59904","ready","docs/behavior_output_code_contracts/state_space_5min.csv","259782d0a0d3cca94f494e1b30a242915e1ac99e338096f207666c9949c66f5f"
"state_space_5min","06_behavioral_dynamics/state_space/5min_based/figures/publication_panels/state_switching_effect_size_heatmap.pdf","analyses/behavioral_state_space/5min","figures/publication_panels/state_switching_effect_size_heatmap.pdf","512d617895ea2de62c6c642f1aee8a3bfe9ddb3e1e468d00161ac37651f6f385","ready","docs/behavior_output_code_contracts/state_space_5min.csv","259782d0a0d3cca94f494e1b30a242915e1ac99e338096f207666c9949c66f5f"
"state_space_5min","06_behavioral_dynamics/state_space/5min_based/figures/publication_panels/state_switching_effect_size_heatmap.png","analyses/behavioral_state_space/5min","figures/publication_panels/state_switching_effect_size_heatmap.png","c8d981ceacf0f62d240ea29189e4559305dabe970c45168f5c187e41a4a4fec9","ready","docs/behavior_output_code_contracts/state_space_5min.csv","259782d0a0d3cca94f494e1b30a242915e1ac99e338096f207666c9949c66f5f"
"state_space_5min","06_behavioral_dynamics/state_space/5min_based/figures/publication_panels/state_switching_effect_size_heatmap.svg","analyses/behavioral_state_space/5min","figures/publication_panels/state_switching_effect_size_heatmap.svg","f2703dddf92adf14f44fc7ec38bd4d73d3397a759bdd92295ce0dfed483308d4","ready","docs/behavior_output_code_contracts/state_space_5min.csv","259782d0a0d3cca94f494e1b30a242915e1ac99e338096f207666c9949c66f5f"
"state_space_5min","06_behavioral_dynamics/state_space/5min_based/figures/publication_panels/state_switching_rate.pdf","analyses/behavioral_state_space/5min","figures/publication_panels/state_switching_rate.pdf","982fb7a8405aea1ebad69c4b2022c131482215f18d5c4aaed36f65b0424d5be1","ready","docs/behavior_output_code_contracts/state_space_5min.csv","259782d0a0d3cca94f494e1b30a242915e1ac99e338096f207666c9949c66f5f"
"state_space_5min","06_behavioral_dynamics/state_space/5min_based/figures/publication_panels/state_switching_rate.png","analyses/behavioral_state_space/5min","figures/publication_panels/state_switching_rate.png","537488143539f51927d741d433d80b037665967b962fd0cae3fcfd2db4c81815","ready","docs/behavior_output_code_contracts/state_space_5min.csv","259782d0a0d3cca94f494e1b30a242915e1ac99e338096f207666c9949c66f5f"
"state_space_5min","06_behavioral_dynamics/state_space/5min_based/figures/publication_panels/state_switching_rate.svg","analyses/behavioral_state_space/5min","figures/publication_panels/state_switching_rate.svg","8c08163a55bb6deb52105aa6e185db1e6fa8194a0f5e4e06635e91277dc63028","ready","docs/behavior_output_code_contracts/state_space_5min.csv","259782d0a0d3cca94f494e1b30a242915e1ac99e338096f207666c9949c66f5f"
"state_space_5min","06_behavioral_dynamics/state_space/5min_based/figures/publication_panels/state_transition_probability_heatmap.pdf","analyses/behavioral_state_space/5min","figures/publication_panels/state_transition_probability_heatmap.pdf","769eb8f3eb6f90040f339b6f00a6e8ccf25323ad1f20683c91813c7dbb25c628","ready","docs/behavior_output_code_contracts/state_space_5min.csv","259782d0a0d3cca94f494e1b30a242915e1ac99e338096f207666c9949c66f5f"
"state_space_5min","06_behavioral_dynamics/state_space/5min_based/figures/publication_panels/state_transition_probability_heatmap.png","analyses/behavioral_state_space/5min","figures/publication_panels/state_transition_probability_heatmap.png","77b37d1b9b0b58708252056ecb315599a9acf31b50de7b0b8298ab9bd5092371","ready","docs/behavior_output_code_contracts/state_space_5min.csv","259782d0a0d3cca94f494e1b30a242915e1ac99e338096f207666c9949c66f5f"
"state_space_5min","06_behavioral_dynamics/state_space/5min_based/figures/publication_panels/state_transition_probability_heatmap.svg","analyses/behavioral_state_space/5min","figures/publication_panels/state_transition_probability_heatmap.svg","3dc7a8cca464a286c4ab336e61a790e8150f9baf3d4a8217e2a5df18c5563498","ready","docs/behavior_output_code_contracts/state_space_5min.csv","259782d0a0d3cca94f494e1b30a242915e1ac99e338096f207666c9949c66f5f"
"state_space_5min","06_behavioral_dynamics/state_space/5min_based/figures/qc/README.txt","analyses/behavioral_state_space/5min","figures/qc/README.txt","fcc7347cfbb2d92ffff45d2d214694895194bd3da990013d0d8e3d556a6ef029","ready","docs/behavior_output_code_contracts/state_space_5min.csv","259782d0a0d3cca94f494e1b30a242915e1ac99e338096f207666c9949c66f5f"
"state_space_5min","06_behavioral_dynamics/state_space/5min_based/figures/supplementary/README.txt","analyses/behavioral_state_space/5min","figures/supplementary/README.txt","72409480a7f9877bca1f93d2796bfdde2cf350a81c01a1dd3acfbcd060f10849","ready","docs/behavior_output_code_contracts/state_space_5min.csv","259782d0a0d3cca94f494e1b30a242915e1ac99e338096f207666c9949c66f5f"
"state_space_5min","06_behavioral_dynamics/state_space/5min_based/manifest/input_output_manifest.csv","analyses/behavioral_state_space/5min","manifest/input_output_manifest.csv","de13cb35a91a09dd527ba24afab3932e13d5bfb8a0726b17310f0805bfb9d1d3","ready","docs/behavior_output_code_contracts/state_space_5min.csv","259782d0a0d3cca94f494e1b30a242915e1ac99e338096f207666c9949c66f5f"
"state_space_5min","06_behavioral_dynamics/state_space/5min_based/manifest/output_manifest.csv","analyses/behavioral_state_space/5min","manifest/output_manifest.csv","ec93416a4a47b4b3fee822033e840c895c457a188430cf7639dfabd3ac4a34bc","ready","docs/behavior_output_code_contracts/state_space_5min.csv","259782d0a0d3cca94f494e1b30a242915e1ac99e338096f207666c9949c66f5f"
"state_space_5min","06_behavioral_dynamics/state_space/5min_based/stats_tables/state_diversity_duration_sensitivity_consistency.csv","analyses/behavioral_state_space/5min","stats_tables/state_diversity_duration_sensitivity_consistency.csv","8ac4935837e7d6fc8d59ed379a61a0212e7dd6ad7e15ffe276f33e14dc387360","ready","docs/behavior_output_code_contracts/state_space_5min.csv","259782d0a0d3cca94f494e1b30a242915e1ac99e338096f207666c9949c66f5f"
"state_space_5min","06_behavioral_dynamics/state_space/5min_based/stats_tables/state_diversity_duration_sensitivity_group_contrasts.csv","analyses/behavioral_state_space/5min","stats_tables/state_diversity_duration_sensitivity_group_contrasts.csv","8601aa187dbb5edbafbdafd9ff1ad561567694165b3e8ef5ae18be464cd486a4","ready","docs/behavior_output_code_contracts/state_space_5min.csv","259782d0a0d3cca94f494e1b30a242915e1ac99e338096f207666c9949c66f5f"
"state_space_5min","06_behavioral_dynamics/state_space/5min_based/stats_tables/state_diversity_duration_sensitivity_group_summary.csv","analyses/behavioral_state_space/5min","stats_tables/state_diversity_duration_sensitivity_group_summary.csv","e295762afdc05e8df9f66c448c270282a6f592d05b4e3dbef0292d372f4b054c","ready","docs/behavior_output_code_contracts/state_space_5min.csv","259782d0a0d3cca94f494e1b30a242915e1ac99e338096f207666c9949c66f5f"
"state_space_5min","06_behavioral_dynamics/state_space/5min_based/stats_tables/state_diversity_group_contrasts.csv","analyses/behavioral_state_space/5min","stats_tables/state_diversity_group_contrasts.csv","2fefca3c5777f2b82f259b73d2294053211e1d2b0c1970427d92480ed23499c8","ready","docs/behavior_output_code_contracts/state_space_5min.csv","259782d0a0d3cca94f494e1b30a242915e1ac99e338096f207666c9949c66f5f"
"state_space_5min","06_behavioral_dynamics/state_space/5min_based/stats_tables/state_diversity_group_summary.csv","analyses/behavioral_state_space/5min","stats_tables/state_diversity_group_summary.csv","252b96ec70ca0cde0d32eda9b70034f217bdb4db3c263cc3a64c16e5c927d745","ready","docs/behavior_output_code_contracts/state_space_5min.csv","259782d0a0d3cca94f494e1b30a242915e1ac99e338096f207666c9949c66f5f"
"state_space_5min","06_behavioral_dynamics/state_space/5min_based/stats_tables/state_occupancy_duration_sensitivity_consistency.csv","analyses/behavioral_state_space/5min","stats_tables/state_occupancy_duration_sensitivity_consistency.csv","175f1244a4e563ecd2fd5115af582758c84a7d75440256deb8066bc48f6cda3a","ready","docs/behavior_output_code_contracts/state_space_5min.csv","259782d0a0d3cca94f494e1b30a242915e1ac99e338096f207666c9949c66f5f"
"state_space_5min","06_behavioral_dynamics/state_space/5min_based/stats_tables/state_occupancy_duration_sensitivity_group_contrasts.csv","analyses/behavioral_state_space/5min","stats_tables/state_occupancy_duration_sensitivity_group_contrasts.csv","9f895400d5c2774dcace7326017f5bb6b164abdbb1aabda1b0e484517c325a4d","ready","docs/behavior_output_code_contracts/state_space_5min.csv","259782d0a0d3cca94f494e1b30a242915e1ac99e338096f207666c9949c66f5f"
"state_space_5min","06_behavioral_dynamics/state_space/5min_based/stats_tables/state_occupancy_duration_sensitivity_group_summary.csv","analyses/behavioral_state_space/5min","stats_tables/state_occupancy_duration_sensitivity_group_summary.csv","9d529a3bf2ece313f25c28ff2e80f80433d72e1bfccd2606b3ece4db0f9042cf","ready","docs/behavior_output_code_contracts/state_space_5min.csv","259782d0a0d3cca94f494e1b30a242915e1ac99e338096f207666c9949c66f5f"
"state_space_5min","06_behavioral_dynamics/state_space/5min_based/stats_tables/state_occupancy_group_contrasts.csv","analyses/behavioral_state_space/5min","stats_tables/state_occupancy_group_contrasts.csv","76edd19e57f7a255360a321c5e8d63eb383c310fe284622e8bad16b23de4d2fa","ready","docs/behavior_output_code_contracts/state_space_5min.csv","259782d0a0d3cca94f494e1b30a242915e1ac99e338096f207666c9949c66f5f"
"state_space_5min","06_behavioral_dynamics/state_space/5min_based/stats_tables/state_occupancy_group_summary.csv","analyses/behavioral_state_space/5min","stats_tables/state_occupancy_group_summary.csv","6b3ee7e77f3ac4498091dd0f530f5b09007a7e3e5359c247f5ccdba715b98c5a","ready","docs/behavior_output_code_contracts/state_space_5min.csv","259782d0a0d3cca94f494e1b30a242915e1ac99e338096f207666c9949c66f5f"
"state_space_5min","06_behavioral_dynamics/state_space/5min_based/stats_tables/state_switching_duration_sensitivity_consistency.csv","analyses/behavioral_state_space/5min","stats_tables/state_switching_duration_sensitivity_consistency.csv","7303f5d6c9a804142a68d70800af25c3281c7ba72bf5b28d262bd8d866b7ba60","ready","docs/behavior_output_code_contracts/state_space_5min.csv","259782d0a0d3cca94f494e1b30a242915e1ac99e338096f207666c9949c66f5f"
"state_space_5min","06_behavioral_dynamics/state_space/5min_based/stats_tables/state_switching_duration_sensitivity_group_contrasts.csv","analyses/behavioral_state_space/5min","stats_tables/state_switching_duration_sensitivity_group_contrasts.csv","167a97d06b5e9a8a53a153bea40ba46e3d2c691b462a8445fedde281ca144196","ready","docs/behavior_output_code_contracts/state_space_5min.csv","259782d0a0d3cca94f494e1b30a242915e1ac99e338096f207666c9949c66f5f"
"state_space_5min","06_behavioral_dynamics/state_space/5min_based/stats_tables/state_switching_duration_sensitivity_group_summary.csv","analyses/behavioral_state_space/5min","stats_tables/state_switching_duration_sensitivity_group_summary.csv","51182ee36269e8b8b04aa479e3eeb2ae7a206c7dae9792a4b40385386ce4b95c","ready","docs/behavior_output_code_contracts/state_space_5min.csv","259782d0a0d3cca94f494e1b30a242915e1ac99e338096f207666c9949c66f5f"
"state_space_5min","06_behavioral_dynamics/state_space/5min_based/stats_tables/state_switching_group_contrasts.csv","analyses/behavioral_state_space/5min","stats_tables/state_switching_group_contrasts.csv","f16834c1939bc81ba58ebb6e41fea5b404d2c064a37a5eb3f4f07a4d778ec0ae","ready","docs/behavior_output_code_contracts/state_space_5min.csv","259782d0a0d3cca94f494e1b30a242915e1ac99e338096f207666c9949c66f5f"
"state_space_5min","06_behavioral_dynamics/state_space/5min_based/stats_tables/state_switching_group_summary.csv","analyses/behavioral_state_space/5min","stats_tables/state_switching_group_summary.csv","aa4d33d2502a01f7064607caa8cec63e3879f61b9734d5f50b83d4b17a0c0aac","ready","docs/behavior_output_code_contracts/state_space_5min.csv","259782d0a0d3cca94f494e1b30a242915e1ac99e338096f207666c9949c66f5f"
"state_space_5min","06_behavioral_dynamics/state_space/5min_based/tables/epoch_duration_qc.csv","analyses/behavioral_state_space/5min","tables/epoch_duration_qc.csv","39834d58e4069d223c2a611d0bc12e56d37a587f4b5d1689ecd4c9f540676ba1","ready","docs/behavior_output_code_contracts/state_space_5min.csv","259782d0a0d3cca94f494e1b30a242915e1ac99e338096f207666c9949c66f5f"
"state_space_5min","06_behavioral_dynamics/state_space/5min_based/tables/output_figure_inventory.csv","analyses/behavioral_state_space/5min","tables/output_figure_inventory.csv","40bde404e2dba30fe9bfb1e415627ee76a17fd7942575dd199ac71f3a6fab9e7","ready","docs/behavior_output_code_contracts/state_space_5min.csv","259782d0a0d3cca94f494e1b30a242915e1ac99e338096f207666c9949c66f5f"
"state_space_5min","06_behavioral_dynamics/state_space/5min_based/tables/output_folder_summary.csv","analyses/behavioral_state_space/5min","tables/output_folder_summary.csv","c390f18cd7eaeb06d1e1a96660f079fd49c189d0c714d816590441c2336f241a","ready","docs/behavior_output_code_contracts/state_space_5min.csv","259782d0a0d3cca94f494e1b30a242915e1ac99e338096f207666c9949c66f5f"
"state_space_5min","06_behavioral_dynamics/state_space/5min_based/tables/state_centroid_feature_profiles.csv","analyses/behavioral_state_space/5min","tables/state_centroid_feature_profiles.csv","92a151971d106a038dc1a7bf8c78f8c94e383027b96a2dc8a95a3a1370ebbea2","ready","docs/behavior_output_code_contracts/state_space_5min.csv","259782d0a0d3cca94f494e1b30a242915e1ac99e338096f207666c9949c66f5f"
"state_space_5min","06_behavioral_dynamics/state_space/5min_based/tables/state_centroids.csv","analyses/behavioral_state_space/5min","tables/state_centroids.csv","c28e93b9ba165385c7af0bdf5904bc026e3fea6db00ef8df70449a94923b4031","ready","docs/behavior_output_code_contracts/state_space_5min.csv","259782d0a0d3cca94f494e1b30a242915e1ac99e338096f207666c9949c66f5f"
"state_space_5min","06_behavioral_dynamics/state_space/5min_based/tables/state_diversity_metrics_duration_tagged_full.csv","analyses/behavioral_state_space/5min","tables/state_diversity_metrics_duration_tagged_full.csv","7da3cd6b551723a421fa505a51730b7f782f43e22e9a4a7d848d3fd8fe29789b","ready","docs/behavior_output_code_contracts/state_space_5min.csv","259782d0a0d3cca94f494e1b30a242915e1ac99e338096f207666c9949c66f5f"
"state_space_5min","06_behavioral_dynamics/state_space/5min_based/tables/state_diversity_metrics_excluding_short_duration.csv","analyses/behavioral_state_space/5min","tables/state_diversity_metrics_excluding_short_duration.csv","4b04b1663797143b825678f9411c8d71bd8bd8711633e32f3411c6eaef6cfc14","ready","docs/behavior_output_code_contracts/state_space_5min.csv","259782d0a0d3cca94f494e1b30a242915e1ac99e338096f207666c9949c66f5f"
"state_space_5min","06_behavioral_dynamics/state_space/5min_based/tables/state_diversity_metrics.csv","analyses/behavioral_state_space/5min","tables/state_diversity_metrics.csv","9baa64f47c06949c005ea2cca039cfceda4d938d1c6dd7732e8095654d77ac3e","ready","docs/behavior_output_code_contracts/state_space_5min.csv","259782d0a0d3cca94f494e1b30a242915e1ac99e338096f207666c9949c66f5f"
"state_space_5min","06_behavioral_dynamics/state_space/5min_based/tables/state_model_quality.csv","analyses/behavioral_state_space/5min","tables/state_model_quality.csv","db0bce9b90c5f32e9be015959bd71919205c19fd9be74fda1660532571872789","ready","docs/behavior_output_code_contracts/state_space_5min.csv","259782d0a0d3cca94f494e1b30a242915e1ac99e338096f207666c9949c66f5f"
"state_space_5min","06_behavioral_dynamics/state_space/5min_based/tables/state_occupancy_effect_size_heatmap_data.csv","analyses/behavioral_state_space/5min","tables/state_occupancy_effect_size_heatmap_data.csv","1f64738e7eaf571e8b9ae19357d7b93f0bc6b0a8ebb91acfe66ce7514a628e35","ready","docs/behavior_output_code_contracts/state_space_5min.csv","259782d0a0d3cca94f494e1b30a242915e1ac99e338096f207666c9949c66f5f"
"state_space_5min","06_behavioral_dynamics/state_space/5min_based/tables/state_occupancy_mean_ci_summary.csv","analyses/behavioral_state_space/5min","tables/state_occupancy_mean_ci_summary.csv","5ffa7f9f365523a0b9151025df7cf5115d1323457a59099ee2593e3e1c522aa8","ready","docs/behavior_output_code_contracts/state_space_5min.csv","259782d0a0d3cca94f494e1b30a242915e1ac99e338096f207666c9949c66f5f"
"state_space_5min","06_behavioral_dynamics/state_space/5min_based/tables/state_occupancy.csv","analyses/behavioral_state_space/5min","tables/state_occupancy.csv","b02eb7b070eba44fffba9309201fcb828941621c10707f3ac414cf8e0592c26e","ready","docs/behavior_output_code_contracts/state_space_5min.csv","259782d0a0d3cca94f494e1b30a242915e1ac99e338096f207666c9949c66f5f"
"state_space_5min","06_behavioral_dynamics/state_space/5min_based/tables/state_space_pca_loadings.csv","analyses/behavioral_state_space/5min","tables/state_space_pca_loadings.csv","0e72eb00e985c4c28ada209337d66436cd8d4a54153bcb748b685d5adafc1fd5","ready","docs/behavior_output_code_contracts/state_space_5min.csv","259782d0a0d3cca94f494e1b30a242915e1ac99e338096f207666c9949c66f5f"
"state_space_5min","06_behavioral_dynamics/state_space/5min_based/tables/state_space_pca_variance.csv","analyses/behavioral_state_space/5min","tables/state_space_pca_variance.csv","14fa8888fd6c4a9cf14678960b8a487b5d75c6cad4db75b9bb46992732cb541b","ready","docs/behavior_output_code_contracts/state_space_5min.csv","259782d0a0d3cca94f494e1b30a242915e1ac99e338096f207666c9949c66f5f"
"state_space_5min","06_behavioral_dynamics/state_space/5min_based/tables/state_switching_effect_size_heatmap_data.csv","analyses/behavioral_state_space/5min","tables/state_switching_effect_size_heatmap_data.csv","57c164468a879489cf995c2347cadd2e7e2741fc0b35577d59846b29c9468c61","ready","docs/behavior_output_code_contracts/state_space_5min.csv","259782d0a0d3cca94f494e1b30a242915e1ac99e338096f207666c9949c66f5f"
"state_space_5min","06_behavioral_dynamics/state_space/5min_based/tables/state_switching_metrics_duration_tagged_full.csv","analyses/behavioral_state_space/5min","tables/state_switching_metrics_duration_tagged_full.csv","44f82a0d946b324f2bc48ad77499f97fed5526e4d8bed086fb03a13a8e7e8e2c","ready","docs/behavior_output_code_contracts/state_space_5min.csv","259782d0a0d3cca94f494e1b30a242915e1ac99e338096f207666c9949c66f5f"
"state_space_5min","06_behavioral_dynamics/state_space/5min_based/tables/state_switching_metrics_excluding_short_duration.csv","analyses/behavioral_state_space/5min","tables/state_switching_metrics_excluding_short_duration.csv","a7754c2d9e94fa59224787c78780dc50ba0d53988d58c4b080332ec1a9605372","ready","docs/behavior_output_code_contracts/state_space_5min.csv","259782d0a0d3cca94f494e1b30a242915e1ac99e338096f207666c9949c66f5f"
"state_space_5min","06_behavioral_dynamics/state_space/5min_based/tables/state_switching_metrics.csv","analyses/behavioral_state_space/5min","tables/state_switching_metrics.csv","3e5674230607105ee8a8f9c5da17315c94d4e852828034e1b4d059958486bbb2","ready","docs/behavior_output_code_contracts/state_space_5min.csv","259782d0a0d3cca94f494e1b30a242915e1ac99e338096f207666c9949c66f5f"
"state_space_5min","06_behavioral_dynamics/state_space/5min_based/tables/state_transition_counts.csv","analyses/behavioral_state_space/5min","tables/state_transition_counts.csv","45689f041e01949b4359574e35f54af9e468a47af3c7bce7058e4742b319f70a","ready","docs/behavior_output_code_contracts/state_space_5min.csv","259782d0a0d3cca94f494e1b30a242915e1ac99e338096f207666c9949c66f5f"
"state_space_5min","06_behavioral_dynamics/state_space/5min_based/tables/state_transition_probability_summary.csv","analyses/behavioral_state_space/5min","tables/state_transition_probability_summary.csv","3f868167a3ce21b13a8b22daac6f4d7f998ace8d7b1909108f5ca050d1a6ace3","ready","docs/behavior_output_code_contracts/state_space_5min.csv","259782d0a0d3cca94f494e1b30a242915e1ac99e338096f207666c9949c66f5f"
"hmm_states_10min","06_behavioral_dynamics/hmm_states/10min_based/output_manifest.csv","analyses/hmm_states/10min","output_manifest.csv","e585dcdd21feedd41b74133eedc796c361d55ab9ecab4065b6372fddf0f2f4e2","ready","docs/behavior_output_code_contracts/hmm_states_10min.csv","5bf678987132c957e4faa3b21958efc97e2015a004369576ab01fa1ede3eb965"
"hmm_states_10min","06_behavioral_dynamics/hmm_states/10min_based/figures/hmm_state_occupancy.pdf","analyses/hmm_states/10min","figures/hmm_state_occupancy.pdf","bdd3f82bf193f237a8cec95d7c559060035851fbdffd440163067a37de0e6509","ready","docs/behavior_output_code_contracts/hmm_states_10min.csv","5bf678987132c957e4faa3b21958efc97e2015a004369576ab01fa1ede3eb965"
"hmm_states_10min","06_behavioral_dynamics/hmm_states/10min_based/figures/hmm_state_occupancy.png","analyses/hmm_states/10min","figures/hmm_state_occupancy.png","c60892ec49fe9f0afe24b25fa25e5351ae25fe6125db813ebed1f3f91ef1668e","ready","docs/behavior_output_code_contracts/hmm_states_10min.csv","5bf678987132c957e4faa3b21958efc97e2015a004369576ab01fa1ede3eb965"
"hmm_states_10min","06_behavioral_dynamics/hmm_states/10min_based/figures/hmm_state_occupancy.svg","analyses/hmm_states/10min","figures/hmm_state_occupancy.svg","84de1badb8479ba6f74bec1ce0d3bfe4172097883ffe5fc46522ac8583b09416","ready","docs/behavior_output_code_contracts/hmm_states_10min.csv","5bf678987132c957e4faa3b21958efc97e2015a004369576ab01fa1ede3eb965"
"hmm_states_10min","06_behavioral_dynamics/hmm_states/10min_based/figures/exploratory/README.txt","analyses/hmm_states/10min","figures/exploratory/README.txt","7c55015964e5c3d731055c51390e0cce86dc97a263317edcab388117e11eda54","ready","docs/behavior_output_code_contracts/hmm_states_10min.csv","5bf678987132c957e4faa3b21958efc97e2015a004369576ab01fa1ede3eb965"
"hmm_states_10min","06_behavioral_dynamics/hmm_states/10min_based/figures/interactive/README.txt","analyses/hmm_states/10min","figures/interactive/README.txt","04a93a9db626de7962d449170c58971355320ac8caedf223705da54c56ce935b","ready","docs/behavior_output_code_contracts/hmm_states_10min.csv","5bf678987132c957e4faa3b21958efc97e2015a004369576ab01fa1ede3eb965"
"hmm_states_10min","06_behavioral_dynamics/hmm_states/10min_based/figures/publication_panels/hmm_state_occupancy.pdf","analyses/hmm_states/10min","figures/publication_panels/hmm_state_occupancy.pdf","bdd3f82bf193f237a8cec95d7c559060035851fbdffd440163067a37de0e6509","ready","docs/behavior_output_code_contracts/hmm_states_10min.csv","5bf678987132c957e4faa3b21958efc97e2015a004369576ab01fa1ede3eb965"
"hmm_states_10min","06_behavioral_dynamics/hmm_states/10min_based/figures/publication_panels/hmm_state_occupancy.png","analyses/hmm_states/10min","figures/publication_panels/hmm_state_occupancy.png","c60892ec49fe9f0afe24b25fa25e5351ae25fe6125db813ebed1f3f91ef1668e","ready","docs/behavior_output_code_contracts/hmm_states_10min.csv","5bf678987132c957e4faa3b21958efc97e2015a004369576ab01fa1ede3eb965"
"hmm_states_10min","06_behavioral_dynamics/hmm_states/10min_based/figures/publication_panels/hmm_state_occupancy.svg","analyses/hmm_states/10min","figures/publication_panels/hmm_state_occupancy.svg","84de1badb8479ba6f74bec1ce0d3bfe4172097883ffe5fc46522ac8583b09416","ready","docs/behavior_output_code_contracts/hmm_states_10min.csv","5bf678987132c957e4faa3b21958efc97e2015a004369576ab01fa1ede3eb965"
"hmm_states_10min","06_behavioral_dynamics/hmm_states/10min_based/figures/publication_panels/README.txt","analyses/hmm_states/10min","figures/publication_panels/README.txt","9b957880bf142e8e7ee5034d698dc3cf630f411fae5bfd345d64fabf57540a90","ready","docs/behavior_output_code_contracts/hmm_states_10min.csv","5bf678987132c957e4faa3b21958efc97e2015a004369576ab01fa1ede3eb965"
"hmm_states_10min","06_behavioral_dynamics/hmm_states/10min_based/figures/qc/README.txt","analyses/hmm_states/10min","figures/qc/README.txt","fcc7347cfbb2d92ffff45d2d214694895194bd3da990013d0d8e3d556a6ef029","ready","docs/behavior_output_code_contracts/hmm_states_10min.csv","5bf678987132c957e4faa3b21958efc97e2015a004369576ab01fa1ede3eb965"
"hmm_states_10min","06_behavioral_dynamics/hmm_states/10min_based/figures/supplementary/README.txt","analyses/hmm_states/10min","figures/supplementary/README.txt","72409480a7f9877bca1f93d2796bfdde2cf350a81c01a1dd3acfbcd060f10849","ready","docs/behavior_output_code_contracts/hmm_states_10min.csv","5bf678987132c957e4faa3b21958efc97e2015a004369576ab01fa1ede3eb965"
"hmm_states_10min","06_behavioral_dynamics/hmm_states/10min_based/manifest/input_output_manifest.csv","analyses/hmm_states/10min","manifest/input_output_manifest.csv","28fcae2b890cbf1d166535f50c89263cab8118d57ff7c8c652c18d47c6a31c41","ready","docs/behavior_output_code_contracts/hmm_states_10min.csv","5bf678987132c957e4faa3b21958efc97e2015a004369576ab01fa1ede3eb965"
"hmm_states_10min","06_behavioral_dynamics/hmm_states/10min_based/manifest/output_manifest.csv","analyses/hmm_states/10min","manifest/output_manifest.csv","e585dcdd21feedd41b74133eedc796c361d55ab9ecab4065b6372fddf0f2f4e2","ready","docs/behavior_output_code_contracts/hmm_states_10min.csv","5bf678987132c957e4faa3b21958efc97e2015a004369576ab01fa1ede3eb965"
"hmm_states_10min","06_behavioral_dynamics/hmm_states/10min_based/tables/epoch_duration_qc.csv","analyses/hmm_states/10min","tables/epoch_duration_qc.csv","128017f2990754066303657a6a5e7b9586a680d191cedf9d0733951710ba3b5f","ready","docs/behavior_output_code_contracts/hmm_states_10min.csv","5bf678987132c957e4faa3b21958efc97e2015a004369576ab01fa1ede3eb965"
"hmm_states_10min","06_behavioral_dynamics/hmm_states/10min_based/tables/hmm_canonical_animal_roster.csv","analyses/hmm_states/10min","tables/hmm_canonical_animal_roster.csv","0defed421df48c3502938d126a08bad8cd2331197ec1a700fc97d91b85687469","ready","docs/behavior_output_code_contracts/hmm_states_10min.csv","5bf678987132c957e4faa3b21958efc97e2015a004369576ab01fa1ede3eb965"
"hmm_states_10min","06_behavioral_dynamics/hmm_states/10min_based/tables/hmm_data_quality_exclusions.csv","analyses/hmm_states/10min","tables/hmm_data_quality_exclusions.csv","6bccb1ae77ec48f27003f9ce81e8a5ac6591d17960f7a729a29b27cf0a3ca089","ready","docs/behavior_output_code_contracts/hmm_states_10min.csv","5bf678987132c957e4faa3b21958efc97e2015a004369576ab01fa1ede3eb965"
"hmm_states_10min","06_behavioral_dynamics/hmm_states/10min_based/tables/hmm_epoch_data_quality_exclusions.csv","analyses/hmm_states/10min","tables/hmm_epoch_data_quality_exclusions.csv","ddc3f9692e0cc0e79315bf1d88d27da05e83cfc594882484c08f4a7a15985dbc","ready","docs/behavior_output_code_contracts/hmm_states_10min.csv","5bf678987132c957e4faa3b21958efc97e2015a004369576ab01fa1ede3eb965"
"hmm_states_10min","06_behavioral_dynamics/hmm_states/10min_based/tables/hmm_fit_attempt_audit.csv","analyses/hmm_states/10min","tables/hmm_fit_attempt_audit.csv","2b10126f2b6f0da7311fd3c3d75975f0359b2d9c7297c832fbe3932c5b767f56","ready","docs/behavior_output_code_contracts/hmm_states_10min.csv","5bf678987132c957e4faa3b21958efc97e2015a004369576ab01fa1ede3eb965"
"hmm_states_10min","06_behavioral_dynamics/hmm_states/10min_based/tables/hmm_gap_segmentation_audit.csv","analyses/hmm_states/10min","tables/hmm_gap_segmentation_audit.csv","beda12484e136d559908923e20e9896c3100d4f53a2b8ff92866036debf606c4","ready","docs/behavior_output_code_contracts/hmm_states_10min.csv","5bf678987132c957e4faa3b21958efc97e2015a004369576ab01fa1ede3eb965"
"hmm_states_10min","06_behavioral_dynamics/hmm_states/10min_based/tables/hmm_identity_alias_audit.csv","analyses/hmm_states/10min","tables/hmm_identity_alias_audit.csv","5c5ae2fb7e3779e35964226b63630fabf121cdf7af0be331364d289b8d5f667c","ready","docs/behavior_output_code_contracts/hmm_states_10min.csv","5bf678987132c957e4faa3b21958efc97e2015a004369576ab01fa1ede3eb965"
"hmm_states_10min","06_behavioral_dynamics/hmm_states/10min_based/tables/hmm_identity_concordance.csv","analyses/hmm_states/10min","tables/hmm_identity_concordance.csv","40eefc184e362204eeda6762c30d2b5608ffb2576cd4543a50d2a3171686d80d","ready","docs/behavior_output_code_contracts/hmm_states_10min.csv","5bf678987132c957e4faa3b21958efc97e2015a004369576ab01fa1ede3eb965"
"hmm_states_10min","06_behavioral_dynamics/hmm_states/10min_based/tables/hmm_identity_conflicts.csv","analyses/hmm_states/10min","tables/hmm_identity_conflicts.csv","8a25ad6494c6f7481c764b638429b31871de691a42e4d7a184fe37184fbc2c46","ready","docs/behavior_output_code_contracts/hmm_states_10min.csv","5bf678987132c957e4faa3b21958efc97e2015a004369576ab01fa1ede3eb965"
"hmm_states_10min","06_behavioral_dynamics/hmm_states/10min_based/tables/hmm_identity_summary.csv","analyses/hmm_states/10min","tables/hmm_identity_summary.csv","0602548f517ac328af3eda2594b40c350c29ccfd947cb56daa3368998fb1cab1","ready","docs/behavior_output_code_contracts/hmm_states_10min.csv","5bf678987132c957e4faa3b21958efc97e2015a004369576ab01fa1ede3eb965"
"hmm_states_10min","06_behavioral_dynamics/hmm_states/10min_based/tables/hmm_input_provenance.csv","analyses/hmm_states/10min","tables/hmm_input_provenance.csv","8ae6d0ad34ed0f4eeb45ea69f4874764b51715167e00faad625e28b4e79a0b56","ready","docs/behavior_output_code_contracts/hmm_states_10min.csv","5bf678987132c957e4faa3b21958efc97e2015a004369576ab01fa1ede3eb965"
"hmm_states_10min","06_behavioral_dynamics/hmm_states/10min_based/tables/hmm_model_qc.csv","analyses/hmm_states/10min","tables/hmm_model_qc.csv","086a674de30246322301e97c008c8c04ab0e38e0881b9367e39f96f57a5a3ee9","ready","docs/behavior_output_code_contracts/hmm_states_10min.csv","5bf678987132c957e4faa3b21958efc97e2015a004369576ab01fa1ede3eb965"
"hmm_states_10min","06_behavioral_dynamics/hmm_states/10min_based/tables/hmm_sequence_design.csv","analyses/hmm_states/10min","tables/hmm_sequence_design.csv","a18b67567b02bfdb07460f873fe23b438962e4ca1bd3a3b6f750417bd1231001","ready","docs/behavior_output_code_contracts/hmm_states_10min.csv","5bf678987132c957e4faa3b21958efc97e2015a004369576ab01fa1ede3eb965"
"hmm_states_10min","06_behavioral_dynamics/hmm_states/10min_based/tables/hmm_sequence_quality_audit.csv","analyses/hmm_states/10min","tables/hmm_sequence_quality_audit.csv","a3b65379212368ccc35e46c67534dfefd23d81a65b1774874f8f24d7f39d1813","ready","docs/behavior_output_code_contracts/hmm_states_10min.csv","5bf678987132c957e4faa3b21958efc97e2015a004369576ab01fa1ede3eb965"
"hmm_states_10min","06_behavioral_dynamics/hmm_states/10min_based/tables/hmm_state_assignments.csv","analyses/hmm_states/10min","tables/hmm_state_assignments.csv","77a241bfab63137fe89bb2c913a0229206eb671c61719643f9bf74ed9bd48f70","ready","docs/behavior_output_code_contracts/hmm_states_10min.csv","5bf678987132c957e4faa3b21958efc97e2015a004369576ab01fa1ede3eb965"
"hmm_states_10min","06_behavioral_dynamics/hmm_states/10min_based/tables/hmm_state_dwell_times.csv","analyses/hmm_states/10min","tables/hmm_state_dwell_times.csv","be4ba0cf6095726326cad6eb8896e6e84509f41edceb5a64887b265fa16dc03d","ready","docs/behavior_output_code_contracts/hmm_states_10min.csv","5bf678987132c957e4faa3b21958efc97e2015a004369576ab01fa1ede3eb965"
"hmm_states_10min","06_behavioral_dynamics/hmm_states/10min_based/tables/hmm_state_occupancy.csv","analyses/hmm_states/10min","tables/hmm_state_occupancy.csv","b660730dee7bc4df4a86eb457234d443186ef483e8d3a6c428fbf527f316bf5c","ready","docs/behavior_output_code_contracts/hmm_states_10min.csv","5bf678987132c957e4faa3b21958efc97e2015a004369576ab01fa1ede3eb965"
"hmm_states_10min","06_behavioral_dynamics/hmm_states/10min_based/tables/hmm_state_summary.csv","analyses/hmm_states/10min","tables/hmm_state_summary.csv","80229557a7a684e586e808c61c7c73f258331817bb5930b6b010446dc8452736","ready","docs/behavior_output_code_contracts/hmm_states_10min.csv","5bf678987132c957e4faa3b21958efc97e2015a004369576ab01fa1ede3eb965"
"hmm_states_10min","06_behavioral_dynamics/hmm_states/10min_based/tables/hmm_transition_counts.csv","analyses/hmm_states/10min","tables/hmm_transition_counts.csv","037d417d33aa5a3b0a44d7037779f409bd2df0f519bc8db672bf50911019c3b4","ready","docs/behavior_output_code_contracts/hmm_states_10min.csv","5bf678987132c957e4faa3b21958efc97e2015a004369576ab01fa1ede3eb965"
"hmm_states_10min","06_behavioral_dynamics/hmm_states/10min_based/tables/hmm_transition_probabilities.csv","analyses/hmm_states/10min","tables/hmm_transition_probabilities.csv","968e50b7e2be5f34646e3fe9a75bf366af75766e272c4e6bd191b09e8818d0b6","ready","docs/behavior_output_code_contracts/hmm_states_10min.csv","5bf678987132c957e4faa3b21958efc97e2015a004369576ab01fa1ede3eb965"
"hmm_states_10min","06_behavioral_dynamics/hmm_states/10min_based/tables/output_figure_inventory.csv","analyses/hmm_states/10min","tables/output_figure_inventory.csv","55234ce2fb7f58b6d81f624455f5bc1631c3254c4391aa7723ec224fb4238de1","ready","docs/behavior_output_code_contracts/hmm_states_10min.csv","5bf678987132c957e4faa3b21958efc97e2015a004369576ab01fa1ede3eb965"
"hmm_states_10min","06_behavioral_dynamics/hmm_states/10min_based/tables/output_folder_summary.csv","analyses/hmm_states/10min","tables/output_folder_summary.csv","61223d1905632414103f19058371ae2649c0a64ffcf24601867d8795230ea34e","ready","docs/behavior_output_code_contracts/hmm_states_10min.csv","5bf678987132c957e4faa3b21958efc97e2015a004369576ab01fa1ede3eb965"
"hmm_states_5min","06_behavioral_dynamics/hmm_states/5min_based/output_manifest.csv","analyses/hmm_states/5min","output_manifest.csv","36af367fa49fccf0b8f33313654ae78fd0369c597dbb4d69e0b8c114ddf546a9","ready","docs/behavior_output_code_contracts/hmm_states_5min.csv","5bf678987132c957e4faa3b21958efc97e2015a004369576ab01fa1ede3eb965"
"hmm_states_5min","06_behavioral_dynamics/hmm_states/5min_based/figures/hmm_state_occupancy.pdf","analyses/hmm_states/5min","figures/hmm_state_occupancy.pdf","eb751c9a2cdcf92e8109a9461b08f566b2ebdab38d26c8c93302d37ee74350df","ready","docs/behavior_output_code_contracts/hmm_states_5min.csv","5bf678987132c957e4faa3b21958efc97e2015a004369576ab01fa1ede3eb965"
"hmm_states_5min","06_behavioral_dynamics/hmm_states/5min_based/figures/hmm_state_occupancy.png","analyses/hmm_states/5min","figures/hmm_state_occupancy.png","44548f43e1da2fd265db37266414aef3b57ffb642f4519847cadd1d33c739baf","ready","docs/behavior_output_code_contracts/hmm_states_5min.csv","5bf678987132c957e4faa3b21958efc97e2015a004369576ab01fa1ede3eb965"
"hmm_states_5min","06_behavioral_dynamics/hmm_states/5min_based/figures/hmm_state_occupancy.svg","analyses/hmm_states/5min","figures/hmm_state_occupancy.svg","d778b143034ca7744d749260f65a8958d424d4a8b9ef2ea3b12044a1dbdeb91f","ready","docs/behavior_output_code_contracts/hmm_states_5min.csv","5bf678987132c957e4faa3b21958efc97e2015a004369576ab01fa1ede3eb965"
"hmm_states_5min","06_behavioral_dynamics/hmm_states/5min_based/figures/exploratory/README.txt","analyses/hmm_states/5min","figures/exploratory/README.txt","7c55015964e5c3d731055c51390e0cce86dc97a263317edcab388117e11eda54","ready","docs/behavior_output_code_contracts/hmm_states_5min.csv","5bf678987132c957e4faa3b21958efc97e2015a004369576ab01fa1ede3eb965"
"hmm_states_5min","06_behavioral_dynamics/hmm_states/5min_based/figures/interactive/README.txt","analyses/hmm_states/5min","figures/interactive/README.txt","04a93a9db626de7962d449170c58971355320ac8caedf223705da54c56ce935b","ready","docs/behavior_output_code_contracts/hmm_states_5min.csv","5bf678987132c957e4faa3b21958efc97e2015a004369576ab01fa1ede3eb965"
"hmm_states_5min","06_behavioral_dynamics/hmm_states/5min_based/figures/publication_panels/hmm_state_occupancy.pdf","analyses/hmm_states/5min","figures/publication_panels/hmm_state_occupancy.pdf","eb751c9a2cdcf92e8109a9461b08f566b2ebdab38d26c8c93302d37ee74350df","ready","docs/behavior_output_code_contracts/hmm_states_5min.csv","5bf678987132c957e4faa3b21958efc97e2015a004369576ab01fa1ede3eb965"
"hmm_states_5min","06_behavioral_dynamics/hmm_states/5min_based/figures/publication_panels/hmm_state_occupancy.png","analyses/hmm_states/5min","figures/publication_panels/hmm_state_occupancy.png","44548f43e1da2fd265db37266414aef3b57ffb642f4519847cadd1d33c739baf","ready","docs/behavior_output_code_contracts/hmm_states_5min.csv","5bf678987132c957e4faa3b21958efc97e2015a004369576ab01fa1ede3eb965"
"hmm_states_5min","06_behavioral_dynamics/hmm_states/5min_based/figures/publication_panels/hmm_state_occupancy.svg","analyses/hmm_states/5min","figures/publication_panels/hmm_state_occupancy.svg","d778b143034ca7744d749260f65a8958d424d4a8b9ef2ea3b12044a1dbdeb91f","ready","docs/behavior_output_code_contracts/hmm_states_5min.csv","5bf678987132c957e4faa3b21958efc97e2015a004369576ab01fa1ede3eb965"
"hmm_states_5min","06_behavioral_dynamics/hmm_states/5min_based/figures/publication_panels/README.txt","analyses/hmm_states/5min","figures/publication_panels/README.txt","9b957880bf142e8e7ee5034d698dc3cf630f411fae5bfd345d64fabf57540a90","ready","docs/behavior_output_code_contracts/hmm_states_5min.csv","5bf678987132c957e4faa3b21958efc97e2015a004369576ab01fa1ede3eb965"
"hmm_states_5min","06_behavioral_dynamics/hmm_states/5min_based/figures/qc/README.txt","analyses/hmm_states/5min","figures/qc/README.txt","fcc7347cfbb2d92ffff45d2d214694895194bd3da990013d0d8e3d556a6ef029","ready","docs/behavior_output_code_contracts/hmm_states_5min.csv","5bf678987132c957e4faa3b21958efc97e2015a004369576ab01fa1ede3eb965"
"hmm_states_5min","06_behavioral_dynamics/hmm_states/5min_based/figures/supplementary/README.txt","analyses/hmm_states/5min","figures/supplementary/README.txt","72409480a7f9877bca1f93d2796bfdde2cf350a81c01a1dd3acfbcd060f10849","ready","docs/behavior_output_code_contracts/hmm_states_5min.csv","5bf678987132c957e4faa3b21958efc97e2015a004369576ab01fa1ede3eb965"
"hmm_states_5min","06_behavioral_dynamics/hmm_states/5min_based/manifest/input_output_manifest.csv","analyses/hmm_states/5min","manifest/input_output_manifest.csv","3e80be91230260f0aae56a59b3a89f7875900c2790b6993a59b8e4fd99e03bdb","ready","docs/behavior_output_code_contracts/hmm_states_5min.csv","5bf678987132c957e4faa3b21958efc97e2015a004369576ab01fa1ede3eb965"
"hmm_states_5min","06_behavioral_dynamics/hmm_states/5min_based/manifest/output_manifest.csv","analyses/hmm_states/5min","manifest/output_manifest.csv","36af367fa49fccf0b8f33313654ae78fd0369c597dbb4d69e0b8c114ddf546a9","ready","docs/behavior_output_code_contracts/hmm_states_5min.csv","5bf678987132c957e4faa3b21958efc97e2015a004369576ab01fa1ede3eb965"
"hmm_states_5min","06_behavioral_dynamics/hmm_states/5min_based/tables/epoch_duration_qc.csv","analyses/hmm_states/5min","tables/epoch_duration_qc.csv","fcd185f797183fcb362065dabc0f7baa4a268c296a5c1094de6e74f3aea239dd","ready","docs/behavior_output_code_contracts/hmm_states_5min.csv","5bf678987132c957e4faa3b21958efc97e2015a004369576ab01fa1ede3eb965"
"hmm_states_5min","06_behavioral_dynamics/hmm_states/5min_based/tables/hmm_canonical_animal_roster.csv","analyses/hmm_states/5min","tables/hmm_canonical_animal_roster.csv","0defed421df48c3502938d126a08bad8cd2331197ec1a700fc97d91b85687469","ready","docs/behavior_output_code_contracts/hmm_states_5min.csv","5bf678987132c957e4faa3b21958efc97e2015a004369576ab01fa1ede3eb965"
"hmm_states_5min","06_behavioral_dynamics/hmm_states/5min_based/tables/hmm_data_quality_exclusions.csv","analyses/hmm_states/5min","tables/hmm_data_quality_exclusions.csv","6bccb1ae77ec48f27003f9ce81e8a5ac6591d17960f7a729a29b27cf0a3ca089","ready","docs/behavior_output_code_contracts/hmm_states_5min.csv","5bf678987132c957e4faa3b21958efc97e2015a004369576ab01fa1ede3eb965"
"hmm_states_5min","06_behavioral_dynamics/hmm_states/5min_based/tables/hmm_epoch_data_quality_exclusions.csv","analyses/hmm_states/5min","tables/hmm_epoch_data_quality_exclusions.csv","b4774e789366ff450107edb7dd5b11df23ac85b4e942fb94cded31f06df7b4e5","ready","docs/behavior_output_code_contracts/hmm_states_5min.csv","5bf678987132c957e4faa3b21958efc97e2015a004369576ab01fa1ede3eb965"
"hmm_states_5min","06_behavioral_dynamics/hmm_states/5min_based/tables/hmm_fit_attempt_audit.csv","analyses/hmm_states/5min","tables/hmm_fit_attempt_audit.csv","7201c02b0599d98186fb782435969b88d53c29da9489fb37152b8ce0dbd2b2e5","ready","docs/behavior_output_code_contracts/hmm_states_5min.csv","5bf678987132c957e4faa3b21958efc97e2015a004369576ab01fa1ede3eb965"
"hmm_states_5min","06_behavioral_dynamics/hmm_states/5min_based/tables/hmm_gap_segmentation_audit.csv","analyses/hmm_states/5min","tables/hmm_gap_segmentation_audit.csv","3516a52637b1526932fe03ad0e6698634caec0b1da5b8159c412dc45eb822318","ready","docs/behavior_output_code_contracts/hmm_states_5min.csv","5bf678987132c957e4faa3b21958efc97e2015a004369576ab01fa1ede3eb965"
"hmm_states_5min","06_behavioral_dynamics/hmm_states/5min_based/tables/hmm_identity_alias_audit.csv","analyses/hmm_states/5min","tables/hmm_identity_alias_audit.csv","9ce892cfdc049ecbbd558a98b6d3507faa999d7b67edcde98d398ae960e23350","ready","docs/behavior_output_code_contracts/hmm_states_5min.csv","5bf678987132c957e4faa3b21958efc97e2015a004369576ab01fa1ede3eb965"
"hmm_states_5min","06_behavioral_dynamics/hmm_states/5min_based/tables/hmm_identity_concordance.csv","analyses/hmm_states/5min","tables/hmm_identity_concordance.csv","12bf39a910dec069e34ab826fd467bd88d920910203f2aa823216cef1edce291","ready","docs/behavior_output_code_contracts/hmm_states_5min.csv","5bf678987132c957e4faa3b21958efc97e2015a004369576ab01fa1ede3eb965"
"hmm_states_5min","06_behavioral_dynamics/hmm_states/5min_based/tables/hmm_identity_conflicts.csv","analyses/hmm_states/5min","tables/hmm_identity_conflicts.csv","8a25ad6494c6f7481c764b638429b31871de691a42e4d7a184fe37184fbc2c46","ready","docs/behavior_output_code_contracts/hmm_states_5min.csv","5bf678987132c957e4faa3b21958efc97e2015a004369576ab01fa1ede3eb965"
"hmm_states_5min","06_behavioral_dynamics/hmm_states/5min_based/tables/hmm_identity_summary.csv","analyses/hmm_states/5min","tables/hmm_identity_summary.csv","4e510fcc7c57bc8c0cebbc2734fb5631d526b7b7e96640b600c88bda392025f0","ready","docs/behavior_output_code_contracts/hmm_states_5min.csv","5bf678987132c957e4faa3b21958efc97e2015a004369576ab01fa1ede3eb965"
"hmm_states_5min","06_behavioral_dynamics/hmm_states/5min_based/tables/hmm_input_provenance.csv","analyses/hmm_states/5min","tables/hmm_input_provenance.csv","472c5dbfce0da9fca6084d997e7214740599b55e3524d84faf10432d75bf3239","ready","docs/behavior_output_code_contracts/hmm_states_5min.csv","5bf678987132c957e4faa3b21958efc97e2015a004369576ab01fa1ede3eb965"
"hmm_states_5min","06_behavioral_dynamics/hmm_states/5min_based/tables/hmm_model_qc.csv","analyses/hmm_states/5min","tables/hmm_model_qc.csv","59ed8971386653bb8ec08c98d30d3ebd8be08baeee2219d4785bc6e0626afbba","ready","docs/behavior_output_code_contracts/hmm_states_5min.csv","5bf678987132c957e4faa3b21958efc97e2015a004369576ab01fa1ede3eb965"
"hmm_states_5min","06_behavioral_dynamics/hmm_states/5min_based/tables/hmm_sequence_design.csv","analyses/hmm_states/5min","tables/hmm_sequence_design.csv","e1b7be04e478474415ffcc184b20dd87e8bdca0963f884d32f2e861ad2989699","ready","docs/behavior_output_code_contracts/hmm_states_5min.csv","5bf678987132c957e4faa3b21958efc97e2015a004369576ab01fa1ede3eb965"
"hmm_states_5min","06_behavioral_dynamics/hmm_states/5min_based/tables/hmm_sequence_quality_audit.csv","analyses/hmm_states/5min","tables/hmm_sequence_quality_audit.csv","d399482579c27adba4fa9c8a2994e913d3173b64468954dc29df800ac68edb5e","ready","docs/behavior_output_code_contracts/hmm_states_5min.csv","5bf678987132c957e4faa3b21958efc97e2015a004369576ab01fa1ede3eb965"
"hmm_states_5min","06_behavioral_dynamics/hmm_states/5min_based/tables/hmm_state_assignments.csv","analyses/hmm_states/5min","tables/hmm_state_assignments.csv","754beffae9eae5e47fb708e8f12b2ea0994fcc3c4e706a9c69d395c25a7754e0","ready","docs/behavior_output_code_contracts/hmm_states_5min.csv","5bf678987132c957e4faa3b21958efc97e2015a004369576ab01fa1ede3eb965"
"hmm_states_5min","06_behavioral_dynamics/hmm_states/5min_based/tables/hmm_state_dwell_times.csv","analyses/hmm_states/5min","tables/hmm_state_dwell_times.csv","b1a6c028894dda40ce6c3d5062f3d73729f5a9a9388e5fb9f7475dbc7d1115a1","ready","docs/behavior_output_code_contracts/hmm_states_5min.csv","5bf678987132c957e4faa3b21958efc97e2015a004369576ab01fa1ede3eb965"
"hmm_states_5min","06_behavioral_dynamics/hmm_states/5min_based/tables/hmm_state_occupancy.csv","analyses/hmm_states/5min","tables/hmm_state_occupancy.csv","0b67d4703889473d9fc8dc23cbc6d42316c64786b1ae84f379ad7b6d55e5eeee","ready","docs/behavior_output_code_contracts/hmm_states_5min.csv","5bf678987132c957e4faa3b21958efc97e2015a004369576ab01fa1ede3eb965"
"hmm_states_5min","06_behavioral_dynamics/hmm_states/5min_based/tables/hmm_state_summary.csv","analyses/hmm_states/5min","tables/hmm_state_summary.csv","d0b9b61aaaf8d6635412581e64f5d2c2c4d0fa5450ccd907fb8fcf46c62d80da","ready","docs/behavior_output_code_contracts/hmm_states_5min.csv","5bf678987132c957e4faa3b21958efc97e2015a004369576ab01fa1ede3eb965"
"hmm_states_5min","06_behavioral_dynamics/hmm_states/5min_based/tables/hmm_transition_counts.csv","analyses/hmm_states/5min","tables/hmm_transition_counts.csv","b65bfdd986694e295ed536946cd4bafe079dbc339f298dc1b69e8b32b12ec418","ready","docs/behavior_output_code_contracts/hmm_states_5min.csv","5bf678987132c957e4faa3b21958efc97e2015a004369576ab01fa1ede3eb965"
"hmm_states_5min","06_behavioral_dynamics/hmm_states/5min_based/tables/hmm_transition_probabilities.csv","analyses/hmm_states/5min","tables/hmm_transition_probabilities.csv","a187c8751b2b5d7afa2bd36f640df3d9f05cb9a300b76e24ab6bf118a64c9514","ready","docs/behavior_output_code_contracts/hmm_states_5min.csv","5bf678987132c957e4faa3b21958efc97e2015a004369576ab01fa1ede3eb965"
"hmm_states_5min","06_behavioral_dynamics/hmm_states/5min_based/tables/output_figure_inventory.csv","analyses/hmm_states/5min","tables/output_figure_inventory.csv","16ed8e5c0fd2693a223f2726d813d1e3b99b9efc49cee4f275c15c089d5ebb19","ready","docs/behavior_output_code_contracts/hmm_states_5min.csv","5bf678987132c957e4faa3b21958efc97e2015a004369576ab01fa1ede3eb965"
"hmm_states_5min","06_behavioral_dynamics/hmm_states/5min_based/tables/output_folder_summary.csv","analyses/hmm_states/5min","tables/output_folder_summary.csv","61223d1905632414103f19058371ae2649c0a64ffcf24601867d8795230ea34e","ready","docs/behavior_output_code_contracts/hmm_states_5min.csv","5bf678987132c957e4faa3b21958efc97e2015a004369576ab01fa1ede3eb965"
"temporal_instability_10sec","06_behavioral_dynamics/temporal_instability/10sec_based/output_manifest.csv","analyses/temporal_instability/10sec","output_manifest.csv","948b8c0c66e07a80fa06e92942255d9e8c564e7c67806c7e5e8955b120028281","ready","docs/behavior_output_code_contracts/temporal_instability_10sec.csv","fef9335f3867f6a18b0bdbebf87412927a677448278ded9575ead68ef8ed3c38"
"temporal_instability_10sec","06_behavioral_dynamics/temporal_instability/10sec_based/figures/cage_change_deltas/delta_rmssd_movement_from_first_cage_change.pdf","analyses/temporal_instability/10sec","figures/cage_change_deltas/delta_rmssd_movement_from_first_cage_change.pdf","147ad0bff202ebb09e634f016533b70772cec2aaeef396e909ee352a814992e9","ready","docs/behavior_output_code_contracts/temporal_instability_10sec.csv","fef9335f3867f6a18b0bdbebf87412927a677448278ded9575ead68ef8ed3c38"
"temporal_instability_10sec","06_behavioral_dynamics/temporal_instability/10sec_based/figures/cage_change_deltas/delta_rmssd_movement_from_first_cage_change.png","analyses/temporal_instability/10sec","figures/cage_change_deltas/delta_rmssd_movement_from_first_cage_change.png","aa0e8274c98fd17a1c6acd0da11afe68a7e3d1a09cf81152534c9d6506577e17","ready","docs/behavior_output_code_contracts/temporal_instability_10sec.csv","fef9335f3867f6a18b0bdbebf87412927a677448278ded9575ead68ef8ed3c38"
"temporal_instability_10sec","06_behavioral_dynamics/temporal_instability/10sec_based/figures/cage_change_deltas/delta_rmssd_movement_from_first_cage_change.svg","analyses/temporal_instability/10sec","figures/cage_change_deltas/delta_rmssd_movement_from_first_cage_change.svg","6f48df1d4257d0ba1da165b4862ae12eaf72fc69442f893765d20e631fd6961e","ready","docs/behavior_output_code_contracts/temporal_instability_10sec.csv","fef9335f3867f6a18b0bdbebf87412927a677448278ded9575ead68ef8ed3c38"
"temporal_instability_10sec","06_behavioral_dynamics/temporal_instability/10sec_based/figures/cage_change_trajectories/rmssd_movement_across_cage_changes.pdf","analyses/temporal_instability/10sec","figures/cage_change_trajectories/rmssd_movement_across_cage_changes.pdf","4dac470283d7edc4da3a1bb26aae86484d771cbc7ae1a5977b13a9f7de9c1e0e","ready","docs/behavior_output_code_contracts/temporal_instability_10sec.csv","fef9335f3867f6a18b0bdbebf87412927a677448278ded9575ead68ef8ed3c38"
"temporal_instability_10sec","06_behavioral_dynamics/temporal_instability/10sec_based/figures/cage_change_trajectories/rmssd_movement_across_cage_changes.png","analyses/temporal_instability/10sec","figures/cage_change_trajectories/rmssd_movement_across_cage_changes.png","e2eccaf49694b057dc272a997ad7ed27667afc4d039096da0aea4a9dd8e1bbf6","ready","docs/behavior_output_code_contracts/temporal_instability_10sec.csv","fef9335f3867f6a18b0bdbebf87412927a677448278ded9575ead68ef8ed3c38"
"temporal_instability_10sec","06_behavioral_dynamics/temporal_instability/10sec_based/figures/cage_change_trajectories/rmssd_movement_across_cage_changes.svg","analyses/temporal_instability/10sec","figures/cage_change_trajectories/rmssd_movement_across_cage_changes.svg","8aba758327a5b410ab3f362220252bfba4a3f85d09786291fefbacf7d01af963","ready","docs/behavior_output_code_contracts/temporal_instability_10sec.csv","fef9335f3867f6a18b0bdbebf87412927a677448278ded9575ead68ef8ed3c38"
"temporal_instability_10sec","06_behavioral_dynamics/temporal_instability/10sec_based/figures/exploratory/README.txt","analyses/temporal_instability/10sec","figures/exploratory/README.txt","7c55015964e5c3d731055c51390e0cce86dc97a263317edcab388117e11eda54","ready","docs/behavior_output_code_contracts/temporal_instability_10sec.csv","fef9335f3867f6a18b0bdbebf87412927a677448278ded9575ead68ef8ed3c38"
"temporal_instability_10sec","06_behavioral_dynamics/temporal_instability/10sec_based/figures/first_active_first_cage_change/acf1_movement_first_active_first_cage_change.pdf","analyses/temporal_instability/10sec","figures/first_active_first_cage_change/acf1_movement_first_active_first_cage_change.pdf","ef0a13c4b315761c0daf45c00a3aa97f021ab5845707ffa47e833bf800a6626b","ready","docs/behavior_output_code_contracts/temporal_instability_10sec.csv","fef9335f3867f6a18b0bdbebf87412927a677448278ded9575ead68ef8ed3c38"
"temporal_instability_10sec","06_behavioral_dynamics/temporal_instability/10sec_based/figures/first_active_first_cage_change/acf1_movement_first_active_first_cage_change.png","analyses/temporal_instability/10sec","figures/first_active_first_cage_change/acf1_movement_first_active_first_cage_change.png","31cca8fe738234f502be327fb28862c6505ee2c90aa7b357606c7d18e6ce773d","ready","docs/behavior_output_code_contracts/temporal_instability_10sec.csv","fef9335f3867f6a18b0bdbebf87412927a677448278ded9575ead68ef8ed3c38"
"temporal_instability_10sec","06_behavioral_dynamics/temporal_instability/10sec_based/figures/first_active_first_cage_change/acf1_movement_first_active_first_cage_change.svg","analyses/temporal_instability/10sec","figures/first_active_first_cage_change/acf1_movement_first_active_first_cage_change.svg","84b48037ef7be3027402647027d43f3861c0cd621c4ae9c4e47dab89f5e5baed","ready","docs/behavior_output_code_contracts/temporal_instability_10sec.csv","fef9335f3867f6a18b0bdbebf87412927a677448278ded9575ead68ef8ed3c38"
"temporal_instability_10sec","06_behavioral_dynamics/temporal_instability/10sec_based/figures/first_active_first_cage_change/cv_movement_first_active_first_cage_change.pdf","analyses/temporal_instability/10sec","figures/first_active_first_cage_change/cv_movement_first_active_first_cage_change.pdf","1f92ff03a519ee9259b16b7f72bad8e8280c58abdda55f7ada0ec93cbace64f4","ready","docs/behavior_output_code_contracts/temporal_instability_10sec.csv","fef9335f3867f6a18b0bdbebf87412927a677448278ded9575ead68ef8ed3c38"
"temporal_instability_10sec","06_behavioral_dynamics/temporal_instability/10sec_based/figures/first_active_first_cage_change/cv_movement_first_active_first_cage_change.png","analyses/temporal_instability/10sec","figures/first_active_first_cage_change/cv_movement_first_active_first_cage_change.png","c4eaab99b3110179694f38e10eb4143c556c62ae57003a813c0111c914880b25","ready","docs/behavior_output_code_contracts/temporal_instability_10sec.csv","fef9335f3867f6a18b0bdbebf87412927a677448278ded9575ead68ef8ed3c38"
"temporal_instability_10sec","06_behavioral_dynamics/temporal_instability/10sec_based/figures/first_active_first_cage_change/cv_movement_first_active_first_cage_change.svg","analyses/temporal_instability/10sec","figures/first_active_first_cage_change/cv_movement_first_active_first_cage_change.svg","76f4c2a8b71f9798cf65ec226c13b1de87ab0fd1e95747cbf866df494ab478e0","ready","docs/behavior_output_code_contracts/temporal_instability_10sec.csv","fef9335f3867f6a18b0bdbebf87412927a677448278ded9575ead68ef8ed3c38"
"temporal_instability_10sec","06_behavioral_dynamics/temporal_instability/10sec_based/figures/first_active_first_cage_change/rmssd_movement_first_active_first_cage_change.pdf","analyses/temporal_instability/10sec","figures/first_active_first_cage_change/rmssd_movement_first_active_first_cage_change.pdf","c36c239246f4c5f8886dd4ee7cab34150ff9199754f8c247af6fd4a0838fa40a","ready","docs/behavior_output_code_contracts/temporal_instability_10sec.csv","fef9335f3867f6a18b0bdbebf87412927a677448278ded9575ead68ef8ed3c38"
"temporal_instability_10sec","06_behavioral_dynamics/temporal_instability/10sec_based/figures/first_active_first_cage_change/rmssd_movement_first_active_first_cage_change.png","analyses/temporal_instability/10sec","figures/first_active_first_cage_change/rmssd_movement_first_active_first_cage_change.png","68f4155e9b111f518cab4ca6b04370ddcd5295c9900c767d39680dcbf2733f14","ready","docs/behavior_output_code_contracts/temporal_instability_10sec.csv","fef9335f3867f6a18b0bdbebf87412927a677448278ded9575ead68ef8ed3c38"
"temporal_instability_10sec","06_behavioral_dynamics/temporal_instability/10sec_based/figures/first_active_first_cage_change/rmssd_movement_first_active_first_cage_change.svg","analyses/temporal_instability/10sec","figures/first_active_first_cage_change/rmssd_movement_first_active_first_cage_change.svg","1f6d2b0aa27ca6e792368a362cdbb4161ab6b1ebd1f5853fe6baea9bcb6479a2","ready","docs/behavior_output_code_contracts/temporal_instability_10sec.csv","fef9335f3867f6a18b0bdbebf87412927a677448278ded9575ead68ef8ed3c38"
"temporal_instability_10sec","06_behavioral_dynamics/temporal_instability/10sec_based/figures/first_active_first_cage_change/rolling_rmssd_movement_first_active_first_cage_change.pdf","analyses/temporal_instability/10sec","figures/first_active_first_cage_change/rolling_rmssd_movement_first_active_first_cage_change.pdf","ed6c2fd3973494a01a8b8478e117ed4d9ef80ffffc1b10af8659640dace906a9","ready","docs/behavior_output_code_contracts/temporal_instability_10sec.csv","fef9335f3867f6a18b0bdbebf87412927a677448278ded9575ead68ef8ed3c38"
"temporal_instability_10sec","06_behavioral_dynamics/temporal_instability/10sec_based/figures/first_active_first_cage_change/rolling_rmssd_movement_first_active_first_cage_change.png","analyses/temporal_instability/10sec","figures/first_active_first_cage_change/rolling_rmssd_movement_first_active_first_cage_change.png","306dbf35d09f6127b84cea188b1a96b2981d2b463198d7afa29bd09b944fd1ca","ready","docs/behavior_output_code_contracts/temporal_instability_10sec.csv","fef9335f3867f6a18b0bdbebf87412927a677448278ded9575ead68ef8ed3c38"
"temporal_instability_10sec","06_behavioral_dynamics/temporal_instability/10sec_based/figures/first_active_first_cage_change/rolling_rmssd_movement_first_active_first_cage_change.svg","analyses/temporal_instability/10sec","figures/first_active_first_cage_change/rolling_rmssd_movement_first_active_first_cage_change.svg","ad2ee87b2a8f925545763b1b36da9a0675f0f6a1101d4b9755f699d67537f5ee","ready","docs/behavior_output_code_contracts/temporal_instability_10sec.csv","fef9335f3867f6a18b0bdbebf87412927a677448278ded9575ead68ef8ed3c38"
"temporal_instability_10sec","06_behavioral_dynamics/temporal_instability/10sec_based/figures/interactive/README.txt","analyses/temporal_instability/10sec","figures/interactive/README.txt","04a93a9db626de7962d449170c58971355320ac8caedf223705da54c56ce935b","ready","docs/behavior_output_code_contracts/temporal_instability_10sec.csv","fef9335f3867f6a18b0bdbebf87412927a677448278ded9575ead68ef8ed3c38"
"temporal_instability_10sec","06_behavioral_dynamics/temporal_instability/10sec_based/figures/primary_movement/acf1_movement_group_comparison.pdf","analyses/temporal_instability/10sec","figures/primary_movement/acf1_movement_group_comparison.pdf","08ed3e41b9367a4ac02d0ad2d3d05b47cb50b65c46bc03a56ea5832a2bac7bd3","ready","docs/behavior_output_code_contracts/temporal_instability_10sec.csv","fef9335f3867f6a18b0bdbebf87412927a677448278ded9575ead68ef8ed3c38"
"temporal_instability_10sec","06_behavioral_dynamics/temporal_instability/10sec_based/figures/primary_movement/acf1_movement_group_comparison.png","analyses/temporal_instability/10sec","figures/primary_movement/acf1_movement_group_comparison.png","4b6ae2a5a38c6d9d75847da5cb3d2f68da3243a0fc3dd2246c00226e845fb048","ready","docs/behavior_output_code_contracts/temporal_instability_10sec.csv","fef9335f3867f6a18b0bdbebf87412927a677448278ded9575ead68ef8ed3c38"
"temporal_instability_10sec","06_behavioral_dynamics/temporal_instability/10sec_based/figures/primary_movement/acf1_movement_group_comparison.svg","analyses/temporal_instability/10sec","figures/primary_movement/acf1_movement_group_comparison.svg","c6df2fada2c02d525074db3b6eb9a4733126ee20c6bc6466d89faa956a10227e","ready","docs/behavior_output_code_contracts/temporal_instability_10sec.csv","fef9335f3867f6a18b0bdbebf87412927a677448278ded9575ead68ef8ed3c38"
"temporal_instability_10sec","06_behavioral_dynamics/temporal_instability/10sec_based/figures/primary_movement/cv_movement_group_comparison.pdf","analyses/temporal_instability/10sec","figures/primary_movement/cv_movement_group_comparison.pdf","f934f3a11c512cc7238f3d505a3654b90feb587af18cbe9f253e071812f9a550","ready","docs/behavior_output_code_contracts/temporal_instability_10sec.csv","fef9335f3867f6a18b0bdbebf87412927a677448278ded9575ead68ef8ed3c38"
"temporal_instability_10sec","06_behavioral_dynamics/temporal_instability/10sec_based/figures/primary_movement/cv_movement_group_comparison.png","analyses/temporal_instability/10sec","figures/primary_movement/cv_movement_group_comparison.png","e6e1b36e10743b04d61a64dafcf22412b5858576923543532695dccc600e6141","ready","docs/behavior_output_code_contracts/temporal_instability_10sec.csv","fef9335f3867f6a18b0bdbebf87412927a677448278ded9575ead68ef8ed3c38"
"temporal_instability_10sec","06_behavioral_dynamics/temporal_instability/10sec_based/figures/primary_movement/cv_movement_group_comparison.svg","analyses/temporal_instability/10sec","figures/primary_movement/cv_movement_group_comparison.svg","b0a60a302d6ddd221e8538d7371fe085245d4ce870a2693bcd93130f823ca72d","ready","docs/behavior_output_code_contracts/temporal_instability_10sec.csv","fef9335f3867f6a18b0bdbebf87412927a677448278ded9575ead68ef8ed3c38"
"temporal_instability_10sec","06_behavioral_dynamics/temporal_instability/10sec_based/figures/primary_movement/fano_movement_group_comparison.pdf","analyses/temporal_instability/10sec","figures/primary_movement/fano_movement_group_comparison.pdf","e2f7e02e531ab16f5f83ba638d8d6e88b4fc3b23f008b86281efb943d59e382b","ready","docs/behavior_output_code_contracts/temporal_instability_10sec.csv","fef9335f3867f6a18b0bdbebf87412927a677448278ded9575ead68ef8ed3c38"
"temporal_instability_10sec","06_behavioral_dynamics/temporal_instability/10sec_based/figures/primary_movement/fano_movement_group_comparison.png","analyses/temporal_instability/10sec","figures/primary_movement/fano_movement_group_comparison.png","dd8d6bc1ad0b6a5bfbafd267c665bdfb47936578fbb1ac26cbaa91567acb83d3","ready","docs/behavior_output_code_contracts/temporal_instability_10sec.csv","fef9335f3867f6a18b0bdbebf87412927a677448278ded9575ead68ef8ed3c38"
"temporal_instability_10sec","06_behavioral_dynamics/temporal_instability/10sec_based/figures/primary_movement/fano_movement_group_comparison.svg","analyses/temporal_instability/10sec","figures/primary_movement/fano_movement_group_comparison.svg","d9b2a54f6d84b0bbfa90e6fe449de533a027b648931d5ebd632f65e6c742aebe","ready","docs/behavior_output_code_contracts/temporal_instability_10sec.csv","fef9335f3867f6a18b0bdbebf87412927a677448278ded9575ead68ef8ed3c38"
"temporal_instability_10sec","06_behavioral_dynamics/temporal_instability/10sec_based/figures/primary_movement/rmssd_movement_group_comparison.pdf","analyses/temporal_instability/10sec","figures/primary_movement/rmssd_movement_group_comparison.pdf","1ea07ae48b1444050b87ea0c29e97855505b4957aee075e86d74833cb8c93ff6","ready","docs/behavior_output_code_contracts/temporal_instability_10sec.csv","fef9335f3867f6a18b0bdbebf87412927a677448278ded9575ead68ef8ed3c38"
"temporal_instability_10sec","06_behavioral_dynamics/temporal_instability/10sec_based/figures/primary_movement/rmssd_movement_group_comparison.png","analyses/temporal_instability/10sec","figures/primary_movement/rmssd_movement_group_comparison.png","e0c9dfe177118d426123ed5cbe3980c09f488e042ed59028c2489957152c6b19","ready","docs/behavior_output_code_contracts/temporal_instability_10sec.csv","fef9335f3867f6a18b0bdbebf87412927a677448278ded9575ead68ef8ed3c38"
"temporal_instability_10sec","06_behavioral_dynamics/temporal_instability/10sec_based/figures/primary_movement/rmssd_movement_group_comparison.svg","analyses/temporal_instability/10sec","figures/primary_movement/rmssd_movement_group_comparison.svg","ea7b41dbf8aad3613746850863be247f26217d99e103102e91776bb6b3cb2957","ready","docs/behavior_output_code_contracts/temporal_instability_10sec.csv","fef9335f3867f6a18b0bdbebf87412927a677448278ded9575ead68ef8ed3c38"
"temporal_instability_10sec","06_behavioral_dynamics/temporal_instability/10sec_based/figures/primary_movement/rmssd_movement_pairwise_bars_by_cage_change.pdf","analyses/temporal_instability/10sec","figures/primary_movement/rmssd_movement_pairwise_bars_by_cage_change.pdf","d43b160dba753d280b4ff8868b9686ed7e3eb428af205921f7dd07292a140b07","ready","docs/behavior_output_code_contracts/temporal_instability_10sec.csv","fef9335f3867f6a18b0bdbebf87412927a677448278ded9575ead68ef8ed3c38"
"temporal_instability_10sec","06_behavioral_dynamics/temporal_instability/10sec_based/figures/primary_movement/rmssd_movement_pairwise_bars_by_cage_change.png","analyses/temporal_instability/10sec","figures/primary_movement/rmssd_movement_pairwise_bars_by_cage_change.png","07bc4673d5494a0de38603bec77ea2e65c06b68468f5845086aa7a918bfc38b0","ready","docs/behavior_output_code_contracts/temporal_instability_10sec.csv","fef9335f3867f6a18b0bdbebf87412927a677448278ded9575ead68ef8ed3c38"
"temporal_instability_10sec","06_behavioral_dynamics/temporal_instability/10sec_based/figures/primary_movement/rmssd_movement_pairwise_bars_by_cage_change.svg","analyses/temporal_instability/10sec","figures/primary_movement/rmssd_movement_pairwise_bars_by_cage_change.svg","3161a18f79f1ba893cea4a3ec689b3aaf863e57e61730390ecc798ea028dc55b","ready","docs/behavior_output_code_contracts/temporal_instability_10sec.csv","fef9335f3867f6a18b0bdbebf87412927a677448278ded9575ead68ef8ed3c38"
"temporal_instability_10sec","06_behavioral_dynamics/temporal_instability/10sec_based/figures/primary_movement/rolling_rmssd_movement_timecourse.pdf","analyses/temporal_instability/10sec","figures/primary_movement/rolling_rmssd_movement_timecourse.pdf","e535ddef4bde786f5c02c61d65af061328ebaed34f982b08d00d75cf906536d2","ready","docs/behavior_output_code_contracts/temporal_instability_10sec.csv","fef9335f3867f6a18b0bdbebf87412927a677448278ded9575ead68ef8ed3c38"
"temporal_instability_10sec","06_behavioral_dynamics/temporal_instability/10sec_based/figures/primary_movement/rolling_rmssd_movement_timecourse.png","analyses/temporal_instability/10sec","figures/primary_movement/rolling_rmssd_movement_timecourse.png","4a068019c78e9648414a5b83d4ea3b1024f6de88e87f54a6495eef35f6f52a43","ready","docs/behavior_output_code_contracts/temporal_instability_10sec.csv","fef9335f3867f6a18b0bdbebf87412927a677448278ded9575ead68ef8ed3c38"
"temporal_instability_10sec","06_behavioral_dynamics/temporal_instability/10sec_based/figures/primary_movement/rolling_rmssd_movement_timecourse.svg","analyses/temporal_instability/10sec","figures/primary_movement/rolling_rmssd_movement_timecourse.svg","a2080000d2aaf61a874512a5d7d0d8b4d0f8ecc12fc7382b76eaa8f049c973c5","ready","docs/behavior_output_code_contracts/temporal_instability_10sec.csv","fef9335f3867f6a18b0bdbebf87412927a677448278ded9575ead68ef8ed3c38"
"temporal_instability_10sec","06_behavioral_dynamics/temporal_instability/10sec_based/figures/publication/overview/behavioral_pattern_classification.pdf","analyses/temporal_instability/10sec","figures/publication/overview/behavioral_pattern_classification.pdf","f6e224068d328bcfec1af0e17c7f00a15fb580cf293d9ad3edc97a7f5094874c","ready","docs/behavior_output_code_contracts/temporal_instability_10sec.csv","fef9335f3867f6a18b0bdbebf87412927a677448278ded9575ead68ef8ed3c38"
"temporal_instability_10sec","06_behavioral_dynamics/temporal_instability/10sec_based/figures/publication/overview/behavioral_pattern_classification.png","analyses/temporal_instability/10sec","figures/publication/overview/behavioral_pattern_classification.png","8012ca49a57f71e0c64a15229481c3cfcf3866f6d37fe8122ae02b41e8406059","ready","docs/behavior_output_code_contracts/temporal_instability_10sec.csv","fef9335f3867f6a18b0bdbebf87412927a677448278ded9575ead68ef8ed3c38"
"temporal_instability_10sec","06_behavioral_dynamics/temporal_instability/10sec_based/figures/publication/overview/behavioral_pattern_classification.svg","analyses/temporal_instability/10sec","figures/publication/overview/behavioral_pattern_classification.svg","ec9ba0a9402bd5c1f8e0a34863fe719384d431b1aa1635e8f21a52ba2d5904c8","ready","docs/behavior_output_code_contracts/temporal_instability_10sec.csv","fef9335f3867f6a18b0bdbebf87412927a677448278ded9575ead68ef8ed3c38"
"temporal_instability_10sec","06_behavioral_dynamics/temporal_instability/10sec_based/figures/publication/overview/behavioral_readout_priority_shortlist.pdf","analyses/temporal_instability/10sec","figures/publication/overview/behavioral_readout_priority_shortlist.pdf","e33a2bca5bab5b8078c69d9e1071750c08cd190869c26fc1d3f73e438cbada5d","ready","docs/behavior_output_code_contracts/temporal_instability_10sec.csv","fef9335f3867f6a18b0bdbebf87412927a677448278ded9575ead68ef8ed3c38"
"temporal_instability_10sec","06_behavioral_dynamics/temporal_instability/10sec_based/figures/publication/overview/behavioral_readout_priority_shortlist.png","analyses/temporal_instability/10sec","figures/publication/overview/behavioral_readout_priority_shortlist.png","456fa6179f9fccf738422826f0b96b8608b664565c17893616dc6ea904a53c89","ready","docs/behavior_output_code_contracts/temporal_instability_10sec.csv","fef9335f3867f6a18b0bdbebf87412927a677448278ded9575ead68ef8ed3c38"
"temporal_instability_10sec","06_behavioral_dynamics/temporal_instability/10sec_based/figures/publication/overview/behavioral_readout_priority_shortlist.svg","analyses/temporal_instability/10sec","figures/publication/overview/behavioral_readout_priority_shortlist.svg","815ed6aadfc3594744dfe46775592c0a304441da35b9a0d3ecb45c9f64f79079","ready","docs/behavior_output_code_contracts/temporal_instability_10sec.csv","fef9335f3867f6a18b0bdbebf87412927a677448278ded9575ead68ef8ed3c38"
"temporal_instability_10sec","06_behavioral_dynamics/temporal_instability/10sec_based/figures/publication/overview/delta_effect_size_heatmap_all_metrics.pdf","analyses/temporal_instability/10sec","figures/publication/overview/delta_effect_size_heatmap_all_metrics.pdf","a8135e0e9453e6e007f832423281652e94aa7fd1537c5039b8701c10c65e6d6f","ready","docs/behavior_output_code_contracts/temporal_instability_10sec.csv","fef9335f3867f6a18b0bdbebf87412927a677448278ded9575ead68ef8ed3c38"
"temporal_instability_10sec","06_behavioral_dynamics/temporal_instability/10sec_based/figures/publication/overview/delta_effect_size_heatmap_all_metrics.png","analyses/temporal_instability/10sec","figures/publication/overview/delta_effect_size_heatmap_all_metrics.png","cb7cce2974e89f065c220c6b696911ff3a57ba194b83a998a3c47cb8335d673d","ready","docs/behavior_output_code_contracts/temporal_instability_10sec.csv","fef9335f3867f6a18b0bdbebf87412927a677448278ded9575ead68ef8ed3c38"
"temporal_instability_10sec","06_behavioral_dynamics/temporal_instability/10sec_based/figures/publication/overview/delta_effect_size_heatmap_all_metrics.svg","analyses/temporal_instability/10sec","figures/publication/overview/delta_effect_size_heatmap_all_metrics.svg","4c86fd6e07a1e7a1b4427936f9f62f9681b57e397050e5e26eba2a98316968df","ready","docs/behavior_output_code_contracts/temporal_instability_10sec.csv","fef9335f3867f6a18b0bdbebf87412927a677448278ded9575ead68ef8ed3c38"
"temporal_instability_10sec","06_behavioral_dynamics/temporal_instability/10sec_based/figures/publication/overview/effect_size_heatmap_all_metrics.pdf","analyses/temporal_instability/10sec","figures/publication/overview/effect_size_heatmap_all_metrics.pdf","d13d0734806aea47881cc440b863ca6236c3ee3a94e695e9390f5fe81b7341e9","ready","docs/behavior_output_code_contracts/temporal_instability_10sec.csv","fef9335f3867f6a18b0bdbebf87412927a677448278ded9575ead68ef8ed3c38"
"temporal_instability_10sec","06_behavioral_dynamics/temporal_instability/10sec_based/figures/publication/overview/effect_size_heatmap_all_metrics.png","analyses/temporal_instability/10sec","figures/publication/overview/effect_size_heatmap_all_metrics.png","e498d3b7395cfb0f5cc9f3cac6b3192092c9f1fc7b070e9c9fee22c49fdfff21","ready","docs/behavior_output_code_contracts/temporal_instability_10sec.csv","fef9335f3867f6a18b0bdbebf87412927a677448278ded9575ead68ef8ed3c38"
"temporal_instability_10sec","06_behavioral_dynamics/temporal_instability/10sec_based/figures/publication/overview/effect_size_heatmap_all_metrics.svg","analyses/temporal_instability/10sec","figures/publication/overview/effect_size_heatmap_all_metrics.svg","c5cc6001d8deaf54a86fc79b03d9616f88c8459c147249b0bf48250849f97d95","ready","docs/behavior_output_code_contracts/temporal_instability_10sec.csv","fef9335f3867f6a18b0bdbebf87412927a677448278ded9575ead68ef8ed3c38"
"temporal_instability_10sec","06_behavioral_dynamics/temporal_instability/10sec_based/figures/publication/panels/panel_a_timeline_metric_schematic.pdf","analyses/temporal_instability/10sec","figures/publication/panels/panel_a_timeline_metric_schematic.pdf","54ab22de83fa7bfc34c7d7e6cc225b264143d37052284b72759bfcb8f7ae2f5f","ready","docs/behavior_output_code_contracts/temporal_instability_10sec.csv","fef9335f3867f6a18b0bdbebf87412927a677448278ded9575ead68ef8ed3c38"
"temporal_instability_10sec","06_behavioral_dynamics/temporal_instability/10sec_based/figures/publication/panels/panel_a_timeline_metric_schematic.png","analyses/temporal_instability/10sec","figures/publication/panels/panel_a_timeline_metric_schematic.png","11f4e7a0b6b052bfffa3d63246fc6dd08e7693c9a6fc09c0a1fd0414281b2f54","ready","docs/behavior_output_code_contracts/temporal_instability_10sec.csv","fef9335f3867f6a18b0bdbebf87412927a677448278ded9575ead68ef8ed3c38"
"temporal_instability_10sec","06_behavioral_dynamics/temporal_instability/10sec_based/figures/publication/panels/panel_a_timeline_metric_schematic.svg","analyses/temporal_instability/10sec","figures/publication/panels/panel_a_timeline_metric_schematic.svg","d2fb0a7c6ae10c47ac0d833d5fdc09715b628dcf3ca590760811b50d847a8c3b","ready","docs/behavior_output_code_contracts/temporal_instability_10sec.csv","fef9335f3867f6a18b0bdbebf87412927a677448278ded9575ead68ef8ed3c38"
"temporal_instability_10sec","06_behavioral_dynamics/temporal_instability/10sec_based/figures/publication/panels/panel_b_first_active_rolling_rmssd.pdf","analyses/temporal_instability/10sec","figures/publication/panels/panel_b_first_active_rolling_rmssd.pdf","f21baf5e9c6e9aec3afc4f4903a7628cdfb2eba32dfca785c0b7b09d9a31771a","ready","docs/behavior_output_code_contracts/temporal_instability_10sec.csv","fef9335f3867f6a18b0bdbebf87412927a677448278ded9575ead68ef8ed3c38"
"temporal_instability_10sec","06_behavioral_dynamics/temporal_instability/10sec_based/figures/publication/panels/panel_b_first_active_rolling_rmssd.png","analyses/temporal_instability/10sec","figures/publication/panels/panel_b_first_active_rolling_rmssd.png","3872ef4960ea25709c4db336cb488c0f14efd4e93f45c0a2e6707ed1ae60df9a","ready","docs/behavior_output_code_contracts/temporal_instability_10sec.csv","fef9335f3867f6a18b0bdbebf87412927a677448278ded9575ead68ef8ed3c38"
"temporal_instability_10sec","06_behavioral_dynamics/temporal_instability/10sec_based/figures/publication/panels/panel_b_first_active_rolling_rmssd.svg","analyses/temporal_instability/10sec","figures/publication/panels/panel_b_first_active_rolling_rmssd.svg","0255ae6174ab9d4c0e2480eb593c8be36dd238a1c49b0a5b3bd045708a87fccd","ready","docs/behavior_output_code_contracts/temporal_instability_10sec.csv","fef9335f3867f6a18b0bdbebf87412927a677448278ded9575ead68ef8ed3c38"
"temporal_instability_10sec","06_behavioral_dynamics/temporal_instability/10sec_based/figures/publication/panels/panel_c_cage_change_rmssd_trajectory.pdf","analyses/temporal_instability/10sec","figures/publication/panels/panel_c_cage_change_rmssd_trajectory.pdf","ffb28d647267fd5fb1c464db48b64e93ae295df8d0858d30b4a366a264b005c5","ready","docs/behavior_output_code_contracts/temporal_instability_10sec.csv","fef9335f3867f6a18b0bdbebf87412927a677448278ded9575ead68ef8ed3c38"
"temporal_instability_10sec","06_behavioral_dynamics/temporal_instability/10sec_based/figures/publication/panels/panel_c_cage_change_rmssd_trajectory.png","analyses/temporal_instability/10sec","figures/publication/panels/panel_c_cage_change_rmssd_trajectory.png","b93620feecaac675b12901e21b3a73e825e6100f3f84fa8f307bb9894af3b939","ready","docs/behavior_output_code_contracts/temporal_instability_10sec.csv","fef9335f3867f6a18b0bdbebf87412927a677448278ded9575ead68ef8ed3c38"
"temporal_instability_10sec","06_behavioral_dynamics/temporal_instability/10sec_based/figures/publication/panels/panel_c_cage_change_rmssd_trajectory.svg","analyses/temporal_instability/10sec","figures/publication/panels/panel_c_cage_change_rmssd_trajectory.svg","60f16daafcae862316b3bd74360a1aa318691d0ed808c58e4d3b1b344fbf06a1","ready","docs/behavior_output_code_contracts/temporal_instability_10sec.csv","fef9335f3867f6a18b0bdbebf87412927a677448278ded9575ead68ef8ed3c38"
"temporal_instability_10sec","06_behavioral_dynamics/temporal_instability/10sec_based/figures/publication/panels/panel_d_delta_rmssd_from_first_cage_change.pdf","analyses/temporal_instability/10sec","figures/publication/panels/panel_d_delta_rmssd_from_first_cage_change.pdf","60b14cff749d2934787fb883452ecf6e58994323cb812ede817464d234bf107a","ready","docs/behavior_output_code_contracts/temporal_instability_10sec.csv","fef9335f3867f6a18b0bdbebf87412927a677448278ded9575ead68ef8ed3c38"
"temporal_instability_10sec","06_behavioral_dynamics/temporal_instability/10sec_based/figures/publication/panels/panel_d_delta_rmssd_from_first_cage_change.png","analyses/temporal_instability/10sec","figures/publication/panels/panel_d_delta_rmssd_from_first_cage_change.png","e77c4178b925e737cb4d24ebf10e32c4b04ec04d474a6d52809c1e9a8d1907e9","ready","docs/behavior_output_code_contracts/temporal_instability_10sec.csv","fef9335f3867f6a18b0bdbebf87412927a677448278ded9575ead68ef8ed3c38"
"temporal_instability_10sec","06_behavioral_dynamics/temporal_instability/10sec_based/figures/publication/panels/panel_d_delta_rmssd_from_first_cage_change.svg","analyses/temporal_instability/10sec","figures/publication/panels/panel_d_delta_rmssd_from_first_cage_change.svg","b675199b84d7070c97e46ec5d404d4e493fbae6f6b26baffeb56c28f784404fe","ready","docs/behavior_output_code_contracts/temporal_instability_10sec.csv","fef9335f3867f6a18b0bdbebf87412927a677448278ded9575ead68ef8ed3c38"
"temporal_instability_10sec","06_behavioral_dynamics/temporal_instability/10sec_based/figures/publication/panels/panel_e_pairwise_contrast_forest.pdf","analyses/temporal_instability/10sec","figures/publication/panels/panel_e_pairwise_contrast_forest.pdf","798bd834d56b9bb8611eaea51bb47d1eeaecda38d329cfa67ed81183656ddd04","ready","docs/behavior_output_code_contracts/temporal_instability_10sec.csv","fef9335f3867f6a18b0bdbebf87412927a677448278ded9575ead68ef8ed3c38"
"temporal_instability_10sec","06_behavioral_dynamics/temporal_instability/10sec_based/figures/publication/panels/panel_e_pairwise_contrast_forest.png","analyses/temporal_instability/10sec","figures/publication/panels/panel_e_pairwise_contrast_forest.png","d6798988eb15b827106407ffcb2fcc24e24edce457d48b86fb8a78923e3c36be","ready","docs/behavior_output_code_contracts/temporal_instability_10sec.csv","fef9335f3867f6a18b0bdbebf87412927a677448278ded9575ead68ef8ed3c38"
"temporal_instability_10sec","06_behavioral_dynamics/temporal_instability/10sec_based/figures/publication/panels/panel_e_pairwise_contrast_forest.svg","analyses/temporal_instability/10sec","figures/publication/panels/panel_e_pairwise_contrast_forest.svg","fa2842421adce7b8613defdc7a003cb65c50c8d5a719f257b84b0e5500a442f3","ready","docs/behavior_output_code_contracts/temporal_instability_10sec.csv","fef9335f3867f6a18b0bdbebf87412927a677448278ded9575ead68ef8ed3c38"
"temporal_instability_10sec","06_behavioral_dynamics/temporal_instability/10sec_based/figures/publication_panels/acf1_all_metrics_group_comparison.pdf","analyses/temporal_instability/10sec","figures/publication_panels/acf1_all_metrics_group_comparison.pdf","c344da915b867cd5cb12024cfd965935eab6840a0b296be5244861e2cc6e3e84","ready","docs/behavior_output_code_contracts/temporal_instability_10sec.csv","fef9335f3867f6a18b0bdbebf87412927a677448278ded9575ead68ef8ed3c38"
"temporal_instability_10sec","06_behavioral_dynamics/temporal_instability/10sec_based/figures/publication_panels/acf1_all_metrics_group_comparison.png","analyses/temporal_instability/10sec","figures/publication_panels/acf1_all_metrics_group_comparison.png","0497d179c8c54ebe211a2b92eea820e37ca420e5898cf1b4d2dbceb874953bd8","ready","docs/behavior_output_code_contracts/temporal_instability_10sec.csv","fef9335f3867f6a18b0bdbebf87412927a677448278ded9575ead68ef8ed3c38"
"temporal_instability_10sec","06_behavioral_dynamics/temporal_instability/10sec_based/figures/publication_panels/acf1_all_metrics_group_comparison.svg","analyses/temporal_instability/10sec","figures/publication_panels/acf1_all_metrics_group_comparison.svg","e9af4c4d56fdd9562d62e40d72cb14cdac9e0e989ad19e63ea6ee32465282289","ready","docs/behavior_output_code_contracts/temporal_instability_10sec.csv","fef9335f3867f6a18b0bdbebf87412927a677448278ded9575ead68ef8ed3c38"
"temporal_instability_10sec","06_behavioral_dynamics/temporal_instability/10sec_based/figures/publication_panels/acf1_movement_first_active_first_cage_change.pdf","analyses/temporal_instability/10sec","figures/publication_panels/acf1_movement_first_active_first_cage_change.pdf","ef0a13c4b315761c0daf45c00a3aa97f021ab5845707ffa47e833bf800a6626b","ready","docs/behavior_output_code_contracts/temporal_instability_10sec.csv","fef9335f3867f6a18b0bdbebf87412927a677448278ded9575ead68ef8ed3c38"
"temporal_instability_10sec","06_behavioral_dynamics/temporal_instability/10sec_based/figures/publication_panels/acf1_movement_first_active_first_cage_change.png","analyses/temporal_instability/10sec","figures/publication_panels/acf1_movement_first_active_first_cage_change.png","31cca8fe738234f502be327fb28862c6505ee2c90aa7b357606c7d18e6ce773d","ready","docs/behavior_output_code_contracts/temporal_instability_10sec.csv","fef9335f3867f6a18b0bdbebf87412927a677448278ded9575ead68ef8ed3c38"
"temporal_instability_10sec","06_behavioral_dynamics/temporal_instability/10sec_based/figures/publication_panels/acf1_movement_first_active_first_cage_change.svg","analyses/temporal_instability/10sec","figures/publication_panels/acf1_movement_first_active_first_cage_change.svg","84b48037ef7be3027402647027d43f3861c0cd621c4ae9c4e47dab89f5e5baed","ready","docs/behavior_output_code_contracts/temporal_instability_10sec.csv","fef9335f3867f6a18b0bdbebf87412927a677448278ded9575ead68ef8ed3c38"
"temporal_instability_10sec","06_behavioral_dynamics/temporal_instability/10sec_based/figures/publication_panels/acf1_movement_group_comparison.pdf","analyses/temporal_instability/10sec","figures/publication_panels/acf1_movement_group_comparison.pdf","08ed3e41b9367a4ac02d0ad2d3d05b47cb50b65c46bc03a56ea5832a2bac7bd3","ready","docs/behavior_output_code_contracts/temporal_instability_10sec.csv","fef9335f3867f6a18b0bdbebf87412927a677448278ded9575ead68ef8ed3c38"
"temporal_instability_10sec","06_behavioral_dynamics/temporal_instability/10sec_based/figures/publication_panels/acf1_movement_group_comparison.png","analyses/temporal_instability/10sec","figures/publication_panels/acf1_movement_group_comparison.png","4b6ae2a5a38c6d9d75847da5cb3d2f68da3243a0fc3dd2246c00226e845fb048","ready","docs/behavior_output_code_contracts/temporal_instability_10sec.csv","fef9335f3867f6a18b0bdbebf87412927a677448278ded9575ead68ef8ed3c38"
"temporal_instability_10sec","06_behavioral_dynamics/temporal_instability/10sec_based/figures/publication_panels/acf1_movement_group_comparison.svg","analyses/temporal_instability/10sec","figures/publication_panels/acf1_movement_group_comparison.svg","c6df2fada2c02d525074db3b6eb9a4733126ee20c6bc6466d89faa956a10227e","ready","docs/behavior_output_code_contracts/temporal_instability_10sec.csv","fef9335f3867f6a18b0bdbebf87412927a677448278ded9575ead68ef8ed3c38"
"temporal_instability_10sec","06_behavioral_dynamics/temporal_instability/10sec_based/figures/publication_panels/behavioral_pattern_classification.pdf","analyses/temporal_instability/10sec","figures/publication_panels/behavioral_pattern_classification.pdf","f6e224068d328bcfec1af0e17c7f00a15fb580cf293d9ad3edc97a7f5094874c","ready","docs/behavior_output_code_contracts/temporal_instability_10sec.csv","fef9335f3867f6a18b0bdbebf87412927a677448278ded9575ead68ef8ed3c38"
"temporal_instability_10sec","06_behavioral_dynamics/temporal_instability/10sec_based/figures/publication_panels/behavioral_pattern_classification.png","analyses/temporal_instability/10sec","figures/publication_panels/behavioral_pattern_classification.png","8012ca49a57f71e0c64a15229481c3cfcf3866f6d37fe8122ae02b41e8406059","ready","docs/behavior_output_code_contracts/temporal_instability_10sec.csv","fef9335f3867f6a18b0bdbebf87412927a677448278ded9575ead68ef8ed3c38"
"temporal_instability_10sec","06_behavioral_dynamics/temporal_instability/10sec_based/figures/publication_panels/behavioral_pattern_classification.svg","analyses/temporal_instability/10sec","figures/publication_panels/behavioral_pattern_classification.svg","ec9ba0a9402bd5c1f8e0a34863fe719384d431b1aa1635e8f21a52ba2d5904c8","ready","docs/behavior_output_code_contracts/temporal_instability_10sec.csv","fef9335f3867f6a18b0bdbebf87412927a677448278ded9575ead68ef8ed3c38"
"temporal_instability_10sec","06_behavioral_dynamics/temporal_instability/10sec_based/figures/publication_panels/behavioral_readout_priority_shortlist.pdf","analyses/temporal_instability/10sec","figures/publication_panels/behavioral_readout_priority_shortlist.pdf","e33a2bca5bab5b8078c69d9e1071750c08cd190869c26fc1d3f73e438cbada5d","ready","docs/behavior_output_code_contracts/temporal_instability_10sec.csv","fef9335f3867f6a18b0bdbebf87412927a677448278ded9575ead68ef8ed3c38"
"temporal_instability_10sec","06_behavioral_dynamics/temporal_instability/10sec_based/figures/publication_panels/behavioral_readout_priority_shortlist.png","analyses/temporal_instability/10sec","figures/publication_panels/behavioral_readout_priority_shortlist.png","456fa6179f9fccf738422826f0b96b8608b664565c17893616dc6ea904a53c89","ready","docs/behavior_output_code_contracts/temporal_instability_10sec.csv","fef9335f3867f6a18b0bdbebf87412927a677448278ded9575ead68ef8ed3c38"
"temporal_instability_10sec","06_behavioral_dynamics/temporal_instability/10sec_based/figures/publication_panels/behavioral_readout_priority_shortlist.svg","analyses/temporal_instability/10sec","figures/publication_panels/behavioral_readout_priority_shortlist.svg","815ed6aadfc3594744dfe46775592c0a304441da35b9a0d3ecb45c9f64f79079","ready","docs/behavior_output_code_contracts/temporal_instability_10sec.csv","fef9335f3867f6a18b0bdbebf87412927a677448278ded9575ead68ef8ed3c38"
"temporal_instability_10sec","06_behavioral_dynamics/temporal_instability/10sec_based/figures/publication_panels/cv_all_metrics_group_comparison.pdf","analyses/temporal_instability/10sec","figures/publication_panels/cv_all_metrics_group_comparison.pdf","ca81794d82f6cebae2d86648745f3968a8d532bde52b253ec344d5616157637e","ready","docs/behavior_output_code_contracts/temporal_instability_10sec.csv","fef9335f3867f6a18b0bdbebf87412927a677448278ded9575ead68ef8ed3c38"
"temporal_instability_10sec","06_behavioral_dynamics/temporal_instability/10sec_based/figures/publication_panels/cv_all_metrics_group_comparison.png","analyses/temporal_instability/10sec","figures/publication_panels/cv_all_metrics_group_comparison.png","65bec325ba6b8d0f285531a63354ad830b07c502db8d9f789ffe94a6a23a5e92","ready","docs/behavior_output_code_contracts/temporal_instability_10sec.csv","fef9335f3867f6a18b0bdbebf87412927a677448278ded9575ead68ef8ed3c38"
"temporal_instability_10sec","06_behavioral_dynamics/temporal_instability/10sec_based/figures/publication_panels/cv_all_metrics_group_comparison.svg","analyses/temporal_instability/10sec","figures/publication_panels/cv_all_metrics_group_comparison.svg","133fce11431abae71e33eaa6e80f863e4e348ef2445e63184d71fc8527091e3b","ready","docs/behavior_output_code_contracts/temporal_instability_10sec.csv","fef9335f3867f6a18b0bdbebf87412927a677448278ded9575ead68ef8ed3c38"
"temporal_instability_10sec","06_behavioral_dynamics/temporal_instability/10sec_based/figures/publication_panels/cv_movement_first_active_first_cage_change.pdf","analyses/temporal_instability/10sec","figures/publication_panels/cv_movement_first_active_first_cage_change.pdf","1f92ff03a519ee9259b16b7f72bad8e8280c58abdda55f7ada0ec93cbace64f4","ready","docs/behavior_output_code_contracts/temporal_instability_10sec.csv","fef9335f3867f6a18b0bdbebf87412927a677448278ded9575ead68ef8ed3c38"
"temporal_instability_10sec","06_behavioral_dynamics/temporal_instability/10sec_based/figures/publication_panels/cv_movement_first_active_first_cage_change.png","analyses/temporal_instability/10sec","figures/publication_panels/cv_movement_first_active_first_cage_change.png","c4eaab99b3110179694f38e10eb4143c556c62ae57003a813c0111c914880b25","ready","docs/behavior_output_code_contracts/temporal_instability_10sec.csv","fef9335f3867f6a18b0bdbebf87412927a677448278ded9575ead68ef8ed3c38"
"temporal_instability_10sec","06_behavioral_dynamics/temporal_instability/10sec_based/figures/publication_panels/cv_movement_first_active_first_cage_change.svg","analyses/temporal_instability/10sec","figures/publication_panels/cv_movement_first_active_first_cage_change.svg","76f4c2a8b71f9798cf65ec226c13b1de87ab0fd1e95747cbf866df494ab478e0","ready","docs/behavior_output_code_contracts/temporal_instability_10sec.csv","fef9335f3867f6a18b0bdbebf87412927a677448278ded9575ead68ef8ed3c38"
"temporal_instability_10sec","06_behavioral_dynamics/temporal_instability/10sec_based/figures/publication_panels/cv_movement_group_comparison.pdf","analyses/temporal_instability/10sec","figures/publication_panels/cv_movement_group_comparison.pdf","f934f3a11c512cc7238f3d505a3654b90feb587af18cbe9f253e071812f9a550","ready","docs/behavior_output_code_contracts/temporal_instability_10sec.csv","fef9335f3867f6a18b0bdbebf87412927a677448278ded9575ead68ef8ed3c38"
"temporal_instability_10sec","06_behavioral_dynamics/temporal_instability/10sec_based/figures/publication_panels/cv_movement_group_comparison.png","analyses/temporal_instability/10sec","figures/publication_panels/cv_movement_group_comparison.png","e6e1b36e10743b04d61a64dafcf22412b5858576923543532695dccc600e6141","ready","docs/behavior_output_code_contracts/temporal_instability_10sec.csv","fef9335f3867f6a18b0bdbebf87412927a677448278ded9575ead68ef8ed3c38"
"temporal_instability_10sec","06_behavioral_dynamics/temporal_instability/10sec_based/figures/publication_panels/cv_movement_group_comparison.svg","analyses/temporal_instability/10sec","figures/publication_panels/cv_movement_group_comparison.svg","b0a60a302d6ddd221e8538d7371fe085245d4ce870a2693bcd93130f823ca72d","ready","docs/behavior_output_code_contracts/temporal_instability_10sec.csv","fef9335f3867f6a18b0bdbebf87412927a677448278ded9575ead68ef8ed3c38"
"temporal_instability_10sec","06_behavioral_dynamics/temporal_instability/10sec_based/figures/publication_panels/delta_effect_size_heatmap_all_metrics.pdf","analyses/temporal_instability/10sec","figures/publication_panels/delta_effect_size_heatmap_all_metrics.pdf","a8135e0e9453e6e007f832423281652e94aa7fd1537c5039b8701c10c65e6d6f","ready","docs/behavior_output_code_contracts/temporal_instability_10sec.csv","fef9335f3867f6a18b0bdbebf87412927a677448278ded9575ead68ef8ed3c38"
"temporal_instability_10sec","06_behavioral_dynamics/temporal_instability/10sec_based/figures/publication_panels/delta_effect_size_heatmap_all_metrics.png","analyses/temporal_instability/10sec","figures/publication_panels/delta_effect_size_heatmap_all_metrics.png","cb7cce2974e89f065c220c6b696911ff3a57ba194b83a998a3c47cb8335d673d","ready","docs/behavior_output_code_contracts/temporal_instability_10sec.csv","fef9335f3867f6a18b0bdbebf87412927a677448278ded9575ead68ef8ed3c38"
"temporal_instability_10sec","06_behavioral_dynamics/temporal_instability/10sec_based/figures/publication_panels/delta_effect_size_heatmap_all_metrics.svg","analyses/temporal_instability/10sec","figures/publication_panels/delta_effect_size_heatmap_all_metrics.svg","4c86fd6e07a1e7a1b4427936f9f62f9681b57e397050e5e26eba2a98316968df","ready","docs/behavior_output_code_contracts/temporal_instability_10sec.csv","fef9335f3867f6a18b0bdbebf87412927a677448278ded9575ead68ef8ed3c38"
"temporal_instability_10sec","06_behavioral_dynamics/temporal_instability/10sec_based/figures/publication_panels/delta_rmssd_movement_from_first_cage_change.pdf","analyses/temporal_instability/10sec","figures/publication_panels/delta_rmssd_movement_from_first_cage_change.pdf","147ad0bff202ebb09e634f016533b70772cec2aaeef396e909ee352a814992e9","ready","docs/behavior_output_code_contracts/temporal_instability_10sec.csv","fef9335f3867f6a18b0bdbebf87412927a677448278ded9575ead68ef8ed3c38"
"temporal_instability_10sec","06_behavioral_dynamics/temporal_instability/10sec_based/figures/publication_panels/delta_rmssd_movement_from_first_cage_change.png","analyses/temporal_instability/10sec","figures/publication_panels/delta_rmssd_movement_from_first_cage_change.png","aa0e8274c98fd17a1c6acd0da11afe68a7e3d1a09cf81152534c9d6506577e17","ready","docs/behavior_output_code_contracts/temporal_instability_10sec.csv","fef9335f3867f6a18b0bdbebf87412927a677448278ded9575ead68ef8ed3c38"
"temporal_instability_10sec","06_behavioral_dynamics/temporal_instability/10sec_based/figures/publication_panels/delta_rmssd_movement_from_first_cage_change.svg","analyses/temporal_instability/10sec","figures/publication_panels/delta_rmssd_movement_from_first_cage_change.svg","6f48df1d4257d0ba1da165b4862ae12eaf72fc69442f893765d20e631fd6961e","ready","docs/behavior_output_code_contracts/temporal_instability_10sec.csv","fef9335f3867f6a18b0bdbebf87412927a677448278ded9575ead68ef8ed3c38"
"temporal_instability_10sec","06_behavioral_dynamics/temporal_instability/10sec_based/figures/publication_panels/effect_size_heatmap_all_metrics.pdf","analyses/temporal_instability/10sec","figures/publication_panels/effect_size_heatmap_all_metrics.pdf","d13d0734806aea47881cc440b863ca6236c3ee3a94e695e9390f5fe81b7341e9","ready","docs/behavior_output_code_contracts/temporal_instability_10sec.csv","fef9335f3867f6a18b0bdbebf87412927a677448278ded9575ead68ef8ed3c38"
"temporal_instability_10sec","06_behavioral_dynamics/temporal_instability/10sec_based/figures/publication_panels/effect_size_heatmap_all_metrics.png","analyses/temporal_instability/10sec","figures/publication_panels/effect_size_heatmap_all_metrics.png","e498d3b7395cfb0f5cc9f3cac6b3192092c9f1fc7b070e9c9fee22c49fdfff21","ready","docs/behavior_output_code_contracts/temporal_instability_10sec.csv","fef9335f3867f6a18b0bdbebf87412927a677448278ded9575ead68ef8ed3c38"
"temporal_instability_10sec","06_behavioral_dynamics/temporal_instability/10sec_based/figures/publication_panels/effect_size_heatmap_all_metrics.svg","analyses/temporal_instability/10sec","figures/publication_panels/effect_size_heatmap_all_metrics.svg","c5cc6001d8deaf54a86fc79b03d9616f88c8459c147249b0bf48250849f97d95","ready","docs/behavior_output_code_contracts/temporal_instability_10sec.csv","fef9335f3867f6a18b0bdbebf87412927a677448278ded9575ead68ef8ed3c38"
"temporal_instability_10sec","06_behavioral_dynamics/temporal_instability/10sec_based/figures/publication_panels/fano_all_metrics_group_comparison.pdf","analyses/temporal_instability/10sec","figures/publication_panels/fano_all_metrics_group_comparison.pdf","777ae5196bd3f10b2e21399ece51bc466ff9b80f643fa3e8a52c69efd60de200","ready","docs/behavior_output_code_contracts/temporal_instability_10sec.csv","fef9335f3867f6a18b0bdbebf87412927a677448278ded9575ead68ef8ed3c38"
"temporal_instability_10sec","06_behavioral_dynamics/temporal_instability/10sec_based/figures/publication_panels/fano_all_metrics_group_comparison.png","analyses/temporal_instability/10sec","figures/publication_panels/fano_all_metrics_group_comparison.png","30fe923ab2c58601a78201873dbb08b410d0239495001fd75bc7942920f91d8a","ready","docs/behavior_output_code_contracts/temporal_instability_10sec.csv","fef9335f3867f6a18b0bdbebf87412927a677448278ded9575ead68ef8ed3c38"
"temporal_instability_10sec","06_behavioral_dynamics/temporal_instability/10sec_based/figures/publication_panels/fano_all_metrics_group_comparison.svg","analyses/temporal_instability/10sec","figures/publication_panels/fano_all_metrics_group_comparison.svg","9f36e6344c11972279d3f2dc0a8790b60efe8825e82562bb96efb962856939df","ready","docs/behavior_output_code_contracts/temporal_instability_10sec.csv","fef9335f3867f6a18b0bdbebf87412927a677448278ded9575ead68ef8ed3c38"
"temporal_instability_10sec","06_behavioral_dynamics/temporal_instability/10sec_based/figures/publication_panels/fano_movement_group_comparison.pdf","analyses/temporal_instability/10sec","figures/publication_panels/fano_movement_group_comparison.pdf","e2f7e02e531ab16f5f83ba638d8d6e88b4fc3b23f008b86281efb943d59e382b","ready","docs/behavior_output_code_contracts/temporal_instability_10sec.csv","fef9335f3867f6a18b0bdbebf87412927a677448278ded9575ead68ef8ed3c38"
"temporal_instability_10sec","06_behavioral_dynamics/temporal_instability/10sec_based/figures/publication_panels/fano_movement_group_comparison.png","analyses/temporal_instability/10sec","figures/publication_panels/fano_movement_group_comparison.png","dd8d6bc1ad0b6a5bfbafd267c665bdfb47936578fbb1ac26cbaa91567acb83d3","ready","docs/behavior_output_code_contracts/temporal_instability_10sec.csv","fef9335f3867f6a18b0bdbebf87412927a677448278ded9575ead68ef8ed3c38"
"temporal_instability_10sec","06_behavioral_dynamics/temporal_instability/10sec_based/figures/publication_panels/fano_movement_group_comparison.svg","analyses/temporal_instability/10sec","figures/publication_panels/fano_movement_group_comparison.svg","d9b2a54f6d84b0bbfa90e6fe449de533a027b648931d5ebd632f65e6c742aebe","ready","docs/behavior_output_code_contracts/temporal_instability_10sec.csv","fef9335f3867f6a18b0bdbebf87412927a677448278ded9575ead68ef8ed3c38"
"temporal_instability_10sec","06_behavioral_dynamics/temporal_instability/10sec_based/figures/publication_panels/panel_a_timeline_metric_schematic.pdf","analyses/temporal_instability/10sec","figures/publication_panels/panel_a_timeline_metric_schematic.pdf","54ab22de83fa7bfc34c7d7e6cc225b264143d37052284b72759bfcb8f7ae2f5f","ready","docs/behavior_output_code_contracts/temporal_instability_10sec.csv","fef9335f3867f6a18b0bdbebf87412927a677448278ded9575ead68ef8ed3c38"
"temporal_instability_10sec","06_behavioral_dynamics/temporal_instability/10sec_based/figures/publication_panels/panel_a_timeline_metric_schematic.png","analyses/temporal_instability/10sec","figures/publication_panels/panel_a_timeline_metric_schematic.png","11f4e7a0b6b052bfffa3d63246fc6dd08e7693c9a6fc09c0a1fd0414281b2f54","ready","docs/behavior_output_code_contracts/temporal_instability_10sec.csv","fef9335f3867f6a18b0bdbebf87412927a677448278ded9575ead68ef8ed3c38"
"temporal_instability_10sec","06_behavioral_dynamics/temporal_instability/10sec_based/figures/publication_panels/panel_a_timeline_metric_schematic.svg","analyses/temporal_instability/10sec","figures/publication_panels/panel_a_timeline_metric_schematic.svg","d2fb0a7c6ae10c47ac0d833d5fdc09715b628dcf3ca590760811b50d847a8c3b","ready","docs/behavior_output_code_contracts/temporal_instability_10sec.csv","fef9335f3867f6a18b0bdbebf87412927a677448278ded9575ead68ef8ed3c38"
"temporal_instability_10sec","06_behavioral_dynamics/temporal_instability/10sec_based/figures/publication_panels/panel_b_first_active_rolling_rmssd.pdf","analyses/temporal_instability/10sec","figures/publication_panels/panel_b_first_active_rolling_rmssd.pdf","f21baf5e9c6e9aec3afc4f4903a7628cdfb2eba32dfca785c0b7b09d9a31771a","ready","docs/behavior_output_code_contracts/temporal_instability_10sec.csv","fef9335f3867f6a18b0bdbebf87412927a677448278ded9575ead68ef8ed3c38"
"temporal_instability_10sec","06_behavioral_dynamics/temporal_instability/10sec_based/figures/publication_panels/panel_b_first_active_rolling_rmssd.png","analyses/temporal_instability/10sec","figures/publication_panels/panel_b_first_active_rolling_rmssd.png","3872ef4960ea25709c4db336cb488c0f14efd4e93f45c0a2e6707ed1ae60df9a","ready","docs/behavior_output_code_contracts/temporal_instability_10sec.csv","fef9335f3867f6a18b0bdbebf87412927a677448278ded9575ead68ef8ed3c38"
"temporal_instability_10sec","06_behavioral_dynamics/temporal_instability/10sec_based/figures/publication_panels/panel_b_first_active_rolling_rmssd.svg","analyses/temporal_instability/10sec","figures/publication_panels/panel_b_first_active_rolling_rmssd.svg","0255ae6174ab9d4c0e2480eb593c8be36dd238a1c49b0a5b3bd045708a87fccd","ready","docs/behavior_output_code_contracts/temporal_instability_10sec.csv","fef9335f3867f6a18b0bdbebf87412927a677448278ded9575ead68ef8ed3c38"
"temporal_instability_10sec","06_behavioral_dynamics/temporal_instability/10sec_based/figures/publication_panels/panel_c_cage_change_rmssd_trajectory.pdf","analyses/temporal_instability/10sec","figures/publication_panels/panel_c_cage_change_rmssd_trajectory.pdf","ffb28d647267fd5fb1c464db48b64e93ae295df8d0858d30b4a366a264b005c5","ready","docs/behavior_output_code_contracts/temporal_instability_10sec.csv","fef9335f3867f6a18b0bdbebf87412927a677448278ded9575ead68ef8ed3c38"
"temporal_instability_10sec","06_behavioral_dynamics/temporal_instability/10sec_based/figures/publication_panels/panel_c_cage_change_rmssd_trajectory.png","analyses/temporal_instability/10sec","figures/publication_panels/panel_c_cage_change_rmssd_trajectory.png","b93620feecaac675b12901e21b3a73e825e6100f3f84fa8f307bb9894af3b939","ready","docs/behavior_output_code_contracts/temporal_instability_10sec.csv","fef9335f3867f6a18b0bdbebf87412927a677448278ded9575ead68ef8ed3c38"
"temporal_instability_10sec","06_behavioral_dynamics/temporal_instability/10sec_based/figures/publication_panels/panel_c_cage_change_rmssd_trajectory.svg","analyses/temporal_instability/10sec","figures/publication_panels/panel_c_cage_change_rmssd_trajectory.svg","60f16daafcae862316b3bd74360a1aa318691d0ed808c58e4d3b1b344fbf06a1","ready","docs/behavior_output_code_contracts/temporal_instability_10sec.csv","fef9335f3867f6a18b0bdbebf87412927a677448278ded9575ead68ef8ed3c38"
"temporal_instability_10sec","06_behavioral_dynamics/temporal_instability/10sec_based/figures/publication_panels/panel_d_delta_rmssd_from_first_cage_change.pdf","analyses/temporal_instability/10sec","figures/publication_panels/panel_d_delta_rmssd_from_first_cage_change.pdf","60b14cff749d2934787fb883452ecf6e58994323cb812ede817464d234bf107a","ready","docs/behavior_output_code_contracts/temporal_instability_10sec.csv","fef9335f3867f6a18b0bdbebf87412927a677448278ded9575ead68ef8ed3c38"
"temporal_instability_10sec","06_behavioral_dynamics/temporal_instability/10sec_based/figures/publication_panels/panel_d_delta_rmssd_from_first_cage_change.png","analyses/temporal_instability/10sec","figures/publication_panels/panel_d_delta_rmssd_from_first_cage_change.png","e77c4178b925e737cb4d24ebf10e32c4b04ec04d474a6d52809c1e9a8d1907e9","ready","docs/behavior_output_code_contracts/temporal_instability_10sec.csv","fef9335f3867f6a18b0bdbebf87412927a677448278ded9575ead68ef8ed3c38"
"temporal_instability_10sec","06_behavioral_dynamics/temporal_instability/10sec_based/figures/publication_panels/panel_d_delta_rmssd_from_first_cage_change.svg","analyses/temporal_instability/10sec","figures/publication_panels/panel_d_delta_rmssd_from_first_cage_change.svg","b675199b84d7070c97e46ec5d404d4e493fbae6f6b26baffeb56c28f784404fe","ready","docs/behavior_output_code_contracts/temporal_instability_10sec.csv","fef9335f3867f6a18b0bdbebf87412927a677448278ded9575ead68ef8ed3c38"
"temporal_instability_10sec","06_behavioral_dynamics/temporal_instability/10sec_based/figures/publication_panels/panel_e_pairwise_contrast_forest.pdf","analyses/temporal_instability/10sec","figures/publication_panels/panel_e_pairwise_contrast_forest.pdf","798bd834d56b9bb8611eaea51bb47d1eeaecda38d329cfa67ed81183656ddd04","ready","docs/behavior_output_code_contracts/temporal_instability_10sec.csv","fef9335f3867f6a18b0bdbebf87412927a677448278ded9575ead68ef8ed3c38"
"temporal_instability_10sec","06_behavioral_dynamics/temporal_instability/10sec_based/figures/publication_panels/panel_e_pairwise_contrast_forest.png","analyses/temporal_instability/10sec","figures/publication_panels/panel_e_pairwise_contrast_forest.png","d6798988eb15b827106407ffcb2fcc24e24edce457d48b86fb8a78923e3c36be","ready","docs/behavior_output_code_contracts/temporal_instability_10sec.csv","fef9335f3867f6a18b0bdbebf87412927a677448278ded9575ead68ef8ed3c38"
"temporal_instability_10sec","06_behavioral_dynamics/temporal_instability/10sec_based/figures/publication_panels/panel_e_pairwise_contrast_forest.svg","analyses/temporal_instability/10sec","figures/publication_panels/panel_e_pairwise_contrast_forest.svg","fa2842421adce7b8613defdc7a003cb65c50c8d5a719f257b84b0e5500a442f3","ready","docs/behavior_output_code_contracts/temporal_instability_10sec.csv","fef9335f3867f6a18b0bdbebf87412927a677448278ded9575ead68ef8ed3c38"
"temporal_instability_10sec","06_behavioral_dynamics/temporal_instability/10sec_based/figures/publication_panels/README.txt","analyses/temporal_instability/10sec","figures/publication_panels/README.txt","9b957880bf142e8e7ee5034d698dc3cf630f411fae5bfd345d64fabf57540a90","ready","docs/behavior_output_code_contracts/temporal_instability_10sec.csv","fef9335f3867f6a18b0bdbebf87412927a677448278ded9575ead68ef8ed3c38"
"temporal_instability_10sec","06_behavioral_dynamics/temporal_instability/10sec_based/figures/publication_panels/rmssd_all_metrics_group_comparison.pdf","analyses/temporal_instability/10sec","figures/publication_panels/rmssd_all_metrics_group_comparison.pdf","9122843d63304f5ab205ad73fa5dc236ddf815872e2647c0d6da7abcb3df5fe0","ready","docs/behavior_output_code_contracts/temporal_instability_10sec.csv","fef9335f3867f6a18b0bdbebf87412927a677448278ded9575ead68ef8ed3c38"
"temporal_instability_10sec","06_behavioral_dynamics/temporal_instability/10sec_based/figures/publication_panels/rmssd_all_metrics_group_comparison.png","analyses/temporal_instability/10sec","figures/publication_panels/rmssd_all_metrics_group_comparison.png","666ca0e311b37eb764f45151fb73274abf95ea5fe569c33f65a7984f381ddf5f","ready","docs/behavior_output_code_contracts/temporal_instability_10sec.csv","fef9335f3867f6a18b0bdbebf87412927a677448278ded9575ead68ef8ed3c38"
"temporal_instability_10sec","06_behavioral_dynamics/temporal_instability/10sec_based/figures/publication_panels/rmssd_all_metrics_group_comparison.svg","analyses/temporal_instability/10sec","figures/publication_panels/rmssd_all_metrics_group_comparison.svg","8137445e57319d3901381acb157e34f6285b40e570d8ee5828ce1bd37c8d5911","ready","docs/behavior_output_code_contracts/temporal_instability_10sec.csv","fef9335f3867f6a18b0bdbebf87412927a677448278ded9575ead68ef8ed3c38"
"temporal_instability_10sec","06_behavioral_dynamics/temporal_instability/10sec_based/figures/publication_panels/rmssd_movement_across_cage_changes.pdf","analyses/temporal_instability/10sec","figures/publication_panels/rmssd_movement_across_cage_changes.pdf","4dac470283d7edc4da3a1bb26aae86484d771cbc7ae1a5977b13a9f7de9c1e0e","ready","docs/behavior_output_code_contracts/temporal_instability_10sec.csv","fef9335f3867f6a18b0bdbebf87412927a677448278ded9575ead68ef8ed3c38"
"temporal_instability_10sec","06_behavioral_dynamics/temporal_instability/10sec_based/figures/publication_panels/rmssd_movement_across_cage_changes.png","analyses/temporal_instability/10sec","figures/publication_panels/rmssd_movement_across_cage_changes.png","e2eccaf49694b057dc272a997ad7ed27667afc4d039096da0aea4a9dd8e1bbf6","ready","docs/behavior_output_code_contracts/temporal_instability_10sec.csv","fef9335f3867f6a18b0bdbebf87412927a677448278ded9575ead68ef8ed3c38"
"temporal_instability_10sec","06_behavioral_dynamics/temporal_instability/10sec_based/figures/publication_panels/rmssd_movement_across_cage_changes.svg","analyses/temporal_instability/10sec","figures/publication_panels/rmssd_movement_across_cage_changes.svg","8aba758327a5b410ab3f362220252bfba4a3f85d09786291fefbacf7d01af963","ready","docs/behavior_output_code_contracts/temporal_instability_10sec.csv","fef9335f3867f6a18b0bdbebf87412927a677448278ded9575ead68ef8ed3c38"
"temporal_instability_10sec","06_behavioral_dynamics/temporal_instability/10sec_based/figures/publication_panels/rmssd_movement_first_active_first_cage_change.pdf","analyses/temporal_instability/10sec","figures/publication_panels/rmssd_movement_first_active_first_cage_change.pdf","c36c239246f4c5f8886dd4ee7cab34150ff9199754f8c247af6fd4a0838fa40a","ready","docs/behavior_output_code_contracts/temporal_instability_10sec.csv","fef9335f3867f6a18b0bdbebf87412927a677448278ded9575ead68ef8ed3c38"
"temporal_instability_10sec","06_behavioral_dynamics/temporal_instability/10sec_based/figures/publication_panels/rmssd_movement_first_active_first_cage_change.png","analyses/temporal_instability/10sec","figures/publication_panels/rmssd_movement_first_active_first_cage_change.png","68f4155e9b111f518cab4ca6b04370ddcd5295c9900c767d39680dcbf2733f14","ready","docs/behavior_output_code_contracts/temporal_instability_10sec.csv","fef9335f3867f6a18b0bdbebf87412927a677448278ded9575ead68ef8ed3c38"
"temporal_instability_10sec","06_behavioral_dynamics/temporal_instability/10sec_based/figures/publication_panels/rmssd_movement_first_active_first_cage_change.svg","analyses/temporal_instability/10sec","figures/publication_panels/rmssd_movement_first_active_first_cage_change.svg","1f6d2b0aa27ca6e792368a362cdbb4161ab6b1ebd1f5853fe6baea9bcb6479a2","ready","docs/behavior_output_code_contracts/temporal_instability_10sec.csv","fef9335f3867f6a18b0bdbebf87412927a677448278ded9575ead68ef8ed3c38"
"temporal_instability_10sec","06_behavioral_dynamics/temporal_instability/10sec_based/figures/publication_panels/rmssd_movement_group_comparison.pdf","analyses/temporal_instability/10sec","figures/publication_panels/rmssd_movement_group_comparison.pdf","1ea07ae48b1444050b87ea0c29e97855505b4957aee075e86d74833cb8c93ff6","ready","docs/behavior_output_code_contracts/temporal_instability_10sec.csv","fef9335f3867f6a18b0bdbebf87412927a677448278ded9575ead68ef8ed3c38"
"temporal_instability_10sec","06_behavioral_dynamics/temporal_instability/10sec_based/figures/publication_panels/rmssd_movement_group_comparison.png","analyses/temporal_instability/10sec","figures/publication_panels/rmssd_movement_group_comparison.png","e0c9dfe177118d426123ed5cbe3980c09f488e042ed59028c2489957152c6b19","ready","docs/behavior_output_code_contracts/temporal_instability_10sec.csv","fef9335f3867f6a18b0bdbebf87412927a677448278ded9575ead68ef8ed3c38"
"temporal_instability_10sec","06_behavioral_dynamics/temporal_instability/10sec_based/figures/publication_panels/rmssd_movement_group_comparison.svg","analyses/temporal_instability/10sec","figures/publication_panels/rmssd_movement_group_comparison.svg","ea7b41dbf8aad3613746850863be247f26217d99e103102e91776bb6b3cb2957","ready","docs/behavior_output_code_contracts/temporal_instability_10sec.csv","fef9335f3867f6a18b0bdbebf87412927a677448278ded9575ead68ef8ed3c38"
"temporal_instability_10sec","06_behavioral_dynamics/temporal_instability/10sec_based/figures/publication_panels/rmssd_movement_pairwise_bars_by_cage_change.pdf","analyses/temporal_instability/10sec","figures/publication_panels/rmssd_movement_pairwise_bars_by_cage_change.pdf","d43b160dba753d280b4ff8868b9686ed7e3eb428af205921f7dd07292a140b07","ready","docs/behavior_output_code_contracts/temporal_instability_10sec.csv","fef9335f3867f6a18b0bdbebf87412927a677448278ded9575ead68ef8ed3c38"
"temporal_instability_10sec","06_behavioral_dynamics/temporal_instability/10sec_based/figures/publication_panels/rmssd_movement_pairwise_bars_by_cage_change.png","analyses/temporal_instability/10sec","figures/publication_panels/rmssd_movement_pairwise_bars_by_cage_change.png","07bc4673d5494a0de38603bec77ea2e65c06b68468f5845086aa7a918bfc38b0","ready","docs/behavior_output_code_contracts/temporal_instability_10sec.csv","fef9335f3867f6a18b0bdbebf87412927a677448278ded9575ead68ef8ed3c38"
"temporal_instability_10sec","06_behavioral_dynamics/temporal_instability/10sec_based/figures/publication_panels/rmssd_movement_pairwise_bars_by_cage_change.svg","analyses/temporal_instability/10sec","figures/publication_panels/rmssd_movement_pairwise_bars_by_cage_change.svg","3161a18f79f1ba893cea4a3ec689b3aaf863e57e61730390ecc798ea028dc55b","ready","docs/behavior_output_code_contracts/temporal_instability_10sec.csv","fef9335f3867f6a18b0bdbebf87412927a677448278ded9575ead68ef8ed3c38"
"temporal_instability_10sec","06_behavioral_dynamics/temporal_instability/10sec_based/figures/publication_panels/rolling_rmssd_all_metrics_timecourse.pdf","analyses/temporal_instability/10sec","figures/publication_panels/rolling_rmssd_all_metrics_timecourse.pdf","8537b6dd2ee9a4a600d9ef2a6793f045403a93fb2f383612d4319c517c69a275","ready","docs/behavior_output_code_contracts/temporal_instability_10sec.csv","fef9335f3867f6a18b0bdbebf87412927a677448278ded9575ead68ef8ed3c38"
"temporal_instability_10sec","06_behavioral_dynamics/temporal_instability/10sec_based/figures/publication_panels/rolling_rmssd_all_metrics_timecourse.png","analyses/temporal_instability/10sec","figures/publication_panels/rolling_rmssd_all_metrics_timecourse.png","f6262b89ad299df5a461955c2ebe98504c2789f607581ab93f3723d89fd0001c","ready","docs/behavior_output_code_contracts/temporal_instability_10sec.csv","fef9335f3867f6a18b0bdbebf87412927a677448278ded9575ead68ef8ed3c38"
"temporal_instability_10sec","06_behavioral_dynamics/temporal_instability/10sec_based/figures/publication_panels/rolling_rmssd_all_metrics_timecourse.svg","analyses/temporal_instability/10sec","figures/publication_panels/rolling_rmssd_all_metrics_timecourse.svg","7805994ad904bed164fff2d76bf45e4b5d6131fb6b0dbddd5bdad72a6bf1d8fe","ready","docs/behavior_output_code_contracts/temporal_instability_10sec.csv","fef9335f3867f6a18b0bdbebf87412927a677448278ded9575ead68ef8ed3c38"
"temporal_instability_10sec","06_behavioral_dynamics/temporal_instability/10sec_based/figures/publication_panels/rolling_rmssd_movement_first_active_first_cage_change.pdf","analyses/temporal_instability/10sec","figures/publication_panels/rolling_rmssd_movement_first_active_first_cage_change.pdf","ed6c2fd3973494a01a8b8478e117ed4d9ef80ffffc1b10af8659640dace906a9","ready","docs/behavior_output_code_contracts/temporal_instability_10sec.csv","fef9335f3867f6a18b0bdbebf87412927a677448278ded9575ead68ef8ed3c38"
"temporal_instability_10sec","06_behavioral_dynamics/temporal_instability/10sec_based/figures/publication_panels/rolling_rmssd_movement_first_active_first_cage_change.png","analyses/temporal_instability/10sec","figures/publication_panels/rolling_rmssd_movement_first_active_first_cage_change.png","306dbf35d09f6127b84cea188b1a96b2981d2b463198d7afa29bd09b944fd1ca","ready","docs/behavior_output_code_contracts/temporal_instability_10sec.csv","fef9335f3867f6a18b0bdbebf87412927a677448278ded9575ead68ef8ed3c38"
"temporal_instability_10sec","06_behavioral_dynamics/temporal_instability/10sec_based/figures/publication_panels/rolling_rmssd_movement_first_active_first_cage_change.svg","analyses/temporal_instability/10sec","figures/publication_panels/rolling_rmssd_movement_first_active_first_cage_change.svg","ad2ee87b2a8f925545763b1b36da9a0675f0f6a1101d4b9755f699d67537f5ee","ready","docs/behavior_output_code_contracts/temporal_instability_10sec.csv","fef9335f3867f6a18b0bdbebf87412927a677448278ded9575ead68ef8ed3c38"
"temporal_instability_10sec","06_behavioral_dynamics/temporal_instability/10sec_based/figures/publication_panels/rolling_rmssd_movement_timecourse.pdf","analyses/temporal_instability/10sec","figures/publication_panels/rolling_rmssd_movement_timecourse.pdf","e535ddef4bde786f5c02c61d65af061328ebaed34f982b08d00d75cf906536d2","ready","docs/behavior_output_code_contracts/temporal_instability_10sec.csv","fef9335f3867f6a18b0bdbebf87412927a677448278ded9575ead68ef8ed3c38"
"temporal_instability_10sec","06_behavioral_dynamics/temporal_instability/10sec_based/figures/publication_panels/rolling_rmssd_movement_timecourse.png","analyses/temporal_instability/10sec","figures/publication_panels/rolling_rmssd_movement_timecourse.png","4a068019c78e9648414a5b83d4ea3b1024f6de88e87f54a6495eef35f6f52a43","ready","docs/behavior_output_code_contracts/temporal_instability_10sec.csv","fef9335f3867f6a18b0bdbebf87412927a677448278ded9575ead68ef8ed3c38"
"temporal_instability_10sec","06_behavioral_dynamics/temporal_instability/10sec_based/figures/publication_panels/rolling_rmssd_movement_timecourse.svg","analyses/temporal_instability/10sec","figures/publication_panels/rolling_rmssd_movement_timecourse.svg","a2080000d2aaf61a874512a5d7d0d8b4d0f8ecc12fc7382b76eaa8f049c973c5","ready","docs/behavior_output_code_contracts/temporal_instability_10sec.csv","fef9335f3867f6a18b0bdbebf87412927a677448278ded9575ead68ef8ed3c38"
"temporal_instability_10sec","06_behavioral_dynamics/temporal_instability/10sec_based/figures/qc/README.txt","analyses/temporal_instability/10sec","figures/qc/README.txt","fcc7347cfbb2d92ffff45d2d214694895194bd3da990013d0d8e3d556a6ef029","ready","docs/behavior_output_code_contracts/temporal_instability_10sec.csv","fef9335f3867f6a18b0bdbebf87412927a677448278ded9575ead68ef8ed3c38"
"temporal_instability_10sec","06_behavioral_dynamics/temporal_instability/10sec_based/figures/supplementary/README.txt","analyses/temporal_instability/10sec","figures/supplementary/README.txt","72409480a7f9877bca1f93d2796bfdde2cf350a81c01a1dd3acfbcd060f10849","ready","docs/behavior_output_code_contracts/temporal_instability_10sec.csv","fef9335f3867f6a18b0bdbebf87412927a677448278ded9575ead68ef8ed3c38"
"temporal_instability_10sec","06_behavioral_dynamics/temporal_instability/10sec_based/figures/supplementary_all_metrics/acf1_all_metrics_group_comparison.pdf","analyses/temporal_instability/10sec","figures/supplementary_all_metrics/acf1_all_metrics_group_comparison.pdf","c344da915b867cd5cb12024cfd965935eab6840a0b296be5244861e2cc6e3e84","ready","docs/behavior_output_code_contracts/temporal_instability_10sec.csv","fef9335f3867f6a18b0bdbebf87412927a677448278ded9575ead68ef8ed3c38"
"temporal_instability_10sec","06_behavioral_dynamics/temporal_instability/10sec_based/figures/supplementary_all_metrics/acf1_all_metrics_group_comparison.png","analyses/temporal_instability/10sec","figures/supplementary_all_metrics/acf1_all_metrics_group_comparison.png","0497d179c8c54ebe211a2b92eea820e37ca420e5898cf1b4d2dbceb874953bd8","ready","docs/behavior_output_code_contracts/temporal_instability_10sec.csv","fef9335f3867f6a18b0bdbebf87412927a677448278ded9575ead68ef8ed3c38"
"temporal_instability_10sec","06_behavioral_dynamics/temporal_instability/10sec_based/figures/supplementary_all_metrics/acf1_all_metrics_group_comparison.svg","analyses/temporal_instability/10sec","figures/supplementary_all_metrics/acf1_all_metrics_group_comparison.svg","e9af4c4d56fdd9562d62e40d72cb14cdac9e0e989ad19e63ea6ee32465282289","ready","docs/behavior_output_code_contracts/temporal_instability_10sec.csv","fef9335f3867f6a18b0bdbebf87412927a677448278ded9575ead68ef8ed3c38"
"temporal_instability_10sec","06_behavioral_dynamics/temporal_instability/10sec_based/figures/supplementary_all_metrics/cv_all_metrics_group_comparison.pdf","analyses/temporal_instability/10sec","figures/supplementary_all_metrics/cv_all_metrics_group_comparison.pdf","ca81794d82f6cebae2d86648745f3968a8d532bde52b253ec344d5616157637e","ready","docs/behavior_output_code_contracts/temporal_instability_10sec.csv","fef9335f3867f6a18b0bdbebf87412927a677448278ded9575ead68ef8ed3c38"
"temporal_instability_10sec","06_behavioral_dynamics/temporal_instability/10sec_based/figures/supplementary_all_metrics/cv_all_metrics_group_comparison.png","analyses/temporal_instability/10sec","figures/supplementary_all_metrics/cv_all_metrics_group_comparison.png","65bec325ba6b8d0f285531a63354ad830b07c502db8d9f789ffe94a6a23a5e92","ready","docs/behavior_output_code_contracts/temporal_instability_10sec.csv","fef9335f3867f6a18b0bdbebf87412927a677448278ded9575ead68ef8ed3c38"
"temporal_instability_10sec","06_behavioral_dynamics/temporal_instability/10sec_based/figures/supplementary_all_metrics/cv_all_metrics_group_comparison.svg","analyses/temporal_instability/10sec","figures/supplementary_all_metrics/cv_all_metrics_group_comparison.svg","133fce11431abae71e33eaa6e80f863e4e348ef2445e63184d71fc8527091e3b","ready","docs/behavior_output_code_contracts/temporal_instability_10sec.csv","fef9335f3867f6a18b0bdbebf87412927a677448278ded9575ead68ef8ed3c38"
"temporal_instability_10sec","06_behavioral_dynamics/temporal_instability/10sec_based/figures/supplementary_all_metrics/fano_all_metrics_group_comparison.pdf","analyses/temporal_instability/10sec","figures/supplementary_all_metrics/fano_all_metrics_group_comparison.pdf","777ae5196bd3f10b2e21399ece51bc466ff9b80f643fa3e8a52c69efd60de200","ready","docs/behavior_output_code_contracts/temporal_instability_10sec.csv","fef9335f3867f6a18b0bdbebf87412927a677448278ded9575ead68ef8ed3c38"
"temporal_instability_10sec","06_behavioral_dynamics/temporal_instability/10sec_based/figures/supplementary_all_metrics/fano_all_metrics_group_comparison.png","analyses/temporal_instability/10sec","figures/supplementary_all_metrics/fano_all_metrics_group_comparison.png","30fe923ab2c58601a78201873dbb08b410d0239495001fd75bc7942920f91d8a","ready","docs/behavior_output_code_contracts/temporal_instability_10sec.csv","fef9335f3867f6a18b0bdbebf87412927a677448278ded9575ead68ef8ed3c38"
"temporal_instability_10sec","06_behavioral_dynamics/temporal_instability/10sec_based/figures/supplementary_all_metrics/fano_all_metrics_group_comparison.svg","analyses/temporal_instability/10sec","figures/supplementary_all_metrics/fano_all_metrics_group_comparison.svg","9f36e6344c11972279d3f2dc0a8790b60efe8825e82562bb96efb962856939df","ready","docs/behavior_output_code_contracts/temporal_instability_10sec.csv","fef9335f3867f6a18b0bdbebf87412927a677448278ded9575ead68ef8ed3c38"
"temporal_instability_10sec","06_behavioral_dynamics/temporal_instability/10sec_based/figures/supplementary_all_metrics/rmssd_all_metrics_group_comparison.pdf","analyses/temporal_instability/10sec","figures/supplementary_all_metrics/rmssd_all_metrics_group_comparison.pdf","9122843d63304f5ab205ad73fa5dc236ddf815872e2647c0d6da7abcb3df5fe0","ready","docs/behavior_output_code_contracts/temporal_instability_10sec.csv","fef9335f3867f6a18b0bdbebf87412927a677448278ded9575ead68ef8ed3c38"
"temporal_instability_10sec","06_behavioral_dynamics/temporal_instability/10sec_based/figures/supplementary_all_metrics/rmssd_all_metrics_group_comparison.png","analyses/temporal_instability/10sec","figures/supplementary_all_metrics/rmssd_all_metrics_group_comparison.png","666ca0e311b37eb764f45151fb73274abf95ea5fe569c33f65a7984f381ddf5f","ready","docs/behavior_output_code_contracts/temporal_instability_10sec.csv","fef9335f3867f6a18b0bdbebf87412927a677448278ded9575ead68ef8ed3c38"
"temporal_instability_10sec","06_behavioral_dynamics/temporal_instability/10sec_based/figures/supplementary_all_metrics/rmssd_all_metrics_group_comparison.svg","analyses/temporal_instability/10sec","figures/supplementary_all_metrics/rmssd_all_metrics_group_comparison.svg","8137445e57319d3901381acb157e34f6285b40e570d8ee5828ce1bd37c8d5911","ready","docs/behavior_output_code_contracts/temporal_instability_10sec.csv","fef9335f3867f6a18b0bdbebf87412927a677448278ded9575ead68ef8ed3c38"
"temporal_instability_10sec","06_behavioral_dynamics/temporal_instability/10sec_based/figures/supplementary_all_metrics/rolling_rmssd_all_metrics_timecourse.pdf","analyses/temporal_instability/10sec","figures/supplementary_all_metrics/rolling_rmssd_all_metrics_timecourse.pdf","8537b6dd2ee9a4a600d9ef2a6793f045403a93fb2f383612d4319c517c69a275","ready","docs/behavior_output_code_contracts/temporal_instability_10sec.csv","fef9335f3867f6a18b0bdbebf87412927a677448278ded9575ead68ef8ed3c38"
"temporal_instability_10sec","06_behavioral_dynamics/temporal_instability/10sec_based/figures/supplementary_all_metrics/rolling_rmssd_all_metrics_timecourse.png","analyses/temporal_instability/10sec","figures/supplementary_all_metrics/rolling_rmssd_all_metrics_timecourse.png","f6262b89ad299df5a461955c2ebe98504c2789f607581ab93f3723d89fd0001c","ready","docs/behavior_output_code_contracts/temporal_instability_10sec.csv","fef9335f3867f6a18b0bdbebf87412927a677448278ded9575ead68ef8ed3c38"
"temporal_instability_10sec","06_behavioral_dynamics/temporal_instability/10sec_based/figures/supplementary_all_metrics/rolling_rmssd_all_metrics_timecourse.svg","analyses/temporal_instability/10sec","figures/supplementary_all_metrics/rolling_rmssd_all_metrics_timecourse.svg","7805994ad904bed164fff2d76bf45e4b5d6131fb6b0dbddd5bdad72a6bf1d8fe","ready","docs/behavior_output_code_contracts/temporal_instability_10sec.csv","fef9335f3867f6a18b0bdbebf87412927a677448278ded9575ead68ef8ed3c38"
"temporal_instability_10sec","06_behavioral_dynamics/temporal_instability/10sec_based/manifest/input_output_manifest.csv","analyses/temporal_instability/10sec","manifest/input_output_manifest.csv","c450c677898e2e8fe118b384778937ca9447ec6ebc24f622b3fb3f160b2e9973","ready","docs/behavior_output_code_contracts/temporal_instability_10sec.csv","fef9335f3867f6a18b0bdbebf87412927a677448278ded9575ead68ef8ed3c38"
"temporal_instability_10sec","06_behavioral_dynamics/temporal_instability/10sec_based/manifest/output_manifest.csv","analyses/temporal_instability/10sec","manifest/output_manifest.csv","948b8c0c66e07a80fa06e92942255d9e8c564e7c67806c7e5e8955b120028281","ready","docs/behavior_output_code_contracts/temporal_instability_10sec.csv","fef9335f3867f6a18b0bdbebf87412927a677448278ded9575ead68ef8ed3c38"
"temporal_instability_10sec","06_behavioral_dynamics/temporal_instability/10sec_based/stats_tables/delta_from_first_cage_change_instability_duration_sensitivity_consistency.csv","analyses/temporal_instability/10sec","stats_tables/delta_from_first_cage_change_instability_duration_sensitivity_consistency.csv","a9ccd59ed4b29df73305f131c19f8bf6418b432aabaf14f7e647c37feb738d37","ready","docs/behavior_output_code_contracts/temporal_instability_10sec.csv","fef9335f3867f6a18b0bdbebf87412927a677448278ded9575ead68ef8ed3c38"
"temporal_instability_10sec","06_behavioral_dynamics/temporal_instability/10sec_based/stats_tables/delta_from_first_cage_change_instability_duration_sensitivity_group_contrasts.csv","analyses/temporal_instability/10sec","stats_tables/delta_from_first_cage_change_instability_duration_sensitivity_group_contrasts.csv","e7ab9d1e8fa81e928b9d926c0562c4666a782de552a7a9e8d17f5ee86d65322a","ready","docs/behavior_output_code_contracts/temporal_instability_10sec.csv","fef9335f3867f6a18b0bdbebf87412927a677448278ded9575ead68ef8ed3c38"
"temporal_instability_10sec","06_behavioral_dynamics/temporal_instability/10sec_based/stats_tables/delta_from_first_cage_change_instability_duration_sensitivity_group_summary.csv","analyses/temporal_instability/10sec","stats_tables/delta_from_first_cage_change_instability_duration_sensitivity_group_summary.csv","a0049f9ba56150975b975c8d98f0ff25c909dd57d774fdcdd06ac1e96c18bc66","ready","docs/behavior_output_code_contracts/temporal_instability_10sec.csv","fef9335f3867f6a18b0bdbebf87412927a677448278ded9575ead68ef8ed3c38"
"temporal_instability_10sec","06_behavioral_dynamics/temporal_instability/10sec_based/stats_tables/delta_from_first_cage_change_instability_group_contrasts.csv","analyses/temporal_instability/10sec","stats_tables/delta_from_first_cage_change_instability_group_contrasts.csv","0bdc3eaccee5e252409d204e47f1cbaa5d9341440e05b83248ebc69643a67d77","ready","docs/behavior_output_code_contracts/temporal_instability_10sec.csv","fef9335f3867f6a18b0bdbebf87412927a677448278ded9575ead68ef8ed3c38"
"temporal_instability_10sec","06_behavioral_dynamics/temporal_instability/10sec_based/stats_tables/delta_from_first_cage_change_instability_group_summary.csv","analyses/temporal_instability/10sec","stats_tables/delta_from_first_cage_change_instability_group_summary.csv","0c74cbb58544c390f393b6beb6f67d438f579a6119908c43f1f4f1c77ab0b0bb","ready","docs/behavior_output_code_contracts/temporal_instability_10sec.csv","fef9335f3867f6a18b0bdbebf87412927a677448278ded9575ead68ef8ed3c38"
"temporal_instability_10sec","06_behavioral_dynamics/temporal_instability/10sec_based/stats_tables/first_active_first_cage_change_instability_duration_sensitivity_consistency.csv","analyses/temporal_instability/10sec","stats_tables/first_active_first_cage_change_instability_duration_sensitivity_consistency.csv","df4478ac39c6e37f8d0eb1925bab736591408c6d4d03175cc75592b188e573f6","ready","docs/behavior_output_code_contracts/temporal_instability_10sec.csv","fef9335f3867f6a18b0bdbebf87412927a677448278ded9575ead68ef8ed3c38"
"temporal_instability_10sec","06_behavioral_dynamics/temporal_instability/10sec_based/stats_tables/first_active_first_cage_change_instability_duration_sensitivity_group_contrasts.csv","analyses/temporal_instability/10sec","stats_tables/first_active_first_cage_change_instability_duration_sensitivity_group_contrasts.csv","07578a2e305911806b3576a4cda7e7ff2e45627755f2df5e3cd5f8b3e79e2d6f","ready","docs/behavior_output_code_contracts/temporal_instability_10sec.csv","fef9335f3867f6a18b0bdbebf87412927a677448278ded9575ead68ef8ed3c38"
"temporal_instability_10sec","06_behavioral_dynamics/temporal_instability/10sec_based/stats_tables/first_active_first_cage_change_instability_duration_sensitivity_group_summary.csv","analyses/temporal_instability/10sec","stats_tables/first_active_first_cage_change_instability_duration_sensitivity_group_summary.csv","ec686e8de3039b2b299800bc6390cb1d2d98a6d696de1b0b35e4acd92415efad","ready","docs/behavior_output_code_contracts/temporal_instability_10sec.csv","fef9335f3867f6a18b0bdbebf87412927a677448278ded9575ead68ef8ed3c38"
"temporal_instability_10sec","06_behavioral_dynamics/temporal_instability/10sec_based/stats_tables/first_active_first_cage_change_instability_group_contrasts.csv","analyses/temporal_instability/10sec","stats_tables/first_active_first_cage_change_instability_group_contrasts.csv","2f54c60194b9724100345fc4256d9cf8590b3112e3a00a240a90c0c3d8b37138","ready","docs/behavior_output_code_contracts/temporal_instability_10sec.csv","fef9335f3867f6a18b0bdbebf87412927a677448278ded9575ead68ef8ed3c38"
"temporal_instability_10sec","06_behavioral_dynamics/temporal_instability/10sec_based/stats_tables/first_active_first_cage_change_instability_group_summary.csv","analyses/temporal_instability/10sec","stats_tables/first_active_first_cage_change_instability_group_summary.csv","b4a0dc9635ca8875938741c409f9a7640ad3718d1c55801c34208574b519d2b1","ready","docs/behavior_output_code_contracts/temporal_instability_10sec.csv","fef9335f3867f6a18b0bdbebf87412927a677448278ded9575ead68ef8ed3c38"
"temporal_instability_10sec","06_behavioral_dynamics/temporal_instability/10sec_based/stats_tables/overall_cage_change_phase_instability_duration_sensitivity_consistency.csv","analyses/temporal_instability/10sec","stats_tables/overall_cage_change_phase_instability_duration_sensitivity_consistency.csv","6d45af1bba315bd79bcdc9f9706ab8a3b07e624c75cebc786c683dd5c2fdae5a","ready","docs/behavior_output_code_contracts/temporal_instability_10sec.csv","fef9335f3867f6a18b0bdbebf87412927a677448278ded9575ead68ef8ed3c38"
"temporal_instability_10sec","06_behavioral_dynamics/temporal_instability/10sec_based/stats_tables/overall_cage_change_phase_instability_duration_sensitivity_group_contrasts.csv","analyses/temporal_instability/10sec","stats_tables/overall_cage_change_phase_instability_duration_sensitivity_group_contrasts.csv","6484a423c6b933ae36f3976d86245c408fe464e75affff1e7a53fef8a05a6fdd","ready","docs/behavior_output_code_contracts/temporal_instability_10sec.csv","fef9335f3867f6a18b0bdbebf87412927a677448278ded9575ead68ef8ed3c38"
"temporal_instability_10sec","06_behavioral_dynamics/temporal_instability/10sec_based/stats_tables/overall_cage_change_phase_instability_duration_sensitivity_group_summary.csv","analyses/temporal_instability/10sec","stats_tables/overall_cage_change_phase_instability_duration_sensitivity_group_summary.csv","c8db13ecf697cc5d764224662c1f0fe74b7c9c610fb1a6486d7771b8beb2c2b1","ready","docs/behavior_output_code_contracts/temporal_instability_10sec.csv","fef9335f3867f6a18b0bdbebf87412927a677448278ded9575ead68ef8ed3c38"
"temporal_instability_10sec","06_behavioral_dynamics/temporal_instability/10sec_based/stats_tables/overall_cage_change_phase_instability_group_contrasts.csv","analyses/temporal_instability/10sec","stats_tables/overall_cage_change_phase_instability_group_contrasts.csv","c20d78ce0b0129b716677bafe5e210fc813942e8a8dd64e5b6f346ab1b1a620d","ready","docs/behavior_output_code_contracts/temporal_instability_10sec.csv","fef9335f3867f6a18b0bdbebf87412927a677448278ded9575ead68ef8ed3c38"
"temporal_instability_10sec","06_behavioral_dynamics/temporal_instability/10sec_based/stats_tables/overall_cage_change_phase_instability_group_summary.csv","analyses/temporal_instability/10sec","stats_tables/overall_cage_change_phase_instability_group_summary.csv","4a3fe5461cec58bd40933f622830ff1203a485fafc7f15690087d25da97c1986","ready","docs/behavior_output_code_contracts/temporal_instability_10sec.csv","fef9335f3867f6a18b0bdbebf87412927a677448278ded9575ead68ef8ed3c38"
"temporal_instability_10sec","06_behavioral_dynamics/temporal_instability/10sec_based/tables/behavioral_finding_priority_all_tests.csv","analyses/temporal_instability/10sec","tables/behavioral_finding_priority_all_tests.csv","efc6e0f73ce3b29d220250f0aad5503555ad78e1844a3d61204f49daf72aad68","ready","docs/behavior_output_code_contracts/temporal_instability_10sec.csv","fef9335f3867f6a18b0bdbebf87412927a677448278ded9575ead68ef8ed3c38"
"temporal_instability_10sec","06_behavioral_dynamics/temporal_instability/10sec_based/tables/behavioral_finding_priority_shortlist.csv","analyses/temporal_instability/10sec","tables/behavioral_finding_priority_shortlist.csv","1c14dc5ee7b56fa31e0ec2989f37f29c6991f80b65526710bc0d91603c78c786","ready","docs/behavior_output_code_contracts/temporal_instability_10sec.csv","fef9335f3867f6a18b0bdbebf87412927a677448278ded9575ead68ef8ed3c38"
"temporal_instability_10sec","06_behavioral_dynamics/temporal_instability/10sec_based/tables/behavioral_key_patterns.csv","analyses/temporal_instability/10sec","tables/behavioral_key_patterns.csv","646f9e5a6ec088d859917b3077c2e85d88c9892342109d5b5b0400cab785d48f","ready","docs/behavior_output_code_contracts/temporal_instability_10sec.csv","fef9335f3867f6a18b0bdbebf87412927a677448278ded9575ead68ef8ed3c38"
"temporal_instability_10sec","06_behavioral_dynamics/temporal_instability/10sec_based/tables/behavioral_pattern_classification.csv","analyses/temporal_instability/10sec","tables/behavioral_pattern_classification.csv","e7c87eb08ea91f4ab804e58d14686ea70fe4cc0d57c34b46bd79be382a6b1f7d","ready","docs/behavior_output_code_contracts/temporal_instability_10sec.csv","fef9335f3867f6a18b0bdbebf87412927a677448278ded9575ead68ef8ed3c38"
"temporal_instability_10sec","06_behavioral_dynamics/temporal_instability/10sec_based/tables/behavioral_readout_definitions.csv","analyses/temporal_instability/10sec","tables/behavioral_readout_definitions.csv","697c349227106f2802ac20eeb1b88b4d68a63af15c5e671caa66a746f265c2d5","ready","docs/behavior_output_code_contracts/temporal_instability_10sec.csv","fef9335f3867f6a18b0bdbebf87412927a677448278ded9575ead68ef8ed3c38"
"temporal_instability_10sec","06_behavioral_dynamics/temporal_instability/10sec_based/tables/cage_change_delta_instability_all_metrics.csv","analyses/temporal_instability/10sec","tables/cage_change_delta_instability_all_metrics.csv","4e69801eeebd09b10e5ba9af8a9218b13054283b5d0925d06cc78e02711df410","ready","docs/behavior_output_code_contracts/temporal_instability_10sec.csv","fef9335f3867f6a18b0bdbebf87412927a677448278ded9575ead68ef8ed3c38"
"temporal_instability_10sec","06_behavioral_dynamics/temporal_instability/10sec_based/tables/cage_change_delta_instability_primary_movement.csv","analyses/temporal_instability/10sec","tables/cage_change_delta_instability_primary_movement.csv","dec4fd4fdfcb81146fd460ef99ba2794f1d2457c2b9520920ceb2b2b29f31a57","ready","docs/behavior_output_code_contracts/temporal_instability_10sec.csv","fef9335f3867f6a18b0bdbebf87412927a677448278ded9575ead68ef8ed3c38"
"temporal_instability_10sec","06_behavioral_dynamics/temporal_instability/10sec_based/tables/epoch_duration_qc.csv","analyses/temporal_instability/10sec","tables/epoch_duration_qc.csv","dda9bdf411eab3238f5842f8678f4efbeb9a37fc97c7b21d86444b0fcb025cd4","ready","docs/behavior_output_code_contracts/temporal_instability_10sec.csv","fef9335f3867f6a18b0bdbebf87412927a677448278ded9575ead68ef8ed3c38"
"temporal_instability_10sec","06_behavioral_dynamics/temporal_instability/10sec_based/tables/first_active_first_cage_change_instability_all_metrics.csv","analyses/temporal_instability/10sec","tables/first_active_first_cage_change_instability_all_metrics.csv","c8d91552008fb6ca26c2d4a5e07ed56fd2f512b3fb86482ca0819d8ef3a435a3","ready","docs/behavior_output_code_contracts/temporal_instability_10sec.csv","fef9335f3867f6a18b0bdbebf87412927a677448278ded9575ead68ef8ed3c38"
"temporal_instability_10sec","06_behavioral_dynamics/temporal_instability/10sec_based/tables/first_active_first_cage_change_instability_primary_movement.csv","analyses/temporal_instability/10sec","tables/first_active_first_cage_change_instability_primary_movement.csv","f73b959eb6a567397706d4e72bee5c063258741c0d4937a8bd59cb319a8b4461","ready","docs/behavior_output_code_contracts/temporal_instability_10sec.csv","fef9335f3867f6a18b0bdbebf87412927a677448278ded9575ead68ef8ed3c38"
"temporal_instability_10sec","06_behavioral_dynamics/temporal_instability/10sec_based/tables/first_active_first_cage_change_rolling_instability_all_metrics.csv","analyses/temporal_instability/10sec","tables/first_active_first_cage_change_rolling_instability_all_metrics.csv","ebf5b38d2e0ba745a21d158c9a44d4cd1fbd4d1f4da641d0d082653d7f17efe3","ready","docs/behavior_output_code_contracts/temporal_instability_10sec.csv","fef9335f3867f6a18b0bdbebf87412927a677448278ded9575ead68ef8ed3c38"
"temporal_instability_10sec","06_behavioral_dynamics/temporal_instability/10sec_based/tables/first_active_first_cage_change_timecourse_all_metrics.csv","analyses/temporal_instability/10sec","tables/first_active_first_cage_change_timecourse_all_metrics.csv","c42c294c0e16e6fcc00923c320143074d6e7f68fad58997d9719073ffd899576","ready","docs/behavior_output_code_contracts/temporal_instability_10sec.csv","fef9335f3867f6a18b0bdbebf87412927a677448278ded9575ead68ef8ed3c38"
"temporal_instability_10sec","06_behavioral_dynamics/temporal_instability/10sec_based/tables/output_figure_inventory.csv","analyses/temporal_instability/10sec","tables/output_figure_inventory.csv","5e3a7b9284186e5d36fc01f304f0624831e93127428991e3d5283c911b649859","ready","docs/behavior_output_code_contracts/temporal_instability_10sec.csv","fef9335f3867f6a18b0bdbebf87412927a677448278ded9575ead68ef8ed3c38"
"temporal_instability_10sec","06_behavioral_dynamics/temporal_instability/10sec_based/tables/output_folder_summary.csv","analyses/temporal_instability/10sec","tables/output_folder_summary.csv","7b41438a7032be50c98c12c18a746d3b9a7a42faf5558f7dd8bb71185fff4e67","ready","docs/behavior_output_code_contracts/temporal_instability_10sec.csv","fef9335f3867f6a18b0bdbebf87412927a677448278ded9575ead68ef8ed3c38"
"temporal_instability_10sec","06_behavioral_dynamics/temporal_instability/10sec_based/tables/publication_cage_change_rmssd_summary.csv","analyses/temporal_instability/10sec","tables/publication_cage_change_rmssd_summary.csv","c03a16715efe9f7e3fb4dca42e45681e71f7a82ada33161221ba189128ba681c","ready","docs/behavior_output_code_contracts/temporal_instability_10sec.csv","fef9335f3867f6a18b0bdbebf87412927a677448278ded9575ead68ef8ed3c38"
"temporal_instability_10sec","06_behavioral_dynamics/temporal_instability/10sec_based/tables/publication_delta_effect_size_heatmap_data.csv","analyses/temporal_instability/10sec","tables/publication_delta_effect_size_heatmap_data.csv","283e9a31990225c67cdd00fc5cbe25e21ec45dafac6e2f45310a377bff0976cb","ready","docs/behavior_output_code_contracts/temporal_instability_10sec.csv","fef9335f3867f6a18b0bdbebf87412927a677448278ded9575ead68ef8ed3c38"
"temporal_instability_10sec","06_behavioral_dynamics/temporal_instability/10sec_based/tables/publication_delta_rmssd_summary.csv","analyses/temporal_instability/10sec","tables/publication_delta_rmssd_summary.csv","64fe8c60e1a98609c5e5b8b3e02e7ba83922254ce958ea0d85f09b837da18de2","ready","docs/behavior_output_code_contracts/temporal_instability_10sec.csv","fef9335f3867f6a18b0bdbebf87412927a677448278ded9575ead68ef8ed3c38"
"temporal_instability_10sec","06_behavioral_dynamics/temporal_instability/10sec_based/tables/publication_first_active_rolling_rmssd_summary.csv","analyses/temporal_instability/10sec","tables/publication_first_active_rolling_rmssd_summary.csv","5f0aff30f6e58b17e37442369994957b9c8d35a6855d14636592abb82404907a","ready","docs/behavior_output_code_contracts/temporal_instability_10sec.csv","fef9335f3867f6a18b0bdbebf87412927a677448278ded9575ead68ef8ed3c38"
"temporal_instability_10sec","06_behavioral_dynamics/temporal_instability/10sec_based/tables/publication_instability_effect_size_heatmap_data.csv","analyses/temporal_instability/10sec","tables/publication_instability_effect_size_heatmap_data.csv","38f7913c90821d123ab3c54017d93046cca5f9b9d54fc6db2736f00f46ded393","ready","docs/behavior_output_code_contracts/temporal_instability_10sec.csv","fef9335f3867f6a18b0bdbebf87412927a677448278ded9575ead68ef8ed3c38"
"temporal_instability_10sec","06_behavioral_dynamics/temporal_instability/10sec_based/tables/publication_pairwise_contrast_forest_data.csv","analyses/temporal_instability/10sec","tables/publication_pairwise_contrast_forest_data.csv","dbc85fba655b45aa613e49a4d9978a0841875ecca694731ab36bd9f34ca7abc9","ready","docs/behavior_output_code_contracts/temporal_instability_10sec.csv","fef9335f3867f6a18b0bdbebf87412927a677448278ded9575ead68ef8ed3c38"
"temporal_instability_10sec","06_behavioral_dynamics/temporal_instability/10sec_based/tables/publication_phase_timing_map.csv","analyses/temporal_instability/10sec","tables/publication_phase_timing_map.csv","3c92ee3414a580d4f345564fdaa9bcaa47a000171bed511946b1fc9eba18dcf0","ready","docs/behavior_output_code_contracts/temporal_instability_10sec.csv","fef9335f3867f6a18b0bdbebf87412927a677448278ded9575ead68ef8ed3c38"
"temporal_instability_10sec","06_behavioral_dynamics/temporal_instability/10sec_based/tables/publication_stress_model_comparisons.csv","analyses/temporal_instability/10sec","tables/publication_stress_model_comparisons.csv","1b16b3b7d3f4e33c34548100c539073fd9dc8cf39341cd1889c0327bdb72c811","ready","docs/behavior_output_code_contracts/temporal_instability_10sec.csv","fef9335f3867f6a18b0bdbebf87412927a677448278ded9575ead68ef8ed3c38"
"temporal_instability_10sec","06_behavioral_dynamics/temporal_instability/10sec_based/tables/publication_stress_model_timing_map.csv","analyses/temporal_instability/10sec","tables/publication_stress_model_timing_map.csv","7a06c6c941b7bf65a4202b77dd75d1f339b62751c38f3640d8f0157bdaba2a0e","ready","docs/behavior_output_code_contracts/temporal_instability_10sec.csv","fef9335f3867f6a18b0bdbebf87412927a677448278ded9575ead68ef8ed3c38"
"temporal_instability_10sec","06_behavioral_dynamics/temporal_instability/10sec_based/tables/rolling_instability_metrics_all_metrics.csv","analyses/temporal_instability/10sec","tables/rolling_instability_metrics_all_metrics.csv","f97763283037343d7281befd7308d010e34386f7b729c154d17d32a67340438f","ready","docs/behavior_output_code_contracts/temporal_instability_10sec.csv","fef9335f3867f6a18b0bdbebf87412927a677448278ded9575ead68ef8ed3c38"
"temporal_instability_10sec","06_behavioral_dynamics/temporal_instability/10sec_based/tables/rolling_instability_metrics_primary_movement.csv","analyses/temporal_instability/10sec","tables/rolling_instability_metrics_primary_movement.csv","862b852c1e7d3ad73d2b1bd7c99ae71bd13d5a00757b798e537a4a4d1a90a2ab","ready","docs/behavior_output_code_contracts/temporal_instability_10sec.csv","fef9335f3867f6a18b0bdbebf87412927a677448278ded9575ead68ef8ed3c38"
"temporal_instability_10sec","06_behavioral_dynamics/temporal_instability/10sec_based/tables/temporal_instability_group_summary_all_metrics.csv","analyses/temporal_instability/10sec","tables/temporal_instability_group_summary_all_metrics.csv","ec64193b81bd51d98f1b44a2b4be3009fdba94fbd53784e1ddb41a87be92f852","ready","docs/behavior_output_code_contracts/temporal_instability_10sec.csv","fef9335f3867f6a18b0bdbebf87412927a677448278ded9575ead68ef8ed3c38"
"temporal_instability_10sec","06_behavioral_dynamics/temporal_instability/10sec_based/tables/temporal_instability_group_summary_primary_movement.csv","analyses/temporal_instability/10sec","tables/temporal_instability_group_summary_primary_movement.csv","7c5ac33ccc2bb610eb82a0079f419ae47f167fa800b462ea457d657fac964b9d","ready","docs/behavior_output_code_contracts/temporal_instability_10sec.csv","fef9335f3867f6a18b0bdbebf87412927a677448278ded9575ead68ef8ed3c38"
"temporal_instability_10sec","06_behavioral_dynamics/temporal_instability/10sec_based/tables/temporal_instability_metrics_per_animal_all_metrics_duration_tagged_full.csv","analyses/temporal_instability/10sec","tables/temporal_instability_metrics_per_animal_all_metrics_duration_tagged_full.csv","5bec03911170e86fc71fb58f3dfab46bb687015b7543c99e7ca24500dd447494","ready","docs/behavior_output_code_contracts/temporal_instability_10sec.csv","fef9335f3867f6a18b0bdbebf87412927a677448278ded9575ead68ef8ed3c38"
"temporal_instability_10sec","06_behavioral_dynamics/temporal_instability/10sec_based/tables/temporal_instability_metrics_per_animal_all_metrics_excluding_short_duration.csv","analyses/temporal_instability/10sec","tables/temporal_instability_metrics_per_animal_all_metrics_excluding_short_duration.csv","8b3eb931dc7ade13643e3aca8fae9e24b6e4d0dc8d0698615ee9c599e14f4abe","ready","docs/behavior_output_code_contracts/temporal_instability_10sec.csv","fef9335f3867f6a18b0bdbebf87412927a677448278ded9575ead68ef8ed3c38"
"temporal_instability_10sec","06_behavioral_dynamics/temporal_instability/10sec_based/tables/temporal_instability_metrics_per_animal_all_metrics.csv","analyses/temporal_instability/10sec","tables/temporal_instability_metrics_per_animal_all_metrics.csv","0c058584774bc5af74fe8b70c2efe64b806d2374f2d721b8c0eb9c54e8840867","ready","docs/behavior_output_code_contracts/temporal_instability_10sec.csv","fef9335f3867f6a18b0bdbebf87412927a677448278ded9575ead68ef8ed3c38"
"temporal_instability_10sec","06_behavioral_dynamics/temporal_instability/10sec_based/tables/temporal_instability_metrics_per_animal_primary_movement.csv","analyses/temporal_instability/10sec","tables/temporal_instability_metrics_per_animal_primary_movement.csv","2da6e7347b30dcf5cce3a88e713b9b708c0f32d1785e4316f0565d6b3253b8bc","ready","docs/behavior_output_code_contracts/temporal_instability_10sec.csv","fef9335f3867f6a18b0bdbebf87412927a677448278ded9575ead68ef8ed3c38"
"temporal_instability_10sec","06_behavioral_dynamics/temporal_instability/10sec_based/tables/temporal_maintext_feature_set.csv","analyses/temporal_instability/10sec","tables/temporal_maintext_feature_set.csv","75f1ccbb6a968bb47b119e2fb04bdf9cc21aa9c11cb45afa3c660bc3e5f40c99","ready","docs/behavior_output_code_contracts/temporal_instability_10sec.csv","fef9335f3867f6a18b0bdbebf87412927a677448278ded9575ead68ef8ed3c38"
"temporal_instability_10sec","06_behavioral_dynamics/temporal_instability/10sec_based/tables/temporal_organization_interpretation_guide.csv","analyses/temporal_instability/10sec","tables/temporal_organization_interpretation_guide.csv","7d32a06fa1f1a23b37a6da187eefd327f32525162e66538a811daa2dd4fabbaf","ready","docs/behavior_output_code_contracts/temporal_instability_10sec.csv","fef9335f3867f6a18b0bdbebf87412927a677448278ded9575ead68ef8ed3c38"
"proteomics_mnn_primary","06_behavioral_dynamics/proteomics_mnn_primary/output_manifest.csv","analyses/behavior_proteomics/proteomics_mnn_primary","output_manifest.csv","e17d71689c024de33ebe94dda3b7e7f952c4701440e8f12ae3b7d7d62e707ae2","ready","docs/behavior_output_code_contracts/proteomics_mnn_primary.csv","50b7262ad400c1bac7a559ff0907a9b17aed8e8c7b6489cc24b3dfa764acf87f"
"proteomics_mnn_primary","06_behavioral_dynamics/proteomics_mnn_primary/figures/exploratory/README.txt","analyses/behavior_proteomics/proteomics_mnn_primary","figures/exploratory/README.txt","7c55015964e5c3d731055c51390e0cce86dc97a263317edcab388117e11eda54","ready","docs/behavior_output_code_contracts/proteomics_mnn_primary.csv","50b7262ad400c1bac7a559ff0907a9b17aed8e8c7b6489cc24b3dfa764acf87f"
"proteomics_mnn_primary","06_behavioral_dynamics/proteomics_mnn_primary/figures/interactive/README.txt","analyses/behavior_proteomics/proteomics_mnn_primary","figures/interactive/README.txt","04a93a9db626de7962d449170c58971355320ac8caedf223705da54c56ce935b","ready","docs/behavior_output_code_contracts/proteomics_mnn_primary.csv","50b7262ad400c1bac7a559ff0907a9b17aed8e8c7b6489cc24b3dfa764acf87f"
"proteomics_mnn_primary","06_behavioral_dynamics/proteomics_mnn_primary/figures/publication_panels/README.txt","analyses/behavior_proteomics/proteomics_mnn_primary","figures/publication_panels/README.txt","286c6049c438a35fa640b7aebc024153bbbbe1f1a4bbe837fd8b226708ff37cf","ready","docs/behavior_output_code_contracts/proteomics_mnn_primary.csv","50b7262ad400c1bac7a559ff0907a9b17aed8e8c7b6489cc24b3dfa764acf87f"
"proteomics_mnn_primary","06_behavioral_dynamics/proteomics_mnn_primary/figures/qc/README.txt","analyses/behavior_proteomics/proteomics_mnn_primary","figures/qc/README.txt","fcc7347cfbb2d92ffff45d2d214694895194bd3da990013d0d8e3d556a6ef029","ready","docs/behavior_output_code_contracts/proteomics_mnn_primary.csv","50b7262ad400c1bac7a559ff0907a9b17aed8e8c7b6489cc24b3dfa764acf87f"
"proteomics_mnn_primary","06_behavioral_dynamics/proteomics_mnn_primary/figures/supplementary/README.txt","analyses/behavior_proteomics/proteomics_mnn_primary","figures/supplementary/README.txt","72409480a7f9877bca1f93d2796bfdde2cf350a81c01a1dd3acfbcd060f10849","ready","docs/behavior_output_code_contracts/proteomics_mnn_primary.csv","50b7262ad400c1bac7a559ff0907a9b17aed8e8c7b6489cc24b3dfa764acf87f"
"proteomics_mnn_primary","06_behavioral_dynamics/proteomics_mnn_primary/male/figures/behavior_proteomics_axis_heatmap_male.pdf","analyses/behavior_proteomics/proteomics_mnn_primary","male/figures/behavior_proteomics_axis_heatmap_male.pdf","d387bb4a5d998612d241b9573a215e2d1395140ccf7488720f5bf51c1d1137c9","ready","docs/behavior_output_code_contracts/proteomics_mnn_primary.csv","50b7262ad400c1bac7a559ff0907a9b17aed8e8c7b6489cc24b3dfa764acf87f"
"proteomics_mnn_primary","06_behavioral_dynamics/proteomics_mnn_primary/male/figures/behavior_proteomics_axis_heatmap_male.png","analyses/behavior_proteomics/proteomics_mnn_primary","male/figures/behavior_proteomics_axis_heatmap_male.png","72e358c327f12b2a39b01c0933c90edf3300c60b1e722795ebd001179d983766","ready","docs/behavior_output_code_contracts/proteomics_mnn_primary.csv","50b7262ad400c1bac7a559ff0907a9b17aed8e8c7b6489cc24b3dfa764acf87f"
"proteomics_mnn_primary","06_behavioral_dynamics/proteomics_mnn_primary/male/figures/behavior_proteomics_axis_heatmap_male.svg","analyses/behavior_proteomics/proteomics_mnn_primary","male/figures/behavior_proteomics_axis_heatmap_male.svg","f7a98208e8cb533c6058c3b5403ced91d2ee107a449d5a11f16a645ef2aa6e7a","ready","docs/behavior_output_code_contracts/proteomics_mnn_primary.csv","50b7262ad400c1bac7a559ff0907a9b17aed8e8c7b6489cc24b3dfa764acf87f"
"proteomics_mnn_primary","06_behavioral_dynamics/proteomics_mnn_primary/male/figures/behavior_proteomics_heatmap_male.pdf","analyses/behavior_proteomics/proteomics_mnn_primary","male/figures/behavior_proteomics_heatmap_male.pdf","182365c9fe73c11b378611f39750ace06635238161563362bf9992c99b25ab5c","ready","docs/behavior_output_code_contracts/proteomics_mnn_primary.csv","50b7262ad400c1bac7a559ff0907a9b17aed8e8c7b6489cc24b3dfa764acf87f"
"proteomics_mnn_primary","06_behavioral_dynamics/proteomics_mnn_primary/male/figures/behavior_proteomics_heatmap_male.png","analyses/behavior_proteomics/proteomics_mnn_primary","male/figures/behavior_proteomics_heatmap_male.png","c5f7cdc701e67419978faa52fd59c282e6bbcc21c84241428a3b207181a37c44","ready","docs/behavior_output_code_contracts/proteomics_mnn_primary.csv","50b7262ad400c1bac7a559ff0907a9b17aed8e8c7b6489cc24b3dfa764acf87f"
"proteomics_mnn_primary","06_behavioral_dynamics/proteomics_mnn_primary/male/figures/behavior_proteomics_heatmap_male.svg","analyses/behavior_proteomics/proteomics_mnn_primary","male/figures/behavior_proteomics_heatmap_male.svg","0f2b7dccfc8381ee33085b58e6b483e044665024582e109493514909b86d2e54","ready","docs/behavior_output_code_contracts/proteomics_mnn_primary.csv","50b7262ad400c1bac7a559ff0907a9b17aed8e8c7b6489cc24b3dfa764acf87f"
"proteomics_mnn_primary","06_behavioral_dynamics/proteomics_mnn_primary/male/figures/strongest_axis_behavior_proteomics_relationship_male.pdf","analyses/behavior_proteomics/proteomics_mnn_primary","male/figures/strongest_axis_behavior_proteomics_relationship_male.pdf","1d2825fcb9bf10606ad1ac01b32600d2af7f3298a7cd0343ec8382ff4b99bd41","ready","docs/behavior_output_code_contracts/proteomics_mnn_primary.csv","50b7262ad400c1bac7a559ff0907a9b17aed8e8c7b6489cc24b3dfa764acf87f"
"proteomics_mnn_primary","06_behavioral_dynamics/proteomics_mnn_primary/male/figures/strongest_axis_behavior_proteomics_relationship_male.png","analyses/behavior_proteomics/proteomics_mnn_primary","male/figures/strongest_axis_behavior_proteomics_relationship_male.png","1e6f91f720bc31e2886a2ebbb5dfd973886a40e98ad7f39992aa2603f2f224d4","ready","docs/behavior_output_code_contracts/proteomics_mnn_primary.csv","50b7262ad400c1bac7a559ff0907a9b17aed8e8c7b6489cc24b3dfa764acf87f"
"proteomics_mnn_primary","06_behavioral_dynamics/proteomics_mnn_primary/male/figures/strongest_axis_behavior_proteomics_relationship_male.svg","analyses/behavior_proteomics/proteomics_mnn_primary","male/figures/strongest_axis_behavior_proteomics_relationship_male.svg","6cbe6a6003f5c23880eecf491c90ff6175d6e2c6db1f6ca9f6470fb935b01ffa","ready","docs/behavior_output_code_contracts/proteomics_mnn_primary.csv","50b7262ad400c1bac7a559ff0907a9b17aed8e8c7b6489cc24b3dfa764acf87f"
"proteomics_mnn_primary","06_behavioral_dynamics/proteomics_mnn_primary/male/figures/publication_panels/behavior_proteomics_axis_heatmap_male.pdf","analyses/behavior_proteomics/proteomics_mnn_primary","male/figures/publication_panels/behavior_proteomics_axis_heatmap_male.pdf","d387bb4a5d998612d241b9573a215e2d1395140ccf7488720f5bf51c1d1137c9","ready","docs/behavior_output_code_contracts/proteomics_mnn_primary.csv","50b7262ad400c1bac7a559ff0907a9b17aed8e8c7b6489cc24b3dfa764acf87f"
"proteomics_mnn_primary","06_behavioral_dynamics/proteomics_mnn_primary/male/figures/publication_panels/behavior_proteomics_axis_heatmap_male.png","analyses/behavior_proteomics/proteomics_mnn_primary","male/figures/publication_panels/behavior_proteomics_axis_heatmap_male.png","72e358c327f12b2a39b01c0933c90edf3300c60b1e722795ebd001179d983766","ready","docs/behavior_output_code_contracts/proteomics_mnn_primary.csv","50b7262ad400c1bac7a559ff0907a9b17aed8e8c7b6489cc24b3dfa764acf87f"
"proteomics_mnn_primary","06_behavioral_dynamics/proteomics_mnn_primary/male/figures/publication_panels/behavior_proteomics_axis_heatmap_male.svg","analyses/behavior_proteomics/proteomics_mnn_primary","male/figures/publication_panels/behavior_proteomics_axis_heatmap_male.svg","f7a98208e8cb533c6058c3b5403ced91d2ee107a449d5a11f16a645ef2aa6e7a","ready","docs/behavior_output_code_contracts/proteomics_mnn_primary.csv","50b7262ad400c1bac7a559ff0907a9b17aed8e8c7b6489cc24b3dfa764acf87f"
"proteomics_mnn_primary","06_behavioral_dynamics/proteomics_mnn_primary/male/figures/publication_panels/behavior_proteomics_heatmap_male.pdf","analyses/behavior_proteomics/proteomics_mnn_primary","male/figures/publication_panels/behavior_proteomics_heatmap_male.pdf","182365c9fe73c11b378611f39750ace06635238161563362bf9992c99b25ab5c","ready","docs/behavior_output_code_contracts/proteomics_mnn_primary.csv","50b7262ad400c1bac7a559ff0907a9b17aed8e8c7b6489cc24b3dfa764acf87f"
"proteomics_mnn_primary","06_behavioral_dynamics/proteomics_mnn_primary/male/figures/publication_panels/behavior_proteomics_heatmap_male.png","analyses/behavior_proteomics/proteomics_mnn_primary","male/figures/publication_panels/behavior_proteomics_heatmap_male.png","c5f7cdc701e67419978faa52fd59c282e6bbcc21c84241428a3b207181a37c44","ready","docs/behavior_output_code_contracts/proteomics_mnn_primary.csv","50b7262ad400c1bac7a559ff0907a9b17aed8e8c7b6489cc24b3dfa764acf87f"
"proteomics_mnn_primary","06_behavioral_dynamics/proteomics_mnn_primary/male/figures/publication_panels/behavior_proteomics_heatmap_male.svg","analyses/behavior_proteomics/proteomics_mnn_primary","male/figures/publication_panels/behavior_proteomics_heatmap_male.svg","0f2b7dccfc8381ee33085b58e6b483e044665024582e109493514909b86d2e54","ready","docs/behavior_output_code_contracts/proteomics_mnn_primary.csv","50b7262ad400c1bac7a559ff0907a9b17aed8e8c7b6489cc24b3dfa764acf87f"
"proteomics_mnn_primary","06_behavioral_dynamics/proteomics_mnn_primary/male/figures/publication_panels/strongest_axis_behavior_proteomics_relationship_male.pdf","analyses/behavior_proteomics/proteomics_mnn_primary","male/figures/publication_panels/strongest_axis_behavior_proteomics_relationship_male.pdf","1d2825fcb9bf10606ad1ac01b32600d2af7f3298a7cd0343ec8382ff4b99bd41","ready","docs/behavior_output_code_contracts/proteomics_mnn_primary.csv","50b7262ad400c1bac7a559ff0907a9b17aed8e8c7b6489cc24b3dfa764acf87f"
"proteomics_mnn_primary","06_behavioral_dynamics/proteomics_mnn_primary/male/figures/publication_panels/strongest_axis_behavior_proteomics_relationship_male.png","analyses/behavior_proteomics/proteomics_mnn_primary","male/figures/publication_panels/strongest_axis_behavior_proteomics_relationship_male.png","1e6f91f720bc31e2886a2ebbb5dfd973886a40e98ad7f39992aa2603f2f224d4","ready","docs/behavior_output_code_contracts/proteomics_mnn_primary.csv","50b7262ad400c1bac7a559ff0907a9b17aed8e8c7b6489cc24b3dfa764acf87f"
"proteomics_mnn_primary","06_behavioral_dynamics/proteomics_mnn_primary/male/figures/publication_panels/strongest_axis_behavior_proteomics_relationship_male.svg","analyses/behavior_proteomics/proteomics_mnn_primary","male/figures/publication_panels/strongest_axis_behavior_proteomics_relationship_male.svg","6cbe6a6003f5c23880eecf491c90ff6175d6e2c6db1f6ca9f6470fb935b01ffa","ready","docs/behavior_output_code_contracts/proteomics_mnn_primary.csv","50b7262ad400c1bac7a559ff0907a9b17aed8e8c7b6489cc24b3dfa764acf87f"
"proteomics_mnn_primary","06_behavioral_dynamics/proteomics_mnn_primary/male/tables/behavior_proteomics_correlations_male.csv","analyses/behavior_proteomics/proteomics_mnn_primary","male/tables/behavior_proteomics_correlations_male.csv","af62ec27a775f7c2ac82140b9ac6dab1b300303e61e6097aad5900c1d65e32d3","ready","docs/behavior_output_code_contracts/proteomics_mnn_primary.csv","50b7262ad400c1bac7a559ff0907a9b17aed8e8c7b6489cc24b3dfa764acf87f"
"proteomics_mnn_primary","06_behavioral_dynamics/proteomics_mnn_primary/male/tables/behavior_proteomics_merged_male.csv","analyses/behavior_proteomics/proteomics_mnn_primary","male/tables/behavior_proteomics_merged_male.csv","ab694a0753ef602cc7447d2486d9b6fff8c2f79d8d923df1cde9be602483e4a3","ready","docs/behavior_output_code_contracts/proteomics_mnn_primary.csv","50b7262ad400c1bac7a559ff0907a9b17aed8e8c7b6489cc24b3dfa764acf87f"
"proteomics_mnn_primary","06_behavioral_dynamics/proteomics_mnn_primary/male/tables/behavioral_latent_axes_male.csv","analyses/behavior_proteomics/proteomics_mnn_primary","male/tables/behavioral_latent_axes_male.csv","8b6e7d386598aeefc0271b974591512c526d9aaafc35b45b17f66a7488ef46c5","ready","docs/behavior_output_code_contracts/proteomics_mnn_primary.csv","50b7262ad400c1bac7a559ff0907a9b17aed8e8c7b6489cc24b3dfa764acf87f"
"proteomics_mnn_primary","06_behavioral_dynamics/proteomics_mnn_primary/male/tables/crossmodal_behavior_proteomics_correlations_male.csv","analyses/behavior_proteomics/proteomics_mnn_primary","male/tables/crossmodal_behavior_proteomics_correlations_male.csv","212bf51ab3a58a662785bd28e8504903afb95fb0334d16634993a9c752ca7367","ready","docs/behavior_output_code_contracts/proteomics_mnn_primary.csv","50b7262ad400c1bac7a559ff0907a9b17aed8e8c7b6489cc24b3dfa764acf87f"
"proteomics_mnn_primary","06_behavioral_dynamics/proteomics_mnn_primary/male/tables/curated_behavior_proteomics_models_male.csv","analyses/behavior_proteomics/proteomics_mnn_primary","male/tables/curated_behavior_proteomics_models_male.csv","41f238360cff63c8e4811c8d85d218a85ee211c6fcb7aef897d76f58ad10f0d5","ready","docs/behavior_output_code_contracts/proteomics_mnn_primary.csv","50b7262ad400c1bac7a559ff0907a9b17aed8e8c7b6489cc24b3dfa764acf87f"
"proteomics_mnn_primary","06_behavioral_dynamics/proteomics_mnn_primary/male/tables/latent_axis_associations_male.csv","analyses/behavior_proteomics/proteomics_mnn_primary","male/tables/latent_axis_associations_male.csv","2463324009c5489598442faceaf76acf3357ab9b78cc9a7758f41c5a8a2ac385","ready","docs/behavior_output_code_contracts/proteomics_mnn_primary.csv","50b7262ad400c1bac7a559ff0907a9b17aed8e8c7b6489cc24b3dfa764acf87f"
"proteomics_mnn_primary","06_behavioral_dynamics/proteomics_mnn_primary/male/tables/latent_axis_feature_inventory_male.csv","analyses/behavior_proteomics/proteomics_mnn_primary","male/tables/latent_axis_feature_inventory_male.csv","45c90c3574f6fb49f623d05273af9902b6b04d636adcd7ccf7177847a027b427","ready","docs/behavior_output_code_contracts/proteomics_mnn_primary.csv","50b7262ad400c1bac7a559ff0907a9b17aed8e8c7b6489cc24b3dfa764acf87f"
"proteomics_mnn_primary","06_behavioral_dynamics/proteomics_mnn_primary/male/tables/proteomic_latent_axes_male.csv","analyses/behavior_proteomics/proteomics_mnn_primary","male/tables/proteomic_latent_axes_male.csv","d6179beae6d4431f9b5c13b4c44b79e7148006fe220e9c7be406c2e3a0109a70","ready","docs/behavior_output_code_contracts/proteomics_mnn_primary.csv","50b7262ad400c1bac7a559ff0907a9b17aed8e8c7b6489cc24b3dfa764acf87f"
"proteomics_mnn_primary","06_behavioral_dynamics/proteomics_mnn_primary/manifest/input_output_manifest.csv","analyses/behavior_proteomics/proteomics_mnn_primary","manifest/input_output_manifest.csv","13bf5015193714ca9f727544e95a46c330a69ef2b39e6b6279bb5d8815ba5b7e","ready","docs/behavior_output_code_contracts/proteomics_mnn_primary.csv","50b7262ad400c1bac7a559ff0907a9b17aed8e8c7b6489cc24b3dfa764acf87f"
"proteomics_mnn_primary","06_behavioral_dynamics/proteomics_mnn_primary/manifest/output_manifest.csv","analyses/behavior_proteomics/proteomics_mnn_primary","manifest/output_manifest.csv","e17d71689c024de33ebe94dda3b7e7f952c4701440e8f12ae3b7d7d62e707ae2","ready","docs/behavior_output_code_contracts/proteomics_mnn_primary.csv","50b7262ad400c1bac7a559ff0907a9b17aed8e8c7b6489cc24b3dfa764acf87f"
"proteomics_mnn_primary","06_behavioral_dynamics/proteomics_mnn_primary/tables/all_crossmodal_behavior_proteomics_correlations.csv","analyses/behavior_proteomics/proteomics_mnn_primary","tables/all_crossmodal_behavior_proteomics_correlations.csv","212bf51ab3a58a662785bd28e8504903afb95fb0334d16634993a9c752ca7367","ready","docs/behavior_output_code_contracts/proteomics_mnn_primary.csv","50b7262ad400c1bac7a559ff0907a9b17aed8e8c7b6489cc24b3dfa764acf87f"
"proteomics_mnn_primary","06_behavioral_dynamics/proteomics_mnn_primary/tables/all_curated_behavior_proteomics_models.csv","analyses/behavior_proteomics/proteomics_mnn_primary","tables/all_curated_behavior_proteomics_models.csv","41f238360cff63c8e4811c8d85d218a85ee211c6fcb7aef897d76f58ad10f0d5","ready","docs/behavior_output_code_contracts/proteomics_mnn_primary.csv","50b7262ad400c1bac7a559ff0907a9b17aed8e8c7b6489cc24b3dfa764acf87f"
"proteomics_mnn_primary","06_behavioral_dynamics/proteomics_mnn_primary/tables/all_latent_axis_associations.csv","analyses/behavior_proteomics/proteomics_mnn_primary","tables/all_latent_axis_associations.csv","2463324009c5489598442faceaf76acf3357ab9b78cc9a7758f41c5a8a2ac385","ready","docs/behavior_output_code_contracts/proteomics_mnn_primary.csv","50b7262ad400c1bac7a559ff0907a9b17aed8e8c7b6489cc24b3dfa764acf87f"
"proteomics_mnn_primary","06_behavioral_dynamics/proteomics_mnn_primary/tables/behavior_proteomics_id_crosswalk.csv","analyses/behavior_proteomics/proteomics_mnn_primary","tables/behavior_proteomics_id_crosswalk.csv","2a509c80b6eef8fefbad2498481a7c97d9a5e7980b716d4b192915650b0cf459","ready","docs/behavior_output_code_contracts/proteomics_mnn_primary.csv","50b7262ad400c1bac7a559ff0907a9b17aed8e8c7b6489cc24b3dfa764acf87f"
"proteomics_mnn_primary","06_behavioral_dynamics/proteomics_mnn_primary/tables/integrated_behavior_feature_matrix.csv","analyses/behavior_proteomics/proteomics_mnn_primary","tables/integrated_behavior_feature_matrix.csv","8e491685075aea67a73ef644e956773889e0d059db26ed580462ec5f09ef50b5","ready","docs/behavior_output_code_contracts/proteomics_mnn_primary.csv","50b7262ad400c1bac7a559ff0907a9b17aed8e8c7b6489cc24b3dfa764acf87f"
"proteomics_mnn_primary","06_behavioral_dynamics/proteomics_mnn_primary/tables/integrated_behavior_feature_sources.csv","analyses/behavior_proteomics/proteomics_mnn_primary","tables/integrated_behavior_feature_sources.csv","e26080066512a9dff21a477ada9a887df6c636a90249b6103354f67278ac3788","ready","docs/behavior_output_code_contracts/proteomics_mnn_primary.csv","50b7262ad400c1bac7a559ff0907a9b17aed8e8c7b6489cc24b3dfa764acf87f"
"proteomics_mnn_primary","06_behavioral_dynamics/proteomics_mnn_primary/tables/integrated_behavior_features_long.csv","analyses/behavior_proteomics/proteomics_mnn_primary","tables/integrated_behavior_features_long.csv","b9cdccb13ebace12be7827691bffeddda21ed6d49b008f075dc47a9780e36b60","ready","docs/behavior_output_code_contracts/proteomics_mnn_primary.csv","50b7262ad400c1bac7a559ff0907a9b17aed8e8c7b6489cc24b3dfa764acf87f"
"proteomics_mnn_primary","06_behavioral_dynamics/proteomics_mnn_primary/tables/output_figure_inventory.csv","analyses/behavior_proteomics/proteomics_mnn_primary","tables/output_figure_inventory.csv","c24480f8916b209fb4de1eb9188e3584cc5f0488a474be0d99e8e6ea5be1842f","ready","docs/behavior_output_code_contracts/proteomics_mnn_primary.csv","50b7262ad400c1bac7a559ff0907a9b17aed8e8c7b6489cc24b3dfa764acf87f"
"proteomics_mnn_primary","06_behavioral_dynamics/proteomics_mnn_primary/tables/output_folder_summary.csv","analyses/behavior_proteomics/proteomics_mnn_primary","tables/output_folder_summary.csv","b25f6193d87a02b31cac6ed273314414bcf336c826e3f9dee8951bb51ed00ce2","ready","docs/behavior_output_code_contracts/proteomics_mnn_primary.csv","50b7262ad400c1bac7a559ff0907a9b17aed8e8c7b6489cc24b3dfa764acf87f"
"proteomics_mnn_sensitivity","06_behavioral_dynamics/proteomics_mnn_sensitivity/output_manifest.csv","analyses/behavior_proteomics/proteomics_mnn_sensitivity","output_manifest.csv","02349e5230fbd06722506ef858b6e44414a1958e68910f2d0b70eb21ade913ce","ready","docs/behavior_output_code_contracts/proteomics_mnn_sensitivity.csv","50b7262ad400c1bac7a559ff0907a9b17aed8e8c7b6489cc24b3dfa764acf87f"
"proteomics_mnn_sensitivity","06_behavioral_dynamics/proteomics_mnn_sensitivity/figures/exploratory/README.txt","analyses/behavior_proteomics/proteomics_mnn_sensitivity","figures/exploratory/README.txt","7c55015964e5c3d731055c51390e0cce86dc97a263317edcab388117e11eda54","ready","docs/behavior_output_code_contracts/proteomics_mnn_sensitivity.csv","50b7262ad400c1bac7a559ff0907a9b17aed8e8c7b6489cc24b3dfa764acf87f"
"proteomics_mnn_sensitivity","06_behavioral_dynamics/proteomics_mnn_sensitivity/figures/interactive/README.txt","analyses/behavior_proteomics/proteomics_mnn_sensitivity","figures/interactive/README.txt","04a93a9db626de7962d449170c58971355320ac8caedf223705da54c56ce935b","ready","docs/behavior_output_code_contracts/proteomics_mnn_sensitivity.csv","50b7262ad400c1bac7a559ff0907a9b17aed8e8c7b6489cc24b3dfa764acf87f"
"proteomics_mnn_sensitivity","06_behavioral_dynamics/proteomics_mnn_sensitivity/figures/publication_panels/README.txt","analyses/behavior_proteomics/proteomics_mnn_sensitivity","figures/publication_panels/README.txt","286c6049c438a35fa640b7aebc024153bbbbe1f1a4bbe837fd8b226708ff37cf","ready","docs/behavior_output_code_contracts/proteomics_mnn_sensitivity.csv","50b7262ad400c1bac7a559ff0907a9b17aed8e8c7b6489cc24b3dfa764acf87f"
"proteomics_mnn_sensitivity","06_behavioral_dynamics/proteomics_mnn_sensitivity/figures/qc/README.txt","analyses/behavior_proteomics/proteomics_mnn_sensitivity","figures/qc/README.txt","fcc7347cfbb2d92ffff45d2d214694895194bd3da990013d0d8e3d556a6ef029","ready","docs/behavior_output_code_contracts/proteomics_mnn_sensitivity.csv","50b7262ad400c1bac7a559ff0907a9b17aed8e8c7b6489cc24b3dfa764acf87f"
"proteomics_mnn_sensitivity","06_behavioral_dynamics/proteomics_mnn_sensitivity/figures/supplementary/README.txt","analyses/behavior_proteomics/proteomics_mnn_sensitivity","figures/supplementary/README.txt","72409480a7f9877bca1f93d2796bfdde2cf350a81c01a1dd3acfbcd060f10849","ready","docs/behavior_output_code_contracts/proteomics_mnn_sensitivity.csv","50b7262ad400c1bac7a559ff0907a9b17aed8e8c7b6489cc24b3dfa764acf87f"
"proteomics_mnn_sensitivity","06_behavioral_dynamics/proteomics_mnn_sensitivity/male/figures/behavior_proteomics_axis_heatmap_male.pdf","analyses/behavior_proteomics/proteomics_mnn_sensitivity","male/figures/behavior_proteomics_axis_heatmap_male.pdf","2fd8d0838c980aacde2f8401cc6131b2e4396614f76e4412946819ae24225023","ready","docs/behavior_output_code_contracts/proteomics_mnn_sensitivity.csv","50b7262ad400c1bac7a559ff0907a9b17aed8e8c7b6489cc24b3dfa764acf87f"
"proteomics_mnn_sensitivity","06_behavioral_dynamics/proteomics_mnn_sensitivity/male/figures/behavior_proteomics_axis_heatmap_male.png","analyses/behavior_proteomics/proteomics_mnn_sensitivity","male/figures/behavior_proteomics_axis_heatmap_male.png","4ef2edecd65576c6bda2c8745392a32ba050a70a229eb7ce73f15a7d8d0b4117","ready","docs/behavior_output_code_contracts/proteomics_mnn_sensitivity.csv","50b7262ad400c1bac7a559ff0907a9b17aed8e8c7b6489cc24b3dfa764acf87f"
"proteomics_mnn_sensitivity","06_behavioral_dynamics/proteomics_mnn_sensitivity/male/figures/behavior_proteomics_axis_heatmap_male.svg","analyses/behavior_proteomics/proteomics_mnn_sensitivity","male/figures/behavior_proteomics_axis_heatmap_male.svg","bbca686f91a0d8c511b1e3c8fc445d5a2385fb3f84006e1b690e8c470b148041","ready","docs/behavior_output_code_contracts/proteomics_mnn_sensitivity.csv","50b7262ad400c1bac7a559ff0907a9b17aed8e8c7b6489cc24b3dfa764acf87f"
"proteomics_mnn_sensitivity","06_behavioral_dynamics/proteomics_mnn_sensitivity/male/figures/behavior_proteomics_heatmap_male.pdf","analyses/behavior_proteomics/proteomics_mnn_sensitivity","male/figures/behavior_proteomics_heatmap_male.pdf","db9622bb22fb56327d5f195a01321818dfd1d6cc409023ce8eed61fa584dcaac","ready","docs/behavior_output_code_contracts/proteomics_mnn_sensitivity.csv","50b7262ad400c1bac7a559ff0907a9b17aed8e8c7b6489cc24b3dfa764acf87f"
"proteomics_mnn_sensitivity","06_behavioral_dynamics/proteomics_mnn_sensitivity/male/figures/behavior_proteomics_heatmap_male.png","analyses/behavior_proteomics/proteomics_mnn_sensitivity","male/figures/behavior_proteomics_heatmap_male.png","fec69a15e8938162bb5f9080ecb44f44451cad8174774c3a522653ab9d298389","ready","docs/behavior_output_code_contracts/proteomics_mnn_sensitivity.csv","50b7262ad400c1bac7a559ff0907a9b17aed8e8c7b6489cc24b3dfa764acf87f"
"proteomics_mnn_sensitivity","06_behavioral_dynamics/proteomics_mnn_sensitivity/male/figures/behavior_proteomics_heatmap_male.svg","analyses/behavior_proteomics/proteomics_mnn_sensitivity","male/figures/behavior_proteomics_heatmap_male.svg","e6f2c0311fea288b5d152c05ac9dd969a942f263395fbf5d0c0248e224df4b08","ready","docs/behavior_output_code_contracts/proteomics_mnn_sensitivity.csv","50b7262ad400c1bac7a559ff0907a9b17aed8e8c7b6489cc24b3dfa764acf87f"
"proteomics_mnn_sensitivity","06_behavioral_dynamics/proteomics_mnn_sensitivity/male/figures/strongest_axis_behavior_proteomics_relationship_male.pdf","analyses/behavior_proteomics/proteomics_mnn_sensitivity","male/figures/strongest_axis_behavior_proteomics_relationship_male.pdf","b826791b6a3ff519c7892ecf97a43c27368ce11e8f0000f0944df7b6c1747c69","ready","docs/behavior_output_code_contracts/proteomics_mnn_sensitivity.csv","50b7262ad400c1bac7a559ff0907a9b17aed8e8c7b6489cc24b3dfa764acf87f"
"proteomics_mnn_sensitivity","06_behavioral_dynamics/proteomics_mnn_sensitivity/male/figures/strongest_axis_behavior_proteomics_relationship_male.png","analyses/behavior_proteomics/proteomics_mnn_sensitivity","male/figures/strongest_axis_behavior_proteomics_relationship_male.png","ef19dfbf4b652b0792e3a228f75da41dbacda4b6b12c28d69d2244ad1e1fbb2d","ready","docs/behavior_output_code_contracts/proteomics_mnn_sensitivity.csv","50b7262ad400c1bac7a559ff0907a9b17aed8e8c7b6489cc24b3dfa764acf87f"
"proteomics_mnn_sensitivity","06_behavioral_dynamics/proteomics_mnn_sensitivity/male/figures/strongest_axis_behavior_proteomics_relationship_male.svg","analyses/behavior_proteomics/proteomics_mnn_sensitivity","male/figures/strongest_axis_behavior_proteomics_relationship_male.svg","9557e90aa66846269076728f6879ceebf745d2dbfa24fbc767dc5a27892d269c","ready","docs/behavior_output_code_contracts/proteomics_mnn_sensitivity.csv","50b7262ad400c1bac7a559ff0907a9b17aed8e8c7b6489cc24b3dfa764acf87f"
"proteomics_mnn_sensitivity","06_behavioral_dynamics/proteomics_mnn_sensitivity/male/figures/qc/behavior_proteomics_axis_heatmap_male.pdf","analyses/behavior_proteomics/proteomics_mnn_sensitivity","male/figures/qc/behavior_proteomics_axis_heatmap_male.pdf","2fd8d0838c980aacde2f8401cc6131b2e4396614f76e4412946819ae24225023","ready","docs/behavior_output_code_contracts/proteomics_mnn_sensitivity.csv","50b7262ad400c1bac7a559ff0907a9b17aed8e8c7b6489cc24b3dfa764acf87f"
"proteomics_mnn_sensitivity","06_behavioral_dynamics/proteomics_mnn_sensitivity/male/figures/qc/behavior_proteomics_axis_heatmap_male.png","analyses/behavior_proteomics/proteomics_mnn_sensitivity","male/figures/qc/behavior_proteomics_axis_heatmap_male.png","4ef2edecd65576c6bda2c8745392a32ba050a70a229eb7ce73f15a7d8d0b4117","ready","docs/behavior_output_code_contracts/proteomics_mnn_sensitivity.csv","50b7262ad400c1bac7a559ff0907a9b17aed8e8c7b6489cc24b3dfa764acf87f"
"proteomics_mnn_sensitivity","06_behavioral_dynamics/proteomics_mnn_sensitivity/male/figures/qc/behavior_proteomics_axis_heatmap_male.svg","analyses/behavior_proteomics/proteomics_mnn_sensitivity","male/figures/qc/behavior_proteomics_axis_heatmap_male.svg","bbca686f91a0d8c511b1e3c8fc445d5a2385fb3f84006e1b690e8c470b148041","ready","docs/behavior_output_code_contracts/proteomics_mnn_sensitivity.csv","50b7262ad400c1bac7a559ff0907a9b17aed8e8c7b6489cc24b3dfa764acf87f"
"proteomics_mnn_sensitivity","06_behavioral_dynamics/proteomics_mnn_sensitivity/male/figures/qc/behavior_proteomics_heatmap_male.pdf","analyses/behavior_proteomics/proteomics_mnn_sensitivity","male/figures/qc/behavior_proteomics_heatmap_male.pdf","db9622bb22fb56327d5f195a01321818dfd1d6cc409023ce8eed61fa584dcaac","ready","docs/behavior_output_code_contracts/proteomics_mnn_sensitivity.csv","50b7262ad400c1bac7a559ff0907a9b17aed8e8c7b6489cc24b3dfa764acf87f"
"proteomics_mnn_sensitivity","06_behavioral_dynamics/proteomics_mnn_sensitivity/male/figures/qc/behavior_proteomics_heatmap_male.png","analyses/behavior_proteomics/proteomics_mnn_sensitivity","male/figures/qc/behavior_proteomics_heatmap_male.png","fec69a15e8938162bb5f9080ecb44f44451cad8174774c3a522653ab9d298389","ready","docs/behavior_output_code_contracts/proteomics_mnn_sensitivity.csv","50b7262ad400c1bac7a559ff0907a9b17aed8e8c7b6489cc24b3dfa764acf87f"
"proteomics_mnn_sensitivity","06_behavioral_dynamics/proteomics_mnn_sensitivity/male/figures/qc/behavior_proteomics_heatmap_male.svg","analyses/behavior_proteomics/proteomics_mnn_sensitivity","male/figures/qc/behavior_proteomics_heatmap_male.svg","e6f2c0311fea288b5d152c05ac9dd969a942f263395fbf5d0c0248e224df4b08","ready","docs/behavior_output_code_contracts/proteomics_mnn_sensitivity.csv","50b7262ad400c1bac7a559ff0907a9b17aed8e8c7b6489cc24b3dfa764acf87f"
"proteomics_mnn_sensitivity","06_behavioral_dynamics/proteomics_mnn_sensitivity/male/figures/qc/strongest_axis_behavior_proteomics_relationship_male.pdf","analyses/behavior_proteomics/proteomics_mnn_sensitivity","male/figures/qc/strongest_axis_behavior_proteomics_relationship_male.pdf","b826791b6a3ff519c7892ecf97a43c27368ce11e8f0000f0944df7b6c1747c69","ready","docs/behavior_output_code_contracts/proteomics_mnn_sensitivity.csv","50b7262ad400c1bac7a559ff0907a9b17aed8e8c7b6489cc24b3dfa764acf87f"
"proteomics_mnn_sensitivity","06_behavioral_dynamics/proteomics_mnn_sensitivity/male/figures/qc/strongest_axis_behavior_proteomics_relationship_male.png","analyses/behavior_proteomics/proteomics_mnn_sensitivity","male/figures/qc/strongest_axis_behavior_proteomics_relationship_male.png","ef19dfbf4b652b0792e3a228f75da41dbacda4b6b12c28d69d2244ad1e1fbb2d","ready","docs/behavior_output_code_contracts/proteomics_mnn_sensitivity.csv","50b7262ad400c1bac7a559ff0907a9b17aed8e8c7b6489cc24b3dfa764acf87f"
"proteomics_mnn_sensitivity","06_behavioral_dynamics/proteomics_mnn_sensitivity/male/figures/qc/strongest_axis_behavior_proteomics_relationship_male.svg","analyses/behavior_proteomics/proteomics_mnn_sensitivity","male/figures/qc/strongest_axis_behavior_proteomics_relationship_male.svg","9557e90aa66846269076728f6879ceebf745d2dbfa24fbc767dc5a27892d269c","ready","docs/behavior_output_code_contracts/proteomics_mnn_sensitivity.csv","50b7262ad400c1bac7a559ff0907a9b17aed8e8c7b6489cc24b3dfa764acf87f"
"proteomics_mnn_sensitivity","06_behavioral_dynamics/proteomics_mnn_sensitivity/male/tables/behavior_proteomics_correlations_male.csv","analyses/behavior_proteomics/proteomics_mnn_sensitivity","male/tables/behavior_proteomics_correlations_male.csv","35a079b4d924a23d5ddaad3142a3e88aa2695e2a10c0010c2d83d55672380ff1","ready","docs/behavior_output_code_contracts/proteomics_mnn_sensitivity.csv","50b7262ad400c1bac7a559ff0907a9b17aed8e8c7b6489cc24b3dfa764acf87f"
"proteomics_mnn_sensitivity","06_behavioral_dynamics/proteomics_mnn_sensitivity/male/tables/behavior_proteomics_merged_male.csv","analyses/behavior_proteomics/proteomics_mnn_sensitivity","male/tables/behavior_proteomics_merged_male.csv","824af3195112411cfa286604f5f4c57f90b93d180392a975708e73d9dcf93e3a","ready","docs/behavior_output_code_contracts/proteomics_mnn_sensitivity.csv","50b7262ad400c1bac7a559ff0907a9b17aed8e8c7b6489cc24b3dfa764acf87f"
"proteomics_mnn_sensitivity","06_behavioral_dynamics/proteomics_mnn_sensitivity/male/tables/behavioral_latent_axes_male.csv","analyses/behavior_proteomics/proteomics_mnn_sensitivity","male/tables/behavioral_latent_axes_male.csv","8b6e7d386598aeefc0271b974591512c526d9aaafc35b45b17f66a7488ef46c5","ready","docs/behavior_output_code_contracts/proteomics_mnn_sensitivity.csv","50b7262ad400c1bac7a559ff0907a9b17aed8e8c7b6489cc24b3dfa764acf87f"
"proteomics_mnn_sensitivity","06_behavioral_dynamics/proteomics_mnn_sensitivity/male/tables/crossmodal_behavior_proteomics_correlations_male.csv","analyses/behavior_proteomics/proteomics_mnn_sensitivity","male/tables/crossmodal_behavior_proteomics_correlations_male.csv","0ba56f994e7bf6eb1cdb3156c7b564e1a35f8238deea5e93c343cea6b3ae2f3d","ready","docs/behavior_output_code_contracts/proteomics_mnn_sensitivity.csv","50b7262ad400c1bac7a559ff0907a9b17aed8e8c7b6489cc24b3dfa764acf87f"
"proteomics_mnn_sensitivity","06_behavioral_dynamics/proteomics_mnn_sensitivity/male/tables/curated_behavior_proteomics_models_male.csv","analyses/behavior_proteomics/proteomics_mnn_sensitivity","male/tables/curated_behavior_proteomics_models_male.csv","bbfd2f84533b57825dfc742401691adfe5ad2531de03daa9dba0f88745af9757","ready","docs/behavior_output_code_contracts/proteomics_mnn_sensitivity.csv","50b7262ad400c1bac7a559ff0907a9b17aed8e8c7b6489cc24b3dfa764acf87f"
"proteomics_mnn_sensitivity","06_behavioral_dynamics/proteomics_mnn_sensitivity/male/tables/latent_axis_associations_male.csv","analyses/behavior_proteomics/proteomics_mnn_sensitivity","male/tables/latent_axis_associations_male.csv","352c1d9bf23b92efc63791fa999a1ef251b855beed54df68c7ed584f8bd4db0a","ready","docs/behavior_output_code_contracts/proteomics_mnn_sensitivity.csv","50b7262ad400c1bac7a559ff0907a9b17aed8e8c7b6489cc24b3dfa764acf87f"
"proteomics_mnn_sensitivity","06_behavioral_dynamics/proteomics_mnn_sensitivity/male/tables/latent_axis_feature_inventory_male.csv","analyses/behavior_proteomics/proteomics_mnn_sensitivity","male/tables/latent_axis_feature_inventory_male.csv","873fb3694d616ebd7caf5e83b5e9d435cc664f3d21b30e5a4ef77387130d2255","ready","docs/behavior_output_code_contracts/proteomics_mnn_sensitivity.csv","50b7262ad400c1bac7a559ff0907a9b17aed8e8c7b6489cc24b3dfa764acf87f"
"proteomics_mnn_sensitivity","06_behavioral_dynamics/proteomics_mnn_sensitivity/male/tables/proteomic_latent_axes_male.csv","analyses/behavior_proteomics/proteomics_mnn_sensitivity","male/tables/proteomic_latent_axes_male.csv","9e100e965ba183931a36a48fdc64508d29500c3472a0fb6f7080179d2b78fc5a","ready","docs/behavior_output_code_contracts/proteomics_mnn_sensitivity.csv","50b7262ad400c1bac7a559ff0907a9b17aed8e8c7b6489cc24b3dfa764acf87f"
"proteomics_mnn_sensitivity","06_behavioral_dynamics/proteomics_mnn_sensitivity/manifest/input_output_manifest.csv","analyses/behavior_proteomics/proteomics_mnn_sensitivity","manifest/input_output_manifest.csv","fd1d7638326bc9b570d8f56b9345cf0c90c6734f305ff43375c39a8ab3502c46","ready","docs/behavior_output_code_contracts/proteomics_mnn_sensitivity.csv","50b7262ad400c1bac7a559ff0907a9b17aed8e8c7b6489cc24b3dfa764acf87f"
"proteomics_mnn_sensitivity","06_behavioral_dynamics/proteomics_mnn_sensitivity/manifest/output_manifest.csv","analyses/behavior_proteomics/proteomics_mnn_sensitivity","manifest/output_manifest.csv","02349e5230fbd06722506ef858b6e44414a1958e68910f2d0b70eb21ade913ce","ready","docs/behavior_output_code_contracts/proteomics_mnn_sensitivity.csv","50b7262ad400c1bac7a559ff0907a9b17aed8e8c7b6489cc24b3dfa764acf87f"
"proteomics_mnn_sensitivity","06_behavioral_dynamics/proteomics_mnn_sensitivity/tables/all_crossmodal_behavior_proteomics_correlations.csv","analyses/behavior_proteomics/proteomics_mnn_sensitivity","tables/all_crossmodal_behavior_proteomics_correlations.csv","0ba56f994e7bf6eb1cdb3156c7b564e1a35f8238deea5e93c343cea6b3ae2f3d","ready","docs/behavior_output_code_contracts/proteomics_mnn_sensitivity.csv","50b7262ad400c1bac7a559ff0907a9b17aed8e8c7b6489cc24b3dfa764acf87f"
"proteomics_mnn_sensitivity","06_behavioral_dynamics/proteomics_mnn_sensitivity/tables/all_curated_behavior_proteomics_models.csv","analyses/behavior_proteomics/proteomics_mnn_sensitivity","tables/all_curated_behavior_proteomics_models.csv","bbfd2f84533b57825dfc742401691adfe5ad2531de03daa9dba0f88745af9757","ready","docs/behavior_output_code_contracts/proteomics_mnn_sensitivity.csv","50b7262ad400c1bac7a559ff0907a9b17aed8e8c7b6489cc24b3dfa764acf87f"
"proteomics_mnn_sensitivity","06_behavioral_dynamics/proteomics_mnn_sensitivity/tables/all_latent_axis_associations.csv","analyses/behavior_proteomics/proteomics_mnn_sensitivity","tables/all_latent_axis_associations.csv","352c1d9bf23b92efc63791fa999a1ef251b855beed54df68c7ed584f8bd4db0a","ready","docs/behavior_output_code_contracts/proteomics_mnn_sensitivity.csv","50b7262ad400c1bac7a559ff0907a9b17aed8e8c7b6489cc24b3dfa764acf87f"
"proteomics_mnn_sensitivity","06_behavioral_dynamics/proteomics_mnn_sensitivity/tables/behavior_proteomics_id_crosswalk.csv","analyses/behavior_proteomics/proteomics_mnn_sensitivity","tables/behavior_proteomics_id_crosswalk.csv","4ceb568baf7260f0673e3178e855a9d92a3ec66eb9a2cbd4d957a1e1f42a9c09","ready","docs/behavior_output_code_contracts/proteomics_mnn_sensitivity.csv","50b7262ad400c1bac7a559ff0907a9b17aed8e8c7b6489cc24b3dfa764acf87f"
"proteomics_mnn_sensitivity","06_behavioral_dynamics/proteomics_mnn_sensitivity/tables/integrated_behavior_feature_matrix.csv","analyses/behavior_proteomics/proteomics_mnn_sensitivity","tables/integrated_behavior_feature_matrix.csv","8e491685075aea67a73ef644e956773889e0d059db26ed580462ec5f09ef50b5","ready","docs/behavior_output_code_contracts/proteomics_mnn_sensitivity.csv","50b7262ad400c1bac7a559ff0907a9b17aed8e8c7b6489cc24b3dfa764acf87f"
"proteomics_mnn_sensitivity","06_behavioral_dynamics/proteomics_mnn_sensitivity/tables/integrated_behavior_feature_sources.csv","analyses/behavior_proteomics/proteomics_mnn_sensitivity","tables/integrated_behavior_feature_sources.csv","e26080066512a9dff21a477ada9a887df6c636a90249b6103354f67278ac3788","ready","docs/behavior_output_code_contracts/proteomics_mnn_sensitivity.csv","50b7262ad400c1bac7a559ff0907a9b17aed8e8c7b6489cc24b3dfa764acf87f"
"proteomics_mnn_sensitivity","06_behavioral_dynamics/proteomics_mnn_sensitivity/tables/integrated_behavior_features_long.csv","analyses/behavior_proteomics/proteomics_mnn_sensitivity","tables/integrated_behavior_features_long.csv","b9cdccb13ebace12be7827691bffeddda21ed6d49b008f075dc47a9780e36b60","ready","docs/behavior_output_code_contracts/proteomics_mnn_sensitivity.csv","50b7262ad400c1bac7a559ff0907a9b17aed8e8c7b6489cc24b3dfa764acf87f"
"proteomics_mnn_sensitivity","06_behavioral_dynamics/proteomics_mnn_sensitivity/tables/output_figure_inventory.csv","analyses/behavior_proteomics/proteomics_mnn_sensitivity","tables/output_figure_inventory.csv","c24480f8916b209fb4de1eb9188e3584cc5f0488a474be0d99e8e6ea5be1842f","ready","docs/behavior_output_code_contracts/proteomics_mnn_sensitivity.csv","50b7262ad400c1bac7a559ff0907a9b17aed8e8c7b6489cc24b3dfa764acf87f"
"proteomics_mnn_sensitivity","06_behavioral_dynamics/proteomics_mnn_sensitivity/tables/output_folder_summary.csv","analyses/behavior_proteomics/proteomics_mnn_sensitivity","tables/output_folder_summary.csv","b25f6193d87a02b31cac6ed273314414bcf336c826e3f9dee8951bb51ed00ce2","ready","docs/behavior_output_code_contracts/proteomics_mnn_sensitivity.csv","50b7262ad400c1bac7a559ff0907a9b17aed8e8c7b6489cc24b3dfa764acf87f"
"adaptation_kinetics_10min","15_behavioral_adaptation_kinetics/10min_based/figures/exploratory/README.txt","analyses/adaptation_kinetics/10min","figures/exploratory/README.txt","7c55015964e5c3d731055c51390e0cce86dc97a263317edcab388117e11eda54","ready","docs/behavior_output_code_contracts/adaptation_kinetics_10min.csv","72d9c0f18bceca412565f7e2cbe66dd0124206b14bbff485008e45b0cb77c31b"
"adaptation_kinetics_10min","15_behavioral_adaptation_kinetics/10min_based/figures/interactive/README.txt","analyses/adaptation_kinetics/10min","figures/interactive/README.txt","04a93a9db626de7962d449170c58971355320ac8caedf223705da54c56ce935b","ready","docs/behavior_output_code_contracts/adaptation_kinetics_10min.csv","72d9c0f18bceca412565f7e2cbe66dd0124206b14bbff485008e45b0cb77c31b"
"adaptation_kinetics_10min","15_behavioral_adaptation_kinetics/10min_based/figures/publication_panels/Fig15_adaptation_kinetics_overview.pdf","analyses/adaptation_kinetics/10min","figures/publication_panels/Fig15_adaptation_kinetics_overview.pdf","8d303d280eb7e437eb49e04e2d02cdd1d38b242ace3188cd321ac25b501c9425","ready","docs/behavior_output_code_contracts/adaptation_kinetics_10min.csv","72d9c0f18bceca412565f7e2cbe66dd0124206b14bbff485008e45b0cb77c31b"
"adaptation_kinetics_10min","15_behavioral_adaptation_kinetics/10min_based/figures/publication_panels/Fig15_adaptation_kinetics_overview.png","analyses/adaptation_kinetics/10min","figures/publication_panels/Fig15_adaptation_kinetics_overview.png","79cfe696c77da704c9f65eb21489599551d80fdb0279769e2c16bd209400bce6","ready","docs/behavior_output_code_contracts/adaptation_kinetics_10min.csv","72d9c0f18bceca412565f7e2cbe66dd0124206b14bbff485008e45b0cb77c31b"
"adaptation_kinetics_10min","15_behavioral_adaptation_kinetics/10min_based/figures/publication_panels/Fig15_adaptation_kinetics_overview.svg","analyses/adaptation_kinetics/10min","figures/publication_panels/Fig15_adaptation_kinetics_overview.svg","95037094ac662d4ff89cfe94b425aeb7c12c5cf9f5ec8c11c95c19436a4f4582","ready","docs/behavior_output_code_contracts/adaptation_kinetics_10min.csv","72d9c0f18bceca412565f7e2cbe66dd0124206b14bbff485008e45b0cb77c31b"
"adaptation_kinetics_10min","15_behavioral_adaptation_kinetics/10min_based/figures/publication_panels/README.txt","analyses/adaptation_kinetics/10min","figures/publication_panels/README.txt","9b957880bf142e8e7ee5034d698dc3cf630f411fae5bfd345d64fabf57540a90","ready","docs/behavior_output_code_contracts/adaptation_kinetics_10min.csv","72d9c0f18bceca412565f7e2cbe66dd0124206b14bbff485008e45b0cb77c31b"
"adaptation_kinetics_10min","15_behavioral_adaptation_kinetics/10min_based/figures/qc/README.txt","analyses/adaptation_kinetics/10min","figures/qc/README.txt","fcc7347cfbb2d92ffff45d2d214694895194bd3da990013d0d8e3d556a6ef029","ready","docs/behavior_output_code_contracts/adaptation_kinetics_10min.csv","72d9c0f18bceca412565f7e2cbe66dd0124206b14bbff485008e45b0cb77c31b"
"adaptation_kinetics_10min","15_behavioral_adaptation_kinetics/10min_based/figures/supplementary/README.txt","analyses/adaptation_kinetics/10min","figures/supplementary/README.txt","72409480a7f9877bca1f93d2796bfdde2cf350a81c01a1dd3acfbcd060f10849","ready","docs/behavior_output_code_contracts/adaptation_kinetics_10min.csv","72d9c0f18bceca412565f7e2cbe66dd0124206b14bbff485008e45b0cb77c31b"
"adaptation_kinetics_10min","15_behavioral_adaptation_kinetics/10min_based/manifest/input_output_manifest.csv","analyses/adaptation_kinetics/10min","manifest/input_output_manifest.csv","53066538d0034d1590dfcb4d43bc772041ddbc5b480653b0816cc5120378bed6","ready","docs/behavior_output_code_contracts/adaptation_kinetics_10min.csv","72d9c0f18bceca412565f7e2cbe66dd0124206b14bbff485008e45b0cb77c31b"
"adaptation_kinetics_10min","15_behavioral_adaptation_kinetics/10min_based/manifest/output_manifest.csv","analyses/adaptation_kinetics/10min","manifest/output_manifest.csv","37c8c9f94f2e2ee49fcea434f1654cbb0751fe634b16d53edf5ba7f0ca96ca83","ready","docs/behavior_output_code_contracts/adaptation_kinetics_10min.csv","72d9c0f18bceca412565f7e2cbe66dd0124206b14bbff485008e45b0cb77c31b"
"adaptation_kinetics_10min","15_behavioral_adaptation_kinetics/10min_based/output_manifest.csv","analyses/adaptation_kinetics/10min","output_manifest.csv","37c8c9f94f2e2ee49fcea434f1654cbb0751fe634b16d53edf5ba7f0ca96ca83","ready","docs/behavior_output_code_contracts/adaptation_kinetics_10min.csv","72d9c0f18bceca412565f7e2cbe66dd0124206b14bbff485008e45b0cb77c31b"
"adaptation_kinetics_10min","15_behavioral_adaptation_kinetics/10min_based/tables/adaptation_kinetics_features.csv","analyses/adaptation_kinetics/10min","tables/adaptation_kinetics_features.csv","ce4c8d586bca9677eeb5f2244fe6c130fccb5947a3c789945ac6fe0aaed1c8fe","ready","docs/behavior_output_code_contracts/adaptation_kinetics_10min.csv","72d9c0f18bceca412565f7e2cbe66dd0124206b14bbff485008e45b0cb77c31b"
"adaptation_kinetics_10min","15_behavioral_adaptation_kinetics/10min_based/tables/adaptation_kinetics_features_duration_tagged_full.csv","analyses/adaptation_kinetics/10min","tables/adaptation_kinetics_features_duration_tagged_full.csv","5ad180863877db969597f1abff46c17142d5832e53de29713a323b792bc11e9c","ready","docs/behavior_output_code_contracts/adaptation_kinetics_10min.csv","72d9c0f18bceca412565f7e2cbe66dd0124206b14bbff485008e45b0cb77c31b"
"adaptation_kinetics_10min","15_behavioral_adaptation_kinetics/10min_based/tables/adaptation_kinetics_features_excluding_short_duration.csv","analyses/adaptation_kinetics/10min","tables/adaptation_kinetics_features_excluding_short_duration.csv","090ab4ce203e38df9a5877c7349e3dd4f1e70b34a492488afd8f0fd6986d01d1","ready","docs/behavior_output_code_contracts/adaptation_kinetics_10min.csv","72d9c0f18bceca412565f7e2cbe66dd0124206b14bbff485008e45b0cb77c31b"
"adaptation_kinetics_10min","15_behavioral_adaptation_kinetics/10min_based/tables/adaptation_kinetics_interpretation_guide.csv","analyses/adaptation_kinetics/10min","tables/adaptation_kinetics_interpretation_guide.csv","0b1bfd594483ba97db0e8dccf50a8302150a8814c3325eebf6f7f0bee3f2c028","ready","docs/behavior_output_code_contracts/adaptation_kinetics_10min.csv","72d9c0f18bceca412565f7e2cbe66dd0124206b14bbff485008e45b0cb77c31b"
"adaptation_kinetics_10min","15_behavioral_adaptation_kinetics/10min_based/tables/distance_to_control_trajectories.csv","analyses/adaptation_kinetics/10min","tables/distance_to_control_trajectories.csv","a69c8ca31da63b6772f89a6c904b7ffa9fb312d18c4496a5c9e7fb60fff93a7e","ready","docs/behavior_output_code_contracts/adaptation_kinetics_10min.csv","72d9c0f18bceca412565f7e2cbe66dd0124206b14bbff485008e45b0cb77c31b"
"adaptation_kinetics_10min","15_behavioral_adaptation_kinetics/10min_based/tables/epoch_duration_qc.csv","analyses/adaptation_kinetics/10min","tables/epoch_duration_qc.csv","e34532f93a9a3267ad5a79f6ee76700ba9e3686df659096c8b2996384f6a2474","ready","docs/behavior_output_code_contracts/adaptation_kinetics_10min.csv","72d9c0f18bceca412565f7e2cbe66dd0124206b14bbff485008e45b0cb77c31b"
"adaptation_kinetics_10min","15_behavioral_adaptation_kinetics/10min_based/tables/output_figure_inventory.csv","analyses/adaptation_kinetics/10min","tables/output_figure_inventory.csv","4e3c1b9b8a4082ec89eb1e52e7e31e80a188139e21df35171d7bbe002ebd175c","ready","docs/behavior_output_code_contracts/adaptation_kinetics_10min.csv","72d9c0f18bceca412565f7e2cbe66dd0124206b14bbff485008e45b0cb77c31b"
"adaptation_kinetics_10min","15_behavioral_adaptation_kinetics/10min_based/tables/output_folder_summary.csv","analyses/adaptation_kinetics/10min","tables/output_folder_summary.csv","eb4fa8e6d93200148d4ed0da7fbdcf50f70edff08fa219152cbd11480b71458b","ready","docs/behavior_output_code_contracts/adaptation_kinetics_10min.csv","72d9c0f18bceca412565f7e2cbe66dd0124206b14bbff485008e45b0cb77c31b"
"sleep_like_inactivity_10min","16_sleep_like_inactivity_metrics/10min_based/figures/exploratory/README.txt","analyses/sleep_like_inactivity/10min","figures/exploratory/README.txt","7c55015964e5c3d731055c51390e0cce86dc97a263317edcab388117e11eda54","ready","docs/behavior_output_code_contracts/sleep_like_inactivity_10min.csv","96b99743e2665fa2c3a571632f4b61349f40189293858b104c7f08f380ff34bd"
"sleep_like_inactivity_10min","16_sleep_like_inactivity_metrics/10min_based/figures/interactive/README.txt","analyses/sleep_like_inactivity/10min","figures/interactive/README.txt","04a93a9db626de7962d449170c58971355320ac8caedf223705da54c56ce935b","ready","docs/behavior_output_code_contracts/sleep_like_inactivity_10min.csv","96b99743e2665fa2c3a571632f4b61349f40189293858b104c7f08f380ff34bd"
"sleep_like_inactivity_10min","16_sleep_like_inactivity_metrics/10min_based/figures/publication_panels/Fig16_quiescence_fragmentation.pdf","analyses/sleep_like_inactivity/10min","figures/publication_panels/Fig16_quiescence_fragmentation.pdf","900932caf27f245cc244ae3676687bd162c049028e6f2fc4a6a69b2518bf5cd2","ready","docs/behavior_output_code_contracts/sleep_like_inactivity_10min.csv","96b99743e2665fa2c3a571632f4b61349f40189293858b104c7f08f380ff34bd"
"sleep_like_inactivity_10min","16_sleep_like_inactivity_metrics/10min_based/figures/publication_panels/Fig16_quiescence_fragmentation.png","analyses/sleep_like_inactivity/10min","figures/publication_panels/Fig16_quiescence_fragmentation.png","cadb119bdd3c3640283016099f177259587f0e88177d33c59de08f410b245f16","ready","docs/behavior_output_code_contracts/sleep_like_inactivity_10min.csv","96b99743e2665fa2c3a571632f4b61349f40189293858b104c7f08f380ff34bd"
"sleep_like_inactivity_10min","16_sleep_like_inactivity_metrics/10min_based/figures/publication_panels/Fig16_quiescence_fragmentation.svg","analyses/sleep_like_inactivity/10min","figures/publication_panels/Fig16_quiescence_fragmentation.svg","973faa3974f8e1025dd0a16bffa6fe2d3ce20454a710ded864b1e1377d139103","ready","docs/behavior_output_code_contracts/sleep_like_inactivity_10min.csv","96b99743e2665fa2c3a571632f4b61349f40189293858b104c7f08f380ff34bd"
"sleep_like_inactivity_10min","16_sleep_like_inactivity_metrics/10min_based/figures/publication_panels/README.txt","analyses/sleep_like_inactivity/10min","figures/publication_panels/README.txt","9b957880bf142e8e7ee5034d698dc3cf630f411fae5bfd345d64fabf57540a90","ready","docs/behavior_output_code_contracts/sleep_like_inactivity_10min.csv","96b99743e2665fa2c3a571632f4b61349f40189293858b104c7f08f380ff34bd"
"sleep_like_inactivity_10min","16_sleep_like_inactivity_metrics/10min_based/figures/qc/README.txt","analyses/sleep_like_inactivity/10min","figures/qc/README.txt","fcc7347cfbb2d92ffff45d2d214694895194bd3da990013d0d8e3d556a6ef029","ready","docs/behavior_output_code_contracts/sleep_like_inactivity_10min.csv","96b99743e2665fa2c3a571632f4b61349f40189293858b104c7f08f380ff34bd"
"sleep_like_inactivity_10min","16_sleep_like_inactivity_metrics/10min_based/figures/supplementary/README.txt","analyses/sleep_like_inactivity/10min","figures/supplementary/README.txt","72409480a7f9877bca1f93d2796bfdde2cf350a81c01a1dd3acfbcd060f10849","ready","docs/behavior_output_code_contracts/sleep_like_inactivity_10min.csv","96b99743e2665fa2c3a571632f4b61349f40189293858b104c7f08f380ff34bd"
"sleep_like_inactivity_10min","16_sleep_like_inactivity_metrics/10min_based/manifest/input_output_manifest.csv","analyses/sleep_like_inactivity/10min","manifest/input_output_manifest.csv","ef1ccd6eb0b2f8f7490a4047934515a7f270c0804f9543703089713257fa2c33","ready","docs/behavior_output_code_contracts/sleep_like_inactivity_10min.csv","96b99743e2665fa2c3a571632f4b61349f40189293858b104c7f08f380ff34bd"
"sleep_like_inactivity_10min","16_sleep_like_inactivity_metrics/10min_based/manifest/output_manifest.csv","analyses/sleep_like_inactivity/10min","manifest/output_manifest.csv","e8b51e0cea810133486ce7a6ec75ea0b51da49c38fe21178676b70665e919796","ready","docs/behavior_output_code_contracts/sleep_like_inactivity_10min.csv","96b99743e2665fa2c3a571632f4b61349f40189293858b104c7f08f380ff34bd"
"sleep_like_inactivity_10min","16_sleep_like_inactivity_metrics/10min_based/output_manifest.csv","analyses/sleep_like_inactivity/10min","output_manifest.csv","e8b51e0cea810133486ce7a6ec75ea0b51da49c38fe21178676b70665e919796","ready","docs/behavior_output_code_contracts/sleep_like_inactivity_10min.csv","96b99743e2665fa2c3a571632f4b61349f40189293858b104c7f08f380ff34bd"
"sleep_like_inactivity_10min","16_sleep_like_inactivity_metrics/10min_based/tables/epoch_duration_qc.csv","analyses/sleep_like_inactivity/10min","tables/epoch_duration_qc.csv","1a9c03e6e911d490c48087cb8d321ddbf4923fa3cd261111230d7f2d5bd88c71","ready","docs/behavior_output_code_contracts/sleep_like_inactivity_10min.csv","96b99743e2665fa2c3a571632f4b61349f40189293858b104c7f08f380ff34bd"
"sleep_like_inactivity_10min","16_sleep_like_inactivity_metrics/10min_based/tables/inactivity_bout_architecture.csv","analyses/sleep_like_inactivity/10min","tables/inactivity_bout_architecture.csv","7e7c9add8703286cebdcaffd8aef03f896cbb893295bc69046c1485c9232a3df","ready","docs/behavior_output_code_contracts/sleep_like_inactivity_10min.csv","96b99743e2665fa2c3a571632f4b61349f40189293858b104c7f08f380ff34bd"
"sleep_like_inactivity_10min","16_sleep_like_inactivity_metrics/10min_based/tables/output_figure_inventory.csv","analyses/sleep_like_inactivity/10min","tables/output_figure_inventory.csv","4a568aed53b81bcd489339e31ffc57be1d78436c199986dce52784ebf0dd7df5","ready","docs/behavior_output_code_contracts/sleep_like_inactivity_10min.csv","96b99743e2665fa2c3a571632f4b61349f40189293858b104c7f08f380ff34bd"
"sleep_like_inactivity_10min","16_sleep_like_inactivity_metrics/10min_based/tables/output_folder_summary.csv","analyses/sleep_like_inactivity/10min","tables/output_folder_summary.csv","eb4fa8e6d93200148d4ed0da7fbdcf50f70edff08fa219152cbd11480b71458b","ready","docs/behavior_output_code_contracts/sleep_like_inactivity_10min.csv","96b99743e2665fa2c3a571632f4b61349f40189293858b104c7f08f380ff34bd"
"sleep_like_inactivity_10min","16_sleep_like_inactivity_metrics/10min_based/tables/sleep_like_inactivity_features.csv","analyses/sleep_like_inactivity/10min","tables/sleep_like_inactivity_features.csv","a540eb263be86c9bd3f2ab94859ad9fcaecb1edd838dcf1f68236020b5a21668","ready","docs/behavior_output_code_contracts/sleep_like_inactivity_10min.csv","96b99743e2665fa2c3a571632f4b61349f40189293858b104c7f08f380ff34bd"
"sleep_like_inactivity_10min","16_sleep_like_inactivity_metrics/10min_based/tables/sleep_like_inactivity_features_duration_tagged_full.csv","analyses/sleep_like_inactivity/10min","tables/sleep_like_inactivity_features_duration_tagged_full.csv","5d79f2236df5257c13bbeeda2a3e62ccad2370823bc7a324c18c020da37119cf","ready","docs/behavior_output_code_contracts/sleep_like_inactivity_10min.csv","96b99743e2665fa2c3a571632f4b61349f40189293858b104c7f08f380ff34bd"
"sleep_like_inactivity_10min","16_sleep_like_inactivity_metrics/10min_based/tables/sleep_like_inactivity_features_excluding_short_duration.csv","analyses/sleep_like_inactivity/10min","tables/sleep_like_inactivity_features_excluding_short_duration.csv","e53980c4b28befc9fd7b4ecc272e26c741dcf2ae53dcd0e87acdd5726eed5f49","ready","docs/behavior_output_code_contracts/sleep_like_inactivity_10min.csv","96b99743e2665fa2c3a571632f4b61349f40189293858b104c7f08f380ff34bd"
"sleep_like_inactivity_10min","16_sleep_like_inactivity_metrics/10min_based/tables/sleep_like_inactivity_interpretation_guide.csv","analyses/sleep_like_inactivity/10min","tables/sleep_like_inactivity_interpretation_guide.csv","2171604b90c69e77140ee860c1bdd3e5e2c5d5a051aedc5c999dec10f67c2b40","ready","docs/behavior_output_code_contracts/sleep_like_inactivity_10min.csv","96b99743e2665fa2c3a571632f4b61349f40189293858b104c7f08f380ff34bd"
"phase_organization_10min","17_ethological_phase_organization/10min_based/figures/exploratory/README.txt","analyses/phase_organization/10min","figures/exploratory/README.txt","7c55015964e5c3d731055c51390e0cce86dc97a263317edcab388117e11eda54","ready","docs/behavior_output_code_contracts/phase_organization_10min.csv","913d8f87f1b73fa1d871318f2e252097512296bfce6392dd4acbc4348c961b7c"
"phase_organization_10min","17_ethological_phase_organization/10min_based/figures/interactive/README.txt","analyses/phase_organization/10min","figures/interactive/README.txt","04a93a9db626de7962d449170c58971355320ac8caedf223705da54c56ce935b","ready","docs/behavior_output_code_contracts/phase_organization_10min.csv","913d8f87f1b73fa1d871318f2e252097512296bfce6392dd4acbc4348c961b7c"
"phase_organization_10min","17_ethological_phase_organization/10min_based/figures/publication_panels/Fig17_phase_contrast_overview.pdf","analyses/phase_organization/10min","figures/publication_panels/Fig17_phase_contrast_overview.pdf","66167aa281097d5dc3742a352349b5edbaf789acef23e8b8b075a34b6963742d","ready","docs/behavior_output_code_contracts/phase_organization_10min.csv","913d8f87f1b73fa1d871318f2e252097512296bfce6392dd4acbc4348c961b7c"
"phase_organization_10min","17_ethological_phase_organization/10min_based/figures/publication_panels/Fig17_phase_contrast_overview.png","analyses/phase_organization/10min","figures/publication_panels/Fig17_phase_contrast_overview.png","24082df33f4a3ac9bee880f79fb83e289f84c045ef329cf1174275e4395684ce","ready","docs/behavior_output_code_contracts/phase_organization_10min.csv","913d8f87f1b73fa1d871318f2e252097512296bfce6392dd4acbc4348c961b7c"
"phase_organization_10min","17_ethological_phase_organization/10min_based/figures/publication_panels/Fig17_phase_contrast_overview.svg","analyses/phase_organization/10min","figures/publication_panels/Fig17_phase_contrast_overview.svg","1e54df74fbf67a25a983c1e8b2c78735d516a6295b8614ea1a377544ff0a7d0a","ready","docs/behavior_output_code_contracts/phase_organization_10min.csv","913d8f87f1b73fa1d871318f2e252097512296bfce6392dd4acbc4348c961b7c"
"phase_organization_10min","17_ethological_phase_organization/10min_based/figures/publication_panels/README.txt","analyses/phase_organization/10min","figures/publication_panels/README.txt","9b957880bf142e8e7ee5034d698dc3cf630f411fae5bfd345d64fabf57540a90","ready","docs/behavior_output_code_contracts/phase_organization_10min.csv","913d8f87f1b73fa1d871318f2e252097512296bfce6392dd4acbc4348c961b7c"
"phase_organization_10min","17_ethological_phase_organization/10min_based/figures/qc/README.txt","analyses/phase_organization/10min","figures/qc/README.txt","fcc7347cfbb2d92ffff45d2d214694895194bd3da990013d0d8e3d556a6ef029","ready","docs/behavior_output_code_contracts/phase_organization_10min.csv","913d8f87f1b73fa1d871318f2e252097512296bfce6392dd4acbc4348c961b7c"
"phase_organization_10min","17_ethological_phase_organization/10min_based/figures/supplementary/README.txt","analyses/phase_organization/10min","figures/supplementary/README.txt","72409480a7f9877bca1f93d2796bfdde2cf350a81c01a1dd3acfbcd060f10849","ready","docs/behavior_output_code_contracts/phase_organization_10min.csv","913d8f87f1b73fa1d871318f2e252097512296bfce6392dd4acbc4348c961b7c"
"phase_organization_10min","17_ethological_phase_organization/10min_based/manifest/input_output_manifest.csv","analyses/phase_organization/10min","manifest/input_output_manifest.csv","9a133db1a55f55704ae1d60f4851f8345f3c794bd6c6796791fb3314a0cc0d95","ready","docs/behavior_output_code_contracts/phase_organization_10min.csv","913d8f87f1b73fa1d871318f2e252097512296bfce6392dd4acbc4348c961b7c"
"phase_organization_10min","17_ethological_phase_organization/10min_based/manifest/output_manifest.csv","analyses/phase_organization/10min","manifest/output_manifest.csv","b4ce5630739527d55d64968152591f009c46f393791bc5536ad89e5b35dd6ae4","ready","docs/behavior_output_code_contracts/phase_organization_10min.csv","913d8f87f1b73fa1d871318f2e252097512296bfce6392dd4acbc4348c961b7c"
"phase_organization_10min","17_ethological_phase_organization/10min_based/output_manifest.csv","analyses/phase_organization/10min","output_manifest.csv","b4ce5630739527d55d64968152591f009c46f393791bc5536ad89e5b35dd6ae4","ready","docs/behavior_output_code_contracts/phase_organization_10min.csv","913d8f87f1b73fa1d871318f2e252097512296bfce6392dd4acbc4348c961b7c"
"phase_organization_10min","17_ethological_phase_organization/10min_based/tables/epoch_duration_qc.csv","analyses/phase_organization/10min","tables/epoch_duration_qc.csv","b12166c6ce9d548c0af04c4fbca53d8782349b3dc1aa8080011214ce462042bc","ready","docs/behavior_output_code_contracts/phase_organization_10min.csv","913d8f87f1b73fa1d871318f2e252097512296bfce6392dd4acbc4348c961b7c"
"phase_organization_10min","17_ethological_phase_organization/10min_based/tables/output_figure_inventory.csv","analyses/phase_organization/10min","tables/output_figure_inventory.csv","fffe036f7de9c812953d73bf21d78a6290df0833cdbcf438d03b72ad988a1f6c","ready","docs/behavior_output_code_contracts/phase_organization_10min.csv","913d8f87f1b73fa1d871318f2e252097512296bfce6392dd4acbc4348c961b7c"
"phase_organization_10min","17_ethological_phase_organization/10min_based/tables/output_folder_summary.csv","analyses/phase_organization/10min","tables/output_folder_summary.csv","eb4fa8e6d93200148d4ed0da7fbdcf50f70edff08fa219152cbd11480b71458b","ready","docs/behavior_output_code_contracts/phase_organization_10min.csv","913d8f87f1b73fa1d871318f2e252097512296bfce6392dd4acbc4348c961b7c"
"phase_organization_10min","17_ethological_phase_organization/10min_based/tables/phase_contrast_features.csv","analyses/phase_organization/10min","tables/phase_contrast_features.csv","0208aace567f8fa31525f3cf8b30ce69f0ac2b61e8b8c44e25f79b5c57f31937","ready","docs/behavior_output_code_contracts/phase_organization_10min.csv","913d8f87f1b73fa1d871318f2e252097512296bfce6392dd4acbc4348c961b7c"
"phase_organization_10min","17_ethological_phase_organization/10min_based/tables/phase_contrast_features_duration_tagged_full.csv","analyses/phase_organization/10min","tables/phase_contrast_features_duration_tagged_full.csv","9bf432f5f4d7156582262de4e28e93cf35b319d2d23f1d2c1feaa6768efcde35","ready","docs/behavior_output_code_contracts/phase_organization_10min.csv","913d8f87f1b73fa1d871318f2e252097512296bfce6392dd4acbc4348c961b7c"
"phase_organization_10min","17_ethological_phase_organization/10min_based/tables/phase_contrast_features_excluding_short_duration.csv","analyses/phase_organization/10min","tables/phase_contrast_features_excluding_short_duration.csv","d241950a0c7b7432fba282091ab9167d4a3c5d27d5ffb5d7eb39a09b23070506","ready","docs/behavior_output_code_contracts/phase_organization_10min.csv","913d8f87f1b73fa1d871318f2e252097512296bfce6392dd4acbc4348c961b7c"
"phase_organization_10min","17_ethological_phase_organization/10min_based/tables/phase_fragmentation_features.csv","analyses/phase_organization/10min","tables/phase_fragmentation_features.csv","9b951fbb8326ef7fdf67ff78b49890ec6f0c823647d182bc5ae87cf661e22689","ready","docs/behavior_output_code_contracts/phase_organization_10min.csv","913d8f87f1b73fa1d871318f2e252097512296bfce6392dd4acbc4348c961b7c"
"phase_organization_10min","17_ethological_phase_organization/10min_based/tables/phase_organization_interpretation_guide.csv","analyses/phase_organization/10min","tables/phase_organization_interpretation_guide.csv","3085d4e38c585fe7b38465d5c95ce34d1b56bdc77d22c46e4c15f12742e11e9b","ready","docs/behavior_output_code_contracts/phase_organization_10min.csv","913d8f87f1b73fa1d871318f2e252097512296bfce6392dd4acbc4348c961b7c"
"phase_organization_10min","17_ethological_phase_organization/10min_based/tables/phase_predictability_features.csv","analyses/phase_organization/10min","tables/phase_predictability_features.csv","92f6e970acb2cd4449a4e100f444e15136d6b1597e2e032c3d722fbd0aceaff6","ready","docs/behavior_output_code_contracts/phase_organization_10min.csv","913d8f87f1b73fa1d871318f2e252097512296bfce6392dd4acbc4348c961b7c"
"phase_organization_10min","17_ethological_phase_organization/10min_based/tables/phase_recovery_kinetics.csv","analyses/phase_organization/10min","tables/phase_recovery_kinetics.csv","e6c14a6df57f21c66c4c59bdac66c0587026954dcd96ec831f280b52a2b2f5b2","ready","docs/behavior_output_code_contracts/phase_organization_10min.csv","913d8f87f1b73fa1d871318f2e252097512296bfce6392dd4acbc4348c961b7c"
"phase_organization_10min","17_ethological_phase_organization/10min_based/tables/phase_timing_features.csv","analyses/phase_organization/10min","tables/phase_timing_features.csv","4b43c3a089004ffc366ff705cd9f0eb2dc66f58c78288578b36a0a377b9636a9","ready","docs/behavior_output_code_contracts/phase_organization_10min.csv","913d8f87f1b73fa1d871318f2e252097512296bfce6392dd4acbc4348c961b7c"
"nonlinear_dynamics_5min","13_nonlinear_systems_dynamics/5min_based/derived_data/animal_level_nonlinear_embedding_scores.csv","analyses/nonlinear_dynamics/5min","derived_data/animal_level_nonlinear_embedding_scores.csv","5a1c1d0810925187912f90005834ea542a8a7cdd68f27468d83ab66e30cdb1ef","ready","docs/behavior_output_code_contracts/nonlinear_dynamics_5min.csv","99674ae9d834665c82e8d0994b1f5d5090e4a85f25d1b86318fae193a4ad6f87"
"nonlinear_dynamics_5min","13_nonlinear_systems_dynamics/5min_based/derived_data/animal_level_nonlinear_feature_matrix.csv","analyses/nonlinear_dynamics/5min","derived_data/animal_level_nonlinear_feature_matrix.csv","6e9914f4d24ca1d4b9b38391f25223cd9adbf58b4b5f4dc68c11af389ce59c50","ready","docs/behavior_output_code_contracts/nonlinear_dynamics_5min.csv","99674ae9d834665c82e8d0994b1f5d5090e4a85f25d1b86318fae193a4ad6f87"
"nonlinear_dynamics_5min","13_nonlinear_systems_dynamics/5min_based/derived_data/distance_to_sex_matched_control_manifold.csv","analyses/nonlinear_dynamics/5min","derived_data/distance_to_sex_matched_control_manifold.csv","778f490079187703dfdbdb394b9904e7aa7894e640f6017e617b2298eb3adf40","ready","docs/behavior_output_code_contracts/nonlinear_dynamics_5min.csv","99674ae9d834665c82e8d0994b1f5d5090e4a85f25d1b86318fae193a4ad6f87"
"nonlinear_dynamics_5min","13_nonlinear_systems_dynamics/5min_based/derived_data/early_active_group_recurrence_similarity_maps.csv","analyses/nonlinear_dynamics/5min","derived_data/early_active_group_recurrence_similarity_maps.csv","b49b4565b042f04dad6d536eb5c4ba3df6b6e8f5c6ee0bd1de3ed6706078ae2b","ready","docs/behavior_output_code_contracts/nonlinear_dynamics_5min.csv","99674ae9d834665c82e8d0994b1f5d5090e4a85f25d1b86318fae193a4ad6f87"
"nonlinear_dynamics_5min","13_nonlinear_systems_dynamics/5min_based/derived_data/early_active_latent_state_group_trajectories.csv","analyses/nonlinear_dynamics/5min","derived_data/early_active_latent_state_group_trajectories.csv","7ea0ac7f46b89be1eb13ccc448ce406e5e3a128e057019df42f10bf16b053202","ready","docs/behavior_output_code_contracts/nonlinear_dynamics_5min.csv","99674ae9d834665c82e8d0994b1f5d5090e4a85f25d1b86318fae193a4ad6f87"
"nonlinear_dynamics_5min","13_nonlinear_systems_dynamics/5min_based/derived_data/early_active_latent_state_scores.csv","analyses/nonlinear_dynamics/5min","derived_data/early_active_latent_state_scores.csv","49853d461bf156fc1224fece62721ba6f89420caf6463d94bb3ce553771f0cd7","ready","docs/behavior_output_code_contracts/nonlinear_dynamics_5min.csv","99674ae9d834665c82e8d0994b1f5d5090e4a85f25d1b86318fae193a4ad6f87"
"nonlinear_dynamics_5min","13_nonlinear_systems_dynamics/5min_based/derived_data/early_active_state_occupancy_by_animal.csv","analyses/nonlinear_dynamics/5min","derived_data/early_active_state_occupancy_by_animal.csv","3683e110bf1ea8c02159f62669fa00aa2da2bc83b38aec01ff8464cdac055212","ready","docs/behavior_output_code_contracts/nonlinear_dynamics_5min.csv","99674ae9d834665c82e8d0994b1f5d5090e4a85f25d1b86318fae193a4ad6f87"
"nonlinear_dynamics_5min","13_nonlinear_systems_dynamics/5min_based/derived_data/early_active_state_transition_probabilities_by_sex.csv","analyses/nonlinear_dynamics/5min","derived_data/early_active_state_transition_probabilities_by_sex.csv","7138db00033f40ce21568d132cebce24082118a083a05cd88a3ebd740d42ff13","ready","docs/behavior_output_code_contracts/nonlinear_dynamics_5min.csv","99674ae9d834665c82e8d0994b1f5d5090e4a85f25d1b86318fae193a4ad6f87"
"nonlinear_dynamics_5min","13_nonlinear_systems_dynamics/5min_based/derived_data/early_active_unsupervised_behavioral_states.csv","analyses/nonlinear_dynamics/5min","derived_data/early_active_unsupervised_behavioral_states.csv","695b228f4801db781356418b114f43294aab7e9f30005a8d0b6b519d5ca22841","ready","docs/behavior_output_code_contracts/nonlinear_dynamics_5min.csv","99674ae9d834665c82e8d0994b1f5d5090e4a85f25d1b86318fae193a4ad6f87"
"nonlinear_dynamics_5min","13_nonlinear_systems_dynamics/5min_based/derived_data/first_active_phase_cage_change_1_first_12h_animal_features.csv","analyses/nonlinear_dynamics/5min","derived_data/first_active_phase_cage_change_1_first_12h_animal_features.csv","ce4022e26cda8f5b665d64d95908de4a9e5ee3ee8dceeab8ae01965b62a0f2ec","ready","docs/behavior_output_code_contracts/nonlinear_dynamics_5min.csv","99674ae9d834665c82e8d0994b1f5d5090e4a85f25d1b86318fae193a4ad6f87"
"nonlinear_dynamics_5min","13_nonlinear_systems_dynamics/5min_based/derived_data/nonlinear_systems_analysis_summary.csv","analyses/nonlinear_dynamics/5min","derived_data/nonlinear_systems_analysis_summary.csv","dc70d401313c440c64526b07371b74dfcf70b135d90480b229a1a4adbbc466ec","ready","docs/behavior_output_code_contracts/nonlinear_dynamics_5min.csv","99674ae9d834665c82e8d0994b1f5d5090e4a85f25d1b86318fae193a4ad6f87"
"nonlinear_dynamics_5min","13_nonlinear_systems_dynamics/5min_based/derived_data/phase_specific_first_12h_by_cage_change_animal_features.csv","analyses/nonlinear_dynamics/5min","derived_data/phase_specific_first_12h_by_cage_change_animal_features.csv","b72392ed252fe363e0600cc4949538e11565451e618a8a57693de7f8378444ad","ready","docs/behavior_output_code_contracts/nonlinear_dynamics_5min.csv","99674ae9d834665c82e8d0994b1f5d5090e4a85f25d1b86318fae193a4ad6f87"
"nonlinear_dynamics_5min","13_nonlinear_systems_dynamics/5min_based/derived_data/unsupervised_behavioral_state_cluster_labels.csv","analyses/nonlinear_dynamics/5min","derived_data/unsupervised_behavioral_state_cluster_labels.csv","45bc70c65c8d81da3df0ca869c8c4a170144a8e563f317fe9d5d58b46515112a","ready","docs/behavior_output_code_contracts/nonlinear_dynamics_5min.csv","99674ae9d834665c82e8d0994b1f5d5090e4a85f25d1b86318fae193a4ad6f87"
"nonlinear_dynamics_5min","13_nonlinear_systems_dynamics/5min_based/figures/exploratory/README.txt","analyses/nonlinear_dynamics/5min","figures/exploratory/README.txt","7c55015964e5c3d731055c51390e0cce86dc97a263317edcab388117e11eda54","ready","docs/behavior_output_code_contracts/nonlinear_dynamics_5min.csv","99674ae9d834665c82e8d0994b1f5d5090e4a85f25d1b86318fae193a4ad6f87"
"nonlinear_dynamics_5min","13_nonlinear_systems_dynamics/5min_based/figures/first_cage_change_active_12h/first_active_phase_cage_change_1_first_12h_group_differences.pdf","analyses/nonlinear_dynamics/5min","figures/first_cage_change_active_12h/first_active_phase_cage_change_1_first_12h_group_differences.pdf","f18587d482df2ff32f29fd9718311e28e33acd23915fd9c02df265af3fa6d78b","ready","docs/behavior_output_code_contracts/nonlinear_dynamics_5min.csv","99674ae9d834665c82e8d0994b1f5d5090e4a85f25d1b86318fae193a4ad6f87"
"nonlinear_dynamics_5min","13_nonlinear_systems_dynamics/5min_based/figures/first_cage_change_active_12h/first_active_phase_cage_change_1_first_12h_group_differences.png","analyses/nonlinear_dynamics/5min","figures/first_cage_change_active_12h/first_active_phase_cage_change_1_first_12h_group_differences.png","943ce285c606a87d0cde3208b5d238bf29d02e7c26dc4cd80620722ad84dbcc1","ready","docs/behavior_output_code_contracts/nonlinear_dynamics_5min.csv","99674ae9d834665c82e8d0994b1f5d5090e4a85f25d1b86318fae193a4ad6f87"
"nonlinear_dynamics_5min","13_nonlinear_systems_dynamics/5min_based/figures/first_cage_change_active_12h/first_active_phase_cage_change_1_first_12h_group_differences.svg","analyses/nonlinear_dynamics/5min","figures/first_cage_change_active_12h/first_active_phase_cage_change_1_first_12h_group_differences.svg","f4cc7820904ed979b358defcc811b6512d3bcf1b9b5c11fb62a01cef183736f6","ready","docs/behavior_output_code_contracts/nonlinear_dynamics_5min.csv","99674ae9d834665c82e8d0994b1f5d5090e4a85f25d1b86318fae193a4ad6f87"
"nonlinear_dynamics_5min","13_nonlinear_systems_dynamics/5min_based/figures/interactive/README.txt","analyses/nonlinear_dynamics/5min","figures/interactive/README.txt","04a93a9db626de7962d449170c58971355320ac8caedf223705da54c56ce935b","ready","docs/behavior_output_code_contracts/nonlinear_dynamics_5min.csv","99674ae9d834665c82e8d0994b1f5d5090e4a85f25d1b86318fae193a4ad6f87"
"nonlinear_dynamics_5min","13_nonlinear_systems_dynamics/5min_based/figures/manuscript_panels/Fig13D_umap_behavioral_manifold.pdf","analyses/nonlinear_dynamics/5min","figures/manuscript_panels/Fig13D_umap_behavioral_manifold.pdf","06df7ed09256356e9c9cb25db187885e75db597563f864a8898d7d6d4f8c7401","ready","docs/behavior_output_code_contracts/nonlinear_dynamics_5min.csv","99674ae9d834665c82e8d0994b1f5d5090e4a85f25d1b86318fae193a4ad6f87"
"nonlinear_dynamics_5min","13_nonlinear_systems_dynamics/5min_based/figures/manuscript_panels/Fig13D_umap_behavioral_manifold.png","analyses/nonlinear_dynamics/5min","figures/manuscript_panels/Fig13D_umap_behavioral_manifold.png","11ec2a64fa9e8e0fd68e241301d77cbd22e1768f7020718576c5ef6ee755555f","ready","docs/behavior_output_code_contracts/nonlinear_dynamics_5min.csv","99674ae9d834665c82e8d0994b1f5d5090e4a85f25d1b86318fae193a4ad6f87"
"nonlinear_dynamics_5min","13_nonlinear_systems_dynamics/5min_based/figures/manuscript_panels/Fig13D_umap_behavioral_manifold.svg","analyses/nonlinear_dynamics/5min","figures/manuscript_panels/Fig13D_umap_behavioral_manifold.svg","cce2f2393a1e45011679a69370c440c542343db98a4f98998cd85f454cf5ad70","ready","docs/behavior_output_code_contracts/nonlinear_dynamics_5min.csv","99674ae9d834665c82e8d0994b1f5d5090e4a85f25d1b86318fae193a4ad6f87"
"nonlinear_dynamics_5min","13_nonlinear_systems_dynamics/5min_based/figures/manuscript_panels/Fig13E_diffusion_behavioral_geometry.pdf","analyses/nonlinear_dynamics/5min","figures/manuscript_panels/Fig13E_diffusion_behavioral_geometry.pdf","d1720ed323104e08b9c118be5f2208cac5bac29b7274da8d3a80d51b2f8ac2cb","ready","docs/behavior_output_code_contracts/nonlinear_dynamics_5min.csv","99674ae9d834665c82e8d0994b1f5d5090e4a85f25d1b86318fae193a4ad6f87"
"nonlinear_dynamics_5min","13_nonlinear_systems_dynamics/5min_based/figures/manuscript_panels/Fig13E_diffusion_behavioral_geometry.png","analyses/nonlinear_dynamics/5min","figures/manuscript_panels/Fig13E_diffusion_behavioral_geometry.png","b445f7854e956a0254c19067bbdd1ccbd7d44fd4a6157efb856cf63f6a0f7bce","ready","docs/behavior_output_code_contracts/nonlinear_dynamics_5min.csv","99674ae9d834665c82e8d0994b1f5d5090e4a85f25d1b86318fae193a4ad6f87"
"nonlinear_dynamics_5min","13_nonlinear_systems_dynamics/5min_based/figures/manuscript_panels/Fig13E_diffusion_behavioral_geometry.svg","analyses/nonlinear_dynamics/5min","figures/manuscript_panels/Fig13E_diffusion_behavioral_geometry.svg","8f4e05e66a3478ca472ce0a99fe020056b2810f8d2322ab6fe77375c18acf16f","ready","docs/behavior_output_code_contracts/nonlinear_dynamics_5min.csv","99674ae9d834665c82e8d0994b1f5d5090e4a85f25d1b86318fae193a4ad6f87"
"nonlinear_dynamics_5min","13_nonlinear_systems_dynamics/5min_based/figures/manuscript_panels/Fig13F_isomap_behavioral_manifold.pdf","analyses/nonlinear_dynamics/5min","figures/manuscript_panels/Fig13F_isomap_behavioral_manifold.pdf","732ccd3705b585f60acfddeae474e18d363214ba0d099991da93f9ecd3e87b16","ready","docs/behavior_output_code_contracts/nonlinear_dynamics_5min.csv","99674ae9d834665c82e8d0994b1f5d5090e4a85f25d1b86318fae193a4ad6f87"
"nonlinear_dynamics_5min","13_nonlinear_systems_dynamics/5min_based/figures/manuscript_panels/Fig13F_isomap_behavioral_manifold.png","analyses/nonlinear_dynamics/5min","figures/manuscript_panels/Fig13F_isomap_behavioral_manifold.png","6ddc5347ae9dafc72d7c46f14f00e3ae0e200c5bdda38a25557299fd48b7b73f","ready","docs/behavior_output_code_contracts/nonlinear_dynamics_5min.csv","99674ae9d834665c82e8d0994b1f5d5090e4a85f25d1b86318fae193a4ad6f87"
"nonlinear_dynamics_5min","13_nonlinear_systems_dynamics/5min_based/figures/manuscript_panels/Fig13F_isomap_behavioral_manifold.svg","analyses/nonlinear_dynamics/5min","figures/manuscript_panels/Fig13F_isomap_behavioral_manifold.svg","605190e5391658eb6c866e27684cc12cf17a86bb9c68d08ab599209b6bd383c6","ready","docs/behavior_output_code_contracts/nonlinear_dynamics_5min.csv","99674ae9d834665c82e8d0994b1f5d5090e4a85f25d1b86318fae193a4ad6f87"
"nonlinear_dynamics_5min","13_nonlinear_systems_dynamics/5min_based/figures/manuscript_panels/Fig13G_early_active_latent_state_trajectories.pdf","analyses/nonlinear_dynamics/5min","figures/manuscript_panels/Fig13G_early_active_latent_state_trajectories.pdf","d0a315bfaece9d723cd8110416a5a8d13d5c68c1343b571100464f1f61f5e335","ready","docs/behavior_output_code_contracts/nonlinear_dynamics_5min.csv","99674ae9d834665c82e8d0994b1f5d5090e4a85f25d1b86318fae193a4ad6f87"
"nonlinear_dynamics_5min","13_nonlinear_systems_dynamics/5min_based/figures/manuscript_panels/Fig13G_early_active_latent_state_trajectories.png","analyses/nonlinear_dynamics/5min","figures/manuscript_panels/Fig13G_early_active_latent_state_trajectories.png","ff61898de88ac824ae748ca5088a26dcf2bdc7d151a50d494ad4d74e7764c747","ready","docs/behavior_output_code_contracts/nonlinear_dynamics_5min.csv","99674ae9d834665c82e8d0994b1f5d5090e4a85f25d1b86318fae193a4ad6f87"
"nonlinear_dynamics_5min","13_nonlinear_systems_dynamics/5min_based/figures/manuscript_panels/Fig13G_early_active_latent_state_trajectories.svg","analyses/nonlinear_dynamics/5min","figures/manuscript_panels/Fig13G_early_active_latent_state_trajectories.svg","a20b332c05f315fe594a23f9b13ae8dea97fee6c7db137068fd8bbd07ac01273","ready","docs/behavior_output_code_contracts/nonlinear_dynamics_5min.csv","99674ae9d834665c82e8d0994b1f5d5090e4a85f25d1b86318fae193a4ad6f87"
"nonlinear_dynamics_5min","13_nonlinear_systems_dynamics/5min_based/figures/manuscript_panels/Fig13H_early_active_markov_transition_heatmap.pdf","analyses/nonlinear_dynamics/5min","figures/manuscript_panels/Fig13H_early_active_markov_transition_heatmap.pdf","49d6266945b888f235dc0aaced8d06c4d0789a5e13d9beb7d884a1de26f40fb3","ready","docs/behavior_output_code_contracts/nonlinear_dynamics_5min.csv","99674ae9d834665c82e8d0994b1f5d5090e4a85f25d1b86318fae193a4ad6f87"
"nonlinear_dynamics_5min","13_nonlinear_systems_dynamics/5min_based/figures/manuscript_panels/Fig13H_early_active_markov_transition_heatmap.png","analyses/nonlinear_dynamics/5min","figures/manuscript_panels/Fig13H_early_active_markov_transition_heatmap.png","d720d5af502143c360325410dcc691739e44a335f4eb6b893705c3ee80457209","ready","docs/behavior_output_code_contracts/nonlinear_dynamics_5min.csv","99674ae9d834665c82e8d0994b1f5d5090e4a85f25d1b86318fae193a4ad6f87"
"nonlinear_dynamics_5min","13_nonlinear_systems_dynamics/5min_based/figures/manuscript_panels/Fig13H_early_active_markov_transition_heatmap.svg","analyses/nonlinear_dynamics/5min","figures/manuscript_panels/Fig13H_early_active_markov_transition_heatmap.svg","a867eb9240d7d35466805c9c454914a0643c091283164cdae7349f2a137d23ea","ready","docs/behavior_output_code_contracts/nonlinear_dynamics_5min.csv","99674ae9d834665c82e8d0994b1f5d5090e4a85f25d1b86318fae193a4ad6f87"
"nonlinear_dynamics_5min","13_nonlinear_systems_dynamics/5min_based/figures/manuscript_panels/Fig13I_early_active_state_occupancy.pdf","analyses/nonlinear_dynamics/5min","figures/manuscript_panels/Fig13I_early_active_state_occupancy.pdf","5acb851de4595b09f85220bf9260a0a4ff2a6f78eb09448a8fb023feb89db1d6","ready","docs/behavior_output_code_contracts/nonlinear_dynamics_5min.csv","99674ae9d834665c82e8d0994b1f5d5090e4a85f25d1b86318fae193a4ad6f87"
"nonlinear_dynamics_5min","13_nonlinear_systems_dynamics/5min_based/figures/manuscript_panels/Fig13I_early_active_state_occupancy.png","analyses/nonlinear_dynamics/5min","figures/manuscript_panels/Fig13I_early_active_state_occupancy.png","5731b3626630e435205307fdf573495898d4377f20c87488291d0905733a7e63","ready","docs/behavior_output_code_contracts/nonlinear_dynamics_5min.csv","99674ae9d834665c82e8d0994b1f5d5090e4a85f25d1b86318fae193a4ad6f87"
"nonlinear_dynamics_5min","13_nonlinear_systems_dynamics/5min_based/figures/manuscript_panels/Fig13I_early_active_state_occupancy.svg","analyses/nonlinear_dynamics/5min","figures/manuscript_panels/Fig13I_early_active_state_occupancy.svg","a6bd0bada10e925519f3a29da4f0c4932d9b104a7a917ee44689fe3f0bf62b24","ready","docs/behavior_output_code_contracts/nonlinear_dynamics_5min.csv","99674ae9d834665c82e8d0994b1f5d5090e4a85f25d1b86318fae193a4ad6f87"
"nonlinear_dynamics_5min","13_nonlinear_systems_dynamics/5min_based/figures/manuscript_panels/Fig13J_early_active_recurrence_similarity_maps.pdf","analyses/nonlinear_dynamics/5min","figures/manuscript_panels/Fig13J_early_active_recurrence_similarity_maps.pdf","ed735812aa42e340ac9b9c20bb420b798c9dd5cba9b55c6c3f1644318a8178aa","ready","docs/behavior_output_code_contracts/nonlinear_dynamics_5min.csv","99674ae9d834665c82e8d0994b1f5d5090e4a85f25d1b86318fae193a4ad6f87"
"nonlinear_dynamics_5min","13_nonlinear_systems_dynamics/5min_based/figures/manuscript_panels/Fig13J_early_active_recurrence_similarity_maps.png","analyses/nonlinear_dynamics/5min","figures/manuscript_panels/Fig13J_early_active_recurrence_similarity_maps.png","dd464e06a5899e7679d5bc569ea2a4749b10a83d2a1f24956e8b997628759d4e","ready","docs/behavior_output_code_contracts/nonlinear_dynamics_5min.csv","99674ae9d834665c82e8d0994b1f5d5090e4a85f25d1b86318fae193a4ad6f87"
"nonlinear_dynamics_5min","13_nonlinear_systems_dynamics/5min_based/figures/manuscript_panels/Fig13J_early_active_recurrence_similarity_maps.svg","analyses/nonlinear_dynamics/5min","figures/manuscript_panels/Fig13J_early_active_recurrence_similarity_maps.svg","6c76c810bb6a10592ee0f67f37cddbb138dcb63001415c7215b299c2a43185ab","ready","docs/behavior_output_code_contracts/nonlinear_dynamics_5min.csv","99674ae9d834665c82e8d0994b1f5d5090e4a85f25d1b86318fae193a4ad6f87"
"nonlinear_dynamics_5min","13_nonlinear_systems_dynamics/5min_based/figures/manuscript_panels/Fig13N_distance_to_sex_matched_control_manifold.pdf","analyses/nonlinear_dynamics/5min","figures/manuscript_panels/Fig13N_distance_to_sex_matched_control_manifold.pdf","c1de77e3cea3be905389ab8a444393e8ab43595bf0194502b4c5339b74ece2e8","ready","docs/behavior_output_code_contracts/nonlinear_dynamics_5min.csv","99674ae9d834665c82e8d0994b1f5d5090e4a85f25d1b86318fae193a4ad6f87"
"nonlinear_dynamics_5min","13_nonlinear_systems_dynamics/5min_based/figures/manuscript_panels/Fig13N_distance_to_sex_matched_control_manifold.png","analyses/nonlinear_dynamics/5min","figures/manuscript_panels/Fig13N_distance_to_sex_matched_control_manifold.png","53fa56203e10aad71032989f69bd31bde1da96c88024bf4f1d69358cb1cb86ad","ready","docs/behavior_output_code_contracts/nonlinear_dynamics_5min.csv","99674ae9d834665c82e8d0994b1f5d5090e4a85f25d1b86318fae193a4ad6f87"
"nonlinear_dynamics_5min","13_nonlinear_systems_dynamics/5min_based/figures/manuscript_panels/Fig13N_distance_to_sex_matched_control_manifold.svg","analyses/nonlinear_dynamics/5min","figures/manuscript_panels/Fig13N_distance_to_sex_matched_control_manifold.svg","686c92a3f5fc5264a5f9c5f0bd6d7f9e0e47f7b49fa6df735afb40f2a5803250","ready","docs/behavior_output_code_contracts/nonlinear_dynamics_5min.csv","99674ae9d834665c82e8d0994b1f5d5090e4a85f25d1b86318fae193a4ad6f87"
"nonlinear_dynamics_5min","13_nonlinear_systems_dynamics/5min_based/figures/phase_sex_cage_change_trajectories/phase_specific_first_12h_group_trajectories_by_sex_and_cage_change.pdf","analyses/nonlinear_dynamics/5min","figures/phase_sex_cage_change_trajectories/phase_specific_first_12h_group_trajectories_by_sex_and_cage_change.pdf","83ff04b26f3abc599df7331f422f8116b390038ea37261ddaefbd88b9f891697","ready","docs/behavior_output_code_contracts/nonlinear_dynamics_5min.csv","99674ae9d834665c82e8d0994b1f5d5090e4a85f25d1b86318fae193a4ad6f87"
"nonlinear_dynamics_5min","13_nonlinear_systems_dynamics/5min_based/figures/phase_sex_cage_change_trajectories/phase_specific_first_12h_group_trajectories_by_sex_and_cage_change.png","analyses/nonlinear_dynamics/5min","figures/phase_sex_cage_change_trajectories/phase_specific_first_12h_group_trajectories_by_sex_and_cage_change.png","724c0a9087ffebe37c12d07b9d8beab68ef1922f92f743109b9dfca5bea7e176","ready","docs/behavior_output_code_contracts/nonlinear_dynamics_5min.csv","99674ae9d834665c82e8d0994b1f5d5090e4a85f25d1b86318fae193a4ad6f87"
"nonlinear_dynamics_5min","13_nonlinear_systems_dynamics/5min_based/figures/phase_sex_cage_change_trajectories/phase_specific_first_12h_group_trajectories_by_sex_and_cage_change.svg","analyses/nonlinear_dynamics/5min","figures/phase_sex_cage_change_trajectories/phase_specific_first_12h_group_trajectories_by_sex_and_cage_change.svg","dde4fe2429bb9c83ef247debe83ef83be923318fe1e5c663b31c9196b013d500","ready","docs/behavior_output_code_contracts/nonlinear_dynamics_5min.csv","99674ae9d834665c82e8d0994b1f5d5090e4a85f25d1b86318fae193a4ad6f87"
"nonlinear_dynamics_5min","13_nonlinear_systems_dynamics/5min_based/figures/phase_sex_cage_change_trajectories/phase_specific_first_12h_longitudinal_effect_size_heatmap.pdf","analyses/nonlinear_dynamics/5min","figures/phase_sex_cage_change_trajectories/phase_specific_first_12h_longitudinal_effect_size_heatmap.pdf","4e697430664594dec67290618d963a8e98c5280488d8f8560b8e54b78f33d14f","ready","docs/behavior_output_code_contracts/nonlinear_dynamics_5min.csv","99674ae9d834665c82e8d0994b1f5d5090e4a85f25d1b86318fae193a4ad6f87"
"nonlinear_dynamics_5min","13_nonlinear_systems_dynamics/5min_based/figures/phase_sex_cage_change_trajectories/phase_specific_first_12h_longitudinal_effect_size_heatmap.png","analyses/nonlinear_dynamics/5min","figures/phase_sex_cage_change_trajectories/phase_specific_first_12h_longitudinal_effect_size_heatmap.png","2d167d922f2ad9b320c36a9794e1da93df5a4384c583732748432e9eb018b856","ready","docs/behavior_output_code_contracts/nonlinear_dynamics_5min.csv","99674ae9d834665c82e8d0994b1f5d5090e4a85f25d1b86318fae193a4ad6f87"
"nonlinear_dynamics_5min","13_nonlinear_systems_dynamics/5min_based/figures/phase_sex_cage_change_trajectories/phase_specific_first_12h_longitudinal_effect_size_heatmap.svg","analyses/nonlinear_dynamics/5min","figures/phase_sex_cage_change_trajectories/phase_specific_first_12h_longitudinal_effect_size_heatmap.svg","63dc4e98ac421ee7bbca7421f48f284311b115e6d35d2169e7cc677a7655e024","ready","docs/behavior_output_code_contracts/nonlinear_dynamics_5min.csv","99674ae9d834665c82e8d0994b1f5d5090e4a85f25d1b86318fae193a4ad6f87"
"nonlinear_dynamics_5min","13_nonlinear_systems_dynamics/5min_based/figures/publication_panels/README.txt","analyses/nonlinear_dynamics/5min","figures/publication_panels/README.txt","286c6049c438a35fa640b7aebc024153bbbbe1f1a4bbe837fd8b226708ff37cf","ready","docs/behavior_output_code_contracts/nonlinear_dynamics_5min.csv","99674ae9d834665c82e8d0994b1f5d5090e4a85f25d1b86318fae193a4ad6f87"
"nonlinear_dynamics_5min","13_nonlinear_systems_dynamics/5min_based/figures/qc/Fig13D_umap_behavioral_manifold.pdf","analyses/nonlinear_dynamics/5min","figures/qc/Fig13D_umap_behavioral_manifold.pdf","06df7ed09256356e9c9cb25db187885e75db597563f864a8898d7d6d4f8c7401","ready","docs/behavior_output_code_contracts/nonlinear_dynamics_5min.csv","99674ae9d834665c82e8d0994b1f5d5090e4a85f25d1b86318fae193a4ad6f87"
"nonlinear_dynamics_5min","13_nonlinear_systems_dynamics/5min_based/figures/qc/Fig13D_umap_behavioral_manifold.png","analyses/nonlinear_dynamics/5min","figures/qc/Fig13D_umap_behavioral_manifold.png","11ec2a64fa9e8e0fd68e241301d77cbd22e1768f7020718576c5ef6ee755555f","ready","docs/behavior_output_code_contracts/nonlinear_dynamics_5min.csv","99674ae9d834665c82e8d0994b1f5d5090e4a85f25d1b86318fae193a4ad6f87"
"nonlinear_dynamics_5min","13_nonlinear_systems_dynamics/5min_based/figures/qc/Fig13D_umap_behavioral_manifold.svg","analyses/nonlinear_dynamics/5min","figures/qc/Fig13D_umap_behavioral_manifold.svg","cce2f2393a1e45011679a69370c440c542343db98a4f98998cd85f454cf5ad70","ready","docs/behavior_output_code_contracts/nonlinear_dynamics_5min.csv","99674ae9d834665c82e8d0994b1f5d5090e4a85f25d1b86318fae193a4ad6f87"
"nonlinear_dynamics_5min","13_nonlinear_systems_dynamics/5min_based/figures/qc/Fig13E_diffusion_behavioral_geometry.pdf","analyses/nonlinear_dynamics/5min","figures/qc/Fig13E_diffusion_behavioral_geometry.pdf","d1720ed323104e08b9c118be5f2208cac5bac29b7274da8d3a80d51b2f8ac2cb","ready","docs/behavior_output_code_contracts/nonlinear_dynamics_5min.csv","99674ae9d834665c82e8d0994b1f5d5090e4a85f25d1b86318fae193a4ad6f87"
"nonlinear_dynamics_5min","13_nonlinear_systems_dynamics/5min_based/figures/qc/Fig13E_diffusion_behavioral_geometry.png","analyses/nonlinear_dynamics/5min","figures/qc/Fig13E_diffusion_behavioral_geometry.png","b445f7854e956a0254c19067bbdd1ccbd7d44fd4a6157efb856cf63f6a0f7bce","ready","docs/behavior_output_code_contracts/nonlinear_dynamics_5min.csv","99674ae9d834665c82e8d0994b1f5d5090e4a85f25d1b86318fae193a4ad6f87"
"nonlinear_dynamics_5min","13_nonlinear_systems_dynamics/5min_based/figures/qc/Fig13E_diffusion_behavioral_geometry.svg","analyses/nonlinear_dynamics/5min","figures/qc/Fig13E_diffusion_behavioral_geometry.svg","8f4e05e66a3478ca472ce0a99fe020056b2810f8d2322ab6fe77375c18acf16f","ready","docs/behavior_output_code_contracts/nonlinear_dynamics_5min.csv","99674ae9d834665c82e8d0994b1f5d5090e4a85f25d1b86318fae193a4ad6f87"
"nonlinear_dynamics_5min","13_nonlinear_systems_dynamics/5min_based/figures/qc/Fig13F_isomap_behavioral_manifold.pdf","analyses/nonlinear_dynamics/5min","figures/qc/Fig13F_isomap_behavioral_manifold.pdf","732ccd3705b585f60acfddeae474e18d363214ba0d099991da93f9ecd3e87b16","ready","docs/behavior_output_code_contracts/nonlinear_dynamics_5min.csv","99674ae9d834665c82e8d0994b1f5d5090e4a85f25d1b86318fae193a4ad6f87"
"nonlinear_dynamics_5min","13_nonlinear_systems_dynamics/5min_based/figures/qc/Fig13F_isomap_behavioral_manifold.png","analyses/nonlinear_dynamics/5min","figures/qc/Fig13F_isomap_behavioral_manifold.png","6ddc5347ae9dafc72d7c46f14f00e3ae0e200c5bdda38a25557299fd48b7b73f","ready","docs/behavior_output_code_contracts/nonlinear_dynamics_5min.csv","99674ae9d834665c82e8d0994b1f5d5090e4a85f25d1b86318fae193a4ad6f87"
"nonlinear_dynamics_5min","13_nonlinear_systems_dynamics/5min_based/figures/qc/Fig13F_isomap_behavioral_manifold.svg","analyses/nonlinear_dynamics/5min","figures/qc/Fig13F_isomap_behavioral_manifold.svg","605190e5391658eb6c866e27684cc12cf17a86bb9c68d08ab599209b6bd383c6","ready","docs/behavior_output_code_contracts/nonlinear_dynamics_5min.csv","99674ae9d834665c82e8d0994b1f5d5090e4a85f25d1b86318fae193a4ad6f87"
"nonlinear_dynamics_5min","13_nonlinear_systems_dynamics/5min_based/figures/qc/Fig13G_early_active_latent_state_trajectories.pdf","analyses/nonlinear_dynamics/5min","figures/qc/Fig13G_early_active_latent_state_trajectories.pdf","d0a315bfaece9d723cd8110416a5a8d13d5c68c1343b571100464f1f61f5e335","ready","docs/behavior_output_code_contracts/nonlinear_dynamics_5min.csv","99674ae9d834665c82e8d0994b1f5d5090e4a85f25d1b86318fae193a4ad6f87"
"nonlinear_dynamics_5min","13_nonlinear_systems_dynamics/5min_based/figures/qc/Fig13G_early_active_latent_state_trajectories.png","analyses/nonlinear_dynamics/5min","figures/qc/Fig13G_early_active_latent_state_trajectories.png","ff61898de88ac824ae748ca5088a26dcf2bdc7d151a50d494ad4d74e7764c747","ready","docs/behavior_output_code_contracts/nonlinear_dynamics_5min.csv","99674ae9d834665c82e8d0994b1f5d5090e4a85f25d1b86318fae193a4ad6f87"
"nonlinear_dynamics_5min","13_nonlinear_systems_dynamics/5min_based/figures/qc/Fig13G_early_active_latent_state_trajectories.svg","analyses/nonlinear_dynamics/5min","figures/qc/Fig13G_early_active_latent_state_trajectories.svg","a20b332c05f315fe594a23f9b13ae8dea97fee6c7db137068fd8bbd07ac01273","ready","docs/behavior_output_code_contracts/nonlinear_dynamics_5min.csv","99674ae9d834665c82e8d0994b1f5d5090e4a85f25d1b86318fae193a4ad6f87"
"nonlinear_dynamics_5min","13_nonlinear_systems_dynamics/5min_based/figures/qc/Fig13H_early_active_markov_transition_heatmap.pdf","analyses/nonlinear_dynamics/5min","figures/qc/Fig13H_early_active_markov_transition_heatmap.pdf","49d6266945b888f235dc0aaced8d06c4d0789a5e13d9beb7d884a1de26f40fb3","ready","docs/behavior_output_code_contracts/nonlinear_dynamics_5min.csv","99674ae9d834665c82e8d0994b1f5d5090e4a85f25d1b86318fae193a4ad6f87"
"nonlinear_dynamics_5min","13_nonlinear_systems_dynamics/5min_based/figures/qc/Fig13H_early_active_markov_transition_heatmap.png","analyses/nonlinear_dynamics/5min","figures/qc/Fig13H_early_active_markov_transition_heatmap.png","d720d5af502143c360325410dcc691739e44a335f4eb6b893705c3ee80457209","ready","docs/behavior_output_code_contracts/nonlinear_dynamics_5min.csv","99674ae9d834665c82e8d0994b1f5d5090e4a85f25d1b86318fae193a4ad6f87"
"nonlinear_dynamics_5min","13_nonlinear_systems_dynamics/5min_based/figures/qc/Fig13H_early_active_markov_transition_heatmap.svg","analyses/nonlinear_dynamics/5min","figures/qc/Fig13H_early_active_markov_transition_heatmap.svg","a867eb9240d7d35466805c9c454914a0643c091283164cdae7349f2a137d23ea","ready","docs/behavior_output_code_contracts/nonlinear_dynamics_5min.csv","99674ae9d834665c82e8d0994b1f5d5090e4a85f25d1b86318fae193a4ad6f87"
"nonlinear_dynamics_5min","13_nonlinear_systems_dynamics/5min_based/figures/qc/Fig13I_early_active_state_occupancy.pdf","analyses/nonlinear_dynamics/5min","figures/qc/Fig13I_early_active_state_occupancy.pdf","5acb851de4595b09f85220bf9260a0a4ff2a6f78eb09448a8fb023feb89db1d6","ready","docs/behavior_output_code_contracts/nonlinear_dynamics_5min.csv","99674ae9d834665c82e8d0994b1f5d5090e4a85f25d1b86318fae193a4ad6f87"
"nonlinear_dynamics_5min","13_nonlinear_systems_dynamics/5min_based/figures/qc/Fig13I_early_active_state_occupancy.png","analyses/nonlinear_dynamics/5min","figures/qc/Fig13I_early_active_state_occupancy.png","5731b3626630e435205307fdf573495898d4377f20c87488291d0905733a7e63","ready","docs/behavior_output_code_contracts/nonlinear_dynamics_5min.csv","99674ae9d834665c82e8d0994b1f5d5090e4a85f25d1b86318fae193a4ad6f87"
"nonlinear_dynamics_5min","13_nonlinear_systems_dynamics/5min_based/figures/qc/Fig13I_early_active_state_occupancy.svg","analyses/nonlinear_dynamics/5min","figures/qc/Fig13I_early_active_state_occupancy.svg","a6bd0bada10e925519f3a29da4f0c4932d9b104a7a917ee44689fe3f0bf62b24","ready","docs/behavior_output_code_contracts/nonlinear_dynamics_5min.csv","99674ae9d834665c82e8d0994b1f5d5090e4a85f25d1b86318fae193a4ad6f87"
"nonlinear_dynamics_5min","13_nonlinear_systems_dynamics/5min_based/figures/qc/Fig13J_early_active_recurrence_similarity_maps.pdf","analyses/nonlinear_dynamics/5min","figures/qc/Fig13J_early_active_recurrence_similarity_maps.pdf","ed735812aa42e340ac9b9c20bb420b798c9dd5cba9b55c6c3f1644318a8178aa","ready","docs/behavior_output_code_contracts/nonlinear_dynamics_5min.csv","99674ae9d834665c82e8d0994b1f5d5090e4a85f25d1b86318fae193a4ad6f87"
"nonlinear_dynamics_5min","13_nonlinear_systems_dynamics/5min_based/figures/qc/Fig13J_early_active_recurrence_similarity_maps.png","analyses/nonlinear_dynamics/5min","figures/qc/Fig13J_early_active_recurrence_similarity_maps.png","dd464e06a5899e7679d5bc569ea2a4749b10a83d2a1f24956e8b997628759d4e","ready","docs/behavior_output_code_contracts/nonlinear_dynamics_5min.csv","99674ae9d834665c82e8d0994b1f5d5090e4a85f25d1b86318fae193a4ad6f87"
"nonlinear_dynamics_5min","13_nonlinear_systems_dynamics/5min_based/figures/qc/Fig13J_early_active_recurrence_similarity_maps.svg","analyses/nonlinear_dynamics/5min","figures/qc/Fig13J_early_active_recurrence_similarity_maps.svg","6c76c810bb6a10592ee0f67f37cddbb138dcb63001415c7215b299c2a43185ab","ready","docs/behavior_output_code_contracts/nonlinear_dynamics_5min.csv","99674ae9d834665c82e8d0994b1f5d5090e4a85f25d1b86318fae193a4ad6f87"
"nonlinear_dynamics_5min","13_nonlinear_systems_dynamics/5min_based/figures/qc/Fig13N_distance_to_sex_matched_control_manifold.pdf","analyses/nonlinear_dynamics/5min","figures/qc/Fig13N_distance_to_sex_matched_control_manifold.pdf","c1de77e3cea3be905389ab8a444393e8ab43595bf0194502b4c5339b74ece2e8","ready","docs/behavior_output_code_contracts/nonlinear_dynamics_5min.csv","99674ae9d834665c82e8d0994b1f5d5090e4a85f25d1b86318fae193a4ad6f87"
"nonlinear_dynamics_5min","13_nonlinear_systems_dynamics/5min_based/figures/qc/Fig13N_distance_to_sex_matched_control_manifold.png","analyses/nonlinear_dynamics/5min","figures/qc/Fig13N_distance_to_sex_matched_control_manifold.png","53fa56203e10aad71032989f69bd31bde1da96c88024bf4f1d69358cb1cb86ad","ready","docs/behavior_output_code_contracts/nonlinear_dynamics_5min.csv","99674ae9d834665c82e8d0994b1f5d5090e4a85f25d1b86318fae193a4ad6f87"
"nonlinear_dynamics_5min","13_nonlinear_systems_dynamics/5min_based/figures/qc/Fig13N_distance_to_sex_matched_control_manifold.svg","analyses/nonlinear_dynamics/5min","figures/qc/Fig13N_distance_to_sex_matched_control_manifold.svg","686c92a3f5fc5264a5f9c5f0bd6d7f9e0e47f7b49fa6df735afb40f2a5803250","ready","docs/behavior_output_code_contracts/nonlinear_dynamics_5min.csv","99674ae9d834665c82e8d0994b1f5d5090e4a85f25d1b86318fae193a4ad6f87"
"nonlinear_dynamics_5min","13_nonlinear_systems_dynamics/5min_based/figures/qc/first_active_phase_cage_change_1_first_12h_group_differences.pdf","analyses/nonlinear_dynamics/5min","figures/qc/first_active_phase_cage_change_1_first_12h_group_differences.pdf","f18587d482df2ff32f29fd9718311e28e33acd23915fd9c02df265af3fa6d78b","ready","docs/behavior_output_code_contracts/nonlinear_dynamics_5min.csv","99674ae9d834665c82e8d0994b1f5d5090e4a85f25d1b86318fae193a4ad6f87"
"nonlinear_dynamics_5min","13_nonlinear_systems_dynamics/5min_based/figures/qc/first_active_phase_cage_change_1_first_12h_group_differences.png","analyses/nonlinear_dynamics/5min","figures/qc/first_active_phase_cage_change_1_first_12h_group_differences.png","943ce285c606a87d0cde3208b5d238bf29d02e7c26dc4cd80620722ad84dbcc1","ready","docs/behavior_output_code_contracts/nonlinear_dynamics_5min.csv","99674ae9d834665c82e8d0994b1f5d5090e4a85f25d1b86318fae193a4ad6f87"
"nonlinear_dynamics_5min","13_nonlinear_systems_dynamics/5min_based/figures/qc/first_active_phase_cage_change_1_first_12h_group_differences.svg","analyses/nonlinear_dynamics/5min","figures/qc/first_active_phase_cage_change_1_first_12h_group_differences.svg","f4cc7820904ed979b358defcc811b6512d3bcf1b9b5c11fb62a01cef183736f6","ready","docs/behavior_output_code_contracts/nonlinear_dynamics_5min.csv","99674ae9d834665c82e8d0994b1f5d5090e4a85f25d1b86318fae193a4ad6f87"
"nonlinear_dynamics_5min","13_nonlinear_systems_dynamics/5min_based/figures/qc/phase_specific_first_12h_group_trajectories_by_sex_and_cage_change.pdf","analyses/nonlinear_dynamics/5min","figures/qc/phase_specific_first_12h_group_trajectories_by_sex_and_cage_change.pdf","83ff04b26f3abc599df7331f422f8116b390038ea37261ddaefbd88b9f891697","ready","docs/behavior_output_code_contracts/nonlinear_dynamics_5min.csv","99674ae9d834665c82e8d0994b1f5d5090e4a85f25d1b86318fae193a4ad6f87"
"nonlinear_dynamics_5min","13_nonlinear_systems_dynamics/5min_based/figures/qc/phase_specific_first_12h_group_trajectories_by_sex_and_cage_change.png","analyses/nonlinear_dynamics/5min","figures/qc/phase_specific_first_12h_group_trajectories_by_sex_and_cage_change.png","724c0a9087ffebe37c12d07b9d8beab68ef1922f92f743109b9dfca5bea7e176","ready","docs/behavior_output_code_contracts/nonlinear_dynamics_5min.csv","99674ae9d834665c82e8d0994b1f5d5090e4a85f25d1b86318fae193a4ad6f87"
"nonlinear_dynamics_5min","13_nonlinear_systems_dynamics/5min_based/figures/qc/phase_specific_first_12h_group_trajectories_by_sex_and_cage_change.svg","analyses/nonlinear_dynamics/5min","figures/qc/phase_specific_first_12h_group_trajectories_by_sex_and_cage_change.svg","dde4fe2429bb9c83ef247debe83ef83be923318fe1e5c663b31c9196b013d500","ready","docs/behavior_output_code_contracts/nonlinear_dynamics_5min.csv","99674ae9d834665c82e8d0994b1f5d5090e4a85f25d1b86318fae193a4ad6f87"
"nonlinear_dynamics_5min","13_nonlinear_systems_dynamics/5min_based/figures/qc/phase_specific_first_12h_longitudinal_effect_size_heatmap.pdf","analyses/nonlinear_dynamics/5min","figures/qc/phase_specific_first_12h_longitudinal_effect_size_heatmap.pdf","4e697430664594dec67290618d963a8e98c5280488d8f8560b8e54b78f33d14f","ready","docs/behavior_output_code_contracts/nonlinear_dynamics_5min.csv","99674ae9d834665c82e8d0994b1f5d5090e4a85f25d1b86318fae193a4ad6f87"
"nonlinear_dynamics_5min","13_nonlinear_systems_dynamics/5min_based/figures/qc/phase_specific_first_12h_longitudinal_effect_size_heatmap.png","analyses/nonlinear_dynamics/5min","figures/qc/phase_specific_first_12h_longitudinal_effect_size_heatmap.png","2d167d922f2ad9b320c36a9794e1da93df5a4384c583732748432e9eb018b856","ready","docs/behavior_output_code_contracts/nonlinear_dynamics_5min.csv","99674ae9d834665c82e8d0994b1f5d5090e4a85f25d1b86318fae193a4ad6f87"
"nonlinear_dynamics_5min","13_nonlinear_systems_dynamics/5min_based/figures/qc/phase_specific_first_12h_longitudinal_effect_size_heatmap.svg","analyses/nonlinear_dynamics/5min","figures/qc/phase_specific_first_12h_longitudinal_effect_size_heatmap.svg","63dc4e98ac421ee7bbca7421f48f284311b115e6d35d2169e7cc677a7655e024","ready","docs/behavior_output_code_contracts/nonlinear_dynamics_5min.csv","99674ae9d834665c82e8d0994b1f5d5090e4a85f25d1b86318fae193a4ad6f87"
"nonlinear_dynamics_5min","13_nonlinear_systems_dynamics/5min_based/figures/qc/README.txt","analyses/nonlinear_dynamics/5min","figures/qc/README.txt","bd3073e865725624f3c6ff4fd004c5b4010f203899ffadac3f13aa2199a52d15","ready","docs/behavior_output_code_contracts/nonlinear_dynamics_5min.csv","99674ae9d834665c82e8d0994b1f5d5090e4a85f25d1b86318fae193a4ad6f87"
"nonlinear_dynamics_5min","13_nonlinear_systems_dynamics/5min_based/figures/supplementary/README.txt","analyses/nonlinear_dynamics/5min","figures/supplementary/README.txt","72409480a7f9877bca1f93d2796bfdde2cf350a81c01a1dd3acfbcd060f10849","ready","docs/behavior_output_code_contracts/nonlinear_dynamics_5min.csv","99674ae9d834665c82e8d0994b1f5d5090e4a85f25d1b86318fae193a4ad6f87"
"nonlinear_dynamics_5min","13_nonlinear_systems_dynamics/5min_based/manifest/input_output_manifest.csv","analyses/nonlinear_dynamics/5min","manifest/input_output_manifest.csv","6d73f32992757d1a0bcb2dd5168b75020166adfd6b6421a7147bbbb890a89138","ready","docs/behavior_output_code_contracts/nonlinear_dynamics_5min.csv","99674ae9d834665c82e8d0994b1f5d5090e4a85f25d1b86318fae193a4ad6f87"
"nonlinear_dynamics_5min","13_nonlinear_systems_dynamics/5min_based/manifest/output_manifest.csv","analyses/nonlinear_dynamics/5min","manifest/output_manifest.csv","7614da390083bf9747087bddd1630bbbb2ff0c92f88b09098b21eb6d9191a458","ready","docs/behavior_output_code_contracts/nonlinear_dynamics_5min.csv","99674ae9d834665c82e8d0994b1f5d5090e4a85f25d1b86318fae193a4ad6f87"
"nonlinear_dynamics_5min","13_nonlinear_systems_dynamics/5min_based/output_manifest.csv","analyses/nonlinear_dynamics/5min","output_manifest.csv","7614da390083bf9747087bddd1630bbbb2ff0c92f88b09098b21eb6d9191a458","ready","docs/behavior_output_code_contracts/nonlinear_dynamics_5min.csv","99674ae9d834665c82e8d0994b1f5d5090e4a85f25d1b86318fae193a4ad6f87"
"nonlinear_dynamics_5min","13_nonlinear_systems_dynamics/5min_based/statistical_results/animal_level_nonlinear_feature_quality_control.csv","analyses/nonlinear_dynamics/5min","statistical_results/animal_level_nonlinear_feature_quality_control.csv","6af1a099263358ecaf3b1d16cb65b71ef6f482a55ac86aea1c495041cb312a8c","ready","docs/behavior_output_code_contracts/nonlinear_dynamics_5min.csv","99674ae9d834665c82e8d0994b1f5d5090e4a85f25d1b86318fae193a4ad6f87"
"nonlinear_dynamics_5min","13_nonlinear_systems_dynamics/5min_based/statistical_results/first_active_phase_cage_change_1_first_12h_group_contrasts.csv","analyses/nonlinear_dynamics/5min","statistical_results/first_active_phase_cage_change_1_first_12h_group_contrasts.csv","e7c6f824d11d662ff71cb78df38f40605f0357cee48859c0ff2fd9bff990a859","ready","docs/behavior_output_code_contracts/nonlinear_dynamics_5min.csv","99674ae9d834665c82e8d0994b1f5d5090e4a85f25d1b86318fae193a4ad6f87"
"nonlinear_dynamics_5min","13_nonlinear_systems_dynamics/5min_based/statistical_results/first_active_phase_cage_change_1_first_12h_group_summary.csv","analyses/nonlinear_dynamics/5min","statistical_results/first_active_phase_cage_change_1_first_12h_group_summary.csv","7e7d09987805ea5e8bbd596eff8c978e3e103e22a7f7e54b18429eda5d65bf36","ready","docs/behavior_output_code_contracts/nonlinear_dynamics_5min.csv","99674ae9d834665c82e8d0994b1f5d5090e4a85f25d1b86318fae193a4ad6f87"
"nonlinear_dynamics_5min","13_nonlinear_systems_dynamics/5min_based/statistical_results/first_active_phase_cage_change_1_first_12h_significant_and_trend_contrasts.csv","analyses/nonlinear_dynamics/5min","statistical_results/first_active_phase_cage_change_1_first_12h_significant_and_trend_contrasts.csv","e3f08893950608c40430641f57d38179e50c5d777ebde12a9f8e12e3faf7889d","ready","docs/behavior_output_code_contracts/nonlinear_dynamics_5min.csv","99674ae9d834665c82e8d0994b1f5d5090e4a85f25d1b86318fae193a4ad6f87"
"nonlinear_dynamics_5min","13_nonlinear_systems_dynamics/5min_based/statistical_results/phase_specific_first_12h_by_cage_change_group_contrasts.csv","analyses/nonlinear_dynamics/5min","statistical_results/phase_specific_first_12h_by_cage_change_group_contrasts.csv","ebaeceb802361b3014dccbe8bc6e9e8548a88604b500366b3a1cfca675fe4151","ready","docs/behavior_output_code_contracts/nonlinear_dynamics_5min.csv","99674ae9d834665c82e8d0994b1f5d5090e4a85f25d1b86318fae193a4ad6f87"
"nonlinear_dynamics_5min","13_nonlinear_systems_dynamics/5min_based/statistical_results/phase_specific_first_12h_by_cage_change_group_summary.csv","analyses/nonlinear_dynamics/5min","statistical_results/phase_specific_first_12h_by_cage_change_group_summary.csv","eba3a42a941222cc77412d9822b88ae8222c8b019303ec0c6838c9272f73cdf7","ready","docs/behavior_output_code_contracts/nonlinear_dynamics_5min.csv","99674ae9d834665c82e8d0994b1f5d5090e4a85f25d1b86318fae193a4ad6f87"
"nonlinear_dynamics_5min","13_nonlinear_systems_dynamics/5min_based/statistical_results/phase_specific_first_12h_by_cage_change_significant_and_trend_contrasts.csv","analyses/nonlinear_dynamics/5min","statistical_results/phase_specific_first_12h_by_cage_change_significant_and_trend_contrasts.csv","7c5f732f17e98b5341af54921dd74f3434f65256257fbddd16858810b2e83fe4","ready","docs/behavior_output_code_contracts/nonlinear_dynamics_5min.csv","99674ae9d834665c82e8d0994b1f5d5090e4a85f25d1b86318fae193a4ad6f87"
"nonlinear_dynamics_5min","13_nonlinear_systems_dynamics/5min_based/statistical_results/phase_specific_first_12h_longitudinal_mixed_models.csv","analyses/nonlinear_dynamics/5min","statistical_results/phase_specific_first_12h_longitudinal_mixed_models.csv","8357e2d11f75643f3140270bd6a048d39e82871492e30f11d300b6abeb1bb4a9","ready","docs/behavior_output_code_contracts/nonlinear_dynamics_5min.csv","99674ae9d834665c82e8d0994b1f5d5090e4a85f25d1b86318fae193a4ad6f87"
"nonlinear_dynamics_5min","13_nonlinear_systems_dynamics/5min_based/tables/output_figure_inventory.csv","analyses/nonlinear_dynamics/5min","tables/output_figure_inventory.csv","7d26e70609b19fc05af2f53e1e0315b59e2a1b0a150326d6622e46b0b00d9294","ready","docs/behavior_output_code_contracts/nonlinear_dynamics_5min.csv","99674ae9d834665c82e8d0994b1f5d5090e4a85f25d1b86318fae193a4ad6f87"
"nonlinear_dynamics_5min","13_nonlinear_systems_dynamics/5min_based/tables/output_folder_summary.csv","analyses/nonlinear_dynamics/5min","tables/output_folder_summary.csv","91f184565a85010911b56812bcfe924de434eef8a9f1223fa895a1f1ed746f06","ready","docs/behavior_output_code_contracts/nonlinear_dynamics_5min.csv","99674ae9d834665c82e8d0994b1f5d5090e4a85f25d1b86318fae193a4ad6f87"
"systems_phenotyping_5min","14_nextgen_behavioral_phenotyping/5min_based/analysis_manifest.csv","analyses/systems_phenotyping/5min","analysis_manifest.csv","c2d654ef80aba9414e9ce3afbd4cb1f0310a3116afd310436d4062053f3b375b","ready","docs/behavior_output_code_contracts/systems_phenotyping_5min.csv","f15faaab6add9d99361b8418296b85ecc42954c67fbd8357d6657a498049c661"
"systems_phenotyping_5min","14_nextgen_behavioral_phenotyping/5min_based/derived_data/first_active_phase_cage_change_1_first_12h_animal_features.csv","analyses/systems_phenotyping/5min","derived_data/first_active_phase_cage_change_1_first_12h_animal_features.csv","81b784dce0d2c8e27b03dbd4a8d9f0b68a3651fc1b0179518a89541344291e22","ready","docs/behavior_output_code_contracts/systems_phenotyping_5min.csv","f15faaab6add9d99361b8418296b85ecc42954c67fbd8357d6657a498049c661"
"systems_phenotyping_5min","14_nextgen_behavioral_phenotyping/5min_based/derived_data/first_active_phase_cage_change_1_first_12h_bin_level_data.csv","analyses/systems_phenotyping/5min","derived_data/first_active_phase_cage_change_1_first_12h_bin_level_data.csv","cbbf564a24ee14413b6dd6bf918554d984764bc34625ccd494aebc937dcbe70d","ready","docs/behavior_output_code_contracts/systems_phenotyping_5min.csv","f15faaab6add9d99361b8418296b85ecc42954c67fbd8357d6657a498049c661"
"systems_phenotyping_5min","14_nextgen_behavioral_phenotyping/5min_based/derived_data/first_active_phase_cage_change_1_first_12h_hourly_group_trajectories.csv","analyses/systems_phenotyping/5min","derived_data/first_active_phase_cage_change_1_first_12h_hourly_group_trajectories.csv","12879448f352374aadcc63e17ef1271be6410c4e0f72149cf13d5a22587d28f1","ready","docs/behavior_output_code_contracts/systems_phenotyping_5min.csv","f15faaab6add9d99361b8418296b85ecc42954c67fbd8357d6657a498049c661"
"systems_phenotyping_5min","14_nextgen_behavioral_phenotyping/5min_based/derived_data/phase_specific_first_12h_by_cage_change_animal_features.csv","analyses/systems_phenotyping/5min","derived_data/phase_specific_first_12h_by_cage_change_animal_features.csv","37a04b99df5ad1d8c80f4d60fd9bb4c89b190fe51f4a70f6421990dbb6b3ab8a","ready","docs/behavior_output_code_contracts/systems_phenotyping_5min.csv","f15faaab6add9d99361b8418296b85ecc42954c67fbd8357d6657a498049c661"
"systems_phenotyping_5min","14_nextgen_behavioral_phenotyping/5min_based/figures/exploratory/Fig14A_multiscale_complexity.pdf","analyses/systems_phenotyping/5min","figures/exploratory/Fig14A_multiscale_complexity.pdf","d40124f9f16924c2693cb578338adc825f2714aac25ace3eb5ae79e61d1cc92d","ready","docs/behavior_output_code_contracts/systems_phenotyping_5min.csv","f15faaab6add9d99361b8418296b85ecc42954c67fbd8357d6657a498049c661"
"systems_phenotyping_5min","14_nextgen_behavioral_phenotyping/5min_based/figures/exploratory/Fig14A_multiscale_complexity.png","analyses/systems_phenotyping/5min","figures/exploratory/Fig14A_multiscale_complexity.png","f50c25b22c9b25a428acb409d0d92274c1c2dbe4a023112dff812b06a3ba4956","ready","docs/behavior_output_code_contracts/systems_phenotyping_5min.csv","f15faaab6add9d99361b8418296b85ecc42954c67fbd8357d6657a498049c661"
"systems_phenotyping_5min","14_nextgen_behavioral_phenotyping/5min_based/figures/exploratory/Fig14A_multiscale_complexity.svg","analyses/systems_phenotyping/5min","figures/exploratory/Fig14A_multiscale_complexity.svg","90b01bb35bdcc163b803bed0083a19c1dfa9e1251619293ae5db5ff8d536d45d","ready","docs/behavior_output_code_contracts/systems_phenotyping_5min.csv","f15faaab6add9d99361b8418296b85ecc42954c67fbd8357d6657a498049c661"
"systems_phenotyping_5min","14_nextgen_behavioral_phenotyping/5min_based/figures/exploratory/Fig14B_early_warning_acf1.pdf","analyses/systems_phenotyping/5min","figures/exploratory/Fig14B_early_warning_acf1.pdf","ba3bc30b2a75a8d8cb13b33a3932dac205f8e67ba4df30feb44493e8a2e722ff","ready","docs/behavior_output_code_contracts/systems_phenotyping_5min.csv","f15faaab6add9d99361b8418296b85ecc42954c67fbd8357d6657a498049c661"
"systems_phenotyping_5min","14_nextgen_behavioral_phenotyping/5min_based/figures/exploratory/Fig14B_early_warning_acf1.png","analyses/systems_phenotyping/5min","figures/exploratory/Fig14B_early_warning_acf1.png","6bbcf5c3736d9cd8a732447abcd64f8d9ac54e1f2e170e71ae636389ae87e23b","ready","docs/behavior_output_code_contracts/systems_phenotyping_5min.csv","f15faaab6add9d99361b8418296b85ecc42954c67fbd8357d6657a498049c661"
"systems_phenotyping_5min","14_nextgen_behavioral_phenotyping/5min_based/figures/exploratory/Fig14B_early_warning_acf1.svg","analyses/systems_phenotyping/5min","figures/exploratory/Fig14B_early_warning_acf1.svg","1767c256f01677da2844b053108baa080d300d84e57e2e3bf93622cbb05a7d27","ready","docs/behavior_output_code_contracts/systems_phenotyping_5min.csv","f15faaab6add9d99361b8418296b85ecc42954c67fbd8357d6657a498049c661"
"systems_phenotyping_5min","14_nextgen_behavioral_phenotyping/5min_based/figures/exploratory/Fig14C_latent_state_flexibility.pdf","analyses/systems_phenotyping/5min","figures/exploratory/Fig14C_latent_state_flexibility.pdf","8f58eca78c99dcd52617b132d33963a0bc570427c666119319213b07e5f504d4","ready","docs/behavior_output_code_contracts/systems_phenotyping_5min.csv","f15faaab6add9d99361b8418296b85ecc42954c67fbd8357d6657a498049c661"
"systems_phenotyping_5min","14_nextgen_behavioral_phenotyping/5min_based/figures/exploratory/Fig14C_latent_state_flexibility.png","analyses/systems_phenotyping/5min","figures/exploratory/Fig14C_latent_state_flexibility.png","1345bfcf710c8ab644c0df90612cd396098c540a2f2346affd467790f2bfa0c7","ready","docs/behavior_output_code_contracts/systems_phenotyping_5min.csv","f15faaab6add9d99361b8418296b85ecc42954c67fbd8357d6657a498049c661"
"systems_phenotyping_5min","14_nextgen_behavioral_phenotyping/5min_based/figures/exploratory/Fig14C_latent_state_flexibility.svg","analyses/systems_phenotyping/5min","figures/exploratory/Fig14C_latent_state_flexibility.svg","c33e1ce9c8144e0f5f94ce2fe03eaf4362ed36bc057ceb29d39fc2d7c04bd872","ready","docs/behavior_output_code_contracts/systems_phenotyping_5min.csv","f15faaab6add9d99361b8418296b85ecc42954c67fbd8357d6657a498049c661"
"systems_phenotyping_5min","14_nextgen_behavioral_phenotyping/5min_based/figures/exploratory/Fig14D_latent_state_transition_heatmap.pdf","analyses/systems_phenotyping/5min","figures/exploratory/Fig14D_latent_state_transition_heatmap.pdf","a7161268912d2cb7e06c334f321daf3fa4cdd8fb12d6921e1b03ec489d686fa8","ready","docs/behavior_output_code_contracts/systems_phenotyping_5min.csv","f15faaab6add9d99361b8418296b85ecc42954c67fbd8357d6657a498049c661"
"systems_phenotyping_5min","14_nextgen_behavioral_phenotyping/5min_based/figures/exploratory/Fig14D_latent_state_transition_heatmap.png","analyses/systems_phenotyping/5min","figures/exploratory/Fig14D_latent_state_transition_heatmap.png","b72e90908927d2904f165e98831922792d23a585344bef078285d87cefd7f0a3","ready","docs/behavior_output_code_contracts/systems_phenotyping_5min.csv","f15faaab6add9d99361b8418296b85ecc42954c67fbd8357d6657a498049c661"
"systems_phenotyping_5min","14_nextgen_behavioral_phenotyping/5min_based/figures/exploratory/Fig14D_latent_state_transition_heatmap.svg","analyses/systems_phenotyping/5min","figures/exploratory/Fig14D_latent_state_transition_heatmap.svg","e1aa6fed93bfddd9014fc4bb381c8ca104b40bc5e12cfceda33e51802f25b12a","ready","docs/behavior_output_code_contracts/systems_phenotyping_5min.csv","f15faaab6add9d99361b8418296b85ecc42954c67fbd8357d6657a498049c661"
"systems_phenotyping_5min","14_nextgen_behavioral_phenotyping/5min_based/figures/exploratory/Fig14E_behavioral_energy_landscape.pdf","analyses/systems_phenotyping/5min","figures/exploratory/Fig14E_behavioral_energy_landscape.pdf","e5ca784fcfbdea47d4fbf1e9451506b98450786086837ee45c32d075cd598821","ready","docs/behavior_output_code_contracts/systems_phenotyping_5min.csv","f15faaab6add9d99361b8418296b85ecc42954c67fbd8357d6657a498049c661"
"systems_phenotyping_5min","14_nextgen_behavioral_phenotyping/5min_based/figures/exploratory/Fig14E_behavioral_energy_landscape.png","analyses/systems_phenotyping/5min","figures/exploratory/Fig14E_behavioral_energy_landscape.png","9b92c2cffb9fbdb688f09fc2dbd82eaf99a0de9f6a14fde9210bedf4a207b520","ready","docs/behavior_output_code_contracts/systems_phenotyping_5min.csv","f15faaab6add9d99361b8418296b85ecc42954c67fbd8357d6657a498049c661"
"systems_phenotyping_5min","14_nextgen_behavioral_phenotyping/5min_based/figures/exploratory/Fig14E_behavioral_energy_landscape.svg","analyses/systems_phenotyping/5min","figures/exploratory/Fig14E_behavioral_energy_landscape.svg","11f13c5f7cdb972a4dd7fc14a32b4d064cb014a82d5d3fccc73ceddc7ad31ed0","ready","docs/behavior_output_code_contracts/systems_phenotyping_5min.csv","f15faaab6add9d99361b8418296b85ecc42954c67fbd8357d6657a498049c661"
"systems_phenotyping_5min","14_nextgen_behavioral_phenotyping/5min_based/figures/exploratory/Fig14E2_latent_behavioral_trajectory.pdf","analyses/systems_phenotyping/5min","figures/exploratory/Fig14E2_latent_behavioral_trajectory.pdf","b62fa198476a8dafb38d22512e67ccfe75d37ee700ab84a5c7f16b4f8b7e70ec","ready","docs/behavior_output_code_contracts/systems_phenotyping_5min.csv","f15faaab6add9d99361b8418296b85ecc42954c67fbd8357d6657a498049c661"
"systems_phenotyping_5min","14_nextgen_behavioral_phenotyping/5min_based/figures/exploratory/Fig14E2_latent_behavioral_trajectory.png","analyses/systems_phenotyping/5min","figures/exploratory/Fig14E2_latent_behavioral_trajectory.png","4a9730996d6ea92da54c59c53a5a0d7c776324468dc6a826672a5f73f0305a66","ready","docs/behavior_output_code_contracts/systems_phenotyping_5min.csv","f15faaab6add9d99361b8418296b85ecc42954c67fbd8357d6657a498049c661"
"systems_phenotyping_5min","14_nextgen_behavioral_phenotyping/5min_based/figures/exploratory/Fig14E2_latent_behavioral_trajectory.svg","analyses/systems_phenotyping/5min","figures/exploratory/Fig14E2_latent_behavioral_trajectory.svg","1869e3bdce6dc40b96a8a344ba3925b99ed8330f66df43070c1dc129f4eea30d","ready","docs/behavior_output_code_contracts/systems_phenotyping_5min.csv","f15faaab6add9d99361b8418296b85ecc42954c67fbd8357d6657a498049c661"
"systems_phenotyping_5min","14_nextgen_behavioral_phenotyping/5min_based/figures/exploratory/Fig14F_attractor_depth.pdf","analyses/systems_phenotyping/5min","figures/exploratory/Fig14F_attractor_depth.pdf","3f2d23fce818a890b85adb8787244d37c3e528ea8ecdeab7e27d33cc5430a72d","ready","docs/behavior_output_code_contracts/systems_phenotyping_5min.csv","f15faaab6add9d99361b8418296b85ecc42954c67fbd8357d6657a498049c661"
"systems_phenotyping_5min","14_nextgen_behavioral_phenotyping/5min_based/figures/exploratory/Fig14F_attractor_depth.png","analyses/systems_phenotyping/5min","figures/exploratory/Fig14F_attractor_depth.png","d5da8f7de92defe2dc021809f04e605ea8818fb4131f5adc9b73f96c3362a0da","ready","docs/behavior_output_code_contracts/systems_phenotyping_5min.csv","f15faaab6add9d99361b8418296b85ecc42954c67fbd8357d6657a498049c661"
"systems_phenotyping_5min","14_nextgen_behavioral_phenotyping/5min_based/figures/exploratory/Fig14F_attractor_depth.svg","analyses/systems_phenotyping/5min","figures/exploratory/Fig14F_attractor_depth.svg","ea42708d1978e763fef7fc6a7f78135f15c41de0de85a01daabc0c79ae1020b7","ready","docs/behavior_output_code_contracts/systems_phenotyping_5min.csv","f15faaab6add9d99361b8418296b85ecc42954c67fbd8357d6657a498049c661"
"systems_phenotyping_5min","14_nextgen_behavioral_phenotyping/5min_based/figures/exploratory/Fig14G_dynamic_social_coupling.pdf","analyses/systems_phenotyping/5min","figures/exploratory/Fig14G_dynamic_social_coupling.pdf","f9b7a39a60a94bcb043f0fa942ac4002647d28086fa9ab84182e3d8b7c41eab9","ready","docs/behavior_output_code_contracts/systems_phenotyping_5min.csv","f15faaab6add9d99361b8418296b85ecc42954c67fbd8357d6657a498049c661"
"systems_phenotyping_5min","14_nextgen_behavioral_phenotyping/5min_based/figures/exploratory/Fig14G_dynamic_social_coupling.png","analyses/systems_phenotyping/5min","figures/exploratory/Fig14G_dynamic_social_coupling.png","b659abc5951c53ee9b2cfa594c8e18dc58f7458dd203e8483217052715b1c52a","ready","docs/behavior_output_code_contracts/systems_phenotyping_5min.csv","f15faaab6add9d99361b8418296b85ecc42954c67fbd8357d6657a498049c661"
"systems_phenotyping_5min","14_nextgen_behavioral_phenotyping/5min_based/figures/exploratory/Fig14G_dynamic_social_coupling.svg","analyses/systems_phenotyping/5min","figures/exploratory/Fig14G_dynamic_social_coupling.svg","59ddbc385c026e81769c25429393588e9ef756912ab5d9fd2188727bd05f1269","ready","docs/behavior_output_code_contracts/systems_phenotyping_5min.csv","f15faaab6add9d99361b8418296b85ecc42954c67fbd8357d6657a498049c661"
"systems_phenotyping_5min","14_nextgen_behavioral_phenotyping/5min_based/figures/exploratory/Fig14H_nextgen_phenotype_index.pdf","analyses/systems_phenotyping/5min","figures/exploratory/Fig14H_nextgen_phenotype_index.pdf","f56d698e72357fb1438e52636b36c0cb8133f299c00fff38febe80ab0359235d","ready","docs/behavior_output_code_contracts/systems_phenotyping_5min.csv","f15faaab6add9d99361b8418296b85ecc42954c67fbd8357d6657a498049c661"
"systems_phenotyping_5min","14_nextgen_behavioral_phenotyping/5min_based/figures/exploratory/Fig14H_nextgen_phenotype_index.png","analyses/systems_phenotyping/5min","figures/exploratory/Fig14H_nextgen_phenotype_index.png","121696ea75ee9bc2e3af61155c7de784fe5b3cf4523230265ad8eff48f4ec477","ready","docs/behavior_output_code_contracts/systems_phenotyping_5min.csv","f15faaab6add9d99361b8418296b85ecc42954c67fbd8357d6657a498049c661"
"systems_phenotyping_5min","14_nextgen_behavioral_phenotyping/5min_based/figures/exploratory/Fig14H_nextgen_phenotype_index.svg","analyses/systems_phenotyping/5min","figures/exploratory/Fig14H_nextgen_phenotype_index.svg","ab665347d1bdd61cf442b66d440aff4055ea3d188684795941f1bd8fe319f447","ready","docs/behavior_output_code_contracts/systems_phenotyping_5min.csv","f15faaab6add9d99361b8418296b85ecc42954c67fbd8357d6657a498049c661"
"systems_phenotyping_5min","14_nextgen_behavioral_phenotyping/5min_based/figures/exploratory/first_active_phase_cage_change_1_first_12h_group_differences.pdf","analyses/systems_phenotyping/5min","figures/exploratory/first_active_phase_cage_change_1_first_12h_group_differences.pdf","69e2a133305184bfde566a09f8d137974f69224bfe0f3cf88fa1db8c951fd995","ready","docs/behavior_output_code_contracts/systems_phenotyping_5min.csv","f15faaab6add9d99361b8418296b85ecc42954c67fbd8357d6657a498049c661"
"systems_phenotyping_5min","14_nextgen_behavioral_phenotyping/5min_based/figures/exploratory/first_active_phase_cage_change_1_first_12h_group_differences.png","analyses/systems_phenotyping/5min","figures/exploratory/first_active_phase_cage_change_1_first_12h_group_differences.png","9e72e0853352c8353dca1967db3914880722d7bd12f2a179189e31315a71b587","ready","docs/behavior_output_code_contracts/systems_phenotyping_5min.csv","f15faaab6add9d99361b8418296b85ecc42954c67fbd8357d6657a498049c661"
"systems_phenotyping_5min","14_nextgen_behavioral_phenotyping/5min_based/figures/exploratory/first_active_phase_cage_change_1_first_12h_group_differences.svg","analyses/systems_phenotyping/5min","figures/exploratory/first_active_phase_cage_change_1_first_12h_group_differences.svg","8700f29905200a0c9a46892230bc306d39a8282f58bde730d65a336a07d2730f","ready","docs/behavior_output_code_contracts/systems_phenotyping_5min.csv","f15faaab6add9d99361b8418296b85ecc42954c67fbd8357d6657a498049c661"
"systems_phenotyping_5min","14_nextgen_behavioral_phenotyping/5min_based/figures/exploratory/first_active_phase_cage_change_1_first_12h_hourly_trajectories.pdf","analyses/systems_phenotyping/5min","figures/exploratory/first_active_phase_cage_change_1_first_12h_hourly_trajectories.pdf","e2e38e0907f8961055bfe8397ee3e1296f40c7e605fc31589513d38ea5423025","ready","docs/behavior_output_code_contracts/systems_phenotyping_5min.csv","f15faaab6add9d99361b8418296b85ecc42954c67fbd8357d6657a498049c661"
"systems_phenotyping_5min","14_nextgen_behavioral_phenotyping/5min_based/figures/exploratory/first_active_phase_cage_change_1_first_12h_hourly_trajectories.png","analyses/systems_phenotyping/5min","figures/exploratory/first_active_phase_cage_change_1_first_12h_hourly_trajectories.png","0ea354bb08d6d5fc679b0886a77f1211c113970cf68f2a1bd09591e021386d1d","ready","docs/behavior_output_code_contracts/systems_phenotyping_5min.csv","f15faaab6add9d99361b8418296b85ecc42954c67fbd8357d6657a498049c661"
"systems_phenotyping_5min","14_nextgen_behavioral_phenotyping/5min_based/figures/exploratory/first_active_phase_cage_change_1_first_12h_hourly_trajectories.svg","analyses/systems_phenotyping/5min","figures/exploratory/first_active_phase_cage_change_1_first_12h_hourly_trajectories.svg","0bf97a0ada65b952cb427f5802b1822ce86d9de5cd95903b9a63fded2e73fdb2","ready","docs/behavior_output_code_contracts/systems_phenotyping_5min.csv","f15faaab6add9d99361b8418296b85ecc42954c67fbd8357d6657a498049c661"
"systems_phenotyping_5min","14_nextgen_behavioral_phenotyping/5min_based/figures/exploratory/phase_specific_first_12h_group_trajectories_by_sex_and_cage_change.pdf","analyses/systems_phenotyping/5min","figures/exploratory/phase_specific_first_12h_group_trajectories_by_sex_and_cage_change.pdf","95b5122a7ff7b2d423fee7d5008b34358c430828bbb479ad5df11274e06f2794","ready","docs/behavior_output_code_contracts/systems_phenotyping_5min.csv","f15faaab6add9d99361b8418296b85ecc42954c67fbd8357d6657a498049c661"
"systems_phenotyping_5min","14_nextgen_behavioral_phenotyping/5min_based/figures/exploratory/phase_specific_first_12h_group_trajectories_by_sex_and_cage_change.png","analyses/systems_phenotyping/5min","figures/exploratory/phase_specific_first_12h_group_trajectories_by_sex_and_cage_change.png","c07d49fd98cd6d3a9b1bfd95ca18cb04e695aafa7f3e7fcaf9c47a086bf87630","ready","docs/behavior_output_code_contracts/systems_phenotyping_5min.csv","f15faaab6add9d99361b8418296b85ecc42954c67fbd8357d6657a498049c661"
"systems_phenotyping_5min","14_nextgen_behavioral_phenotyping/5min_based/figures/exploratory/phase_specific_first_12h_group_trajectories_by_sex_and_cage_change.svg","analyses/systems_phenotyping/5min","figures/exploratory/phase_specific_first_12h_group_trajectories_by_sex_and_cage_change.svg","dcfabf390436e40449a433ef00ebda201b8936d241a1c892fb7ea9fb5cfd0958","ready","docs/behavior_output_code_contracts/systems_phenotyping_5min.csv","f15faaab6add9d99361b8418296b85ecc42954c67fbd8357d6657a498049c661"
"systems_phenotyping_5min","14_nextgen_behavioral_phenotyping/5min_based/figures/exploratory/phase_specific_first_12h_longitudinal_effect_size_heatmap.pdf","analyses/systems_phenotyping/5min","figures/exploratory/phase_specific_first_12h_longitudinal_effect_size_heatmap.pdf","728e941715d5610e020e2a7310c60fdb44eb668490662d8f2617d09b358abc3a","ready","docs/behavior_output_code_contracts/systems_phenotyping_5min.csv","f15faaab6add9d99361b8418296b85ecc42954c67fbd8357d6657a498049c661"
"systems_phenotyping_5min","14_nextgen_behavioral_phenotyping/5min_based/figures/exploratory/phase_specific_first_12h_longitudinal_effect_size_heatmap.png","analyses/systems_phenotyping/5min","figures/exploratory/phase_specific_first_12h_longitudinal_effect_size_heatmap.png","30fe0a84f72e1ca6ffb96c977ae41f3bd74a29e934a930b193b27a409cae2da5","ready","docs/behavior_output_code_contracts/systems_phenotyping_5min.csv","f15faaab6add9d99361b8418296b85ecc42954c67fbd8357d6657a498049c661"
"systems_phenotyping_5min","14_nextgen_behavioral_phenotyping/5min_based/figures/exploratory/phase_specific_first_12h_longitudinal_effect_size_heatmap.svg","analyses/systems_phenotyping/5min","figures/exploratory/phase_specific_first_12h_longitudinal_effect_size_heatmap.svg","fcf512a6e2b944b2777ef54f22d4e50c0a96bb554026b7425da27f43ed9a7888","ready","docs/behavior_output_code_contracts/systems_phenotyping_5min.csv","f15faaab6add9d99361b8418296b85ecc42954c67fbd8357d6657a498049c661"
"systems_phenotyping_5min","14_nextgen_behavioral_phenotyping/5min_based/figures/exploratory/README.txt","analyses/systems_phenotyping/5min","figures/exploratory/README.txt","501360fa2c1d6335ee5aab2e64efdd0da6f12b396bbc742c2b211306e8604431","ready","docs/behavior_output_code_contracts/systems_phenotyping_5min.csv","f15faaab6add9d99361b8418296b85ecc42954c67fbd8357d6657a498049c661"
"systems_phenotyping_5min","14_nextgen_behavioral_phenotyping/5min_based/figures/first_cage_change_active_12h/first_active_phase_cage_change_1_first_12h_group_differences.pdf","analyses/systems_phenotyping/5min","figures/first_cage_change_active_12h/first_active_phase_cage_change_1_first_12h_group_differences.pdf","69e2a133305184bfde566a09f8d137974f69224bfe0f3cf88fa1db8c951fd995","ready","docs/behavior_output_code_contracts/systems_phenotyping_5min.csv","f15faaab6add9d99361b8418296b85ecc42954c67fbd8357d6657a498049c661"
"systems_phenotyping_5min","14_nextgen_behavioral_phenotyping/5min_based/figures/first_cage_change_active_12h/first_active_phase_cage_change_1_first_12h_group_differences.png","analyses/systems_phenotyping/5min","figures/first_cage_change_active_12h/first_active_phase_cage_change_1_first_12h_group_differences.png","9e72e0853352c8353dca1967db3914880722d7bd12f2a179189e31315a71b587","ready","docs/behavior_output_code_contracts/systems_phenotyping_5min.csv","f15faaab6add9d99361b8418296b85ecc42954c67fbd8357d6657a498049c661"
"systems_phenotyping_5min","14_nextgen_behavioral_phenotyping/5min_based/figures/first_cage_change_active_12h/first_active_phase_cage_change_1_first_12h_group_differences.svg","analyses/systems_phenotyping/5min","figures/first_cage_change_active_12h/first_active_phase_cage_change_1_first_12h_group_differences.svg","8700f29905200a0c9a46892230bc306d39a8282f58bde730d65a336a07d2730f","ready","docs/behavior_output_code_contracts/systems_phenotyping_5min.csv","f15faaab6add9d99361b8418296b85ecc42954c67fbd8357d6657a498049c661"
"systems_phenotyping_5min","14_nextgen_behavioral_phenotyping/5min_based/figures/first_cage_change_active_12h/first_active_phase_cage_change_1_first_12h_hourly_trajectories.pdf","analyses/systems_phenotyping/5min","figures/first_cage_change_active_12h/first_active_phase_cage_change_1_first_12h_hourly_trajectories.pdf","e2e38e0907f8961055bfe8397ee3e1296f40c7e605fc31589513d38ea5423025","ready","docs/behavior_output_code_contracts/systems_phenotyping_5min.csv","f15faaab6add9d99361b8418296b85ecc42954c67fbd8357d6657a498049c661"
"systems_phenotyping_5min","14_nextgen_behavioral_phenotyping/5min_based/figures/first_cage_change_active_12h/first_active_phase_cage_change_1_first_12h_hourly_trajectories.png","analyses/systems_phenotyping/5min","figures/first_cage_change_active_12h/first_active_phase_cage_change_1_first_12h_hourly_trajectories.png","0ea354bb08d6d5fc679b0886a77f1211c113970cf68f2a1bd09591e021386d1d","ready","docs/behavior_output_code_contracts/systems_phenotyping_5min.csv","f15faaab6add9d99361b8418296b85ecc42954c67fbd8357d6657a498049c661"
"systems_phenotyping_5min","14_nextgen_behavioral_phenotyping/5min_based/figures/first_cage_change_active_12h/first_active_phase_cage_change_1_first_12h_hourly_trajectories.svg","analyses/systems_phenotyping/5min","figures/first_cage_change_active_12h/first_active_phase_cage_change_1_first_12h_hourly_trajectories.svg","0bf97a0ada65b952cb427f5802b1822ce86d9de5cd95903b9a63fded2e73fdb2","ready","docs/behavior_output_code_contracts/systems_phenotyping_5min.csv","f15faaab6add9d99361b8418296b85ecc42954c67fbd8357d6657a498049c661"
"systems_phenotyping_5min","14_nextgen_behavioral_phenotyping/5min_based/figures/interactive/README.txt","analyses/systems_phenotyping/5min","figures/interactive/README.txt","04a93a9db626de7962d449170c58971355320ac8caedf223705da54c56ce935b","ready","docs/behavior_output_code_contracts/systems_phenotyping_5min.csv","f15faaab6add9d99361b8418296b85ecc42954c67fbd8357d6657a498049c661"
"systems_phenotyping_5min","14_nextgen_behavioral_phenotyping/5min_based/figures/phase_sex_cage_change_trajectories/phase_specific_first_12h_group_trajectories_by_sex_and_cage_change.pdf","analyses/systems_phenotyping/5min","figures/phase_sex_cage_change_trajectories/phase_specific_first_12h_group_trajectories_by_sex_and_cage_change.pdf","95b5122a7ff7b2d423fee7d5008b34358c430828bbb479ad5df11274e06f2794","ready","docs/behavior_output_code_contracts/systems_phenotyping_5min.csv","f15faaab6add9d99361b8418296b85ecc42954c67fbd8357d6657a498049c661"
"systems_phenotyping_5min","14_nextgen_behavioral_phenotyping/5min_based/figures/phase_sex_cage_change_trajectories/phase_specific_first_12h_group_trajectories_by_sex_and_cage_change.png","analyses/systems_phenotyping/5min","figures/phase_sex_cage_change_trajectories/phase_specific_first_12h_group_trajectories_by_sex_and_cage_change.png","c07d49fd98cd6d3a9b1bfd95ca18cb04e695aafa7f3e7fcaf9c47a086bf87630","ready","docs/behavior_output_code_contracts/systems_phenotyping_5min.csv","f15faaab6add9d99361b8418296b85ecc42954c67fbd8357d6657a498049c661"
"systems_phenotyping_5min","14_nextgen_behavioral_phenotyping/5min_based/figures/phase_sex_cage_change_trajectories/phase_specific_first_12h_group_trajectories_by_sex_and_cage_change.svg","analyses/systems_phenotyping/5min","figures/phase_sex_cage_change_trajectories/phase_specific_first_12h_group_trajectories_by_sex_and_cage_change.svg","dcfabf390436e40449a433ef00ebda201b8936d241a1c892fb7ea9fb5cfd0958","ready","docs/behavior_output_code_contracts/systems_phenotyping_5min.csv","f15faaab6add9d99361b8418296b85ecc42954c67fbd8357d6657a498049c661"
"systems_phenotyping_5min","14_nextgen_behavioral_phenotyping/5min_based/figures/phase_sex_cage_change_trajectories/phase_specific_first_12h_longitudinal_effect_size_heatmap.pdf","analyses/systems_phenotyping/5min","figures/phase_sex_cage_change_trajectories/phase_specific_first_12h_longitudinal_effect_size_heatmap.pdf","728e941715d5610e020e2a7310c60fdb44eb668490662d8f2617d09b358abc3a","ready","docs/behavior_output_code_contracts/systems_phenotyping_5min.csv","f15faaab6add9d99361b8418296b85ecc42954c67fbd8357d6657a498049c661"
"systems_phenotyping_5min","14_nextgen_behavioral_phenotyping/5min_based/figures/phase_sex_cage_change_trajectories/phase_specific_first_12h_longitudinal_effect_size_heatmap.png","analyses/systems_phenotyping/5min","figures/phase_sex_cage_change_trajectories/phase_specific_first_12h_longitudinal_effect_size_heatmap.png","30fe0a84f72e1ca6ffb96c977ae41f3bd74a29e934a930b193b27a409cae2da5","ready","docs/behavior_output_code_contracts/systems_phenotyping_5min.csv","f15faaab6add9d99361b8418296b85ecc42954c67fbd8357d6657a498049c661"
"systems_phenotyping_5min","14_nextgen_behavioral_phenotyping/5min_based/figures/phase_sex_cage_change_trajectories/phase_specific_first_12h_longitudinal_effect_size_heatmap.svg","analyses/systems_phenotyping/5min","figures/phase_sex_cage_change_trajectories/phase_specific_first_12h_longitudinal_effect_size_heatmap.svg","fcf512a6e2b944b2777ef54f22d4e50c0a96bb554026b7425da27f43ed9a7888","ready","docs/behavior_output_code_contracts/systems_phenotyping_5min.csv","f15faaab6add9d99361b8418296b85ecc42954c67fbd8357d6657a498049c661"
"systems_phenotyping_5min","14_nextgen_behavioral_phenotyping/5min_based/figures/publication_panels/Fig14A_multiscale_complexity.pdf","analyses/systems_phenotyping/5min","figures/publication_panels/Fig14A_multiscale_complexity.pdf","d40124f9f16924c2693cb578338adc825f2714aac25ace3eb5ae79e61d1cc92d","ready","docs/behavior_output_code_contracts/systems_phenotyping_5min.csv","f15faaab6add9d99361b8418296b85ecc42954c67fbd8357d6657a498049c661"
"systems_phenotyping_5min","14_nextgen_behavioral_phenotyping/5min_based/figures/publication_panels/Fig14A_multiscale_complexity.png","analyses/systems_phenotyping/5min","figures/publication_panels/Fig14A_multiscale_complexity.png","f50c25b22c9b25a428acb409d0d92274c1c2dbe4a023112dff812b06a3ba4956","ready","docs/behavior_output_code_contracts/systems_phenotyping_5min.csv","f15faaab6add9d99361b8418296b85ecc42954c67fbd8357d6657a498049c661"
"systems_phenotyping_5min","14_nextgen_behavioral_phenotyping/5min_based/figures/publication_panels/Fig14A_multiscale_complexity.svg","analyses/systems_phenotyping/5min","figures/publication_panels/Fig14A_multiscale_complexity.svg","90b01bb35bdcc163b803bed0083a19c1dfa9e1251619293ae5db5ff8d536d45d","ready","docs/behavior_output_code_contracts/systems_phenotyping_5min.csv","f15faaab6add9d99361b8418296b85ecc42954c67fbd8357d6657a498049c661"
"systems_phenotyping_5min","14_nextgen_behavioral_phenotyping/5min_based/figures/publication_panels/Fig14B_early_warning_acf1.pdf","analyses/systems_phenotyping/5min","figures/publication_panels/Fig14B_early_warning_acf1.pdf","ba3bc30b2a75a8d8cb13b33a3932dac205f8e67ba4df30feb44493e8a2e722ff","ready","docs/behavior_output_code_contracts/systems_phenotyping_5min.csv","f15faaab6add9d99361b8418296b85ecc42954c67fbd8357d6657a498049c661"
"systems_phenotyping_5min","14_nextgen_behavioral_phenotyping/5min_based/figures/publication_panels/Fig14B_early_warning_acf1.png","analyses/systems_phenotyping/5min","figures/publication_panels/Fig14B_early_warning_acf1.png","6bbcf5c3736d9cd8a732447abcd64f8d9ac54e1f2e170e71ae636389ae87e23b","ready","docs/behavior_output_code_contracts/systems_phenotyping_5min.csv","f15faaab6add9d99361b8418296b85ecc42954c67fbd8357d6657a498049c661"
"systems_phenotyping_5min","14_nextgen_behavioral_phenotyping/5min_based/figures/publication_panels/Fig14B_early_warning_acf1.svg","analyses/systems_phenotyping/5min","figures/publication_panels/Fig14B_early_warning_acf1.svg","1767c256f01677da2844b053108baa080d300d84e57e2e3bf93622cbb05a7d27","ready","docs/behavior_output_code_contracts/systems_phenotyping_5min.csv","f15faaab6add9d99361b8418296b85ecc42954c67fbd8357d6657a498049c661"
"systems_phenotyping_5min","14_nextgen_behavioral_phenotyping/5min_based/figures/publication_panels/Fig14C_latent_state_flexibility.pdf","analyses/systems_phenotyping/5min","figures/publication_panels/Fig14C_latent_state_flexibility.pdf","8f58eca78c99dcd52617b132d33963a0bc570427c666119319213b07e5f504d4","ready","docs/behavior_output_code_contracts/systems_phenotyping_5min.csv","f15faaab6add9d99361b8418296b85ecc42954c67fbd8357d6657a498049c661"
"systems_phenotyping_5min","14_nextgen_behavioral_phenotyping/5min_based/figures/publication_panels/Fig14C_latent_state_flexibility.png","analyses/systems_phenotyping/5min","figures/publication_panels/Fig14C_latent_state_flexibility.png","1345bfcf710c8ab644c0df90612cd396098c540a2f2346affd467790f2bfa0c7","ready","docs/behavior_output_code_contracts/systems_phenotyping_5min.csv","f15faaab6add9d99361b8418296b85ecc42954c67fbd8357d6657a498049c661"
"systems_phenotyping_5min","14_nextgen_behavioral_phenotyping/5min_based/figures/publication_panels/Fig14C_latent_state_flexibility.svg","analyses/systems_phenotyping/5min","figures/publication_panels/Fig14C_latent_state_flexibility.svg","c33e1ce9c8144e0f5f94ce2fe03eaf4362ed36bc057ceb29d39fc2d7c04bd872","ready","docs/behavior_output_code_contracts/systems_phenotyping_5min.csv","f15faaab6add9d99361b8418296b85ecc42954c67fbd8357d6657a498049c661"
"systems_phenotyping_5min","14_nextgen_behavioral_phenotyping/5min_based/figures/publication_panels/Fig14D_latent_state_transition_heatmap.pdf","analyses/systems_phenotyping/5min","figures/publication_panels/Fig14D_latent_state_transition_heatmap.pdf","a7161268912d2cb7e06c334f321daf3fa4cdd8fb12d6921e1b03ec489d686fa8","ready","docs/behavior_output_code_contracts/systems_phenotyping_5min.csv","f15faaab6add9d99361b8418296b85ecc42954c67fbd8357d6657a498049c661"
"systems_phenotyping_5min","14_nextgen_behavioral_phenotyping/5min_based/figures/publication_panels/Fig14D_latent_state_transition_heatmap.png","analyses/systems_phenotyping/5min","figures/publication_panels/Fig14D_latent_state_transition_heatmap.png","b72e90908927d2904f165e98831922792d23a585344bef078285d87cefd7f0a3","ready","docs/behavior_output_code_contracts/systems_phenotyping_5min.csv","f15faaab6add9d99361b8418296b85ecc42954c67fbd8357d6657a498049c661"
"systems_phenotyping_5min","14_nextgen_behavioral_phenotyping/5min_based/figures/publication_panels/Fig14D_latent_state_transition_heatmap.svg","analyses/systems_phenotyping/5min","figures/publication_panels/Fig14D_latent_state_transition_heatmap.svg","e1aa6fed93bfddd9014fc4bb381c8ca104b40bc5e12cfceda33e51802f25b12a","ready","docs/behavior_output_code_contracts/systems_phenotyping_5min.csv","f15faaab6add9d99361b8418296b85ecc42954c67fbd8357d6657a498049c661"
"systems_phenotyping_5min","14_nextgen_behavioral_phenotyping/5min_based/figures/publication_panels/Fig14E_behavioral_energy_landscape.pdf","analyses/systems_phenotyping/5min","figures/publication_panels/Fig14E_behavioral_energy_landscape.pdf","e5ca784fcfbdea47d4fbf1e9451506b98450786086837ee45c32d075cd598821","ready","docs/behavior_output_code_contracts/systems_phenotyping_5min.csv","f15faaab6add9d99361b8418296b85ecc42954c67fbd8357d6657a498049c661"
"systems_phenotyping_5min","14_nextgen_behavioral_phenotyping/5min_based/figures/publication_panels/Fig14E_behavioral_energy_landscape.png","analyses/systems_phenotyping/5min","figures/publication_panels/Fig14E_behavioral_energy_landscape.png","9b92c2cffb9fbdb688f09fc2dbd82eaf99a0de9f6a14fde9210bedf4a207b520","ready","docs/behavior_output_code_contracts/systems_phenotyping_5min.csv","f15faaab6add9d99361b8418296b85ecc42954c67fbd8357d6657a498049c661"
"systems_phenotyping_5min","14_nextgen_behavioral_phenotyping/5min_based/figures/publication_panels/Fig14E_behavioral_energy_landscape.svg","analyses/systems_phenotyping/5min","figures/publication_panels/Fig14E_behavioral_energy_landscape.svg","11f13c5f7cdb972a4dd7fc14a32b4d064cb014a82d5d3fccc73ceddc7ad31ed0","ready","docs/behavior_output_code_contracts/systems_phenotyping_5min.csv","f15faaab6add9d99361b8418296b85ecc42954c67fbd8357d6657a498049c661"
"systems_phenotyping_5min","14_nextgen_behavioral_phenotyping/5min_based/figures/publication_panels/Fig14E2_latent_behavioral_trajectory.pdf","analyses/systems_phenotyping/5min","figures/publication_panels/Fig14E2_latent_behavioral_trajectory.pdf","b62fa198476a8dafb38d22512e67ccfe75d37ee700ab84a5c7f16b4f8b7e70ec","ready","docs/behavior_output_code_contracts/systems_phenotyping_5min.csv","f15faaab6add9d99361b8418296b85ecc42954c67fbd8357d6657a498049c661"
"systems_phenotyping_5min","14_nextgen_behavioral_phenotyping/5min_based/figures/publication_panels/Fig14E2_latent_behavioral_trajectory.png","analyses/systems_phenotyping/5min","figures/publication_panels/Fig14E2_latent_behavioral_trajectory.png","4a9730996d6ea92da54c59c53a5a0d7c776324468dc6a826672a5f73f0305a66","ready","docs/behavior_output_code_contracts/systems_phenotyping_5min.csv","f15faaab6add9d99361b8418296b85ecc42954c67fbd8357d6657a498049c661"
"systems_phenotyping_5min","14_nextgen_behavioral_phenotyping/5min_based/figures/publication_panels/Fig14E2_latent_behavioral_trajectory.svg","analyses/systems_phenotyping/5min","figures/publication_panels/Fig14E2_latent_behavioral_trajectory.svg","1869e3bdce6dc40b96a8a344ba3925b99ed8330f66df43070c1dc129f4eea30d","ready","docs/behavior_output_code_contracts/systems_phenotyping_5min.csv","f15faaab6add9d99361b8418296b85ecc42954c67fbd8357d6657a498049c661"
"systems_phenotyping_5min","14_nextgen_behavioral_phenotyping/5min_based/figures/publication_panels/Fig14F_attractor_depth.pdf","analyses/systems_phenotyping/5min","figures/publication_panels/Fig14F_attractor_depth.pdf","3f2d23fce818a890b85adb8787244d37c3e528ea8ecdeab7e27d33cc5430a72d","ready","docs/behavior_output_code_contracts/systems_phenotyping_5min.csv","f15faaab6add9d99361b8418296b85ecc42954c67fbd8357d6657a498049c661"
"systems_phenotyping_5min","14_nextgen_behavioral_phenotyping/5min_based/figures/publication_panels/Fig14F_attractor_depth.png","analyses/systems_phenotyping/5min","figures/publication_panels/Fig14F_attractor_depth.png","d5da8f7de92defe2dc021809f04e605ea8818fb4131f5adc9b73f96c3362a0da","ready","docs/behavior_output_code_contracts/systems_phenotyping_5min.csv","f15faaab6add9d99361b8418296b85ecc42954c67fbd8357d6657a498049c661"
"systems_phenotyping_5min","14_nextgen_behavioral_phenotyping/5min_based/figures/publication_panels/Fig14F_attractor_depth.svg","analyses/systems_phenotyping/5min","figures/publication_panels/Fig14F_attractor_depth.svg","ea42708d1978e763fef7fc6a7f78135f15c41de0de85a01daabc0c79ae1020b7","ready","docs/behavior_output_code_contracts/systems_phenotyping_5min.csv","f15faaab6add9d99361b8418296b85ecc42954c67fbd8357d6657a498049c661"
"systems_phenotyping_5min","14_nextgen_behavioral_phenotyping/5min_based/figures/publication_panels/Fig14G_dynamic_social_coupling.pdf","analyses/systems_phenotyping/5min","figures/publication_panels/Fig14G_dynamic_social_coupling.pdf","f9b7a39a60a94bcb043f0fa942ac4002647d28086fa9ab84182e3d8b7c41eab9","ready","docs/behavior_output_code_contracts/systems_phenotyping_5min.csv","f15faaab6add9d99361b8418296b85ecc42954c67fbd8357d6657a498049c661"
"systems_phenotyping_5min","14_nextgen_behavioral_phenotyping/5min_based/figures/publication_panels/Fig14G_dynamic_social_coupling.png","analyses/systems_phenotyping/5min","figures/publication_panels/Fig14G_dynamic_social_coupling.png","b659abc5951c53ee9b2cfa594c8e18dc58f7458dd203e8483217052715b1c52a","ready","docs/behavior_output_code_contracts/systems_phenotyping_5min.csv","f15faaab6add9d99361b8418296b85ecc42954c67fbd8357d6657a498049c661"
"systems_phenotyping_5min","14_nextgen_behavioral_phenotyping/5min_based/figures/publication_panels/Fig14G_dynamic_social_coupling.svg","analyses/systems_phenotyping/5min","figures/publication_panels/Fig14G_dynamic_social_coupling.svg","59ddbc385c026e81769c25429393588e9ef756912ab5d9fd2188727bd05f1269","ready","docs/behavior_output_code_contracts/systems_phenotyping_5min.csv","f15faaab6add9d99361b8418296b85ecc42954c67fbd8357d6657a498049c661"
"systems_phenotyping_5min","14_nextgen_behavioral_phenotyping/5min_based/figures/publication_panels/Fig14H_nextgen_phenotype_index.pdf","analyses/systems_phenotyping/5min","figures/publication_panels/Fig14H_nextgen_phenotype_index.pdf","f56d698e72357fb1438e52636b36c0cb8133f299c00fff38febe80ab0359235d","ready","docs/behavior_output_code_contracts/systems_phenotyping_5min.csv","f15faaab6add9d99361b8418296b85ecc42954c67fbd8357d6657a498049c661"
"systems_phenotyping_5min","14_nextgen_behavioral_phenotyping/5min_based/figures/publication_panels/Fig14H_nextgen_phenotype_index.png","analyses/systems_phenotyping/5min","figures/publication_panels/Fig14H_nextgen_phenotype_index.png","121696ea75ee9bc2e3af61155c7de784fe5b3cf4523230265ad8eff48f4ec477","ready","docs/behavior_output_code_contracts/systems_phenotyping_5min.csv","f15faaab6add9d99361b8418296b85ecc42954c67fbd8357d6657a498049c661"
"systems_phenotyping_5min","14_nextgen_behavioral_phenotyping/5min_based/figures/publication_panels/Fig14H_nextgen_phenotype_index.svg","analyses/systems_phenotyping/5min","figures/publication_panels/Fig14H_nextgen_phenotype_index.svg","ab665347d1bdd61cf442b66d440aff4055ea3d188684795941f1bd8fe319f447","ready","docs/behavior_output_code_contracts/systems_phenotyping_5min.csv","f15faaab6add9d99361b8418296b85ecc42954c67fbd8357d6657a498049c661"
"systems_phenotyping_5min","14_nextgen_behavioral_phenotyping/5min_based/figures/publication_panels/README.txt","analyses/systems_phenotyping/5min","figures/publication_panels/README.txt","286c6049c438a35fa640b7aebc024153bbbbe1f1a4bbe837fd8b226708ff37cf","ready","docs/behavior_output_code_contracts/systems_phenotyping_5min.csv","f15faaab6add9d99361b8418296b85ecc42954c67fbd8357d6657a498049c661"
"systems_phenotyping_5min","14_nextgen_behavioral_phenotyping/5min_based/figures/qc/README.txt","analyses/systems_phenotyping/5min","figures/qc/README.txt","fcc7347cfbb2d92ffff45d2d214694895194bd3da990013d0d8e3d556a6ef029","ready","docs/behavior_output_code_contracts/systems_phenotyping_5min.csv","f15faaab6add9d99361b8418296b85ecc42954c67fbd8357d6657a498049c661"
"systems_phenotyping_5min","14_nextgen_behavioral_phenotyping/5min_based/figures/supplementary/README.txt","analyses/systems_phenotyping/5min","figures/supplementary/README.txt","72409480a7f9877bca1f93d2796bfdde2cf350a81c01a1dd3acfbcd060f10849","ready","docs/behavior_output_code_contracts/systems_phenotyping_5min.csv","f15faaab6add9d99361b8418296b85ecc42954c67fbd8357d6657a498049c661"
"systems_phenotyping_5min","14_nextgen_behavioral_phenotyping/5min_based/manifest/input_output_manifest.csv","analyses/systems_phenotyping/5min","manifest/input_output_manifest.csv","f5880367b6f8066bd4b05d755b92a87ff64176d7e826addd7c280d39a3768d9e","ready","docs/behavior_output_code_contracts/systems_phenotyping_5min.csv","f15faaab6add9d99361b8418296b85ecc42954c67fbd8357d6657a498049c661"
"systems_phenotyping_5min","14_nextgen_behavioral_phenotyping/5min_based/manifest/output_manifest.csv","analyses/systems_phenotyping/5min","manifest/output_manifest.csv","45856055e082934f983aa27710ce406d16a87c3e95120c83db75f6ac1e1a5220","ready","docs/behavior_output_code_contracts/systems_phenotyping_5min.csv","f15faaab6add9d99361b8418296b85ecc42954c67fbd8357d6657a498049c661"
"systems_phenotyping_5min","14_nextgen_behavioral_phenotyping/5min_based/output_manifest.csv","analyses/systems_phenotyping/5min","output_manifest.csv","45856055e082934f983aa27710ce406d16a87c3e95120c83db75f6ac1e1a5220","ready","docs/behavior_output_code_contracts/systems_phenotyping_5min.csv","f15faaab6add9d99361b8418296b85ecc42954c67fbd8357d6657a498049c661"
"systems_phenotyping_5min","14_nextgen_behavioral_phenotyping/5min_based/statistical_results/first_active_phase_cage_change_1_first_12h_group_contrasts.csv","analyses/systems_phenotyping/5min","statistical_results/first_active_phase_cage_change_1_first_12h_group_contrasts.csv","f7fd80e2a80087f97f9f1daf7dc9693287d14dcd3f08390a28d0e496d4441c57","ready","docs/behavior_output_code_contracts/systems_phenotyping_5min.csv","f15faaab6add9d99361b8418296b85ecc42954c67fbd8357d6657a498049c661"
"systems_phenotyping_5min","14_nextgen_behavioral_phenotyping/5min_based/statistical_results/first_active_phase_cage_change_1_first_12h_group_summary.csv","analyses/systems_phenotyping/5min","statistical_results/first_active_phase_cage_change_1_first_12h_group_summary.csv","5d20c2b8480ff5e0d358003ba705cec576c57b13aac548526404a22e6a99862f","ready","docs/behavior_output_code_contracts/systems_phenotyping_5min.csv","f15faaab6add9d99361b8418296b85ecc42954c67fbd8357d6657a498049c661"
"systems_phenotyping_5min","14_nextgen_behavioral_phenotyping/5min_based/statistical_results/first_active_phase_cage_change_1_first_12h_significant_and_trend_contrasts.csv","analyses/systems_phenotyping/5min","statistical_results/first_active_phase_cage_change_1_first_12h_significant_and_trend_contrasts.csv","1c327836a0a35a4174f13993a072337332dcee47b52fbe9dec0b78c101701650","ready","docs/behavior_output_code_contracts/systems_phenotyping_5min.csv","f15faaab6add9d99361b8418296b85ecc42954c67fbd8357d6657a498049c661"
"systems_phenotyping_5min","14_nextgen_behavioral_phenotyping/5min_based/statistical_results/nextgen_behavioral_phenotyping_analysis_manifest.csv","analyses/systems_phenotyping/5min","statistical_results/nextgen_behavioral_phenotyping_analysis_manifest.csv","c2d654ef80aba9414e9ce3afbd4cb1f0310a3116afd310436d4062053f3b375b","ready","docs/behavior_output_code_contracts/systems_phenotyping_5min.csv","f15faaab6add9d99361b8418296b85ecc42954c67fbd8357d6657a498049c661"
"systems_phenotyping_5min","14_nextgen_behavioral_phenotyping/5min_based/statistical_results/phase_specific_first_12h_by_cage_change_group_contrasts.csv","analyses/systems_phenotyping/5min","statistical_results/phase_specific_first_12h_by_cage_change_group_contrasts.csv","ccdac1417ea79870833c94b0e86b43c1f3b22b7cd60ed21b9748dbade33fe630","ready","docs/behavior_output_code_contracts/systems_phenotyping_5min.csv","f15faaab6add9d99361b8418296b85ecc42954c67fbd8357d6657a498049c661"
"systems_phenotyping_5min","14_nextgen_behavioral_phenotyping/5min_based/statistical_results/phase_specific_first_12h_by_cage_change_group_summary.csv","analyses/systems_phenotyping/5min","statistical_results/phase_specific_first_12h_by_cage_change_group_summary.csv","51ab38394d94596cb505bbe3e5701ff234bc4a9edb275a7a42d6c60c2d9410d6","ready","docs/behavior_output_code_contracts/systems_phenotyping_5min.csv","f15faaab6add9d99361b8418296b85ecc42954c67fbd8357d6657a498049c661"
"systems_phenotyping_5min","14_nextgen_behavioral_phenotyping/5min_based/statistical_results/phase_specific_first_12h_by_cage_change_significant_and_trend_contrasts.csv","analyses/systems_phenotyping/5min","statistical_results/phase_specific_first_12h_by_cage_change_significant_and_trend_contrasts.csv","2e519b8c72ccce57557db4f3f8b38161ae279f16306f2eea85db24c0a576afad","ready","docs/behavior_output_code_contracts/systems_phenotyping_5min.csv","f15faaab6add9d99361b8418296b85ecc42954c67fbd8357d6657a498049c661"
"systems_phenotyping_5min","14_nextgen_behavioral_phenotyping/5min_based/statistical_results/phase_specific_first_12h_longitudinal_mixed_models.csv","analyses/systems_phenotyping/5min","statistical_results/phase_specific_first_12h_longitudinal_mixed_models.csv","8736335a1ce2aed4e887a52bb3130b699b7854bc490ae618b982d8dd1a4480b1","ready","docs/behavior_output_code_contracts/systems_phenotyping_5min.csv","f15faaab6add9d99361b8418296b85ecc42954c67fbd8357d6657a498049c661"
"systems_phenotyping_5min","14_nextgen_behavioral_phenotyping/5min_based/statistical_results/screening_visualization_guide.csv","analyses/systems_phenotyping/5min","statistical_results/screening_visualization_guide.csv","f79e8622147a90f845ccb5383ee4b8072b613dfb312c73ab27756c334bdf1348","ready","docs/behavior_output_code_contracts/systems_phenotyping_5min.csv","f15faaab6add9d99361b8418296b85ecc42954c67fbd8357d6657a498049c661"
"systems_phenotyping_5min","14_nextgen_behavioral_phenotyping/5min_based/stats_tables/animal_social_coupling_group_contrasts.csv","analyses/systems_phenotyping/5min","stats_tables/animal_social_coupling_group_contrasts.csv","bfb4de1e53259183462898856ce53575ba16868941b2b4a829e6cbe296e189b1","ready","docs/behavior_output_code_contracts/systems_phenotyping_5min.csv","f15faaab6add9d99361b8418296b85ecc42954c67fbd8357d6657a498049c661"
"systems_phenotyping_5min","14_nextgen_behavioral_phenotyping/5min_based/stats_tables/animal_social_coupling_group_summary.csv","analyses/systems_phenotyping/5min","stats_tables/animal_social_coupling_group_summary.csv","ce2b9c2e411180ea1256264e89323f2b1a0070f4721b1223f9fd1b13406d8641","ready","docs/behavior_output_code_contracts/systems_phenotyping_5min.csv","f15faaab6add9d99361b8418296b85ecc42954c67fbd8357d6657a498049c661"
"systems_phenotyping_5min","14_nextgen_behavioral_phenotyping/5min_based/stats_tables/behavioral_energy_landscape_group_contrasts.csv","analyses/systems_phenotyping/5min","stats_tables/behavioral_energy_landscape_group_contrasts.csv","cefd0d99c0ce70e3d6ea5baecbd4fee19ba590c595298cd63aabdc7ac09f3ca7","ready","docs/behavior_output_code_contracts/systems_phenotyping_5min.csv","f15faaab6add9d99361b8418296b85ecc42954c67fbd8357d6657a498049c661"
"systems_phenotyping_5min","14_nextgen_behavioral_phenotyping/5min_based/stats_tables/behavioral_energy_landscape_group_summary.csv","analyses/systems_phenotyping/5min","stats_tables/behavioral_energy_landscape_group_summary.csv","e661ad60edad4b8d3c204b767fa4c1fced991f9b985023a9176959e41527405f","ready","docs/behavior_output_code_contracts/systems_phenotyping_5min.csv","f15faaab6add9d99361b8418296b85ecc42954c67fbd8357d6657a498049c661"
"systems_phenotyping_5min","14_nextgen_behavioral_phenotyping/5min_based/stats_tables/early_warning_summary_group_contrasts.csv","analyses/systems_phenotyping/5min","stats_tables/early_warning_summary_group_contrasts.csv","e0e9bd0461f38105f6aa7bd1c2777ca804c11951fb8098865aaf2829c58280d7","ready","docs/behavior_output_code_contracts/systems_phenotyping_5min.csv","f15faaab6add9d99361b8418296b85ecc42954c67fbd8357d6657a498049c661"
"systems_phenotyping_5min","14_nextgen_behavioral_phenotyping/5min_based/stats_tables/early_warning_summary_group_summary.csv","analyses/systems_phenotyping/5min","stats_tables/early_warning_summary_group_summary.csv","022955750d4bdaa480d64b1290ab3e6cd9364c2ccc035c5ffc6ad83c7cdc06d6","ready","docs/behavior_output_code_contracts/systems_phenotyping_5min.csv","f15faaab6add9d99361b8418296b85ecc42954c67fbd8357d6657a498049c661"
"systems_phenotyping_5min","14_nextgen_behavioral_phenotyping/5min_based/stats_tables/hmm_style_state_occupancy_group_contrasts.csv","analyses/systems_phenotyping/5min","stats_tables/hmm_style_state_occupancy_group_contrasts.csv","accf8a643891eb28d6781e69818066d70d243ae5e3c46fe366c6d5c58f5e18b5","ready","docs/behavior_output_code_contracts/systems_phenotyping_5min.csv","f15faaab6add9d99361b8418296b85ecc42954c67fbd8357d6657a498049c661"
"systems_phenotyping_5min","14_nextgen_behavioral_phenotyping/5min_based/stats_tables/hmm_style_state_occupancy_group_summary.csv","analyses/systems_phenotyping/5min","stats_tables/hmm_style_state_occupancy_group_summary.csv","36a78e4c14b788b1ff588d975b25f553136df9f387d23e4be818d9de61aefe5b","ready","docs/behavior_output_code_contracts/systems_phenotyping_5min.csv","f15faaab6add9d99361b8418296b85ecc42954c67fbd8357d6657a498049c661"
"systems_phenotyping_5min","14_nextgen_behavioral_phenotyping/5min_based/stats_tables/hmm_style_state_switching_group_contrasts.csv","analyses/systems_phenotyping/5min","stats_tables/hmm_style_state_switching_group_contrasts.csv","38cd8764f739ed6cea3608a0e04f5bb1b01c6e5b8901ba13be1ebed86d09df9f","ready","docs/behavior_output_code_contracts/systems_phenotyping_5min.csv","f15faaab6add9d99361b8418296b85ecc42954c67fbd8357d6657a498049c661"
"systems_phenotyping_5min","14_nextgen_behavioral_phenotyping/5min_based/stats_tables/hmm_style_state_switching_group_summary.csv","analyses/systems_phenotyping/5min","stats_tables/hmm_style_state_switching_group_summary.csv","e71228f47a06929ecbdabafcdf313bc933c342d70acc1bc134b2305bf6eaf7c0","ready","docs/behavior_output_code_contracts/systems_phenotyping_5min.csv","f15faaab6add9d99361b8418296b85ecc42954c67fbd8357d6657a498049c661"
"systems_phenotyping_5min","14_nextgen_behavioral_phenotyping/5min_based/stats_tables/multiscale_complexity_features_group_contrasts.csv","analyses/systems_phenotyping/5min","stats_tables/multiscale_complexity_features_group_contrasts.csv","8fb549379e47b2f81f1c6c04e7d773232609272e6e43f6da4e00b8d41d1340ba","ready","docs/behavior_output_code_contracts/systems_phenotyping_5min.csv","f15faaab6add9d99361b8418296b85ecc42954c67fbd8357d6657a498049c661"
"systems_phenotyping_5min","14_nextgen_behavioral_phenotyping/5min_based/stats_tables/multiscale_complexity_features_group_summary.csv","analyses/systems_phenotyping/5min","stats_tables/multiscale_complexity_features_group_summary.csv","259056e971953ebed5eeeb85c010e488de819d3f4499811245023ada4eea1569","ready","docs/behavior_output_code_contracts/systems_phenotyping_5min.csv","f15faaab6add9d99361b8418296b85ecc42954c67fbd8357d6657a498049c661"
"systems_phenotyping_5min","14_nextgen_behavioral_phenotyping/5min_based/stats_tables/nextgen_all_group_contrasts.csv","analyses/systems_phenotyping/5min","stats_tables/nextgen_all_group_contrasts.csv","94c0d0ead4c49e958ce56162cc9a69c1280051ee50858b36d768e137c4115ade","ready","docs/behavior_output_code_contracts/systems_phenotyping_5min.csv","f15faaab6add9d99361b8418296b85ecc42954c67fbd8357d6657a498049c661"
"systems_phenotyping_5min","14_nextgen_behavioral_phenotyping/5min_based/stats_tables/nextgen_feature_endpoint_correlations.csv","analyses/systems_phenotyping/5min","stats_tables/nextgen_feature_endpoint_correlations.csv","7bfad1ae3ec3630b6a3255cc83b12e161deae8591af5b37e06060ae1cad16993","ready","docs/behavior_output_code_contracts/systems_phenotyping_5min.csv","f15faaab6add9d99361b8418296b85ecc42954c67fbd8357d6657a498049c661"
"systems_phenotyping_5min","14_nextgen_behavioral_phenotyping/5min_based/stats_tables/nextgen_phenotype_index_group_contrasts.csv","analyses/systems_phenotyping/5min","stats_tables/nextgen_phenotype_index_group_contrasts.csv","47eaa3f5233d58beb461c4407d962b256c1bb338a69b7e7b492de4c38c879fd1","ready","docs/behavior_output_code_contracts/systems_phenotyping_5min.csv","f15faaab6add9d99361b8418296b85ecc42954c67fbd8357d6657a498049c661"
"systems_phenotyping_5min","14_nextgen_behavioral_phenotyping/5min_based/stats_tables/nextgen_phenotype_index_group_summary.csv","analyses/systems_phenotyping/5min","stats_tables/nextgen_phenotype_index_group_summary.csv","38a309fc81613dd39081f392d66bc019aad0788ff04c4545c77677ccd89c4df4","ready","docs/behavior_output_code_contracts/systems_phenotyping_5min.csv","f15faaab6add9d99361b8418296b85ecc42954c67fbd8357d6657a498049c661"
"systems_phenotyping_5min","14_nextgen_behavioral_phenotyping/5min_based/stats_tables/nextgen_significant_and_trend_group_contrasts.csv","analyses/systems_phenotyping/5min","stats_tables/nextgen_significant_and_trend_group_contrasts.csv","bbd4afc53572ca0b5a7e2cd32f1e6a3c45dc41b31130c3b0d372b0d7a5c0f360","ready","docs/behavior_output_code_contracts/systems_phenotyping_5min.csv","f15faaab6add9d99361b8418296b85ecc42954c67fbd8357d6657a498049c661"
"systems_phenotyping_5min","14_nextgen_behavioral_phenotyping/5min_based/tables/animal_social_coupling_summary.csv","analyses/systems_phenotyping/5min","tables/animal_social_coupling_summary.csv","aaf635813f9e395f72161895dd459eae170c6639e35ef9c224be984bcc55847d","ready","docs/behavior_output_code_contracts/systems_phenotyping_5min.csv","f15faaab6add9d99361b8418296b85ecc42954c67fbd8357d6657a498049c661"
"systems_phenotyping_5min","14_nextgen_behavioral_phenotyping/5min_based/tables/behavioral_energy_landscape_grid.csv","analyses/systems_phenotyping/5min","tables/behavioral_energy_landscape_grid.csv","fe8034ba9c055db6898d56bf3ef4a53a63aeb0b2f52aad69fe3f1e213eb398b9","ready","docs/behavior_output_code_contracts/systems_phenotyping_5min.csv","f15faaab6add9d99361b8418296b85ecc42954c67fbd8357d6657a498049c661"
"systems_phenotyping_5min","14_nextgen_behavioral_phenotyping/5min_based/tables/behavioral_energy_landscape_summary.csv","analyses/systems_phenotyping/5min","tables/behavioral_energy_landscape_summary.csv","7d44671ecc12de5e4a062b8144ccc57bf0848378beb71bfaa63c617488a1589f","ready","docs/behavior_output_code_contracts/systems_phenotyping_5min.csv","f15faaab6add9d99361b8418296b85ecc42954c67fbd8357d6657a498049c661"
"systems_phenotyping_5min","14_nextgen_behavioral_phenotyping/5min_based/tables/behavioral_energy_landscape_summary_by_animal.csv","analyses/systems_phenotyping/5min","tables/behavioral_energy_landscape_summary_by_animal.csv","e457bade7a50dbae9992869148a34baf69a5c4b20a0cf4a6d7834ff391864ffc","ready","docs/behavior_output_code_contracts/systems_phenotyping_5min.csv","f15faaab6add9d99361b8418296b85ecc42954c67fbd8357d6657a498049c661"
"systems_phenotyping_5min","14_nextgen_behavioral_phenotyping/5min_based/tables/behavioral_landscape_latent_points.csv","analyses/systems_phenotyping/5min","tables/behavioral_landscape_latent_points.csv","d16affbfb0961e4bfd35acc666880c5837961ad306fe538f1885d5db26bd6523","ready","docs/behavior_output_code_contracts/systems_phenotyping_5min.csv","f15faaab6add9d99361b8418296b85ecc42954c67fbd8357d6657a498049c661"
"systems_phenotyping_5min","14_nextgen_behavioral_phenotyping/5min_based/tables/behavioral_latent_trajectory_by_group.csv","analyses/systems_phenotyping/5min","tables/behavioral_latent_trajectory_by_group.csv","19cb6aedf1b0c719a3200d7d4f192b7a8193d821405d74476d6db65a849902a3","ready","docs/behavior_output_code_contracts/systems_phenotyping_5min.csv","f15faaab6add9d99361b8418296b85ecc42954c67fbd8357d6657a498049c661"
"systems_phenotyping_5min","14_nextgen_behavioral_phenotyping/5min_based/tables/early_warning_summary_by_animal.csv","analyses/systems_phenotyping/5min","tables/early_warning_summary_by_animal.csv","1855ae3c8b0b8a400d40bdafce58f9c931de0832f34b093d5fd138229e70b854","ready","docs/behavior_output_code_contracts/systems_phenotyping_5min.csv","f15faaab6add9d99361b8418296b85ecc42954c67fbd8357d6657a498049c661"
"systems_phenotyping_5min","14_nextgen_behavioral_phenotyping/5min_based/tables/hmm_style_latent_states_by_bin.csv","analyses/systems_phenotyping/5min","tables/hmm_style_latent_states_by_bin.csv","ba42d52303c99e6d88f8371e556dcf506c25f241b92e09105de4749a77c7f23e","ready","docs/behavior_output_code_contracts/systems_phenotyping_5min.csv","f15faaab6add9d99361b8418296b85ecc42954c67fbd8357d6657a498049c661"
"systems_phenotyping_5min","14_nextgen_behavioral_phenotyping/5min_based/tables/hmm_style_state_labels.csv","analyses/systems_phenotyping/5min","tables/hmm_style_state_labels.csv","4045b95d6c45944096edc7666c144bf1432c6710a4d3ab24e04080b19603f201","ready","docs/behavior_output_code_contracts/systems_phenotyping_5min.csv","f15faaab6add9d99361b8418296b85ecc42954c67fbd8357d6657a498049c661"
"systems_phenotyping_5min","14_nextgen_behavioral_phenotyping/5min_based/tables/hmm_style_state_occupancy_by_animal.csv","analyses/systems_phenotyping/5min","tables/hmm_style_state_occupancy_by_animal.csv","ddae14493a0ad238e8f717e8ee156b9f9c67e043ee9c556308cd12bb379424f6","ready","docs/behavior_output_code_contracts/systems_phenotyping_5min.csv","f15faaab6add9d99361b8418296b85ecc42954c67fbd8357d6657a498049c661"
"systems_phenotyping_5min","14_nextgen_behavioral_phenotyping/5min_based/tables/hmm_style_state_switching_by_animal.csv","analyses/systems_phenotyping/5min","tables/hmm_style_state_switching_by_animal.csv","358523d308fe5c620d610d00e2697d10b17bccd1901e9181f49be3e3a4002d2a","ready","docs/behavior_output_code_contracts/systems_phenotyping_5min.csv","f15faaab6add9d99361b8418296b85ecc42954c67fbd8357d6657a498049c661"
"systems_phenotyping_5min","14_nextgen_behavioral_phenotyping/5min_based/tables/hmm_style_transition_probabilities.csv","analyses/systems_phenotyping/5min","tables/hmm_style_transition_probabilities.csv","c04b3b371238530f1c003fa615e2c64acf1315f30b107d9fa71eddba6ae9a54a","ready","docs/behavior_output_code_contracts/systems_phenotyping_5min.csv","f15faaab6add9d99361b8418296b85ecc42954c67fbd8357d6657a498049c661"
"systems_phenotyping_5min","14_nextgen_behavioral_phenotyping/5min_based/tables/multiscale_complexity_features.csv","analyses/systems_phenotyping/5min","tables/multiscale_complexity_features.csv","e524ab0d142db4bd67babe3081e9c6783fc23127ee550dc18f364d5667277350","ready","docs/behavior_output_code_contracts/systems_phenotyping_5min.csv","f15faaab6add9d99361b8418296b85ecc42954c67fbd8357d6657a498049c661"
"systems_phenotyping_5min","14_nextgen_behavioral_phenotyping/5min_based/tables/multiscale_entropy_by_animal.csv","analyses/systems_phenotyping/5min","tables/multiscale_entropy_by_animal.csv","65fec621665d8589025a13787436a001f6abad1507940c7445bfe58dd00d7732","ready","docs/behavior_output_code_contracts/systems_phenotyping_5min.csv","f15faaab6add9d99361b8418296b85ecc42954c67fbd8357d6657a498049c661"
"systems_phenotyping_5min","14_nextgen_behavioral_phenotyping/5min_based/tables/nextgen_behavioral_phenotype_matrix.csv","analyses/systems_phenotyping/5min","tables/nextgen_behavioral_phenotype_matrix.csv","a84aef63717c630a22c145ee46f474e81da29b67e3ef54041a67ab8d44adeaa0","ready","docs/behavior_output_code_contracts/systems_phenotyping_5min.csv","f15faaab6add9d99361b8418296b85ecc42954c67fbd8357d6657a498049c661"
"systems_phenotyping_5min","14_nextgen_behavioral_phenotyping/5min_based/tables/nextgen_interpretation_constraints.csv","analyses/systems_phenotyping/5min","tables/nextgen_interpretation_constraints.csv","8e3a377d17ed9fc358a8852e5e4d976b48d405ca6b3a8ac35e3b1ef597f8e26c","ready","docs/behavior_output_code_contracts/systems_phenotyping_5min.csv","f15faaab6add9d99361b8418296b85ecc42954c67fbd8357d6657a498049c661"
"systems_phenotyping_5min","14_nextgen_behavioral_phenotyping/5min_based/tables/nextgen_robustness_summary.csv","analyses/systems_phenotyping/5min","tables/nextgen_robustness_summary.csv","0f6f9c283cd2a8be9d53bfc7f6521bf08303ddff004b0747b8ab853268a20eae","ready","docs/behavior_output_code_contracts/systems_phenotyping_5min.csv","f15faaab6add9d99361b8418296b85ecc42954c67fbd8357d6657a498049c661"
"systems_phenotyping_5min","14_nextgen_behavioral_phenotyping/5min_based/tables/output_figure_inventory.csv","analyses/systems_phenotyping/5min","tables/output_figure_inventory.csv","6965822964d52253e105a955bdd912856a674e0bda8eac13b7a019a9f079e783","ready","docs/behavior_output_code_contracts/systems_phenotyping_5min.csv","f15faaab6add9d99361b8418296b85ecc42954c67fbd8357d6657a498049c661"
"systems_phenotyping_5min","14_nextgen_behavioral_phenotyping/5min_based/tables/output_folder_summary.csv","analyses/systems_phenotyping/5min","tables/output_folder_summary.csv","0893972ce5795926656a9e820258d47460ed9198c356a8a6fa18cdae799145dd","ready","docs/behavior_output_code_contracts/systems_phenotyping_5min.csv","f15faaab6add9d99361b8418296b85ecc42954c67fbd8357d6657a498049c661"
"systems_phenotyping_5min","14_nextgen_behavioral_phenotyping/5min_based/tables/pairwise_dynamic_coupling.csv","analyses/systems_phenotyping/5min","tables/pairwise_dynamic_coupling.csv","016ca8e9ea6508251ab4f40903f310738d87ac289afe0dd10d441d34598bdbd3","ready","docs/behavior_output_code_contracts/systems_phenotyping_5min.csv","f15faaab6add9d99361b8418296b85ecc42954c67fbd8357d6657a498049c661"
"systems_phenotyping_5min","14_nextgen_behavioral_phenotyping/5min_based/tables/rolling_early_warning_features.csv","analyses/systems_phenotyping/5min","tables/rolling_early_warning_features.csv","f886cb875da454fd6adeb41c094cf266916f7aa111f6c35a871c9a0a5bf11f71","ready","docs/behavior_output_code_contracts/systems_phenotyping_5min.csv","f15faaab6add9d99361b8418296b85ecc42954c67fbd8357d6657a498049c661"
"inactive_phase_qc_audit","12_systems_neuroscience_summary/5min_based/audit_inactive_phase_qc/inactive_qc_epoch_evidence.csv","analyses/inactive_phase_qc_audit","inactive_qc_epoch_evidence.csv","802f67e9d032badcbf81741b173fd0a2d0928fbec0fcbdab8ebf2a8406cd4ec1","ready","docs/behavior_output_code_contracts/inactive_phase_qc_audit.csv","42e474c1a97705e2740ef581c69a5dca6a0a4bf0aa12bf48e479f7c65bc36de6"
"inactive_phase_qc_audit","12_systems_neuroscience_summary/5min_based/audit_inactive_phase_qc/inactive_qc_proposed_specification.csv","analyses/inactive_phase_qc_audit","inactive_qc_proposed_specification.csv","9a40f741ec1e76ee52354cdf056aa5bc913fe1b074a2a7f6123d2e8a2112881f","ready","docs/behavior_output_code_contracts/inactive_phase_qc_audit.csv","42e474c1a97705e2740ef581c69a5dca6a0a4bf0aa12bf48e479f7c65bc36de6"
"inactive_phase_qc_audit","12_systems_neuroscience_summary/5min_based/audit_inactive_phase_qc/inactive_qc_threshold_calibration.csv","analyses/inactive_phase_qc_audit","inactive_qc_threshold_calibration.csv","9c35e921b496c398d676a26f00d45ad9184e8fa9b0b9544dc7b08710ce1b2dc4","ready","docs/behavior_output_code_contracts/inactive_phase_qc_audit.csv","42e474c1a97705e2740ef581c69a5dca6a0a4bf0aa12bf48e479f7c65bc36de6"
