"group","source_rel","target_root_rel","target_file","source_sha256","gate","contract_file","contract_sha256"
"history_social_networks_10sec","06_behavioral_dynamics/social_networks/10sec_based/output_manifest.csv","history/social_networks/10sec","output_manifest.csv","d10ae41f4b23952d54bbe5c2beb6040afa9eb3660c894b9fd0bfa91732de913b","ready","docs/behavior_output_code_contracts/historical_resolution_readers.csv","6ef2091f8861ccfeed508d9aadc55ca71380fcac97c9b57c47d8c7b9fad182e8"
"history_social_networks_10sec","06_behavioral_dynamics/social_networks/10sec_based/figures/animal_level_social_dynamics.pdf","history/social_networks/10sec","figures/animal_level_social_dynamics.pdf","20edea6f08c261fe5886cbccc976e5ff7afe7ee1ab1e60076d4c3e63ea79a64c","ready","docs/behavior_output_code_contracts/historical_resolution_readers.csv","6ef2091f8861ccfeed508d9aadc55ca71380fcac97c9b57c47d8c7b9fad182e8"
"history_social_networks_10sec","06_behavioral_dynamics/social_networks/10sec_based/figures/animal_level_social_dynamics.png","history/social_networks/10sec","figures/animal_level_social_dynamics.png","5ee5084bf777b3eea9de73a76f23b63d1c9ff8ecc0166b36b28d8e222e7cb3a4","ready","docs/behavior_output_code_contracts/historical_resolution_readers.csv","6ef2091f8861ccfeed508d9aadc55ca71380fcac97c9b57c47d8c7b9fad182e8"
"history_social_networks_10sec","06_behavioral_dynamics/social_networks/10sec_based/figures/animal_level_social_dynamics.svg","history/social_networks/10sec","figures/animal_level_social_dynamics.svg","6ccb5d54a671dc077f218ab7fd33efa0cd312b1b9090f0055d89406fbba454ff","ready","docs/behavior_output_code_contracts/historical_resolution_readers.csv","6ef2091f8861ccfeed508d9aadc55ca71380fcac97c9b57c47d8c7b9fad182e8"
"history_social_networks_10sec","06_behavioral_dynamics/social_networks/10sec_based/figures/animal_level_social_trajectories.pdf","history/social_networks/10sec","figures/animal_level_social_trajectories.pdf","4f9517879a9fb2a855dce32ec862a033b9532dea972fc17d868772567b6a0cb1","ready","docs/behavior_output_code_contracts/historical_resolution_readers.csv","6ef2091f8861ccfeed508d9aadc55ca71380fcac97c9b57c47d8c7b9fad182e8"
"history_social_networks_10sec","06_behavioral_dynamics/social_networks/10sec_based/figures/animal_level_social_trajectories.png","history/social_networks/10sec","figures/animal_level_social_trajectories.png","7ec4d03d47db55b4b2a4625ba78964252c06b002a5ac7ec6288747189a18a336","ready","docs/behavior_output_code_contracts/historical_resolution_readers.csv","6ef2091f8861ccfeed508d9aadc55ca71380fcac97c9b57c47d8c7b9fad182e8"
"history_social_networks_10sec","06_behavioral_dynamics/social_networks/10sec_based/figures/animal_level_social_trajectories.svg","history/social_networks/10sec","figures/animal_level_social_trajectories.svg","9a47aefa9dfd9b5dbb0603be8ff935ad1f9efb2339a2a26f24f9ad8320ccc40b","ready","docs/behavior_output_code_contracts/historical_resolution_readers.csv","6ef2091f8861ccfeed508d9aadc55ca71380fcac97c9b57c47d8c7b9fad182e8"
"history_social_networks_10sec","06_behavioral_dynamics/social_networks/10sec_based/figures/dyadic_graph_period_summary.pdf","history/social_networks/10sec","figures/dyadic_graph_period_summary.pdf","fc8801fd4cc82e1638e3aec131abd391b2f5ed120c30cfb6cbc87ede2e7d4fab","ready","docs/behavior_output_code_contracts/historical_resolution_readers.csv","6ef2091f8861ccfeed508d9aadc55ca71380fcac97c9b57c47d8c7b9fad182e8"
"history_social_networks_10sec","06_behavioral_dynamics/social_networks/10sec_based/figures/dyadic_graph_period_summary.png","history/social_networks/10sec","figures/dyadic_graph_period_summary.png","b13d7b1b7b221e9a69838956e3cc6719ba58ced59fa19c234379d23b7cc2641e","ready","docs/behavior_output_code_contracts/historical_resolution_readers.csv","6ef2091f8861ccfeed508d9aadc55ca71380fcac97c9b57c47d8c7b9fad182e8"
"history_social_networks_10sec","06_behavioral_dynamics/social_networks/10sec_based/figures/dyadic_graph_period_summary.svg","history/social_networks/10sec","figures/dyadic_graph_period_summary.svg","f980a845efc6dd88813b9cec7242e256006fd4b1f92bff2a12366c3b056b4f8c","ready","docs/behavior_output_code_contracts/historical_resolution_readers.csv","6ef2091f8861ccfeed508d9aadc55ca71380fcac97c9b57c47d8c7b9fad182e8"
"history_social_networks_10sec","06_behavioral_dynamics/social_networks/10sec_based/figures/dyadic_network_density_timecourse.pdf","history/social_networks/10sec","figures/dyadic_network_density_timecourse.pdf","1676a80b497f6464508818700a429906d81c2765b26e06a6728b0a8fd31fae19","ready","docs/behavior_output_code_contracts/historical_resolution_readers.csv","6ef2091f8861ccfeed508d9aadc55ca71380fcac97c9b57c47d8c7b9fad182e8"
"history_social_networks_10sec","06_behavioral_dynamics/social_networks/10sec_based/figures/dyadic_network_density_timecourse.png","history/social_networks/10sec","figures/dyadic_network_density_timecourse.png","cdd1960b900ff27c0dba1f070c77c07e12c262b983f83845009aa8ee7aeabdf6","ready","docs/behavior_output_code_contracts/historical_resolution_readers.csv","6ef2091f8861ccfeed508d9aadc55ca71380fcac97c9b57c47d8c7b9fad182e8"
"history_social_networks_10sec","06_behavioral_dynamics/social_networks/10sec_based/figures/dyadic_network_density_timecourse.svg","history/social_networks/10sec","figures/dyadic_network_density_timecourse.svg","09448af1150195ff86d410a415c4319a47919e9ae81fb777d53b99087180aba9","ready","docs/behavior_output_code_contracts/historical_resolution_readers.csv","6ef2091f8861ccfeed508d9aadc55ca71380fcac97c9b57c47d8c7b9fad182e8"
"history_social_networks_10sec","06_behavioral_dynamics/social_networks/10sec_based/figures/dyadic_node_centrality_summary.pdf","history/social_networks/10sec","figures/dyadic_node_centrality_summary.pdf","697953b57ef20a6ff7ddeae035cf9a75d3fccd39b9979969f48f5fe1578c1c29","ready","docs/behavior_output_code_contracts/historical_resolution_readers.csv","6ef2091f8861ccfeed508d9aadc55ca71380fcac97c9b57c47d8c7b9fad182e8"
"history_social_networks_10sec","06_behavioral_dynamics/social_networks/10sec_based/figures/dyadic_node_centrality_summary.png","history/social_networks/10sec","figures/dyadic_node_centrality_summary.png","08c532a050fbefaf7d50bbc95a5457e567cc432b8e50beb015cab2143c69a53a","ready","docs/behavior_output_code_contracts/historical_resolution_readers.csv","6ef2091f8861ccfeed508d9aadc55ca71380fcac97c9b57c47d8c7b9fad182e8"
"history_social_networks_10sec","06_behavioral_dynamics/social_networks/10sec_based/figures/dyadic_node_centrality_summary.svg","history/social_networks/10sec","figures/dyadic_node_centrality_summary.svg","d5356dd645e2afa902708fe1997946ac32f02d1b6924932f56777760ed661ff2","ready","docs/behavior_output_code_contracts/historical_resolution_readers.csv","6ef2091f8861ccfeed508d9aadc55ca71380fcac97c9b57c47d8c7b9fad182e8"
"history_social_networks_10sec","06_behavioral_dynamics/social_networks/10sec_based/figures/dyadic_partner_preference_summary.pdf","history/social_networks/10sec","figures/dyadic_partner_preference_summary.pdf","0e6275799832b50db38a2e2c640adebdbefe0382b1d1bf759d5972ae94c01b23","ready","docs/behavior_output_code_contracts/historical_resolution_readers.csv","6ef2091f8861ccfeed508d9aadc55ca71380fcac97c9b57c47d8c7b9fad182e8"
"history_social_networks_10sec","06_behavioral_dynamics/social_networks/10sec_based/figures/dyadic_partner_preference_summary.png","history/social_networks/10sec","figures/dyadic_partner_preference_summary.png","0154c246a967390ee3f57b5f7927448abe5614a41dc9ac207ac1cd2e8ac29563","ready","docs/behavior_output_code_contracts/historical_resolution_readers.csv","6ef2091f8861ccfeed508d9aadc55ca71380fcac97c9b57c47d8c7b9fad182e8"
"history_social_networks_10sec","06_behavioral_dynamics/social_networks/10sec_based/figures/dyadic_partner_preference_summary.svg","history/social_networks/10sec","figures/dyadic_partner_preference_summary.svg","26b1685a08fce3844c06befed71cf745b2114e1cb0688e241db5f6be551b90f9","ready","docs/behavior_output_code_contracts/historical_resolution_readers.csv","6ef2091f8861ccfeed508d9aadc55ca71380fcac97c9b57c47d8c7b9fad182e8"
"history_social_networks_10sec","06_behavioral_dynamics/social_networks/10sec_based/figures/exploratory/README.txt","history/social_networks/10sec","figures/exploratory/README.txt","7c55015964e5c3d731055c51390e0cce86dc97a263317edcab388117e11eda54","ready","docs/behavior_output_code_contracts/historical_resolution_readers.csv","6ef2091f8861ccfeed508d9aadc55ca71380fcac97c9b57c47d8c7b9fad182e8"
"history_social_networks_10sec","06_behavioral_dynamics/social_networks/10sec_based/figures/interactive/README.txt","history/social_networks/10sec","figures/interactive/README.txt","04a93a9db626de7962d449170c58971355320ac8caedf223705da54c56ce935b","ready","docs/behavior_output_code_contracts/historical_resolution_readers.csv","6ef2091f8861ccfeed508d9aadc55ca71380fcac97c9b57c47d8c7b9fad182e8"
"history_social_networks_10sec","06_behavioral_dynamics/social_networks/10sec_based/figures/publication/overview/animal_level_social_effect_size_heatmap.pdf","history/social_networks/10sec","figures/publication/overview/animal_level_social_effect_size_heatmap.pdf","bc93e9f8d125d1a53dab7689529f0d6b0c650942960af14c85dbd77759a3f956","ready","docs/behavior_output_code_contracts/historical_resolution_readers.csv","6ef2091f8861ccfeed508d9aadc55ca71380fcac97c9b57c47d8c7b9fad182e8"
"history_social_networks_10sec","06_behavioral_dynamics/social_networks/10sec_based/figures/publication/overview/animal_level_social_effect_size_heatmap.png","history/social_networks/10sec","figures/publication/overview/animal_level_social_effect_size_heatmap.png","4897d851087809dc9717a8d739cf8c11d4a4418588365c7c23c9d05ad7a69af5","ready","docs/behavior_output_code_contracts/historical_resolution_readers.csv","6ef2091f8861ccfeed508d9aadc55ca71380fcac97c9b57c47d8c7b9fad182e8"
"history_social_networks_10sec","06_behavioral_dynamics/social_networks/10sec_based/figures/publication/overview/animal_level_social_effect_size_heatmap.svg","history/social_networks/10sec","figures/publication/overview/animal_level_social_effect_size_heatmap.svg","74a79e5a58f344d4b7becfc90df0e94664f6c6ec7927872c0758946acf9e6213","ready","docs/behavior_output_code_contracts/historical_resolution_readers.csv","6ef2091f8861ccfeed508d9aadc55ca71380fcac97c9b57c47d8c7b9fad182e8"
"history_social_networks_10sec","06_behavioral_dynamics/social_networks/10sec_based/figures/publication_panels/animal_level_social_dynamics.pdf","history/social_networks/10sec","figures/publication_panels/animal_level_social_dynamics.pdf","20edea6f08c261fe5886cbccc976e5ff7afe7ee1ab1e60076d4c3e63ea79a64c","ready","docs/behavior_output_code_contracts/historical_resolution_readers.csv","6ef2091f8861ccfeed508d9aadc55ca71380fcac97c9b57c47d8c7b9fad182e8"
"history_social_networks_10sec","06_behavioral_dynamics/social_networks/10sec_based/figures/publication_panels/animal_level_social_dynamics.png","history/social_networks/10sec","figures/publication_panels/animal_level_social_dynamics.png","5ee5084bf777b3eea9de73a76f23b63d1c9ff8ecc0166b36b28d8e222e7cb3a4","ready","docs/behavior_output_code_contracts/historical_resolution_readers.csv","6ef2091f8861ccfeed508d9aadc55ca71380fcac97c9b57c47d8c7b9fad182e8"
"history_social_networks_10sec","06_behavioral_dynamics/social_networks/10sec_based/figures/publication_panels/animal_level_social_dynamics.svg","history/social_networks/10sec","figures/publication_panels/animal_level_social_dynamics.svg","6ccb5d54a671dc077f218ab7fd33efa0cd312b1b9090f0055d89406fbba454ff","ready","docs/behavior_output_code_contracts/historical_resolution_readers.csv","6ef2091f8861ccfeed508d9aadc55ca71380fcac97c9b57c47d8c7b9fad182e8"
"history_social_networks_10sec","06_behavioral_dynamics/social_networks/10sec_based/figures/publication_panels/animal_level_social_effect_size_heatmap.pdf","history/social_networks/10sec","figures/publication_panels/animal_level_social_effect_size_heatmap.pdf","bc93e9f8d125d1a53dab7689529f0d6b0c650942960af14c85dbd77759a3f956","ready","docs/behavior_output_code_contracts/historical_resolution_readers.csv","6ef2091f8861ccfeed508d9aadc55ca71380fcac97c9b57c47d8c7b9fad182e8"
"history_social_networks_10sec","06_behavioral_dynamics/social_networks/10sec_based/figures/publication_panels/animal_level_social_effect_size_heatmap.png","history/social_networks/10sec","figures/publication_panels/animal_level_social_effect_size_heatmap.png","4897d851087809dc9717a8d739cf8c11d4a4418588365c7c23c9d05ad7a69af5","ready","docs/behavior_output_code_contracts/historical_resolution_readers.csv","6ef2091f8861ccfeed508d9aadc55ca71380fcac97c9b57c47d8c7b9fad182e8"
"history_social_networks_10sec","06_behavioral_dynamics/social_networks/10sec_based/figures/publication_panels/animal_level_social_effect_size_heatmap.svg","history/social_networks/10sec","figures/publication_panels/animal_level_social_effect_size_heatmap.svg","74a79e5a58f344d4b7becfc90df0e94664f6c6ec7927872c0758946acf9e6213","ready","docs/behavior_output_code_contracts/historical_resolution_readers.csv","6ef2091f8861ccfeed508d9aadc55ca71380fcac97c9b57c47d8c7b9fad182e8"
"history_social_networks_10sec","06_behavioral_dynamics/social_networks/10sec_based/figures/publication_panels/animal_level_social_trajectories.pdf","history/social_networks/10sec","figures/publication_panels/animal_level_social_trajectories.pdf","4f9517879a9fb2a855dce32ec862a033b9532dea972fc17d868772567b6a0cb1","ready","docs/behavior_output_code_contracts/historical_resolution_readers.csv","6ef2091f8861ccfeed508d9aadc55ca71380fcac97c9b57c47d8c7b9fad182e8"
"history_social_networks_10sec","06_behavioral_dynamics/social_networks/10sec_based/figures/publication_panels/animal_level_social_trajectories.png","history/social_networks/10sec","figures/publication_panels/animal_level_social_trajectories.png","7ec4d03d47db55b4b2a4625ba78964252c06b002a5ac7ec6288747189a18a336","ready","docs/behavior_output_code_contracts/historical_resolution_readers.csv","6ef2091f8861ccfeed508d9aadc55ca71380fcac97c9b57c47d8c7b9fad182e8"
"history_social_networks_10sec","06_behavioral_dynamics/social_networks/10sec_based/figures/publication_panels/animal_level_social_trajectories.svg","history/social_networks/10sec","figures/publication_panels/animal_level_social_trajectories.svg","9a47aefa9dfd9b5dbb0603be8ff935ad1f9efb2339a2a26f24f9ad8320ccc40b","ready","docs/behavior_output_code_contracts/historical_resolution_readers.csv","6ef2091f8861ccfeed508d9aadc55ca71380fcac97c9b57c47d8c7b9fad182e8"
"history_social_networks_10sec","06_behavioral_dynamics/social_networks/10sec_based/figures/publication_panels/dyadic_graph_period_summary.pdf","history/social_networks/10sec","figures/publication_panels/dyadic_graph_period_summary.pdf","fc8801fd4cc82e1638e3aec131abd391b2f5ed120c30cfb6cbc87ede2e7d4fab","ready","docs/behavior_output_code_contracts/historical_resolution_readers.csv","6ef2091f8861ccfeed508d9aadc55ca71380fcac97c9b57c47d8c7b9fad182e8"
"history_social_networks_10sec","06_behavioral_dynamics/social_networks/10sec_based/figures/publication_panels/dyadic_graph_period_summary.png","history/social_networks/10sec","figures/publication_panels/dyadic_graph_period_summary.png","b13d7b1b7b221e9a69838956e3cc6719ba58ced59fa19c234379d23b7cc2641e","ready","docs/behavior_output_code_contracts/historical_resolution_readers.csv","6ef2091f8861ccfeed508d9aadc55ca71380fcac97c9b57c47d8c7b9fad182e8"
"history_social_networks_10sec","06_behavioral_dynamics/social_networks/10sec_based/figures/publication_panels/dyadic_graph_period_summary.svg","history/social_networks/10sec","figures/publication_panels/dyadic_graph_period_summary.svg","f980a845efc6dd88813b9cec7242e256006fd4b1f92bff2a12366c3b056b4f8c","ready","docs/behavior_output_code_contracts/historical_resolution_readers.csv","6ef2091f8861ccfeed508d9aadc55ca71380fcac97c9b57c47d8c7b9fad182e8"
"history_social_networks_10sec","06_behavioral_dynamics/social_networks/10sec_based/figures/publication_panels/dyadic_network_density_timecourse.pdf","history/social_networks/10sec","figures/publication_panels/dyadic_network_density_timecourse.pdf","1676a80b497f6464508818700a429906d81c2765b26e06a6728b0a8fd31fae19","ready","docs/behavior_output_code_contracts/historical_resolution_readers.csv","6ef2091f8861ccfeed508d9aadc55ca71380fcac97c9b57c47d8c7b9fad182e8"
"history_social_networks_10sec","06_behavioral_dynamics/social_networks/10sec_based/figures/publication_panels/dyadic_network_density_timecourse.png","history/social_networks/10sec","figures/publication_panels/dyadic_network_density_timecourse.png","cdd1960b900ff27c0dba1f070c77c07e12c262b983f83845009aa8ee7aeabdf6","ready","docs/behavior_output_code_contracts/historical_resolution_readers.csv","6ef2091f8861ccfeed508d9aadc55ca71380fcac97c9b57c47d8c7b9fad182e8"
"history_social_networks_10sec","06_behavioral_dynamics/social_networks/10sec_based/figures/publication_panels/dyadic_network_density_timecourse.svg","history/social_networks/10sec","figures/publication_panels/dyadic_network_density_timecourse.svg","09448af1150195ff86d410a415c4319a47919e9ae81fb777d53b99087180aba9","ready","docs/behavior_output_code_contracts/historical_resolution_readers.csv","6ef2091f8861ccfeed508d9aadc55ca71380fcac97c9b57c47d8c7b9fad182e8"
"history_social_networks_10sec","06_behavioral_dynamics/social_networks/10sec_based/figures/publication_panels/dyadic_node_centrality_summary.pdf","history/social_networks/10sec","figures/publication_panels/dyadic_node_centrality_summary.pdf","697953b57ef20a6ff7ddeae035cf9a75d3fccd39b9979969f48f5fe1578c1c29","ready","docs/behavior_output_code_contracts/historical_resolution_readers.csv","6ef2091f8861ccfeed508d9aadc55ca71380fcac97c9b57c47d8c7b9fad182e8"
"history_social_networks_10sec","06_behavioral_dynamics/social_networks/10sec_based/figures/publication_panels/dyadic_node_centrality_summary.png","history/social_networks/10sec","figures/publication_panels/dyadic_node_centrality_summary.png","08c532a050fbefaf7d50bbc95a5457e567cc432b8e50beb015cab2143c69a53a","ready","docs/behavior_output_code_contracts/historical_resolution_readers.csv","6ef2091f8861ccfeed508d9aadc55ca71380fcac97c9b57c47d8c7b9fad182e8"
"history_social_networks_10sec","06_behavioral_dynamics/social_networks/10sec_based/figures/publication_panels/dyadic_node_centrality_summary.svg","history/social_networks/10sec","figures/publication_panels/dyadic_node_centrality_summary.svg","d5356dd645e2afa902708fe1997946ac32f02d1b6924932f56777760ed661ff2","ready","docs/behavior_output_code_contracts/historical_resolution_readers.csv","6ef2091f8861ccfeed508d9aadc55ca71380fcac97c9b57c47d8c7b9fad182e8"
"history_social_networks_10sec","06_behavioral_dynamics/social_networks/10sec_based/figures/publication_panels/dyadic_partner_preference_summary.pdf","history/social_networks/10sec","figures/publication_panels/dyadic_partner_preference_summary.pdf","0e6275799832b50db38a2e2c640adebdbefe0382b1d1bf759d5972ae94c01b23","ready","docs/behavior_output_code_contracts/historical_resolution_readers.csv","6ef2091f8861ccfeed508d9aadc55ca71380fcac97c9b57c47d8c7b9fad182e8"
"history_social_networks_10sec","06_behavioral_dynamics/social_networks/10sec_based/figures/publication_panels/dyadic_partner_preference_summary.png","history/social_networks/10sec","figures/publication_panels/dyadic_partner_preference_summary.png","0154c246a967390ee3f57b5f7927448abe5614a41dc9ac207ac1cd2e8ac29563","ready","docs/behavior_output_code_contracts/historical_resolution_readers.csv","6ef2091f8861ccfeed508d9aadc55ca71380fcac97c9b57c47d8c7b9fad182e8"
"history_social_networks_10sec","06_behavioral_dynamics/social_networks/10sec_based/figures/publication_panels/dyadic_partner_preference_summary.svg","history/social_networks/10sec","figures/publication_panels/dyadic_partner_preference_summary.svg","26b1685a08fce3844c06befed71cf745b2114e1cb0688e241db5f6be551b90f9","ready","docs/behavior_output_code_contracts/historical_resolution_readers.csv","6ef2091f8861ccfeed508d9aadc55ca71380fcac97c9b57c47d8c7b9fad182e8"
"history_social_networks_10sec","06_behavioral_dynamics/social_networks/10sec_based/figures/publication_panels/README.txt","history/social_networks/10sec","figures/publication_panels/README.txt","9b957880bf142e8e7ee5034d698dc3cf630f411fae5bfd345d64fabf57540a90","ready","docs/behavior_output_code_contracts/historical_resolution_readers.csv","6ef2091f8861ccfeed508d9aadc55ca71380fcac97c9b57c47d8c7b9fad182e8"
"history_social_networks_10sec","06_behavioral_dynamics/social_networks/10sec_based/figures/qc/README.txt","history/social_networks/10sec","figures/qc/README.txt","fcc7347cfbb2d92ffff45d2d214694895194bd3da990013d0d8e3d556a6ef029","ready","docs/behavior_output_code_contracts/historical_resolution_readers.csv","6ef2091f8861ccfeed508d9aadc55ca71380fcac97c9b57c47d8c7b9fad182e8"
"history_social_networks_10sec","06_behavioral_dynamics/social_networks/10sec_based/figures/supplementary/README.txt","history/social_networks/10sec","figures/supplementary/README.txt","72409480a7f9877bca1f93d2796bfdde2cf350a81c01a1dd3acfbcd060f10849","ready","docs/behavior_output_code_contracts/historical_resolution_readers.csv","6ef2091f8861ccfeed508d9aadc55ca71380fcac97c9b57c47d8c7b9fad182e8"
"history_social_networks_10sec","06_behavioral_dynamics/social_networks/10sec_based/stats_tables/animal_level_social_dynamics_duration_sensitivity_consistency.csv","history/social_networks/10sec","stats_tables/animal_level_social_dynamics_duration_sensitivity_consistency.csv","44ca747fc7c2fceb3d52b9283ffd3c466c2bdcc99beb2a119409b71b686ec78b","ready","docs/behavior_output_code_contracts/historical_resolution_readers.csv","6ef2091f8861ccfeed508d9aadc55ca71380fcac97c9b57c47d8c7b9fad182e8"
"history_social_networks_10sec","06_behavioral_dynamics/social_networks/10sec_based/stats_tables/animal_level_social_dynamics_duration_sensitivity_group_contrasts.csv","history/social_networks/10sec","stats_tables/animal_level_social_dynamics_duration_sensitivity_group_contrasts.csv","4ae9183155c6e401a416eb2e704993c00a44e13cea7039831400cc9bffa4dba5","ready","docs/behavior_output_code_contracts/historical_resolution_readers.csv","6ef2091f8861ccfeed508d9aadc55ca71380fcac97c9b57c47d8c7b9fad182e8"
"history_social_networks_10sec","06_behavioral_dynamics/social_networks/10sec_based/stats_tables/animal_level_social_dynamics_duration_sensitivity_group_summary.csv","history/social_networks/10sec","stats_tables/animal_level_social_dynamics_duration_sensitivity_group_summary.csv","eca917c5e8bb39b2c9f1f65ca9b1f7f48d2fa5e8d96ae36df48f8779aee71c8a","ready","docs/behavior_output_code_contracts/historical_resolution_readers.csv","6ef2091f8861ccfeed508d9aadc55ca71380fcac97c9b57c47d8c7b9fad182e8"
"history_social_networks_10sec","06_behavioral_dynamics/social_networks/10sec_based/stats_tables/animal_level_social_dynamics_group_contrasts.csv","history/social_networks/10sec","stats_tables/animal_level_social_dynamics_group_contrasts.csv","b191a763a1ec35b711eb2eb529e6911fd94b77a5a36374e79fb6d38f0c24bca7","ready","docs/behavior_output_code_contracts/historical_resolution_readers.csv","6ef2091f8861ccfeed508d9aadc55ca71380fcac97c9b57c47d8c7b9fad182e8"
"history_social_networks_10sec","06_behavioral_dynamics/social_networks/10sec_based/stats_tables/animal_level_social_dynamics_group_summary.csv","history/social_networks/10sec","stats_tables/animal_level_social_dynamics_group_summary.csv","5ae50c3d2c79987dfa8a1395d4b8ee58a62008db9d930ffdef73f5697292fab4","ready","docs/behavior_output_code_contracts/historical_resolution_readers.csv","6ef2091f8861ccfeed508d9aadc55ca71380fcac97c9b57c47d8c7b9fad182e8"
"history_social_networks_10sec","06_behavioral_dynamics/social_networks/10sec_based/stats_tables/dyadic_graph_period_duration_sensitivity_group_contrasts.csv","history/social_networks/10sec","stats_tables/dyadic_graph_period_duration_sensitivity_group_contrasts.csv","e3b0c44298fc1c149afbf4c8996fb92427ae41e4649b934ca495991b7852b855","ready","docs/behavior_output_code_contracts/historical_resolution_readers.csv","6ef2091f8861ccfeed508d9aadc55ca71380fcac97c9b57c47d8c7b9fad182e8"
"history_social_networks_10sec","06_behavioral_dynamics/social_networks/10sec_based/stats_tables/dyadic_graph_period_duration_sensitivity_group_summary.csv","history/social_networks/10sec","stats_tables/dyadic_graph_period_duration_sensitivity_group_summary.csv","02cc9e103db098f90a4c0dc1fdd750216f31c215590f6b7d4772097524b37b3f","ready","docs/behavior_output_code_contracts/historical_resolution_readers.csv","6ef2091f8861ccfeed508d9aadc55ca71380fcac97c9b57c47d8c7b9fad182e8"
"history_social_networks_10sec","06_behavioral_dynamics/social_networks/10sec_based/stats_tables/dyadic_graph_period_group_contrasts.csv","history/social_networks/10sec","stats_tables/dyadic_graph_period_group_contrasts.csv","e3b0c44298fc1c149afbf4c8996fb92427ae41e4649b934ca495991b7852b855","ready","docs/behavior_output_code_contracts/historical_resolution_readers.csv","6ef2091f8861ccfeed508d9aadc55ca71380fcac97c9b57c47d8c7b9fad182e8"
"history_social_networks_10sec","06_behavioral_dynamics/social_networks/10sec_based/stats_tables/dyadic_graph_period_group_summary.csv","history/social_networks/10sec","stats_tables/dyadic_graph_period_group_summary.csv","8dc87a5d9e68a49e34a2e1daee70afc9db827a5e00ba563282e9c08f7cf8f8fd","ready","docs/behavior_output_code_contracts/historical_resolution_readers.csv","6ef2091f8861ccfeed508d9aadc55ca71380fcac97c9b57c47d8c7b9fad182e8"
"history_social_networks_10sec","06_behavioral_dynamics/social_networks/10sec_based/stats_tables/dyadic_node_centrality_duration_sensitivity_group_contrasts.csv","history/social_networks/10sec","stats_tables/dyadic_node_centrality_duration_sensitivity_group_contrasts.csv","e3b0c44298fc1c149afbf4c8996fb92427ae41e4649b934ca495991b7852b855","ready","docs/behavior_output_code_contracts/historical_resolution_readers.csv","6ef2091f8861ccfeed508d9aadc55ca71380fcac97c9b57c47d8c7b9fad182e8"
"history_social_networks_10sec","06_behavioral_dynamics/social_networks/10sec_based/stats_tables/dyadic_node_centrality_duration_sensitivity_group_summary.csv","history/social_networks/10sec","stats_tables/dyadic_node_centrality_duration_sensitivity_group_summary.csv","ee8d5d85b7d484ef28dbf3edbfaf304b64b20e7b6ff8dc3e763a6574002f9931","ready","docs/behavior_output_code_contracts/historical_resolution_readers.csv","6ef2091f8861ccfeed508d9aadc55ca71380fcac97c9b57c47d8c7b9fad182e8"
"history_social_networks_10sec","06_behavioral_dynamics/social_networks/10sec_based/stats_tables/dyadic_node_centrality_group_contrasts.csv","history/social_networks/10sec","stats_tables/dyadic_node_centrality_group_contrasts.csv","e3b0c44298fc1c149afbf4c8996fb92427ae41e4649b934ca495991b7852b855","ready","docs/behavior_output_code_contracts/historical_resolution_readers.csv","6ef2091f8861ccfeed508d9aadc55ca71380fcac97c9b57c47d8c7b9fad182e8"
"history_social_networks_10sec","06_behavioral_dynamics/social_networks/10sec_based/stats_tables/dyadic_node_centrality_group_summary.csv","history/social_networks/10sec","stats_tables/dyadic_node_centrality_group_summary.csv","00277a94a6909526046c92a6bceb9ebb5ee7cb4c0e2951bf2f93a98c7551a5c4","ready","docs/behavior_output_code_contracts/historical_resolution_readers.csv","6ef2091f8861ccfeed508d9aadc55ca71380fcac97c9b57c47d8c7b9fad182e8"
"history_social_networks_10sec","06_behavioral_dynamics/social_networks/10sec_based/stats_tables/dyadic_partner_preference_group_contrasts.csv","history/social_networks/10sec","stats_tables/dyadic_partner_preference_group_contrasts.csv","e3b0c44298fc1c149afbf4c8996fb92427ae41e4649b934ca495991b7852b855","ready","docs/behavior_output_code_contracts/historical_resolution_readers.csv","6ef2091f8861ccfeed508d9aadc55ca71380fcac97c9b57c47d8c7b9fad182e8"
"history_social_networks_10sec","06_behavioral_dynamics/social_networks/10sec_based/stats_tables/dyadic_partner_preference_group_summary.csv","history/social_networks/10sec","stats_tables/dyadic_partner_preference_group_summary.csv","dd3d56f9a0e9d01e6372348d3aa0a3b271b3fdd7544d478cc91f6735a203b7ba","ready","docs/behavior_output_code_contracts/historical_resolution_readers.csv","6ef2091f8861ccfeed508d9aadc55ca71380fcac97c9b57c47d8c7b9fad182e8"
"history_social_networks_10sec","06_behavioral_dynamics/social_networks/10sec_based/tables/animal_level_contact_threshold.csv","history/social_networks/10sec","tables/animal_level_contact_threshold.csv","07f173c69eb5267d31e26f4a50a3457f56cc8ed568214640f594bd01a9640ae8","ready","docs/behavior_output_code_contracts/historical_resolution_readers.csv","6ef2091f8861ccfeed508d9aadc55ca71380fcac97c9b57c47d8c7b9fad182e8"
"history_social_networks_10sec","06_behavioral_dynamics/social_networks/10sec_based/tables/animal_level_social_dynamics_duration_tagged_full.csv","history/social_networks/10sec","tables/animal_level_social_dynamics_duration_tagged_full.csv","adf400ffef6b18c551bd2904985b842e9f7dc559f9c40dbbb8aa13071baf7c28","ready","docs/behavior_output_code_contracts/historical_resolution_readers.csv","6ef2091f8861ccfeed508d9aadc55ca71380fcac97c9b57c47d8c7b9fad182e8"
"history_social_networks_10sec","06_behavioral_dynamics/social_networks/10sec_based/tables/animal_level_social_dynamics_excluding_short_duration.csv","history/social_networks/10sec","tables/animal_level_social_dynamics_excluding_short_duration.csv","44ae14ff49623d968054e71190553ec470f230cbe4d4b27f18053730c98f054d","ready","docs/behavior_output_code_contracts/historical_resolution_readers.csv","6ef2091f8861ccfeed508d9aadc55ca71380fcac97c9b57c47d8c7b9fad182e8"
"history_social_networks_10sec","06_behavioral_dynamics/social_networks/10sec_based/tables/animal_level_social_dynamics.csv","history/social_networks/10sec","tables/animal_level_social_dynamics.csv","f7e9c99cd00785991ab3b8c1b6559cee22892c33717234dab0431f89d2468003","ready","docs/behavior_output_code_contracts/historical_resolution_readers.csv","6ef2091f8861ccfeed508d9aadc55ca71380fcac97c9b57c47d8c7b9fad182e8"
"history_social_networks_10sec","06_behavioral_dynamics/social_networks/10sec_based/tables/animal_level_social_effect_size_heatmap_data.csv","history/social_networks/10sec","tables/animal_level_social_effect_size_heatmap_data.csv","9a95e9fd528a2a6ec861411f44181d97094e65d769e49c342cfb9b51a9678e37","ready","docs/behavior_output_code_contracts/historical_resolution_readers.csv","6ef2091f8861ccfeed508d9aadc55ca71380fcac97c9b57c47d8c7b9fad182e8"
"history_social_networks_10sec","06_behavioral_dynamics/social_networks/10sec_based/tables/animal_level_social_plot_stat_brackets.csv","history/social_networks/10sec","tables/animal_level_social_plot_stat_brackets.csv","1cc5871d0b710c57cc048e9cf8898f23d69c0fe7991b995d284897a2bb1d3f9e","ready","docs/behavior_output_code_contracts/historical_resolution_readers.csv","6ef2091f8861ccfeed508d9aadc55ca71380fcac97c9b57c47d8c7b9fad182e8"
"history_social_networks_10sec","06_behavioral_dynamics/social_networks/10sec_based/tables/animal_level_social_threshold_sensitivity.csv","history/social_networks/10sec","tables/animal_level_social_threshold_sensitivity.csv","e724da91f64bbf09ab33e64ae049092b605218cd2d57dceedc112db1153e8386","ready","docs/behavior_output_code_contracts/historical_resolution_readers.csv","6ef2091f8861ccfeed508d9aadc55ca71380fcac97c9b57c47d8c7b9fad182e8"
"history_social_networks_10sec","06_behavioral_dynamics/social_networks/10sec_based/tables/animal_level_social_trajectory_summary.csv","history/social_networks/10sec","tables/animal_level_social_trajectory_summary.csv","624a6e8da0e87ac460eae678fe3c278571625af98d4942e509d8b4aa41c9b311","ready","docs/behavior_output_code_contracts/historical_resolution_readers.csv","6ef2091f8861ccfeed508d9aadc55ca71380fcac97c9b57c47d8c7b9fad182e8"
"history_social_networks_10sec","06_behavioral_dynamics/social_networks/10sec_based/tables/dyadic_contact_threshold.csv","history/social_networks/10sec","tables/dyadic_contact_threshold.csv","fb359a993693b44bde1199cdf39d250f8d7e211f6f28f6f10a650047118009e5","ready","docs/behavior_output_code_contracts/historical_resolution_readers.csv","6ef2091f8861ccfeed508d9aadc55ca71380fcac97c9b57c47d8c7b9fad182e8"
"history_social_networks_10sec","06_behavioral_dynamics/social_networks/10sec_based/tables/dyadic_edges_network_input.csv","history/social_networks/10sec","tables/dyadic_edges_network_input.csv","d57a3871918a079ec1c18c370385ffe6ac8bcb172089ea7e9a0481130a625ea3","ready","docs/behavior_output_code_contracts/historical_resolution_readers.csv","6ef2091f8861ccfeed508d9aadc55ca71380fcac97c9b57c47d8c7b9fad182e8"
"history_social_networks_10sec","06_behavioral_dynamics/social_networks/10sec_based/tables/dyadic_graph_effect_size_heatmap_data.csv","history/social_networks/10sec","tables/dyadic_graph_effect_size_heatmap_data.csv","bc2f88299ce512799e06a80bf60cce07cd9ccd87fe186e05abb420c68364f1ed","ready","docs/behavior_output_code_contracts/historical_resolution_readers.csv","6ef2091f8861ccfeed508d9aadc55ca71380fcac97c9b57c47d8c7b9fad182e8"
"history_social_networks_10sec","06_behavioral_dynamics/social_networks/10sec_based/tables/dyadic_graph_metrics_by_time.csv","history/social_networks/10sec","tables/dyadic_graph_metrics_by_time.csv","08550563a44ed8b46d0902657206d89cea64f4f29748f5d0d47e3ba366d0eddf","ready","docs/behavior_output_code_contracts/historical_resolution_readers.csv","6ef2091f8861ccfeed508d9aadc55ca71380fcac97c9b57c47d8c7b9fad182e8"
"history_social_networks_10sec","06_behavioral_dynamics/social_networks/10sec_based/tables/dyadic_graph_period_summary.csv","history/social_networks/10sec","tables/dyadic_graph_period_summary.csv","197601d52a7c6915fe48e5b91389bb3f7bda9a365e80958d0421d3b785798d62","ready","docs/behavior_output_code_contracts/historical_resolution_readers.csv","6ef2091f8861ccfeed508d9aadc55ca71380fcac97c9b57c47d8c7b9fad182e8"
"history_social_networks_10sec","06_behavioral_dynamics/social_networks/10sec_based/tables/dyadic_graph_plot_stat_brackets.csv","history/social_networks/10sec","tables/dyadic_graph_plot_stat_brackets.csv","426e5688663cdf72eb7a21d33f5f0af40b89981e0c364ce0b8d109a7d3b3d434","ready","docs/behavior_output_code_contracts/historical_resolution_readers.csv","6ef2091f8861ccfeed508d9aadc55ca71380fcac97c9b57c47d8c7b9fad182e8"
"history_social_networks_10sec","06_behavioral_dynamics/social_networks/10sec_based/tables/dyadic_input_qc.csv","history/social_networks/10sec","tables/dyadic_input_qc.csv","296e60a2295c41b511ab120a50f9b53eec1b5d7605fe8c5e9725f4e2933b1cb5","ready","docs/behavior_output_code_contracts/historical_resolution_readers.csv","6ef2091f8861ccfeed508d9aadc55ca71380fcac97c9b57c47d8c7b9fad182e8"
"history_social_networks_10sec","06_behavioral_dynamics/social_networks/10sec_based/tables/dyadic_network_density_time_summary.csv","history/social_networks/10sec","tables/dyadic_network_density_time_summary.csv","19612cfdad4e15d9c0cc1c2bb6fa44372af3959e6408fcb666a27070a894b9ec","ready","docs/behavior_output_code_contracts/historical_resolution_readers.csv","6ef2091f8861ccfeed508d9aadc55ca71380fcac97c9b57c47d8c7b9fad182e8"
"history_social_networks_10sec","06_behavioral_dynamics/social_networks/10sec_based/tables/dyadic_node_effect_size_heatmap_data.csv","history/social_networks/10sec","tables/dyadic_node_effect_size_heatmap_data.csv","bc2f88299ce512799e06a80bf60cce07cd9ccd87fe186e05abb420c68364f1ed","ready","docs/behavior_output_code_contracts/historical_resolution_readers.csv","6ef2091f8861ccfeed508d9aadc55ca71380fcac97c9b57c47d8c7b9fad182e8"
"history_social_networks_10sec","06_behavioral_dynamics/social_networks/10sec_based/tables/dyadic_node_metrics_by_time.csv","history/social_networks/10sec","tables/dyadic_node_metrics_by_time.csv","ebb59748f9936de3a1d1b8149498f4994c4bc6f1f6ab159a30d7833142e637da","ready","docs/behavior_output_code_contracts/historical_resolution_readers.csv","6ef2091f8861ccfeed508d9aadc55ca71380fcac97c9b57c47d8c7b9fad182e8"
"history_social_networks_10sec","06_behavioral_dynamics/social_networks/10sec_based/tables/dyadic_node_plot_stat_brackets.csv","history/social_networks/10sec","tables/dyadic_node_plot_stat_brackets.csv","426e5688663cdf72eb7a21d33f5f0af40b89981e0c364ce0b8d109a7d3b3d434","ready","docs/behavior_output_code_contracts/historical_resolution_readers.csv","6ef2091f8861ccfeed508d9aadc55ca71380fcac97c9b57c47d8c7b9fad182e8"
"history_social_networks_10sec","06_behavioral_dynamics/social_networks/10sec_based/tables/dyadic_node_summary.csv","history/social_networks/10sec","tables/dyadic_node_summary.csv","b61784582fa5a8290e6a3e30f1f30e3d7d37818199df1ac7afa383f0e599405e","ready","docs/behavior_output_code_contracts/historical_resolution_readers.csv","6ef2091f8861ccfeed508d9aadc55ca71380fcac97c9b57c47d8c7b9fad182e8"
"history_social_networks_10sec","06_behavioral_dynamics/social_networks/10sec_based/tables/dyadic_pair_summary.csv","history/social_networks/10sec","tables/dyadic_pair_summary.csv","d03c0d2d0ef6a0e058309c44760459b7253a6b14ff27e52a3a5e0ca9d1386b27","ready","docs/behavior_output_code_contracts/historical_resolution_readers.csv","6ef2091f8861ccfeed508d9aadc55ca71380fcac97c9b57c47d8c7b9fad182e8"
"history_social_networks_10sec","06_behavioral_dynamics/social_networks/10sec_based/tables/dyadic_partner_instability_jaccard.csv","history/social_networks/10sec","tables/dyadic_partner_instability_jaccard.csv","c97dc5df62c30c7b1312a16cf001ef724ca0590de328c8e510eb4ae6deaa97e4","ready","docs/behavior_output_code_contracts/historical_resolution_readers.csv","6ef2091f8861ccfeed508d9aadc55ca71380fcac97c9b57c47d8c7b9fad182e8"
"history_social_networks_10sec","06_behavioral_dynamics/social_networks/10sec_based/tables/dyadic_partner_preference_plot_stat_brackets.csv","history/social_networks/10sec","tables/dyadic_partner_preference_plot_stat_brackets.csv","426e5688663cdf72eb7a21d33f5f0af40b89981e0c364ce0b8d109a7d3b3d434","ready","docs/behavior_output_code_contracts/historical_resolution_readers.csv","6ef2091f8861ccfeed508d9aadc55ca71380fcac97c9b57c47d8c7b9fad182e8"
"history_social_networks_10sec","06_behavioral_dynamics/social_networks/10sec_based/tables/dyadic_partner_preference_summary.csv","history/social_networks/10sec","tables/dyadic_partner_preference_summary.csv","a4012666b7614bdf79d6e530e3ea27c39535d4468619906c12bfd0321ea746bd","ready","docs/behavior_output_code_contracts/historical_resolution_readers.csv","6ef2091f8861ccfeed508d9aadc55ca71380fcac97c9b57c47d8c7b9fad182e8"
"history_social_networks_10sec","06_behavioral_dynamics/social_networks/10sec_based/tables/dyadic_partner_threshold_sensitivity.csv","history/social_networks/10sec","tables/dyadic_partner_threshold_sensitivity.csv","6325e87c52d1e2aa9db4651fe585d16e0c29cee890f70fdca6bb0b9d0469abe0","ready","docs/behavior_output_code_contracts/historical_resolution_readers.csv","6ef2091f8861ccfeed508d9aadc55ca71380fcac97c9b57c47d8c7b9fad182e8"
"history_social_networks_10sec","06_behavioral_dynamics/social_networks/10sec_based/tables/epoch_duration_qc.csv","history/social_networks/10sec","tables/epoch_duration_qc.csv","3f01d9a4e39dbf8f93420ad13521d600cd149596931c59c9e58e28a1782c805d","ready","docs/behavior_output_code_contracts/historical_resolution_readers.csv","6ef2091f8861ccfeed508d9aadc55ca71380fcac97c9b57c47d8c7b9fad182e8"
"history_social_networks_10sec","06_behavioral_dynamics/social_networks/10sec_based/tables/output_figure_inventory.csv","history/social_networks/10sec","tables/output_figure_inventory.csv","184ede3aeefdcf0e5d487bcee31d07ad67e6f8af3e1ff92b5b1cab7f96354eac","ready","docs/behavior_output_code_contracts/historical_resolution_readers.csv","6ef2091f8861ccfeed508d9aadc55ca71380fcac97c9b57c47d8c7b9fad182e8"
"history_social_networks_10sec","06_behavioral_dynamics/social_networks/10sec_based/tables/output_folder_summary.csv","history/social_networks/10sec","tables/output_folder_summary.csv","220233a328bd0a88d4f65bae5975d92f0b13fb8f60745db7fa83b3132456a29e","ready","docs/behavior_output_code_contracts/historical_resolution_readers.csv","6ef2091f8861ccfeed508d9aadc55ca71380fcac97c9b57c47d8c7b9fad182e8"
"history_social_networks_10sec","06_behavioral_dynamics/social_networks/10sec_based/tables/social_reorganization_interpretation_guide.csv","history/social_networks/10sec","tables/social_reorganization_interpretation_guide.csv","86736e85164ccef01dac6dc201046e7fcac85283c86e785cc8318a635556a458","ready","docs/behavior_output_code_contracts/historical_resolution_readers.csv","6ef2091f8861ccfeed508d9aadc55ca71380fcac97c9b57c47d8c7b9fad182e8"
"history_social_networks_1min","06_behavioral_dynamics/social_networks/1min_based/output_manifest.csv","history/social_networks/1min","output_manifest.csv","d10ae41f4b23952d54bbe5c2beb6040afa9eb3660c894b9fd0bfa91732de913b","ready","docs/behavior_output_code_contracts/historical_resolution_readers.csv","6ef2091f8861ccfeed508d9aadc55ca71380fcac97c9b57c47d8c7b9fad182e8"
"history_social_networks_1min","06_behavioral_dynamics/social_networks/1min_based/figures/animal_level_social_dynamics.pdf","history/social_networks/1min","figures/animal_level_social_dynamics.pdf","bba4f909e0260e750ac0adb16554e7387ae20a6c95841dca996fb6ad4ca948a8","ready","docs/behavior_output_code_contracts/historical_resolution_readers.csv","6ef2091f8861ccfeed508d9aadc55ca71380fcac97c9b57c47d8c7b9fad182e8"
"history_social_networks_1min","06_behavioral_dynamics/social_networks/1min_based/figures/animal_level_social_dynamics.png","history/social_networks/1min","figures/animal_level_social_dynamics.png","c51451bf9a4dab4686094580e84f22d9c1f80225d31c36d5cde79c76473a5519","ready","docs/behavior_output_code_contracts/historical_resolution_readers.csv","6ef2091f8861ccfeed508d9aadc55ca71380fcac97c9b57c47d8c7b9fad182e8"
"history_social_networks_1min","06_behavioral_dynamics/social_networks/1min_based/figures/animal_level_social_dynamics.svg","history/social_networks/1min","figures/animal_level_social_dynamics.svg","a3ff7cb7969153ae7237b138d74553c5ee76df6fa1dd3ab1ff8af3c9b0498861","ready","docs/behavior_output_code_contracts/historical_resolution_readers.csv","6ef2091f8861ccfeed508d9aadc55ca71380fcac97c9b57c47d8c7b9fad182e8"
"history_social_networks_1min","06_behavioral_dynamics/social_networks/1min_based/figures/animal_level_social_trajectories.pdf","history/social_networks/1min","figures/animal_level_social_trajectories.pdf","617f9df931b9b8f1c455bdfee119914d9222330d3f8f0dbf6e4b49ad4e2d9883","ready","docs/behavior_output_code_contracts/historical_resolution_readers.csv","6ef2091f8861ccfeed508d9aadc55ca71380fcac97c9b57c47d8c7b9fad182e8"
"history_social_networks_1min","06_behavioral_dynamics/social_networks/1min_based/figures/animal_level_social_trajectories.png","history/social_networks/1min","figures/animal_level_social_trajectories.png","73fc990d795cc017eed9b0d00b2b38ee52d66e163f19f8f584fa3188370a1f22","ready","docs/behavior_output_code_contracts/historical_resolution_readers.csv","6ef2091f8861ccfeed508d9aadc55ca71380fcac97c9b57c47d8c7b9fad182e8"
"history_social_networks_1min","06_behavioral_dynamics/social_networks/1min_based/figures/animal_level_social_trajectories.svg","history/social_networks/1min","figures/animal_level_social_trajectories.svg","764a8b8fac358c6a66143e48a84efd1640f2149088e0874b6302f262ed7fc3d8","ready","docs/behavior_output_code_contracts/historical_resolution_readers.csv","6ef2091f8861ccfeed508d9aadc55ca71380fcac97c9b57c47d8c7b9fad182e8"
"history_social_networks_1min","06_behavioral_dynamics/social_networks/1min_based/figures/dyadic_graph_period_summary.pdf","history/social_networks/1min","figures/dyadic_graph_period_summary.pdf","fc275abbdf33a67f38b2bc416836c4939296eb2005a23691ecf7b1b60c100acd","ready","docs/behavior_output_code_contracts/historical_resolution_readers.csv","6ef2091f8861ccfeed508d9aadc55ca71380fcac97c9b57c47d8c7b9fad182e8"
"history_social_networks_1min","06_behavioral_dynamics/social_networks/1min_based/figures/dyadic_graph_period_summary.png","history/social_networks/1min","figures/dyadic_graph_period_summary.png","ecdcfda2b03fe753d69e2e14cdc9de99c8968b0c85c7ddcdec92b2ede0573a3e","ready","docs/behavior_output_code_contracts/historical_resolution_readers.csv","6ef2091f8861ccfeed508d9aadc55ca71380fcac97c9b57c47d8c7b9fad182e8"
"history_social_networks_1min","06_behavioral_dynamics/social_networks/1min_based/figures/dyadic_graph_period_summary.svg","history/social_networks/1min","figures/dyadic_graph_period_summary.svg","c3d8ffcc36a4f153950f42287da9076250132b7abd62b3a4c3721220b67e35f4","ready","docs/behavior_output_code_contracts/historical_resolution_readers.csv","6ef2091f8861ccfeed508d9aadc55ca71380fcac97c9b57c47d8c7b9fad182e8"
"history_social_networks_1min","06_behavioral_dynamics/social_networks/1min_based/figures/dyadic_network_density_timecourse.pdf","history/social_networks/1min","figures/dyadic_network_density_timecourse.pdf","f464cda88e25ab270862fede3f235576775d908879650e0664fd7c61e1c1b240","ready","docs/behavior_output_code_contracts/historical_resolution_readers.csv","6ef2091f8861ccfeed508d9aadc55ca71380fcac97c9b57c47d8c7b9fad182e8"
"history_social_networks_1min","06_behavioral_dynamics/social_networks/1min_based/figures/dyadic_network_density_timecourse.png","history/social_networks/1min","figures/dyadic_network_density_timecourse.png","cdd1960b900ff27c0dba1f070c77c07e12c262b983f83845009aa8ee7aeabdf6","ready","docs/behavior_output_code_contracts/historical_resolution_readers.csv","6ef2091f8861ccfeed508d9aadc55ca71380fcac97c9b57c47d8c7b9fad182e8"
"history_social_networks_1min","06_behavioral_dynamics/social_networks/1min_based/figures/dyadic_network_density_timecourse.svg","history/social_networks/1min","figures/dyadic_network_density_timecourse.svg","09448af1150195ff86d410a415c4319a47919e9ae81fb777d53b99087180aba9","ready","docs/behavior_output_code_contracts/historical_resolution_readers.csv","6ef2091f8861ccfeed508d9aadc55ca71380fcac97c9b57c47d8c7b9fad182e8"
"history_social_networks_1min","06_behavioral_dynamics/social_networks/1min_based/figures/dyadic_node_centrality_summary.pdf","history/social_networks/1min","figures/dyadic_node_centrality_summary.pdf","dcbfe5d8ce25547558d54463260a0ac641021c2fc2376cd1506a560faf26232d","ready","docs/behavior_output_code_contracts/historical_resolution_readers.csv","6ef2091f8861ccfeed508d9aadc55ca71380fcac97c9b57c47d8c7b9fad182e8"
"history_social_networks_1min","06_behavioral_dynamics/social_networks/1min_based/figures/dyadic_node_centrality_summary.png","history/social_networks/1min","figures/dyadic_node_centrality_summary.png","460e22fb9960a303c635dbbfd9619bb19e527f9b5be3d0340a1fbd8dae617845","ready","docs/behavior_output_code_contracts/historical_resolution_readers.csv","6ef2091f8861ccfeed508d9aadc55ca71380fcac97c9b57c47d8c7b9fad182e8"
"history_social_networks_1min","06_behavioral_dynamics/social_networks/1min_based/figures/dyadic_node_centrality_summary.svg","history/social_networks/1min","figures/dyadic_node_centrality_summary.svg","38c45ad64e5a128a58ef159788d7c9368edd57b38053648adc9bd6f81d40c441","ready","docs/behavior_output_code_contracts/historical_resolution_readers.csv","6ef2091f8861ccfeed508d9aadc55ca71380fcac97c9b57c47d8c7b9fad182e8"
"history_social_networks_1min","06_behavioral_dynamics/social_networks/1min_based/figures/dyadic_partner_preference_summary.pdf","history/social_networks/1min","figures/dyadic_partner_preference_summary.pdf","3b770b34d249c7a7ea7e64a4c93aab9acfd92063bfdcd66c89c7f3d27c9ed02c","ready","docs/behavior_output_code_contracts/historical_resolution_readers.csv","6ef2091f8861ccfeed508d9aadc55ca71380fcac97c9b57c47d8c7b9fad182e8"
"history_social_networks_1min","06_behavioral_dynamics/social_networks/1min_based/figures/dyadic_partner_preference_summary.png","history/social_networks/1min","figures/dyadic_partner_preference_summary.png","f987e301ac4d8157dc89c3444fa28efbd667d0680c4e924e036e6d96e77bbb30","ready","docs/behavior_output_code_contracts/historical_resolution_readers.csv","6ef2091f8861ccfeed508d9aadc55ca71380fcac97c9b57c47d8c7b9fad182e8"
"history_social_networks_1min","06_behavioral_dynamics/social_networks/1min_based/figures/dyadic_partner_preference_summary.svg","history/social_networks/1min","figures/dyadic_partner_preference_summary.svg","e851c544eda54854452c44ce83a8e458f24d0226a959ec8abcbd95de867b0470","ready","docs/behavior_output_code_contracts/historical_resolution_readers.csv","6ef2091f8861ccfeed508d9aadc55ca71380fcac97c9b57c47d8c7b9fad182e8"
"history_social_networks_1min","06_behavioral_dynamics/social_networks/1min_based/figures/exploratory/README.txt","history/social_networks/1min","figures/exploratory/README.txt","7c55015964e5c3d731055c51390e0cce86dc97a263317edcab388117e11eda54","ready","docs/behavior_output_code_contracts/historical_resolution_readers.csv","6ef2091f8861ccfeed508d9aadc55ca71380fcac97c9b57c47d8c7b9fad182e8"
"history_social_networks_1min","06_behavioral_dynamics/social_networks/1min_based/figures/interactive/README.txt","history/social_networks/1min","figures/interactive/README.txt","04a93a9db626de7962d449170c58971355320ac8caedf223705da54c56ce935b","ready","docs/behavior_output_code_contracts/historical_resolution_readers.csv","6ef2091f8861ccfeed508d9aadc55ca71380fcac97c9b57c47d8c7b9fad182e8"
"history_social_networks_1min","06_behavioral_dynamics/social_networks/1min_based/figures/publication/overview/animal_level_social_effect_size_heatmap.pdf","history/social_networks/1min","figures/publication/overview/animal_level_social_effect_size_heatmap.pdf","c19839991a79f4d25c95b1779fd9fc3578a49aceac6db0671b47fb8f08a2b618","ready","docs/behavior_output_code_contracts/historical_resolution_readers.csv","6ef2091f8861ccfeed508d9aadc55ca71380fcac97c9b57c47d8c7b9fad182e8"
"history_social_networks_1min","06_behavioral_dynamics/social_networks/1min_based/figures/publication/overview/animal_level_social_effect_size_heatmap.png","history/social_networks/1min","figures/publication/overview/animal_level_social_effect_size_heatmap.png","09230c8895ad15093f2715a5a796e8671e637d6d0d32b301b5162210e4dd45f4","ready","docs/behavior_output_code_contracts/historical_resolution_readers.csv","6ef2091f8861ccfeed508d9aadc55ca71380fcac97c9b57c47d8c7b9fad182e8"
"history_social_networks_1min","06_behavioral_dynamics/social_networks/1min_based/figures/publication/overview/animal_level_social_effect_size_heatmap.svg","history/social_networks/1min","figures/publication/overview/animal_level_social_effect_size_heatmap.svg","ebc262284204a527ccd3e81bb50b2d7b6eef778578bcebaed505899ba9388336","ready","docs/behavior_output_code_contracts/historical_resolution_readers.csv","6ef2091f8861ccfeed508d9aadc55ca71380fcac97c9b57c47d8c7b9fad182e8"
"history_social_networks_1min","06_behavioral_dynamics/social_networks/1min_based/figures/publication_panels/animal_level_social_dynamics.pdf","history/social_networks/1min","figures/publication_panels/animal_level_social_dynamics.pdf","1580431bd63f2983d2d6d65987d260a9f82f0f4d6b51f15e125181f44737cb7a","ready","docs/behavior_output_code_contracts/historical_resolution_readers.csv","6ef2091f8861ccfeed508d9aadc55ca71380fcac97c9b57c47d8c7b9fad182e8"
"history_social_networks_1min","06_behavioral_dynamics/social_networks/1min_based/figures/publication_panels/animal_level_social_dynamics.png","history/social_networks/1min","figures/publication_panels/animal_level_social_dynamics.png","c6e21b33765578aabc92ce9e616d388a3177cc34625fba54720beb03fc0762a4","ready","docs/behavior_output_code_contracts/historical_resolution_readers.csv","6ef2091f8861ccfeed508d9aadc55ca71380fcac97c9b57c47d8c7b9fad182e8"
"history_social_networks_1min","06_behavioral_dynamics/social_networks/1min_based/figures/publication_panels/animal_level_social_dynamics.svg","history/social_networks/1min","figures/publication_panels/animal_level_social_dynamics.svg","c8da9a9f6781211f928366c224d6734c7bf74500c6cbad062d0bd0ca4e22c872","ready","docs/behavior_output_code_contracts/historical_resolution_readers.csv","6ef2091f8861ccfeed508d9aadc55ca71380fcac97c9b57c47d8c7b9fad182e8"
"history_social_networks_1min","06_behavioral_dynamics/social_networks/1min_based/figures/publication_panels/animal_level_social_effect_size_heatmap.pdf","history/social_networks/1min","figures/publication_panels/animal_level_social_effect_size_heatmap.pdf","f62dd66fdd7db32340c9ff2e3bafec245e942162fc08de1b47b406a1cfa32471","ready","docs/behavior_output_code_contracts/historical_resolution_readers.csv","6ef2091f8861ccfeed508d9aadc55ca71380fcac97c9b57c47d8c7b9fad182e8"
"history_social_networks_1min","06_behavioral_dynamics/social_networks/1min_based/figures/publication_panels/animal_level_social_effect_size_heatmap.png","history/social_networks/1min","figures/publication_panels/animal_level_social_effect_size_heatmap.png","09230c8895ad15093f2715a5a796e8671e637d6d0d32b301b5162210e4dd45f4","ready","docs/behavior_output_code_contracts/historical_resolution_readers.csv","6ef2091f8861ccfeed508d9aadc55ca71380fcac97c9b57c47d8c7b9fad182e8"
"history_social_networks_1min","06_behavioral_dynamics/social_networks/1min_based/figures/publication_panels/animal_level_social_effect_size_heatmap.svg","history/social_networks/1min","figures/publication_panels/animal_level_social_effect_size_heatmap.svg","ebc262284204a527ccd3e81bb50b2d7b6eef778578bcebaed505899ba9388336","ready","docs/behavior_output_code_contracts/historical_resolution_readers.csv","6ef2091f8861ccfeed508d9aadc55ca71380fcac97c9b57c47d8c7b9fad182e8"
"history_social_networks_1min","06_behavioral_dynamics/social_networks/1min_based/figures/publication_panels/animal_level_social_trajectories.pdf","history/social_networks/1min","figures/publication_panels/animal_level_social_trajectories.pdf","383288e6bd977c479cfcdc89d37c8099bccc9a1b62f95c8b63c447088278b650","ready","docs/behavior_output_code_contracts/historical_resolution_readers.csv","6ef2091f8861ccfeed508d9aadc55ca71380fcac97c9b57c47d8c7b9fad182e8"
"history_social_networks_1min","06_behavioral_dynamics/social_networks/1min_based/figures/publication_panels/animal_level_social_trajectories.png","history/social_networks/1min","figures/publication_panels/animal_level_social_trajectories.png","73fc990d795cc017eed9b0d00b2b38ee52d66e163f19f8f584fa3188370a1f22","ready","docs/behavior_output_code_contracts/historical_resolution_readers.csv","6ef2091f8861ccfeed508d9aadc55ca71380fcac97c9b57c47d8c7b9fad182e8"
"history_social_networks_1min","06_behavioral_dynamics/social_networks/1min_based/figures/publication_panels/animal_level_social_trajectories.svg","history/social_networks/1min","figures/publication_panels/animal_level_social_trajectories.svg","764a8b8fac358c6a66143e48a84efd1640f2149088e0874b6302f262ed7fc3d8","ready","docs/behavior_output_code_contracts/historical_resolution_readers.csv","6ef2091f8861ccfeed508d9aadc55ca71380fcac97c9b57c47d8c7b9fad182e8"
"history_social_networks_1min","06_behavioral_dynamics/social_networks/1min_based/figures/publication_panels/dyadic_graph_period_summary.pdf","history/social_networks/1min","figures/publication_panels/dyadic_graph_period_summary.pdf","5a44b05e913783a9536d34b2a52b1549143fbe7f3bb6038ed4f5bec2c0be58cc","ready","docs/behavior_output_code_contracts/historical_resolution_readers.csv","6ef2091f8861ccfeed508d9aadc55ca71380fcac97c9b57c47d8c7b9fad182e8"
"history_social_networks_1min","06_behavioral_dynamics/social_networks/1min_based/figures/publication_panels/dyadic_graph_period_summary.png","history/social_networks/1min","figures/publication_panels/dyadic_graph_period_summary.png","e4dd274aff31edadaadd5643e5c082a8695a2240baeb40558a0a218ce1b8a475","ready","docs/behavior_output_code_contracts/historical_resolution_readers.csv","6ef2091f8861ccfeed508d9aadc55ca71380fcac97c9b57c47d8c7b9fad182e8"
"history_social_networks_1min","06_behavioral_dynamics/social_networks/1min_based/figures/publication_panels/dyadic_graph_period_summary.svg","history/social_networks/1min","figures/publication_panels/dyadic_graph_period_summary.svg","172fe749ebb9e69fd377fc4ae9e77b740b8acd9869d13c7857916223c079bbde","ready","docs/behavior_output_code_contracts/historical_resolution_readers.csv","6ef2091f8861ccfeed508d9aadc55ca71380fcac97c9b57c47d8c7b9fad182e8"
"history_social_networks_1min","06_behavioral_dynamics/social_networks/1min_based/figures/publication_panels/dyadic_network_density_timecourse.pdf","history/social_networks/1min","figures/publication_panels/dyadic_network_density_timecourse.pdf","56976f46a65ab7f02e364aaf3e00609357e80aa33579bf43141bb7211de03e06","ready","docs/behavior_output_code_contracts/historical_resolution_readers.csv","6ef2091f8861ccfeed508d9aadc55ca71380fcac97c9b57c47d8c7b9fad182e8"
"history_social_networks_1min","06_behavioral_dynamics/social_networks/1min_based/figures/publication_panels/dyadic_network_density_timecourse.png","history/social_networks/1min","figures/publication_panels/dyadic_network_density_timecourse.png","cdd1960b900ff27c0dba1f070c77c07e12c262b983f83845009aa8ee7aeabdf6","ready","docs/behavior_output_code_contracts/historical_resolution_readers.csv","6ef2091f8861ccfeed508d9aadc55ca71380fcac97c9b57c47d8c7b9fad182e8"
"history_social_networks_1min","06_behavioral_dynamics/social_networks/1min_based/figures/publication_panels/dyadic_network_density_timecourse.svg","history/social_networks/1min","figures/publication_panels/dyadic_network_density_timecourse.svg","09448af1150195ff86d410a415c4319a47919e9ae81fb777d53b99087180aba9","ready","docs/behavior_output_code_contracts/historical_resolution_readers.csv","6ef2091f8861ccfeed508d9aadc55ca71380fcac97c9b57c47d8c7b9fad182e8"
"history_social_networks_1min","06_behavioral_dynamics/social_networks/1min_based/figures/publication_panels/dyadic_node_centrality_summary.pdf","history/social_networks/1min","figures/publication_panels/dyadic_node_centrality_summary.pdf","d5674e522911c6f5949781a39d51a5f5eadb1643ad5e32898ec76dd6d8103b38","ready","docs/behavior_output_code_contracts/historical_resolution_readers.csv","6ef2091f8861ccfeed508d9aadc55ca71380fcac97c9b57c47d8c7b9fad182e8"
"history_social_networks_1min","06_behavioral_dynamics/social_networks/1min_based/figures/publication_panels/dyadic_node_centrality_summary.png","history/social_networks/1min","figures/publication_panels/dyadic_node_centrality_summary.png","bb6124140c1bc9f28bfc505de062a620c5fd123a0a493efe7eff533b5434a6af","ready","docs/behavior_output_code_contracts/historical_resolution_readers.csv","6ef2091f8861ccfeed508d9aadc55ca71380fcac97c9b57c47d8c7b9fad182e8"
"history_social_networks_1min","06_behavioral_dynamics/social_networks/1min_based/figures/publication_panels/dyadic_node_centrality_summary.svg","history/social_networks/1min","figures/publication_panels/dyadic_node_centrality_summary.svg","e15f3af2fcc8f32d811e4a57f1d972f1421734d455029bdbaa5531a8ddb66f5c","ready","docs/behavior_output_code_contracts/historical_resolution_readers.csv","6ef2091f8861ccfeed508d9aadc55ca71380fcac97c9b57c47d8c7b9fad182e8"
"history_social_networks_1min","06_behavioral_dynamics/social_networks/1min_based/figures/publication_panels/dyadic_partner_preference_summary.pdf","history/social_networks/1min","figures/publication_panels/dyadic_partner_preference_summary.pdf","5f9ac510a5f5604512e794937e406fd95550d1a42c07f188a2ae06315318eacf","ready","docs/behavior_output_code_contracts/historical_resolution_readers.csv","6ef2091f8861ccfeed508d9aadc55ca71380fcac97c9b57c47d8c7b9fad182e8"
"history_social_networks_1min","06_behavioral_dynamics/social_networks/1min_based/figures/publication_panels/dyadic_partner_preference_summary.png","history/social_networks/1min","figures/publication_panels/dyadic_partner_preference_summary.png","5284fe7f424fd9012264af806dd1a692aee0de8d016a715eba551406704c5308","ready","docs/behavior_output_code_contracts/historical_resolution_readers.csv","6ef2091f8861ccfeed508d9aadc55ca71380fcac97c9b57c47d8c7b9fad182e8"
"history_social_networks_1min","06_behavioral_dynamics/social_networks/1min_based/figures/publication_panels/dyadic_partner_preference_summary.svg","history/social_networks/1min","figures/publication_panels/dyadic_partner_preference_summary.svg","0853f627481d31c83abd913d1629a96eca4525ad5d0e2d9ed3c720916d38d86a","ready","docs/behavior_output_code_contracts/historical_resolution_readers.csv","6ef2091f8861ccfeed508d9aadc55ca71380fcac97c9b57c47d8c7b9fad182e8"
"history_social_networks_1min","06_behavioral_dynamics/social_networks/1min_based/figures/publication_panels/README.txt","history/social_networks/1min","figures/publication_panels/README.txt","9b957880bf142e8e7ee5034d698dc3cf630f411fae5bfd345d64fabf57540a90","ready","docs/behavior_output_code_contracts/historical_resolution_readers.csv","6ef2091f8861ccfeed508d9aadc55ca71380fcac97c9b57c47d8c7b9fad182e8"
"history_social_networks_1min","06_behavioral_dynamics/social_networks/1min_based/figures/qc/README.txt","history/social_networks/1min","figures/qc/README.txt","fcc7347cfbb2d92ffff45d2d214694895194bd3da990013d0d8e3d556a6ef029","ready","docs/behavior_output_code_contracts/historical_resolution_readers.csv","6ef2091f8861ccfeed508d9aadc55ca71380fcac97c9b57c47d8c7b9fad182e8"
"history_social_networks_1min","06_behavioral_dynamics/social_networks/1min_based/figures/supplementary/README.txt","history/social_networks/1min","figures/supplementary/README.txt","72409480a7f9877bca1f93d2796bfdde2cf350a81c01a1dd3acfbcd060f10849","ready","docs/behavior_output_code_contracts/historical_resolution_readers.csv","6ef2091f8861ccfeed508d9aadc55ca71380fcac97c9b57c47d8c7b9fad182e8"
"history_social_networks_1min","06_behavioral_dynamics/social_networks/1min_based/stats_tables/animal_level_social_dynamics_duration_sensitivity_consistency.csv","history/social_networks/1min","stats_tables/animal_level_social_dynamics_duration_sensitivity_consistency.csv","c0457fb08b55b249a4b424167d6a1e1bbae18ec916c7e0cbc9d259bd2792843d","ready","docs/behavior_output_code_contracts/historical_resolution_readers.csv","6ef2091f8861ccfeed508d9aadc55ca71380fcac97c9b57c47d8c7b9fad182e8"
"history_social_networks_1min","06_behavioral_dynamics/social_networks/1min_based/stats_tables/animal_level_social_dynamics_duration_sensitivity_group_contrasts.csv","history/social_networks/1min","stats_tables/animal_level_social_dynamics_duration_sensitivity_group_contrasts.csv","a1b815252d6059e1fe25baf38eae2c352946947635bc9d77870b3404c693c183","ready","docs/behavior_output_code_contracts/historical_resolution_readers.csv","6ef2091f8861ccfeed508d9aadc55ca71380fcac97c9b57c47d8c7b9fad182e8"
"history_social_networks_1min","06_behavioral_dynamics/social_networks/1min_based/stats_tables/animal_level_social_dynamics_duration_sensitivity_group_summary.csv","history/social_networks/1min","stats_tables/animal_level_social_dynamics_duration_sensitivity_group_summary.csv","7662a5b76eea67391eab55b4c05a096cc64cea8a1bd84a52cd16e656fba5fd0b","ready","docs/behavior_output_code_contracts/historical_resolution_readers.csv","6ef2091f8861ccfeed508d9aadc55ca71380fcac97c9b57c47d8c7b9fad182e8"
"history_social_networks_1min","06_behavioral_dynamics/social_networks/1min_based/stats_tables/animal_level_social_dynamics_group_contrasts.csv","history/social_networks/1min","stats_tables/animal_level_social_dynamics_group_contrasts.csv","5c318c6caeeeb9364ad05e7b76f191b9bf1b471b29a626422effc6d108d42096","ready","docs/behavior_output_code_contracts/historical_resolution_readers.csv","6ef2091f8861ccfeed508d9aadc55ca71380fcac97c9b57c47d8c7b9fad182e8"
"history_social_networks_1min","06_behavioral_dynamics/social_networks/1min_based/stats_tables/animal_level_social_dynamics_group_summary.csv","history/social_networks/1min","stats_tables/animal_level_social_dynamics_group_summary.csv","a928961c7ca65c160c063b2704e9ab6017e44e9086e533f472e39daa8aa25236","ready","docs/behavior_output_code_contracts/historical_resolution_readers.csv","6ef2091f8861ccfeed508d9aadc55ca71380fcac97c9b57c47d8c7b9fad182e8"
"history_social_networks_1min","06_behavioral_dynamics/social_networks/1min_based/stats_tables/dyadic_graph_period_duration_sensitivity_group_contrasts.csv","history/social_networks/1min","stats_tables/dyadic_graph_period_duration_sensitivity_group_contrasts.csv","e3b0c44298fc1c149afbf4c8996fb92427ae41e4649b934ca495991b7852b855","ready","docs/behavior_output_code_contracts/historical_resolution_readers.csv","6ef2091f8861ccfeed508d9aadc55ca71380fcac97c9b57c47d8c7b9fad182e8"
"history_social_networks_1min","06_behavioral_dynamics/social_networks/1min_based/stats_tables/dyadic_graph_period_duration_sensitivity_group_summary.csv","history/social_networks/1min","stats_tables/dyadic_graph_period_duration_sensitivity_group_summary.csv","9f943778636fbdd92c06c9cbbb202313b754166ee28c60554958041711fc58ea","ready","docs/behavior_output_code_contracts/historical_resolution_readers.csv","6ef2091f8861ccfeed508d9aadc55ca71380fcac97c9b57c47d8c7b9fad182e8"
"history_social_networks_1min","06_behavioral_dynamics/social_networks/1min_based/stats_tables/dyadic_graph_period_group_contrasts.csv","history/social_networks/1min","stats_tables/dyadic_graph_period_group_contrasts.csv","e3b0c44298fc1c149afbf4c8996fb92427ae41e4649b934ca495991b7852b855","ready","docs/behavior_output_code_contracts/historical_resolution_readers.csv","6ef2091f8861ccfeed508d9aadc55ca71380fcac97c9b57c47d8c7b9fad182e8"
"history_social_networks_1min","06_behavioral_dynamics/social_networks/1min_based/stats_tables/dyadic_graph_period_group_summary.csv","history/social_networks/1min","stats_tables/dyadic_graph_period_group_summary.csv","b55a73357be81266739431c4ccbdf54284c0078cb5dd80e520dd5819f4a2c1fa","ready","docs/behavior_output_code_contracts/historical_resolution_readers.csv","6ef2091f8861ccfeed508d9aadc55ca71380fcac97c9b57c47d8c7b9fad182e8"
"history_social_networks_1min","06_behavioral_dynamics/social_networks/1min_based/stats_tables/dyadic_node_centrality_duration_sensitivity_group_contrasts.csv","history/social_networks/1min","stats_tables/dyadic_node_centrality_duration_sensitivity_group_contrasts.csv","e3b0c44298fc1c149afbf4c8996fb92427ae41e4649b934ca495991b7852b855","ready","docs/behavior_output_code_contracts/historical_resolution_readers.csv","6ef2091f8861ccfeed508d9aadc55ca71380fcac97c9b57c47d8c7b9fad182e8"
"history_social_networks_1min","06_behavioral_dynamics/social_networks/1min_based/stats_tables/dyadic_node_centrality_duration_sensitivity_group_summary.csv","history/social_networks/1min","stats_tables/dyadic_node_centrality_duration_sensitivity_group_summary.csv","0df3308ac0179ae11d2c7b8ceeb22c3fe7faeb36798c7cac8a0a982fc2de3472","ready","docs/behavior_output_code_contracts/historical_resolution_readers.csv","6ef2091f8861ccfeed508d9aadc55ca71380fcac97c9b57c47d8c7b9fad182e8"
"history_social_networks_1min","06_behavioral_dynamics/social_networks/1min_based/stats_tables/dyadic_node_centrality_group_contrasts.csv","history/social_networks/1min","stats_tables/dyadic_node_centrality_group_contrasts.csv","e3b0c44298fc1c149afbf4c8996fb92427ae41e4649b934ca495991b7852b855","ready","docs/behavior_output_code_contracts/historical_resolution_readers.csv","6ef2091f8861ccfeed508d9aadc55ca71380fcac97c9b57c47d8c7b9fad182e8"
"history_social_networks_1min","06_behavioral_dynamics/social_networks/1min_based/stats_tables/dyadic_node_centrality_group_summary.csv","history/social_networks/1min","stats_tables/dyadic_node_centrality_group_summary.csv","1e39180ffb043fc5613b3b1d7cbf0176026dd43995952972e2d0a3df35f47cab","ready","docs/behavior_output_code_contracts/historical_resolution_readers.csv","6ef2091f8861ccfeed508d9aadc55ca71380fcac97c9b57c47d8c7b9fad182e8"
"history_social_networks_1min","06_behavioral_dynamics/social_networks/1min_based/stats_tables/dyadic_partner_preference_group_contrasts.csv","history/social_networks/1min","stats_tables/dyadic_partner_preference_group_contrasts.csv","e3b0c44298fc1c149afbf4c8996fb92427ae41e4649b934ca495991b7852b855","ready","docs/behavior_output_code_contracts/historical_resolution_readers.csv","6ef2091f8861ccfeed508d9aadc55ca71380fcac97c9b57c47d8c7b9fad182e8"
"history_social_networks_1min","06_behavioral_dynamics/social_networks/1min_based/stats_tables/dyadic_partner_preference_group_summary.csv","history/social_networks/1min","stats_tables/dyadic_partner_preference_group_summary.csv","29650a8e08f31fe158901de6a98cec5b9fb61ca327eb8e14958c10f7e243ca76","ready","docs/behavior_output_code_contracts/historical_resolution_readers.csv","6ef2091f8861ccfeed508d9aadc55ca71380fcac97c9b57c47d8c7b9fad182e8"
"history_social_networks_1min","06_behavioral_dynamics/social_networks/1min_based/tables/animal_level_contact_threshold.csv","history/social_networks/1min","tables/animal_level_contact_threshold.csv","c79e6e1b885e730260a5ba8aec7e99604c292d59137b6b2939da3f720879ed0e","ready","docs/behavior_output_code_contracts/historical_resolution_readers.csv","6ef2091f8861ccfeed508d9aadc55ca71380fcac97c9b57c47d8c7b9fad182e8"
"history_social_networks_1min","06_behavioral_dynamics/social_networks/1min_based/tables/animal_level_social_dynamics_duration_tagged_full.csv","history/social_networks/1min","tables/animal_level_social_dynamics_duration_tagged_full.csv","d3017adc5fc026f04a6c6b1f4b9787a7348e39d946c03e2e86a22c6475585536","ready","docs/behavior_output_code_contracts/historical_resolution_readers.csv","6ef2091f8861ccfeed508d9aadc55ca71380fcac97c9b57c47d8c7b9fad182e8"
"history_social_networks_1min","06_behavioral_dynamics/social_networks/1min_based/tables/animal_level_social_dynamics_excluding_short_duration.csv","history/social_networks/1min","tables/animal_level_social_dynamics_excluding_short_duration.csv","db13409ede646c9184d6694dc4ab8fbe06ce3ae8c99837d7efa8f29c77819799","ready","docs/behavior_output_code_contracts/historical_resolution_readers.csv","6ef2091f8861ccfeed508d9aadc55ca71380fcac97c9b57c47d8c7b9fad182e8"
"history_social_networks_1min","06_behavioral_dynamics/social_networks/1min_based/tables/animal_level_social_dynamics.csv","history/social_networks/1min","tables/animal_level_social_dynamics.csv","6e181225d0f16758d524eaa3657f9d6663d48e227a54a126d09002d893718a21","ready","docs/behavior_output_code_contracts/historical_resolution_readers.csv","6ef2091f8861ccfeed508d9aadc55ca71380fcac97c9b57c47d8c7b9fad182e8"
"history_social_networks_1min","06_behavioral_dynamics/social_networks/1min_based/tables/animal_level_social_effect_size_heatmap_data.csv","history/social_networks/1min","tables/animal_level_social_effect_size_heatmap_data.csv","a74b94942458aa5e82ab58688b12bdd981b7cbde27717c648b57db6621ed30b1","ready","docs/behavior_output_code_contracts/historical_resolution_readers.csv","6ef2091f8861ccfeed508d9aadc55ca71380fcac97c9b57c47d8c7b9fad182e8"
"history_social_networks_1min","06_behavioral_dynamics/social_networks/1min_based/tables/animal_level_social_plot_stat_brackets.csv","history/social_networks/1min","tables/animal_level_social_plot_stat_brackets.csv","551cd5ff78b086d4bde10d9d28fc15d99b4b809198ed08ff76a20221aaac08b6","ready","docs/behavior_output_code_contracts/historical_resolution_readers.csv","6ef2091f8861ccfeed508d9aadc55ca71380fcac97c9b57c47d8c7b9fad182e8"
"history_social_networks_1min","06_behavioral_dynamics/social_networks/1min_based/tables/animal_level_social_threshold_sensitivity.csv","history/social_networks/1min","tables/animal_level_social_threshold_sensitivity.csv","6f08eb3f61a4080c62e05320330ef73e59ff1b2ebfd0c2933179ca70f5a8d344","ready","docs/behavior_output_code_contracts/historical_resolution_readers.csv","6ef2091f8861ccfeed508d9aadc55ca71380fcac97c9b57c47d8c7b9fad182e8"
"history_social_networks_1min","06_behavioral_dynamics/social_networks/1min_based/tables/animal_level_social_trajectory_summary.csv","history/social_networks/1min","tables/animal_level_social_trajectory_summary.csv","3a921f1b233e411521723ff5f5a3a461af73a40bcfd2cb78382a75c3f061c84b","ready","docs/behavior_output_code_contracts/historical_resolution_readers.csv","6ef2091f8861ccfeed508d9aadc55ca71380fcac97c9b57c47d8c7b9fad182e8"
"history_social_networks_1min","06_behavioral_dynamics/social_networks/1min_based/tables/dyadic_contact_threshold.csv","history/social_networks/1min","tables/dyadic_contact_threshold.csv","2c4ead31909f8901020e833e12672008de2d1a0c21a5904ea135c5f986f99846","ready","docs/behavior_output_code_contracts/historical_resolution_readers.csv","6ef2091f8861ccfeed508d9aadc55ca71380fcac97c9b57c47d8c7b9fad182e8"
"history_social_networks_1min","06_behavioral_dynamics/social_networks/1min_based/tables/dyadic_edges_network_input.csv","history/social_networks/1min","tables/dyadic_edges_network_input.csv","d56616c0127908988884fa8d08cc69b8fbcfa0cad1939d07954e5adefe69716d","ready","docs/behavior_output_code_contracts/historical_resolution_readers.csv","6ef2091f8861ccfeed508d9aadc55ca71380fcac97c9b57c47d8c7b9fad182e8"
"history_social_networks_1min","06_behavioral_dynamics/social_networks/1min_based/tables/dyadic_graph_effect_size_heatmap_data.csv","history/social_networks/1min","tables/dyadic_graph_effect_size_heatmap_data.csv","bc2f88299ce512799e06a80bf60cce07cd9ccd87fe186e05abb420c68364f1ed","ready","docs/behavior_output_code_contracts/historical_resolution_readers.csv","6ef2091f8861ccfeed508d9aadc55ca71380fcac97c9b57c47d8c7b9fad182e8"
"history_social_networks_1min","06_behavioral_dynamics/social_networks/1min_based/tables/dyadic_graph_metrics_by_time.csv","history/social_networks/1min","tables/dyadic_graph_metrics_by_time.csv","50dd435eeddf2feea72e6cae1611698de9f4734b92f07e197a426d445b81bf49","ready","docs/behavior_output_code_contracts/historical_resolution_readers.csv","6ef2091f8861ccfeed508d9aadc55ca71380fcac97c9b57c47d8c7b9fad182e8"
"history_social_networks_1min","06_behavioral_dynamics/social_networks/1min_based/tables/dyadic_graph_period_summary.csv","history/social_networks/1min","tables/dyadic_graph_period_summary.csv","b9fa288c0349e449611a6409807b59ad24ccd1027ae7bd257bcb1ff3e0d1a2bf","ready","docs/behavior_output_code_contracts/historical_resolution_readers.csv","6ef2091f8861ccfeed508d9aadc55ca71380fcac97c9b57c47d8c7b9fad182e8"
"history_social_networks_1min","06_behavioral_dynamics/social_networks/1min_based/tables/dyadic_graph_plot_stat_brackets.csv","history/social_networks/1min","tables/dyadic_graph_plot_stat_brackets.csv","426e5688663cdf72eb7a21d33f5f0af40b89981e0c364ce0b8d109a7d3b3d434","ready","docs/behavior_output_code_contracts/historical_resolution_readers.csv","6ef2091f8861ccfeed508d9aadc55ca71380fcac97c9b57c47d8c7b9fad182e8"
"history_social_networks_1min","06_behavioral_dynamics/social_networks/1min_based/tables/dyadic_input_qc.csv","history/social_networks/1min","tables/dyadic_input_qc.csv","5f609a17cb5a2f22e7e4b1b05301d7b0f8a4958b3b90e1cfa52ede4078ea890c","ready","docs/behavior_output_code_contracts/historical_resolution_readers.csv","6ef2091f8861ccfeed508d9aadc55ca71380fcac97c9b57c47d8c7b9fad182e8"
"history_social_networks_1min","06_behavioral_dynamics/social_networks/1min_based/tables/dyadic_network_density_time_summary.csv","history/social_networks/1min","tables/dyadic_network_density_time_summary.csv","19612cfdad4e15d9c0cc1c2bb6fa44372af3959e6408fcb666a27070a894b9ec","ready","docs/behavior_output_code_contracts/historical_resolution_readers.csv","6ef2091f8861ccfeed508d9aadc55ca71380fcac97c9b57c47d8c7b9fad182e8"
"history_social_networks_1min","06_behavioral_dynamics/social_networks/1min_based/tables/dyadic_node_effect_size_heatmap_data.csv","history/social_networks/1min","tables/dyadic_node_effect_size_heatmap_data.csv","bc2f88299ce512799e06a80bf60cce07cd9ccd87fe186e05abb420c68364f1ed","ready","docs/behavior_output_code_contracts/historical_resolution_readers.csv","6ef2091f8861ccfeed508d9aadc55ca71380fcac97c9b57c47d8c7b9fad182e8"
"history_social_networks_1min","06_behavioral_dynamics/social_networks/1min_based/tables/dyadic_node_metrics_by_time.csv","history/social_networks/1min","tables/dyadic_node_metrics_by_time.csv","aa734ae73e13d54ccc15f11c460b14069cdaaa86553a75baadadc490168e41b7","ready","docs/behavior_output_code_contracts/historical_resolution_readers.csv","6ef2091f8861ccfeed508d9aadc55ca71380fcac97c9b57c47d8c7b9fad182e8"
"history_social_networks_1min","06_behavioral_dynamics/social_networks/1min_based/tables/dyadic_node_plot_stat_brackets.csv","history/social_networks/1min","tables/dyadic_node_plot_stat_brackets.csv","426e5688663cdf72eb7a21d33f5f0af40b89981e0c364ce0b8d109a7d3b3d434","ready","docs/behavior_output_code_contracts/historical_resolution_readers.csv","6ef2091f8861ccfeed508d9aadc55ca71380fcac97c9b57c47d8c7b9fad182e8"
"history_social_networks_1min","06_behavioral_dynamics/social_networks/1min_based/tables/dyadic_node_summary.csv","history/social_networks/1min","tables/dyadic_node_summary.csv","b81373356202b09e6fcf17cd906bdfb882fde059e9ac543a2f57ee1ab5ad6ecb","ready","docs/behavior_output_code_contracts/historical_resolution_readers.csv","6ef2091f8861ccfeed508d9aadc55ca71380fcac97c9b57c47d8c7b9fad182e8"
"history_social_networks_1min","06_behavioral_dynamics/social_networks/1min_based/tables/dyadic_pair_summary.csv","history/social_networks/1min","tables/dyadic_pair_summary.csv","8ae7207d46cd7d38055728eb1abe5e0c5879b7c4b378636c257ba5e7cee4feef","ready","docs/behavior_output_code_contracts/historical_resolution_readers.csv","6ef2091f8861ccfeed508d9aadc55ca71380fcac97c9b57c47d8c7b9fad182e8"
"history_social_networks_1min","06_behavioral_dynamics/social_networks/1min_based/tables/dyadic_partner_instability_jaccard.csv","history/social_networks/1min","tables/dyadic_partner_instability_jaccard.csv","9a03df098972c319e5f7a357e95f15a31ec304950011bbfdbc946a33a69b8bc0","ready","docs/behavior_output_code_contracts/historical_resolution_readers.csv","6ef2091f8861ccfeed508d9aadc55ca71380fcac97c9b57c47d8c7b9fad182e8"
"history_social_networks_1min","06_behavioral_dynamics/social_networks/1min_based/tables/dyadic_partner_preference_plot_stat_brackets.csv","history/social_networks/1min","tables/dyadic_partner_preference_plot_stat_brackets.csv","426e5688663cdf72eb7a21d33f5f0af40b89981e0c364ce0b8d109a7d3b3d434","ready","docs/behavior_output_code_contracts/historical_resolution_readers.csv","6ef2091f8861ccfeed508d9aadc55ca71380fcac97c9b57c47d8c7b9fad182e8"
"history_social_networks_1min","06_behavioral_dynamics/social_networks/1min_based/tables/dyadic_partner_preference_summary.csv","history/social_networks/1min","tables/dyadic_partner_preference_summary.csv","9eff77a94d653341288b269eb9c33021894293a1ede1f6f23856fee05d7ac16e","ready","docs/behavior_output_code_contracts/historical_resolution_readers.csv","6ef2091f8861ccfeed508d9aadc55ca71380fcac97c9b57c47d8c7b9fad182e8"
"history_social_networks_1min","06_behavioral_dynamics/social_networks/1min_based/tables/dyadic_partner_threshold_sensitivity.csv","history/social_networks/1min","tables/dyadic_partner_threshold_sensitivity.csv","d442ef4668132442b30fd52e0cb29e69dcd7f4a8853661a426218f327d8b1e57","ready","docs/behavior_output_code_contracts/historical_resolution_readers.csv","6ef2091f8861ccfeed508d9aadc55ca71380fcac97c9b57c47d8c7b9fad182e8"
"history_social_networks_1min","06_behavioral_dynamics/social_networks/1min_based/tables/epoch_duration_qc.csv","history/social_networks/1min","tables/epoch_duration_qc.csv","306f74277901fe478b56f1b845e3871ba512b2fda2d64d2d162cf7e4d3d781d8","ready","docs/behavior_output_code_contracts/historical_resolution_readers.csv","6ef2091f8861ccfeed508d9aadc55ca71380fcac97c9b57c47d8c7b9fad182e8"
"history_social_networks_1min","06_behavioral_dynamics/social_networks/1min_based/tables/output_figure_inventory.csv","history/social_networks/1min","tables/output_figure_inventory.csv","d916c3c76dad8e6def6bd4129a77b6645c37c5433c073aa7d51b3894b6bf5640","ready","docs/behavior_output_code_contracts/historical_resolution_readers.csv","6ef2091f8861ccfeed508d9aadc55ca71380fcac97c9b57c47d8c7b9fad182e8"
"history_social_networks_1min","06_behavioral_dynamics/social_networks/1min_based/tables/output_folder_summary.csv","history/social_networks/1min","tables/output_folder_summary.csv","220233a328bd0a88d4f65bae5975d92f0b13fb8f60745db7fa83b3132456a29e","ready","docs/behavior_output_code_contracts/historical_resolution_readers.csv","6ef2091f8861ccfeed508d9aadc55ca71380fcac97c9b57c47d8c7b9fad182e8"
"history_social_networks_1min","06_behavioral_dynamics/social_networks/1min_based/tables/social_reorganization_interpretation_guide.csv","history/social_networks/1min","tables/social_reorganization_interpretation_guide.csv","86736e85164ccef01dac6dc201046e7fcac85283c86e785cc8318a635556a458","ready","docs/behavior_output_code_contracts/historical_resolution_readers.csv","6ef2091f8861ccfeed508d9aadc55ca71380fcac97c9b57c47d8c7b9fad182e8"
"history_social_networks_10min","06_behavioral_dynamics/social_networks/10min_based/output_manifest.csv","history/social_networks/10min","output_manifest.csv","d10ae41f4b23952d54bbe5c2beb6040afa9eb3660c894b9fd0bfa91732de913b","ready","docs/behavior_output_code_contracts/historical_resolution_readers.csv","6ef2091f8861ccfeed508d9aadc55ca71380fcac97c9b57c47d8c7b9fad182e8"
"history_social_networks_10min","06_behavioral_dynamics/social_networks/10min_based/figures/animal_level_social_dynamics.pdf","history/social_networks/10min","figures/animal_level_social_dynamics.pdf","9308016958b28198c81ea88357e78e6abc250d30eca0fa6721ef0bc399d614a2","ready","docs/behavior_output_code_contracts/historical_resolution_readers.csv","6ef2091f8861ccfeed508d9aadc55ca71380fcac97c9b57c47d8c7b9fad182e8"
"history_social_networks_10min","06_behavioral_dynamics/social_networks/10min_based/figures/animal_level_social_dynamics.png","history/social_networks/10min","figures/animal_level_social_dynamics.png","a1626931a3bde1262f2098ead72684ab669f53bdacf848e95eaea1ae752cbeae","ready","docs/behavior_output_code_contracts/historical_resolution_readers.csv","6ef2091f8861ccfeed508d9aadc55ca71380fcac97c9b57c47d8c7b9fad182e8"
"history_social_networks_10min","06_behavioral_dynamics/social_networks/10min_based/figures/animal_level_social_dynamics.svg","history/social_networks/10min","figures/animal_level_social_dynamics.svg","3d3995b1c48e22b1901a6a5b3e55dcdfee0a6345a7871f8dceb631d1597d0ff7","ready","docs/behavior_output_code_contracts/historical_resolution_readers.csv","6ef2091f8861ccfeed508d9aadc55ca71380fcac97c9b57c47d8c7b9fad182e8"
"history_social_networks_10min","06_behavioral_dynamics/social_networks/10min_based/figures/animal_level_social_trajectories.pdf","history/social_networks/10min","figures/animal_level_social_trajectories.pdf","6f63c62b0337d7383b7b4a4bc73ea8210189355969934a1b7966949a4a77d91d","ready","docs/behavior_output_code_contracts/historical_resolution_readers.csv","6ef2091f8861ccfeed508d9aadc55ca71380fcac97c9b57c47d8c7b9fad182e8"
"history_social_networks_10min","06_behavioral_dynamics/social_networks/10min_based/figures/animal_level_social_trajectories.png","history/social_networks/10min","figures/animal_level_social_trajectories.png","1f641e24c7baf40a0a14c3b171463838a51966e17de9813124fe539051612d59","ready","docs/behavior_output_code_contracts/historical_resolution_readers.csv","6ef2091f8861ccfeed508d9aadc55ca71380fcac97c9b57c47d8c7b9fad182e8"
"history_social_networks_10min","06_behavioral_dynamics/social_networks/10min_based/figures/animal_level_social_trajectories.svg","history/social_networks/10min","figures/animal_level_social_trajectories.svg","3d470d3b887bfb51275c535dcd6cf1b700fed223aae39f4603688e3dcfb225b2","ready","docs/behavior_output_code_contracts/historical_resolution_readers.csv","6ef2091f8861ccfeed508d9aadc55ca71380fcac97c9b57c47d8c7b9fad182e8"
"history_social_networks_10min","06_behavioral_dynamics/social_networks/10min_based/figures/dyadic_graph_period_summary.pdf","history/social_networks/10min","figures/dyadic_graph_period_summary.pdf","90063989f8002462b93d760047a3245ba0bb854680584058fe149c623a958c31","ready","docs/behavior_output_code_contracts/historical_resolution_readers.csv","6ef2091f8861ccfeed508d9aadc55ca71380fcac97c9b57c47d8c7b9fad182e8"
"history_social_networks_10min","06_behavioral_dynamics/social_networks/10min_based/figures/dyadic_graph_period_summary.png","history/social_networks/10min","figures/dyadic_graph_period_summary.png","ab8f3bca6447bb5e56f51fbba87673a82d49e23878b620b84e32cb92c63e5b85","ready","docs/behavior_output_code_contracts/historical_resolution_readers.csv","6ef2091f8861ccfeed508d9aadc55ca71380fcac97c9b57c47d8c7b9fad182e8"
"history_social_networks_10min","06_behavioral_dynamics/social_networks/10min_based/figures/dyadic_graph_period_summary.svg","history/social_networks/10min","figures/dyadic_graph_period_summary.svg","2ab868e712254c538cadf3a1d3be5e575b83f68657b3f3d5998280ac8dd2b709","ready","docs/behavior_output_code_contracts/historical_resolution_readers.csv","6ef2091f8861ccfeed508d9aadc55ca71380fcac97c9b57c47d8c7b9fad182e8"
"history_social_networks_10min","06_behavioral_dynamics/social_networks/10min_based/figures/dyadic_network_density_timecourse.pdf","history/social_networks/10min","figures/dyadic_network_density_timecourse.pdf","0343a514e775ba0e70c299d71fa0e7b1ef233794617d74ba55c443ec8563dc37","ready","docs/behavior_output_code_contracts/historical_resolution_readers.csv","6ef2091f8861ccfeed508d9aadc55ca71380fcac97c9b57c47d8c7b9fad182e8"
"history_social_networks_10min","06_behavioral_dynamics/social_networks/10min_based/figures/dyadic_network_density_timecourse.png","history/social_networks/10min","figures/dyadic_network_density_timecourse.png","cdd1960b900ff27c0dba1f070c77c07e12c262b983f83845009aa8ee7aeabdf6","ready","docs/behavior_output_code_contracts/historical_resolution_readers.csv","6ef2091f8861ccfeed508d9aadc55ca71380fcac97c9b57c47d8c7b9fad182e8"
"history_social_networks_10min","06_behavioral_dynamics/social_networks/10min_based/figures/dyadic_network_density_timecourse.svg","history/social_networks/10min","figures/dyadic_network_density_timecourse.svg","09448af1150195ff86d410a415c4319a47919e9ae81fb777d53b99087180aba9","ready","docs/behavior_output_code_contracts/historical_resolution_readers.csv","6ef2091f8861ccfeed508d9aadc55ca71380fcac97c9b57c47d8c7b9fad182e8"
"history_social_networks_10min","06_behavioral_dynamics/social_networks/10min_based/figures/dyadic_node_centrality_summary.pdf","history/social_networks/10min","figures/dyadic_node_centrality_summary.pdf","09044e73e0629962c2fd41016ce8288dfe80ec881cd117cd6c4b8adc8a154365","ready","docs/behavior_output_code_contracts/historical_resolution_readers.csv","6ef2091f8861ccfeed508d9aadc55ca71380fcac97c9b57c47d8c7b9fad182e8"
"history_social_networks_10min","06_behavioral_dynamics/social_networks/10min_based/figures/dyadic_node_centrality_summary.png","history/social_networks/10min","figures/dyadic_node_centrality_summary.png","0df15b247acf3314bb95eedbb11aec15509070c9e1b00d0328bfe7a2408388b0","ready","docs/behavior_output_code_contracts/historical_resolution_readers.csv","6ef2091f8861ccfeed508d9aadc55ca71380fcac97c9b57c47d8c7b9fad182e8"
"history_social_networks_10min","06_behavioral_dynamics/social_networks/10min_based/figures/dyadic_node_centrality_summary.svg","history/social_networks/10min","figures/dyadic_node_centrality_summary.svg","d2a3cd621cf1091a9ec6da4f9742fa185392425ec6b32d14b2b5a2b984ba1919","ready","docs/behavior_output_code_contracts/historical_resolution_readers.csv","6ef2091f8861ccfeed508d9aadc55ca71380fcac97c9b57c47d8c7b9fad182e8"
"history_social_networks_10min","06_behavioral_dynamics/social_networks/10min_based/figures/dyadic_partner_preference_summary.pdf","history/social_networks/10min","figures/dyadic_partner_preference_summary.pdf","d0eca9095b193c552ae7ee38b60bc2be90759aa7ba083f65fe87320da25ce3dc","ready","docs/behavior_output_code_contracts/historical_resolution_readers.csv","6ef2091f8861ccfeed508d9aadc55ca71380fcac97c9b57c47d8c7b9fad182e8"
"history_social_networks_10min","06_behavioral_dynamics/social_networks/10min_based/figures/dyadic_partner_preference_summary.png","history/social_networks/10min","figures/dyadic_partner_preference_summary.png","19060d8c779ccd8df4b7915581f64758024c7c6f90064e1e0ffa00a93e97a405","ready","docs/behavior_output_code_contracts/historical_resolution_readers.csv","6ef2091f8861ccfeed508d9aadc55ca71380fcac97c9b57c47d8c7b9fad182e8"
"history_social_networks_10min","06_behavioral_dynamics/social_networks/10min_based/figures/dyadic_partner_preference_summary.svg","history/social_networks/10min","figures/dyadic_partner_preference_summary.svg","dbafba45ffa54eae562d3da662afd6690d17f241d8a658adbe596bef5f7bb3e3","ready","docs/behavior_output_code_contracts/historical_resolution_readers.csv","6ef2091f8861ccfeed508d9aadc55ca71380fcac97c9b57c47d8c7b9fad182e8"
"history_social_networks_10min","06_behavioral_dynamics/social_networks/10min_based/figures/exploratory/README.txt","history/social_networks/10min","figures/exploratory/README.txt","7c55015964e5c3d731055c51390e0cce86dc97a263317edcab388117e11eda54","ready","docs/behavior_output_code_contracts/historical_resolution_readers.csv","6ef2091f8861ccfeed508d9aadc55ca71380fcac97c9b57c47d8c7b9fad182e8"
"history_social_networks_10min","06_behavioral_dynamics/social_networks/10min_based/figures/interactive/README.txt","history/social_networks/10min","figures/interactive/README.txt","04a93a9db626de7962d449170c58971355320ac8caedf223705da54c56ce935b","ready","docs/behavior_output_code_contracts/historical_resolution_readers.csv","6ef2091f8861ccfeed508d9aadc55ca71380fcac97c9b57c47d8c7b9fad182e8"
"history_social_networks_10min","06_behavioral_dynamics/social_networks/10min_based/figures/publication/overview/animal_level_social_effect_size_heatmap.pdf","history/social_networks/10min","figures/publication/overview/animal_level_social_effect_size_heatmap.pdf","d2d350de104c2a712372a7c0e93cf46ffbd0f65c73ed763d851f62b4bc98eea2","ready","docs/behavior_output_code_contracts/historical_resolution_readers.csv","6ef2091f8861ccfeed508d9aadc55ca71380fcac97c9b57c47d8c7b9fad182e8"
"history_social_networks_10min","06_behavioral_dynamics/social_networks/10min_based/figures/publication/overview/animal_level_social_effect_size_heatmap.png","history/social_networks/10min","figures/publication/overview/animal_level_social_effect_size_heatmap.png","61330494d2e0cda014c4b00dd994bfd168e2c9a66859ab836457626a606957e4","ready","docs/behavior_output_code_contracts/historical_resolution_readers.csv","6ef2091f8861ccfeed508d9aadc55ca71380fcac97c9b57c47d8c7b9fad182e8"
"history_social_networks_10min","06_behavioral_dynamics/social_networks/10min_based/figures/publication/overview/animal_level_social_effect_size_heatmap.svg","history/social_networks/10min","figures/publication/overview/animal_level_social_effect_size_heatmap.svg","4c09c015bdf953a653cc31e932891b97426a7d6b5fe5c603a70c03c5b34baefa","ready","docs/behavior_output_code_contracts/historical_resolution_readers.csv","6ef2091f8861ccfeed508d9aadc55ca71380fcac97c9b57c47d8c7b9fad182e8"
"history_social_networks_10min","06_behavioral_dynamics/social_networks/10min_based/figures/publication_panels/animal_level_social_dynamics.pdf","history/social_networks/10min","figures/publication_panels/animal_level_social_dynamics.pdf","2c9a73e6cfeb542c99abb146c4f283f104678845b5ac70aec5fb64694398bb3c","ready","docs/behavior_output_code_contracts/historical_resolution_readers.csv","6ef2091f8861ccfeed508d9aadc55ca71380fcac97c9b57c47d8c7b9fad182e8"
"history_social_networks_10min","06_behavioral_dynamics/social_networks/10min_based/figures/publication_panels/animal_level_social_dynamics.png","history/social_networks/10min","figures/publication_panels/animal_level_social_dynamics.png","2a7cbfdde5445348ceb431a726321aa08ada625fd8c9ffdb5555c8275a6cf0ed","ready","docs/behavior_output_code_contracts/historical_resolution_readers.csv","6ef2091f8861ccfeed508d9aadc55ca71380fcac97c9b57c47d8c7b9fad182e8"
"history_social_networks_10min","06_behavioral_dynamics/social_networks/10min_based/figures/publication_panels/animal_level_social_dynamics.svg","history/social_networks/10min","figures/publication_panels/animal_level_social_dynamics.svg","71d7195b189e3848ecdd063afec13b15c0bb0280b621f82613a15aae9c13f24e","ready","docs/behavior_output_code_contracts/historical_resolution_readers.csv","6ef2091f8861ccfeed508d9aadc55ca71380fcac97c9b57c47d8c7b9fad182e8"
"history_social_networks_10min","06_behavioral_dynamics/social_networks/10min_based/figures/publication_panels/animal_level_social_effect_size_heatmap.pdf","history/social_networks/10min","figures/publication_panels/animal_level_social_effect_size_heatmap.pdf","d26bd5bfc7da9097329a7119fdc90718d7bc56e8ac5ec749102141578159584d","ready","docs/behavior_output_code_contracts/historical_resolution_readers.csv","6ef2091f8861ccfeed508d9aadc55ca71380fcac97c9b57c47d8c7b9fad182e8"
"history_social_networks_10min","06_behavioral_dynamics/social_networks/10min_based/figures/publication_panels/animal_level_social_effect_size_heatmap.png","history/social_networks/10min","figures/publication_panels/animal_level_social_effect_size_heatmap.png","61330494d2e0cda014c4b00dd994bfd168e2c9a66859ab836457626a606957e4","ready","docs/behavior_output_code_contracts/historical_resolution_readers.csv","6ef2091f8861ccfeed508d9aadc55ca71380fcac97c9b57c47d8c7b9fad182e8"
"history_social_networks_10min","06_behavioral_dynamics/social_networks/10min_based/figures/publication_panels/animal_level_social_effect_size_heatmap.svg","history/social_networks/10min","figures/publication_panels/animal_level_social_effect_size_heatmap.svg","4c09c015bdf953a653cc31e932891b97426a7d6b5fe5c603a70c03c5b34baefa","ready","docs/behavior_output_code_contracts/historical_resolution_readers.csv","6ef2091f8861ccfeed508d9aadc55ca71380fcac97c9b57c47d8c7b9fad182e8"
"history_social_networks_10min","06_behavioral_dynamics/social_networks/10min_based/figures/publication_panels/animal_level_social_trajectories.pdf","history/social_networks/10min","figures/publication_panels/animal_level_social_trajectories.pdf","3698e03efa91d7d8cb707559ce0a5fc92250f4990f69dc51679890e425f846f1","ready","docs/behavior_output_code_contracts/historical_resolution_readers.csv","6ef2091f8861ccfeed508d9aadc55ca71380fcac97c9b57c47d8c7b9fad182e8"
"history_social_networks_10min","06_behavioral_dynamics/social_networks/10min_based/figures/publication_panels/animal_level_social_trajectories.png","history/social_networks/10min","figures/publication_panels/animal_level_social_trajectories.png","1f641e24c7baf40a0a14c3b171463838a51966e17de9813124fe539051612d59","ready","docs/behavior_output_code_contracts/historical_resolution_readers.csv","6ef2091f8861ccfeed508d9aadc55ca71380fcac97c9b57c47d8c7b9fad182e8"
"history_social_networks_10min","06_behavioral_dynamics/social_networks/10min_based/figures/publication_panels/animal_level_social_trajectories.svg","history/social_networks/10min","figures/publication_panels/animal_level_social_trajectories.svg","3d470d3b887bfb51275c535dcd6cf1b700fed223aae39f4603688e3dcfb225b2","ready","docs/behavior_output_code_contracts/historical_resolution_readers.csv","6ef2091f8861ccfeed508d9aadc55ca71380fcac97c9b57c47d8c7b9fad182e8"
"history_social_networks_10min","06_behavioral_dynamics/social_networks/10min_based/figures/publication_panels/dyadic_graph_period_summary.pdf","history/social_networks/10min","figures/publication_panels/dyadic_graph_period_summary.pdf","f7423d52b41544ce47cfccea3a8876c8a8777afb963a0d3bef7d1f13df37eec2","ready","docs/behavior_output_code_contracts/historical_resolution_readers.csv","6ef2091f8861ccfeed508d9aadc55ca71380fcac97c9b57c47d8c7b9fad182e8"
"history_social_networks_10min","06_behavioral_dynamics/social_networks/10min_based/figures/publication_panels/dyadic_graph_period_summary.png","history/social_networks/10min","figures/publication_panels/dyadic_graph_period_summary.png","0a537caf942605d3f5a3612b2444b7df69ccf5435bd65193d615729c4a627b10","ready","docs/behavior_output_code_contracts/historical_resolution_readers.csv","6ef2091f8861ccfeed508d9aadc55ca71380fcac97c9b57c47d8c7b9fad182e8"
"history_social_networks_10min","06_behavioral_dynamics/social_networks/10min_based/figures/publication_panels/dyadic_graph_period_summary.svg","history/social_networks/10min","figures/publication_panels/dyadic_graph_period_summary.svg","c4e024cd34474b24e9fab40ecbea891e3bf2a4f18012431fd387e5a3cd4a7974","ready","docs/behavior_output_code_contracts/historical_resolution_readers.csv","6ef2091f8861ccfeed508d9aadc55ca71380fcac97c9b57c47d8c7b9fad182e8"
"history_social_networks_10min","06_behavioral_dynamics/social_networks/10min_based/figures/publication_panels/dyadic_network_density_timecourse.pdf","history/social_networks/10min","figures/publication_panels/dyadic_network_density_timecourse.pdf","56976f46a65ab7f02e364aaf3e00609357e80aa33579bf43141bb7211de03e06","ready","docs/behavior_output_code_contracts/historical_resolution_readers.csv","6ef2091f8861ccfeed508d9aadc55ca71380fcac97c9b57c47d8c7b9fad182e8"
"history_social_networks_10min","06_behavioral_dynamics/social_networks/10min_based/figures/publication_panels/dyadic_network_density_timecourse.png","history/social_networks/10min","figures/publication_panels/dyadic_network_density_timecourse.png","cdd1960b900ff27c0dba1f070c77c07e12c262b983f83845009aa8ee7aeabdf6","ready","docs/behavior_output_code_contracts/historical_resolution_readers.csv","6ef2091f8861ccfeed508d9aadc55ca71380fcac97c9b57c47d8c7b9fad182e8"
"history_social_networks_10min","06_behavioral_dynamics/social_networks/10min_based/figures/publication_panels/dyadic_network_density_timecourse.svg","history/social_networks/10min","figures/publication_panels/dyadic_network_density_timecourse.svg","09448af1150195ff86d410a415c4319a47919e9ae81fb777d53b99087180aba9","ready","docs/behavior_output_code_contracts/historical_resolution_readers.csv","6ef2091f8861ccfeed508d9aadc55ca71380fcac97c9b57c47d8c7b9fad182e8"
"history_social_networks_10min","06_behavioral_dynamics/social_networks/10min_based/figures/publication_panels/dyadic_node_centrality_summary.pdf","history/social_networks/10min","figures/publication_panels/dyadic_node_centrality_summary.pdf","8eb9d09a0eb9580425b76765c3b59b2e063c68c87a489713cbee530ea0890c29","ready","docs/behavior_output_code_contracts/historical_resolution_readers.csv","6ef2091f8861ccfeed508d9aadc55ca71380fcac97c9b57c47d8c7b9fad182e8"
"history_social_networks_10min","06_behavioral_dynamics/social_networks/10min_based/figures/publication_panels/dyadic_node_centrality_summary.png","history/social_networks/10min","figures/publication_panels/dyadic_node_centrality_summary.png","df2892e876bf3a68c3aa0651c0576148e4af66fb3e25d26a30e1d422e56952ec","ready","docs/behavior_output_code_contracts/historical_resolution_readers.csv","6ef2091f8861ccfeed508d9aadc55ca71380fcac97c9b57c47d8c7b9fad182e8"
"history_social_networks_10min","06_behavioral_dynamics/social_networks/10min_based/figures/publication_panels/dyadic_node_centrality_summary.svg","history/social_networks/10min","figures/publication_panels/dyadic_node_centrality_summary.svg","9db7473ae69be33023a8fb1a4cd666b94b4d946fabc6aea2e0bdbc6a0053ebcb","ready","docs/behavior_output_code_contracts/historical_resolution_readers.csv","6ef2091f8861ccfeed508d9aadc55ca71380fcac97c9b57c47d8c7b9fad182e8"
"history_social_networks_10min","06_behavioral_dynamics/social_networks/10min_based/figures/publication_panels/dyadic_partner_preference_summary.pdf","history/social_networks/10min","figures/publication_panels/dyadic_partner_preference_summary.pdf","7ee0cda1a58dfbab1774eec9df7db97bb53e3925392f31275a796304805a0a82","ready","docs/behavior_output_code_contracts/historical_resolution_readers.csv","6ef2091f8861ccfeed508d9aadc55ca71380fcac97c9b57c47d8c7b9fad182e8"
"history_social_networks_10min","06_behavioral_dynamics/social_networks/10min_based/figures/publication_panels/dyadic_partner_preference_summary.png","history/social_networks/10min","figures/publication_panels/dyadic_partner_preference_summary.png","9cd0508afb6ef65693157bb093619b56b469a0ab781236c6ed67bb93989ccda7","ready","docs/behavior_output_code_contracts/historical_resolution_readers.csv","6ef2091f8861ccfeed508d9aadc55ca71380fcac97c9b57c47d8c7b9fad182e8"
"history_social_networks_10min","06_behavioral_dynamics/social_networks/10min_based/figures/publication_panels/dyadic_partner_preference_summary.svg","history/social_networks/10min","figures/publication_panels/dyadic_partner_preference_summary.svg","7a6d837166d816a6586c2ba225cdc2b74ec4e8e7ac751cfbcfb5aa1cdd961b1c","ready","docs/behavior_output_code_contracts/historical_resolution_readers.csv","6ef2091f8861ccfeed508d9aadc55ca71380fcac97c9b57c47d8c7b9fad182e8"
"history_social_networks_10min","06_behavioral_dynamics/social_networks/10min_based/figures/publication_panels/README.txt","history/social_networks/10min","figures/publication_panels/README.txt","9b957880bf142e8e7ee5034d698dc3cf630f411fae5bfd345d64fabf57540a90","ready","docs/behavior_output_code_contracts/historical_resolution_readers.csv","6ef2091f8861ccfeed508d9aadc55ca71380fcac97c9b57c47d8c7b9fad182e8"
"history_social_networks_10min","06_behavioral_dynamics/social_networks/10min_based/figures/qc/README.txt","history/social_networks/10min","figures/qc/README.txt","fcc7347cfbb2d92ffff45d2d214694895194bd3da990013d0d8e3d556a6ef029","ready","docs/behavior_output_code_contracts/historical_resolution_readers.csv","6ef2091f8861ccfeed508d9aadc55ca71380fcac97c9b57c47d8c7b9fad182e8"
"history_social_networks_10min","06_behavioral_dynamics/social_networks/10min_based/figures/supplementary/README.txt","history/social_networks/10min","figures/supplementary/README.txt","72409480a7f9877bca1f93d2796bfdde2cf350a81c01a1dd3acfbcd060f10849","ready","docs/behavior_output_code_contracts/historical_resolution_readers.csv","6ef2091f8861ccfeed508d9aadc55ca71380fcac97c9b57c47d8c7b9fad182e8"
"history_social_networks_10min","06_behavioral_dynamics/social_networks/10min_based/stats_tables/animal_level_social_dynamics_duration_sensitivity_consistency.csv","history/social_networks/10min","stats_tables/animal_level_social_dynamics_duration_sensitivity_consistency.csv","fe0ea7a2c69bd42ccb23fccc3dfb3cbae540d3d74c26c6b44bcef0d73cc9ac14","ready","docs/behavior_output_code_contracts/historical_resolution_readers.csv","6ef2091f8861ccfeed508d9aadc55ca71380fcac97c9b57c47d8c7b9fad182e8"
"history_social_networks_10min","06_behavioral_dynamics/social_networks/10min_based/stats_tables/animal_level_social_dynamics_duration_sensitivity_group_contrasts.csv","history/social_networks/10min","stats_tables/animal_level_social_dynamics_duration_sensitivity_group_contrasts.csv","3aa7bfdc71592db76180a61504e51f9dab9d0c6893facab1336e6470e5915d22","ready","docs/behavior_output_code_contracts/historical_resolution_readers.csv","6ef2091f8861ccfeed508d9aadc55ca71380fcac97c9b57c47d8c7b9fad182e8"
"history_social_networks_10min","06_behavioral_dynamics/social_networks/10min_based/stats_tables/animal_level_social_dynamics_duration_sensitivity_group_summary.csv","history/social_networks/10min","stats_tables/animal_level_social_dynamics_duration_sensitivity_group_summary.csv","df2f1586f45c25e4d7cf27117496239477022c9dbf7a6663ebbf352925449a99","ready","docs/behavior_output_code_contracts/historical_resolution_readers.csv","6ef2091f8861ccfeed508d9aadc55ca71380fcac97c9b57c47d8c7b9fad182e8"
"history_social_networks_10min","06_behavioral_dynamics/social_networks/10min_based/stats_tables/animal_level_social_dynamics_group_contrasts.csv","history/social_networks/10min","stats_tables/animal_level_social_dynamics_group_contrasts.csv","88d2a64e1678064c6db6cec13d9486fcc0e6e99e9b2adda63fd42900f3250996","ready","docs/behavior_output_code_contracts/historical_resolution_readers.csv","6ef2091f8861ccfeed508d9aadc55ca71380fcac97c9b57c47d8c7b9fad182e8"
"history_social_networks_10min","06_behavioral_dynamics/social_networks/10min_based/stats_tables/animal_level_social_dynamics_group_summary.csv","history/social_networks/10min","stats_tables/animal_level_social_dynamics_group_summary.csv","501c70fd4851089737351b583ad9af8713b4fdbd4c939d72cf0bdd264877771a","ready","docs/behavior_output_code_contracts/historical_resolution_readers.csv","6ef2091f8861ccfeed508d9aadc55ca71380fcac97c9b57c47d8c7b9fad182e8"
"history_social_networks_10min","06_behavioral_dynamics/social_networks/10min_based/stats_tables/dyadic_graph_period_duration_sensitivity_group_contrasts.csv","history/social_networks/10min","stats_tables/dyadic_graph_period_duration_sensitivity_group_contrasts.csv","e3b0c44298fc1c149afbf4c8996fb92427ae41e4649b934ca495991b7852b855","ready","docs/behavior_output_code_contracts/historical_resolution_readers.csv","6ef2091f8861ccfeed508d9aadc55ca71380fcac97c9b57c47d8c7b9fad182e8"
"history_social_networks_10min","06_behavioral_dynamics/social_networks/10min_based/stats_tables/dyadic_graph_period_duration_sensitivity_group_summary.csv","history/social_networks/10min","stats_tables/dyadic_graph_period_duration_sensitivity_group_summary.csv","cc35d340065d2fc562d8b210a6c1c84d7f1df14cc9fd95d964cf2beed93abad7","ready","docs/behavior_output_code_contracts/historical_resolution_readers.csv","6ef2091f8861ccfeed508d9aadc55ca71380fcac97c9b57c47d8c7b9fad182e8"
"history_social_networks_10min","06_behavioral_dynamics/social_networks/10min_based/stats_tables/dyadic_graph_period_group_contrasts.csv","history/social_networks/10min","stats_tables/dyadic_graph_period_group_contrasts.csv","e3b0c44298fc1c149afbf4c8996fb92427ae41e4649b934ca495991b7852b855","ready","docs/behavior_output_code_contracts/historical_resolution_readers.csv","6ef2091f8861ccfeed508d9aadc55ca71380fcac97c9b57c47d8c7b9fad182e8"
"history_social_networks_10min","06_behavioral_dynamics/social_networks/10min_based/stats_tables/dyadic_graph_period_group_summary.csv","history/social_networks/10min","stats_tables/dyadic_graph_period_group_summary.csv","804d1176a924e7f5d37f1b47a6e44846569b7c6771197f9c5989e956475a1267","ready","docs/behavior_output_code_contracts/historical_resolution_readers.csv","6ef2091f8861ccfeed508d9aadc55ca71380fcac97c9b57c47d8c7b9fad182e8"
"history_social_networks_10min","06_behavioral_dynamics/social_networks/10min_based/stats_tables/dyadic_node_centrality_duration_sensitivity_group_contrasts.csv","history/social_networks/10min","stats_tables/dyadic_node_centrality_duration_sensitivity_group_contrasts.csv","e3b0c44298fc1c149afbf4c8996fb92427ae41e4649b934ca495991b7852b855","ready","docs/behavior_output_code_contracts/historical_resolution_readers.csv","6ef2091f8861ccfeed508d9aadc55ca71380fcac97c9b57c47d8c7b9fad182e8"
"history_social_networks_10min","06_behavioral_dynamics/social_networks/10min_based/stats_tables/dyadic_node_centrality_duration_sensitivity_group_summary.csv","history/social_networks/10min","stats_tables/dyadic_node_centrality_duration_sensitivity_group_summary.csv","2078c1bb7fc265cfd47bee6693beae8df0d90ce00dfd2439510fd6bd61a090c6","ready","docs/behavior_output_code_contracts/historical_resolution_readers.csv","6ef2091f8861ccfeed508d9aadc55ca71380fcac97c9b57c47d8c7b9fad182e8"
"history_social_networks_10min","06_behavioral_dynamics/social_networks/10min_based/stats_tables/dyadic_node_centrality_group_contrasts.csv","history/social_networks/10min","stats_tables/dyadic_node_centrality_group_contrasts.csv","e3b0c44298fc1c149afbf4c8996fb92427ae41e4649b934ca495991b7852b855","ready","docs/behavior_output_code_contracts/historical_resolution_readers.csv","6ef2091f8861ccfeed508d9aadc55ca71380fcac97c9b57c47d8c7b9fad182e8"
"history_social_networks_10min","06_behavioral_dynamics/social_networks/10min_based/stats_tables/dyadic_node_centrality_group_summary.csv","history/social_networks/10min","stats_tables/dyadic_node_centrality_group_summary.csv","6be9adba8e34bb09a81726e0217114458e96f3c6dd9985f959be8f061b319790","ready","docs/behavior_output_code_contracts/historical_resolution_readers.csv","6ef2091f8861ccfeed508d9aadc55ca71380fcac97c9b57c47d8c7b9fad182e8"
"history_social_networks_10min","06_behavioral_dynamics/social_networks/10min_based/stats_tables/dyadic_partner_preference_group_contrasts.csv","history/social_networks/10min","stats_tables/dyadic_partner_preference_group_contrasts.csv","e3b0c44298fc1c149afbf4c8996fb92427ae41e4649b934ca495991b7852b855","ready","docs/behavior_output_code_contracts/historical_resolution_readers.csv","6ef2091f8861ccfeed508d9aadc55ca71380fcac97c9b57c47d8c7b9fad182e8"
"history_social_networks_10min","06_behavioral_dynamics/social_networks/10min_based/stats_tables/dyadic_partner_preference_group_summary.csv","history/social_networks/10min","stats_tables/dyadic_partner_preference_group_summary.csv","9afffee4a79a941f3a76e107fbf3763b69c0da063558bd6deb990771dd06b802","ready","docs/behavior_output_code_contracts/historical_resolution_readers.csv","6ef2091f8861ccfeed508d9aadc55ca71380fcac97c9b57c47d8c7b9fad182e8"
"history_social_networks_10min","06_behavioral_dynamics/social_networks/10min_based/tables/animal_level_contact_threshold.csv","history/social_networks/10min","tables/animal_level_contact_threshold.csv","dced26f694a07b28ccc89584f7376dc7cda893e38ab093ac08b21fa405c22a58","ready","docs/behavior_output_code_contracts/historical_resolution_readers.csv","6ef2091f8861ccfeed508d9aadc55ca71380fcac97c9b57c47d8c7b9fad182e8"
"history_social_networks_10min","06_behavioral_dynamics/social_networks/10min_based/tables/animal_level_social_dynamics_duration_tagged_full.csv","history/social_networks/10min","tables/animal_level_social_dynamics_duration_tagged_full.csv","b5d04318205e5dc5638d6c6873735356221625db0797f4f1e4256ef601bb9d3e","ready","docs/behavior_output_code_contracts/historical_resolution_readers.csv","6ef2091f8861ccfeed508d9aadc55ca71380fcac97c9b57c47d8c7b9fad182e8"
"history_social_networks_10min","06_behavioral_dynamics/social_networks/10min_based/tables/animal_level_social_dynamics_excluding_short_duration.csv","history/social_networks/10min","tables/animal_level_social_dynamics_excluding_short_duration.csv","6c942a7f5ed1b89b7f8f4dce4339c6622b4ff2c5e13f70b5ff3ce68d90babb3b","ready","docs/behavior_output_code_contracts/historical_resolution_readers.csv","6ef2091f8861ccfeed508d9aadc55ca71380fcac97c9b57c47d8c7b9fad182e8"
"history_social_networks_10min","06_behavioral_dynamics/social_networks/10min_based/tables/animal_level_social_dynamics.csv","history/social_networks/10min","tables/animal_level_social_dynamics.csv","01b95fe3fe7170f027311ab3c7a2e3330861dbc57e30c0ab36140525ddb65f1a","ready","docs/behavior_output_code_contracts/historical_resolution_readers.csv","6ef2091f8861ccfeed508d9aadc55ca71380fcac97c9b57c47d8c7b9fad182e8"
"history_social_networks_10min","06_behavioral_dynamics/social_networks/10min_based/tables/animal_level_social_effect_size_heatmap_data.csv","history/social_networks/10min","tables/animal_level_social_effect_size_heatmap_data.csv","b3208b518fd9bab5e74b708e22d800d9afaca605996bb185d52d097b4fc0a48d","ready","docs/behavior_output_code_contracts/historical_resolution_readers.csv","6ef2091f8861ccfeed508d9aadc55ca71380fcac97c9b57c47d8c7b9fad182e8"
"history_social_networks_10min","06_behavioral_dynamics/social_networks/10min_based/tables/animal_level_social_plot_stat_brackets.csv","history/social_networks/10min","tables/animal_level_social_plot_stat_brackets.csv","c916ebbda40cb345405317888be7a48980c182eacf4d6085990f6691404ac586","ready","docs/behavior_output_code_contracts/historical_resolution_readers.csv","6ef2091f8861ccfeed508d9aadc55ca71380fcac97c9b57c47d8c7b9fad182e8"
"history_social_networks_10min","06_behavioral_dynamics/social_networks/10min_based/tables/animal_level_social_threshold_sensitivity.csv","history/social_networks/10min","tables/animal_level_social_threshold_sensitivity.csv","4e65bde1f5569928283182e13d1eaf6c40d638e196343553af8f1e697be99597","ready","docs/behavior_output_code_contracts/historical_resolution_readers.csv","6ef2091f8861ccfeed508d9aadc55ca71380fcac97c9b57c47d8c7b9fad182e8"
"history_social_networks_10min","06_behavioral_dynamics/social_networks/10min_based/tables/animal_level_social_trajectory_summary.csv","history/social_networks/10min","tables/animal_level_social_trajectory_summary.csv","691f40d42d920f0142c06e51df97dba421bf6546314201301548105362b4a340","ready","docs/behavior_output_code_contracts/historical_resolution_readers.csv","6ef2091f8861ccfeed508d9aadc55ca71380fcac97c9b57c47d8c7b9fad182e8"
"history_social_networks_10min","06_behavioral_dynamics/social_networks/10min_based/tables/dyadic_contact_threshold.csv","history/social_networks/10min","tables/dyadic_contact_threshold.csv","2767f0c5fe4239f22cfc0a27d52f3b65b6aa9798274cdc4ebf3433402fdc6e0a","ready","docs/behavior_output_code_contracts/historical_resolution_readers.csv","6ef2091f8861ccfeed508d9aadc55ca71380fcac97c9b57c47d8c7b9fad182e8"
"history_social_networks_10min","06_behavioral_dynamics/social_networks/10min_based/tables/dyadic_edges_network_input.csv","history/social_networks/10min","tables/dyadic_edges_network_input.csv","d460e874126a9ee6deb5a81d9d3b51e80347b4615217ddc15c9abbbe0f93c73a","ready","docs/behavior_output_code_contracts/historical_resolution_readers.csv","6ef2091f8861ccfeed508d9aadc55ca71380fcac97c9b57c47d8c7b9fad182e8"
"history_social_networks_10min","06_behavioral_dynamics/social_networks/10min_based/tables/dyadic_graph_effect_size_heatmap_data.csv","history/social_networks/10min","tables/dyadic_graph_effect_size_heatmap_data.csv","bc2f88299ce512799e06a80bf60cce07cd9ccd87fe186e05abb420c68364f1ed","ready","docs/behavior_output_code_contracts/historical_resolution_readers.csv","6ef2091f8861ccfeed508d9aadc55ca71380fcac97c9b57c47d8c7b9fad182e8"
"history_social_networks_10min","06_behavioral_dynamics/social_networks/10min_based/tables/dyadic_graph_metrics_by_time.csv","history/social_networks/10min","tables/dyadic_graph_metrics_by_time.csv","c4b4b4157b8e6849292371ee80bdb2fc27bd83e29bb4e0d6eff11d68f7730fb1","ready","docs/behavior_output_code_contracts/historical_resolution_readers.csv","6ef2091f8861ccfeed508d9aadc55ca71380fcac97c9b57c47d8c7b9fad182e8"
"history_social_networks_10min","06_behavioral_dynamics/social_networks/10min_based/tables/dyadic_graph_period_summary.csv","history/social_networks/10min","tables/dyadic_graph_period_summary.csv","8140646e3c92da065e773c7498861805897010148b182ee4ad1bfe6a4e873781","ready","docs/behavior_output_code_contracts/historical_resolution_readers.csv","6ef2091f8861ccfeed508d9aadc55ca71380fcac97c9b57c47d8c7b9fad182e8"
"history_social_networks_10min","06_behavioral_dynamics/social_networks/10min_based/tables/dyadic_graph_plot_stat_brackets.csv","history/social_networks/10min","tables/dyadic_graph_plot_stat_brackets.csv","426e5688663cdf72eb7a21d33f5f0af40b89981e0c364ce0b8d109a7d3b3d434","ready","docs/behavior_output_code_contracts/historical_resolution_readers.csv","6ef2091f8861ccfeed508d9aadc55ca71380fcac97c9b57c47d8c7b9fad182e8"
"history_social_networks_10min","06_behavioral_dynamics/social_networks/10min_based/tables/dyadic_input_qc.csv","history/social_networks/10min","tables/dyadic_input_qc.csv","24a88bbc019fffa702ea7d94f4cdfd46654cd11a7b9ae6ce969592b7874f1f04","ready","docs/behavior_output_code_contracts/historical_resolution_readers.csv","6ef2091f8861ccfeed508d9aadc55ca71380fcac97c9b57c47d8c7b9fad182e8"
"history_social_networks_10min","06_behavioral_dynamics/social_networks/10min_based/tables/dyadic_network_density_time_summary.csv","history/social_networks/10min","tables/dyadic_network_density_time_summary.csv","19612cfdad4e15d9c0cc1c2bb6fa44372af3959e6408fcb666a27070a894b9ec","ready","docs/behavior_output_code_contracts/historical_resolution_readers.csv","6ef2091f8861ccfeed508d9aadc55ca71380fcac97c9b57c47d8c7b9fad182e8"
"history_social_networks_10min","06_behavioral_dynamics/social_networks/10min_based/tables/dyadic_node_effect_size_heatmap_data.csv","history/social_networks/10min","tables/dyadic_node_effect_size_heatmap_data.csv","bc2f88299ce512799e06a80bf60cce07cd9ccd87fe186e05abb420c68364f1ed","ready","docs/behavior_output_code_contracts/historical_resolution_readers.csv","6ef2091f8861ccfeed508d9aadc55ca71380fcac97c9b57c47d8c7b9fad182e8"
"history_social_networks_10min","06_behavioral_dynamics/social_networks/10min_based/tables/dyadic_node_metrics_by_time.csv","history/social_networks/10min","tables/dyadic_node_metrics_by_time.csv","ec05a1d7582c1e29d54cf57fd5d6e33e00d510404625fef1912396c8868a238c","ready","docs/behavior_output_code_contracts/historical_resolution_readers.csv","6ef2091f8861ccfeed508d9aadc55ca71380fcac97c9b57c47d8c7b9fad182e8"
"history_social_networks_10min","06_behavioral_dynamics/social_networks/10min_based/tables/dyadic_node_plot_stat_brackets.csv","history/social_networks/10min","tables/dyadic_node_plot_stat_brackets.csv","426e5688663cdf72eb7a21d33f5f0af40b89981e0c364ce0b8d109a7d3b3d434","ready","docs/behavior_output_code_contracts/historical_resolution_readers.csv","6ef2091f8861ccfeed508d9aadc55ca71380fcac97c9b57c47d8c7b9fad182e8"
"history_social_networks_10min","06_behavioral_dynamics/social_networks/10min_based/tables/dyadic_node_summary.csv","history/social_networks/10min","tables/dyadic_node_summary.csv","830e245b5332e34784a1b5136e1c18976abe3fce0853e136d33cd37cc5dec076","ready","docs/behavior_output_code_contracts/historical_resolution_readers.csv","6ef2091f8861ccfeed508d9aadc55ca71380fcac97c9b57c47d8c7b9fad182e8"
"history_social_networks_10min","06_behavioral_dynamics/social_networks/10min_based/tables/dyadic_pair_summary.csv","history/social_networks/10min","tables/dyadic_pair_summary.csv","3a23e25251425c2b3261a99302170398a9fd9f4b7aa394735a18247e4b87c99f","ready","docs/behavior_output_code_contracts/historical_resolution_readers.csv","6ef2091f8861ccfeed508d9aadc55ca71380fcac97c9b57c47d8c7b9fad182e8"
"history_social_networks_10min","06_behavioral_dynamics/social_networks/10min_based/tables/dyadic_partner_instability_jaccard.csv","history/social_networks/10min","tables/dyadic_partner_instability_jaccard.csv","90a6b5a0f9f110eb02b8651ce13607164bfcc8c4d99d07bd8adfdd4140f65dc0","ready","docs/behavior_output_code_contracts/historical_resolution_readers.csv","6ef2091f8861ccfeed508d9aadc55ca71380fcac97c9b57c47d8c7b9fad182e8"
"history_social_networks_10min","06_behavioral_dynamics/social_networks/10min_based/tables/dyadic_partner_preference_plot_stat_brackets.csv","history/social_networks/10min","tables/dyadic_partner_preference_plot_stat_brackets.csv","426e5688663cdf72eb7a21d33f5f0af40b89981e0c364ce0b8d109a7d3b3d434","ready","docs/behavior_output_code_contracts/historical_resolution_readers.csv","6ef2091f8861ccfeed508d9aadc55ca71380fcac97c9b57c47d8c7b9fad182e8"
"history_social_networks_10min","06_behavioral_dynamics/social_networks/10min_based/tables/dyadic_partner_preference_summary.csv","history/social_networks/10min","tables/dyadic_partner_preference_summary.csv","442c3e586d05af473bfc149681dffd5637b5d7b8778291d023786513ecc3a401","ready","docs/behavior_output_code_contracts/historical_resolution_readers.csv","6ef2091f8861ccfeed508d9aadc55ca71380fcac97c9b57c47d8c7b9fad182e8"
"history_social_networks_10min","06_behavioral_dynamics/social_networks/10min_based/tables/dyadic_partner_threshold_sensitivity.csv","history/social_networks/10min","tables/dyadic_partner_threshold_sensitivity.csv","170cfb18379cce3482bd064c77f448b2df2697a56d6a7d49e809c68bd071afbf","ready","docs/behavior_output_code_contracts/historical_resolution_readers.csv","6ef2091f8861ccfeed508d9aadc55ca71380fcac97c9b57c47d8c7b9fad182e8"
"history_social_networks_10min","06_behavioral_dynamics/social_networks/10min_based/tables/epoch_duration_qc.csv","history/social_networks/10min","tables/epoch_duration_qc.csv","6f172b192148573c213642c1eeabebe470cc595fa38bf235bd00ea4c4b20857b","ready","docs/behavior_output_code_contracts/historical_resolution_readers.csv","6ef2091f8861ccfeed508d9aadc55ca71380fcac97c9b57c47d8c7b9fad182e8"
"history_social_networks_10min","06_behavioral_dynamics/social_networks/10min_based/tables/output_figure_inventory.csv","history/social_networks/10min","tables/output_figure_inventory.csv","12fec404e43106bc372d954f00ec39c8fba11daec8d28bb381fd8c18747bb6b9","ready","docs/behavior_output_code_contracts/historical_resolution_readers.csv","6ef2091f8861ccfeed508d9aadc55ca71380fcac97c9b57c47d8c7b9fad182e8"
"history_social_networks_10min","06_behavioral_dynamics/social_networks/10min_based/tables/output_folder_summary.csv","history/social_networks/10min","tables/output_folder_summary.csv","220233a328bd0a88d4f65bae5975d92f0b13fb8f60745db7fa83b3132456a29e","ready","docs/behavior_output_code_contracts/historical_resolution_readers.csv","6ef2091f8861ccfeed508d9aadc55ca71380fcac97c9b57c47d8c7b9fad182e8"
"history_social_networks_10min","06_behavioral_dynamics/social_networks/10min_based/tables/social_reorganization_interpretation_guide.csv","history/social_networks/10min","tables/social_reorganization_interpretation_guide.csv","86736e85164ccef01dac6dc201046e7fcac85283c86e785cc8318a635556a458","ready","docs/behavior_output_code_contracts/historical_resolution_readers.csv","6ef2091f8861ccfeed508d9aadc55ca71380fcac97c9b57c47d8c7b9fad182e8"
"history_social_networks_30min","06_behavioral_dynamics/social_networks/30min_based/output_manifest.csv","history/social_networks/30min","output_manifest.csv","d10ae41f4b23952d54bbe5c2beb6040afa9eb3660c894b9fd0bfa91732de913b","ready","docs/behavior_output_code_contracts/historical_resolution_readers.csv","6ef2091f8861ccfeed508d9aadc55ca71380fcac97c9b57c47d8c7b9fad182e8"
"history_social_networks_30min","06_behavioral_dynamics/social_networks/30min_based/figures/animal_level_social_dynamics.pdf","history/social_networks/30min","figures/animal_level_social_dynamics.pdf","dede06267a115550433598ea5c74bc96809f7a83ce8966afe84f5c32c22d77a7","ready","docs/behavior_output_code_contracts/historical_resolution_readers.csv","6ef2091f8861ccfeed508d9aadc55ca71380fcac97c9b57c47d8c7b9fad182e8"
"history_social_networks_30min","06_behavioral_dynamics/social_networks/30min_based/figures/animal_level_social_dynamics.png","history/social_networks/30min","figures/animal_level_social_dynamics.png","95f8746f6b1861bc096bb9c4d829976d8117b196ba250bd31cb24b71e8131127","ready","docs/behavior_output_code_contracts/historical_resolution_readers.csv","6ef2091f8861ccfeed508d9aadc55ca71380fcac97c9b57c47d8c7b9fad182e8"
"history_social_networks_30min","06_behavioral_dynamics/social_networks/30min_based/figures/animal_level_social_dynamics.svg","history/social_networks/30min","figures/animal_level_social_dynamics.svg","a58e8a6d0f0992cf0d655e715cd138765cb89b8bc59a3d71b7e743e2cce76463","ready","docs/behavior_output_code_contracts/historical_resolution_readers.csv","6ef2091f8861ccfeed508d9aadc55ca71380fcac97c9b57c47d8c7b9fad182e8"
"history_social_networks_30min","06_behavioral_dynamics/social_networks/30min_based/figures/animal_level_social_trajectories.pdf","history/social_networks/30min","figures/animal_level_social_trajectories.pdf","ebd1625e80e01c434b4a587510fd39bdad5fa2f161821cec250d64abf3bec2c9","ready","docs/behavior_output_code_contracts/historical_resolution_readers.csv","6ef2091f8861ccfeed508d9aadc55ca71380fcac97c9b57c47d8c7b9fad182e8"
"history_social_networks_30min","06_behavioral_dynamics/social_networks/30min_based/figures/animal_level_social_trajectories.png","history/social_networks/30min","figures/animal_level_social_trajectories.png","4f8090d10259692ab3c6c35ba2d0239ded6b0c6071131770110e4f5fdb49e973","ready","docs/behavior_output_code_contracts/historical_resolution_readers.csv","6ef2091f8861ccfeed508d9aadc55ca71380fcac97c9b57c47d8c7b9fad182e8"
"history_social_networks_30min","06_behavioral_dynamics/social_networks/30min_based/figures/animal_level_social_trajectories.svg","history/social_networks/30min","figures/animal_level_social_trajectories.svg","54969ac0facdb88bf21a81258aa72680c37cefd542686349b9c8732d6445771e","ready","docs/behavior_output_code_contracts/historical_resolution_readers.csv","6ef2091f8861ccfeed508d9aadc55ca71380fcac97c9b57c47d8c7b9fad182e8"
"history_social_networks_30min","06_behavioral_dynamics/social_networks/30min_based/figures/dyadic_graph_period_summary.pdf","history/social_networks/30min","figures/dyadic_graph_period_summary.pdf","c8d2e316f1dc1c8e8ac4396fdbd4902f9434a72835c1a0a08b3599d839c1931a","ready","docs/behavior_output_code_contracts/historical_resolution_readers.csv","6ef2091f8861ccfeed508d9aadc55ca71380fcac97c9b57c47d8c7b9fad182e8"
"history_social_networks_30min","06_behavioral_dynamics/social_networks/30min_based/figures/dyadic_graph_period_summary.png","history/social_networks/30min","figures/dyadic_graph_period_summary.png","8c86bd9cb6bd997743334b954a57f4c62afc0fce1e01cf0520ac43a0e3ad7103","ready","docs/behavior_output_code_contracts/historical_resolution_readers.csv","6ef2091f8861ccfeed508d9aadc55ca71380fcac97c9b57c47d8c7b9fad182e8"
"history_social_networks_30min","06_behavioral_dynamics/social_networks/30min_based/figures/dyadic_graph_period_summary.svg","history/social_networks/30min","figures/dyadic_graph_period_summary.svg","b48d35999da99c5359285c8b7c352bc2e9e5f8646b16d3edf1d7e195393e2d58","ready","docs/behavior_output_code_contracts/historical_resolution_readers.csv","6ef2091f8861ccfeed508d9aadc55ca71380fcac97c9b57c47d8c7b9fad182e8"
"history_social_networks_30min","06_behavioral_dynamics/social_networks/30min_based/figures/dyadic_network_density_timecourse.pdf","history/social_networks/30min","figures/dyadic_network_density_timecourse.pdf","754117019c1b5959f9fafe02546065965af8a65c28682e41b253b19f549dd0c4","ready","docs/behavior_output_code_contracts/historical_resolution_readers.csv","6ef2091f8861ccfeed508d9aadc55ca71380fcac97c9b57c47d8c7b9fad182e8"
"history_social_networks_30min","06_behavioral_dynamics/social_networks/30min_based/figures/dyadic_network_density_timecourse.png","history/social_networks/30min","figures/dyadic_network_density_timecourse.png","cdd1960b900ff27c0dba1f070c77c07e12c262b983f83845009aa8ee7aeabdf6","ready","docs/behavior_output_code_contracts/historical_resolution_readers.csv","6ef2091f8861ccfeed508d9aadc55ca71380fcac97c9b57c47d8c7b9fad182e8"
"history_social_networks_30min","06_behavioral_dynamics/social_networks/30min_based/figures/dyadic_network_density_timecourse.svg","history/social_networks/30min","figures/dyadic_network_density_timecourse.svg","09448af1150195ff86d410a415c4319a47919e9ae81fb777d53b99087180aba9","ready","docs/behavior_output_code_contracts/historical_resolution_readers.csv","6ef2091f8861ccfeed508d9aadc55ca71380fcac97c9b57c47d8c7b9fad182e8"
"history_social_networks_30min","06_behavioral_dynamics/social_networks/30min_based/figures/dyadic_node_centrality_summary.pdf","history/social_networks/30min","figures/dyadic_node_centrality_summary.pdf","2f499a981142b4e615d15c5174c4870c1e41265da0b3de9272ad1831855c1b3f","ready","docs/behavior_output_code_contracts/historical_resolution_readers.csv","6ef2091f8861ccfeed508d9aadc55ca71380fcac97c9b57c47d8c7b9fad182e8"
"history_social_networks_30min","06_behavioral_dynamics/social_networks/30min_based/figures/dyadic_node_centrality_summary.png","history/social_networks/30min","figures/dyadic_node_centrality_summary.png","8dd8cf5795d3c531a664638370a26c3bcc22bab2ab6ea3078d06cd4d31db507b","ready","docs/behavior_output_code_contracts/historical_resolution_readers.csv","6ef2091f8861ccfeed508d9aadc55ca71380fcac97c9b57c47d8c7b9fad182e8"
"history_social_networks_30min","06_behavioral_dynamics/social_networks/30min_based/figures/dyadic_node_centrality_summary.svg","history/social_networks/30min","figures/dyadic_node_centrality_summary.svg","0fd1c82452bfd47a7d5113ad1b3a854870e98e7fd75c80702edf6d984e32fcc5","ready","docs/behavior_output_code_contracts/historical_resolution_readers.csv","6ef2091f8861ccfeed508d9aadc55ca71380fcac97c9b57c47d8c7b9fad182e8"
"history_social_networks_30min","06_behavioral_dynamics/social_networks/30min_based/figures/dyadic_partner_preference_summary.pdf","history/social_networks/30min","figures/dyadic_partner_preference_summary.pdf","8769a345413aa22b87b194eef5bd9a732d8bf7eb655400d11f228965632c690c","ready","docs/behavior_output_code_contracts/historical_resolution_readers.csv","6ef2091f8861ccfeed508d9aadc55ca71380fcac97c9b57c47d8c7b9fad182e8"
"history_social_networks_30min","06_behavioral_dynamics/social_networks/30min_based/figures/dyadic_partner_preference_summary.png","history/social_networks/30min","figures/dyadic_partner_preference_summary.png","48f5376e6a090532d78ab9f6957af1665c41673077794af4fa9f92748b5efc0e","ready","docs/behavior_output_code_contracts/historical_resolution_readers.csv","6ef2091f8861ccfeed508d9aadc55ca71380fcac97c9b57c47d8c7b9fad182e8"
"history_social_networks_30min","06_behavioral_dynamics/social_networks/30min_based/figures/dyadic_partner_preference_summary.svg","history/social_networks/30min","figures/dyadic_partner_preference_summary.svg","895ab5efaefc61da4baa0da3901ae1e915376640f0bc1952bbd7e0a367b60716","ready","docs/behavior_output_code_contracts/historical_resolution_readers.csv","6ef2091f8861ccfeed508d9aadc55ca71380fcac97c9b57c47d8c7b9fad182e8"
"history_social_networks_30min","06_behavioral_dynamics/social_networks/30min_based/figures/exploratory/README.txt","history/social_networks/30min","figures/exploratory/README.txt","7c55015964e5c3d731055c51390e0cce86dc97a263317edcab388117e11eda54","ready","docs/behavior_output_code_contracts/historical_resolution_readers.csv","6ef2091f8861ccfeed508d9aadc55ca71380fcac97c9b57c47d8c7b9fad182e8"
"history_social_networks_30min","06_behavioral_dynamics/social_networks/30min_based/figures/interactive/README.txt","history/social_networks/30min","figures/interactive/README.txt","04a93a9db626de7962d449170c58971355320ac8caedf223705da54c56ce935b","ready","docs/behavior_output_code_contracts/historical_resolution_readers.csv","6ef2091f8861ccfeed508d9aadc55ca71380fcac97c9b57c47d8c7b9fad182e8"
"history_social_networks_30min","06_behavioral_dynamics/social_networks/30min_based/figures/publication/overview/animal_level_social_effect_size_heatmap.pdf","history/social_networks/30min","figures/publication/overview/animal_level_social_effect_size_heatmap.pdf","e56005eb67b5192ec5ee295641beb11c32524d0f0d696a01f64c4ae495cb3ad2","ready","docs/behavior_output_code_contracts/historical_resolution_readers.csv","6ef2091f8861ccfeed508d9aadc55ca71380fcac97c9b57c47d8c7b9fad182e8"
"history_social_networks_30min","06_behavioral_dynamics/social_networks/30min_based/figures/publication/overview/animal_level_social_effect_size_heatmap.png","history/social_networks/30min","figures/publication/overview/animal_level_social_effect_size_heatmap.png","ab7f5a334c498d68e449a67226204fc56a7338760f46c603682f7761a95e558f","ready","docs/behavior_output_code_contracts/historical_resolution_readers.csv","6ef2091f8861ccfeed508d9aadc55ca71380fcac97c9b57c47d8c7b9fad182e8"
"history_social_networks_30min","06_behavioral_dynamics/social_networks/30min_based/figures/publication/overview/animal_level_social_effect_size_heatmap.svg","history/social_networks/30min","figures/publication/overview/animal_level_social_effect_size_heatmap.svg","5b5a785f782c41ec3228eb6fc3290d11ec2fb15afa9de20bad8da1bd668dc353","ready","docs/behavior_output_code_contracts/historical_resolution_readers.csv","6ef2091f8861ccfeed508d9aadc55ca71380fcac97c9b57c47d8c7b9fad182e8"
"history_social_networks_30min","06_behavioral_dynamics/social_networks/30min_based/figures/publication_panels/animal_level_social_dynamics.pdf","history/social_networks/30min","figures/publication_panels/animal_level_social_dynamics.pdf","dede06267a115550433598ea5c74bc96809f7a83ce8966afe84f5c32c22d77a7","ready","docs/behavior_output_code_contracts/historical_resolution_readers.csv","6ef2091f8861ccfeed508d9aadc55ca71380fcac97c9b57c47d8c7b9fad182e8"
"history_social_networks_30min","06_behavioral_dynamics/social_networks/30min_based/figures/publication_panels/animal_level_social_dynamics.png","history/social_networks/30min","figures/publication_panels/animal_level_social_dynamics.png","95f8746f6b1861bc096bb9c4d829976d8117b196ba250bd31cb24b71e8131127","ready","docs/behavior_output_code_contracts/historical_resolution_readers.csv","6ef2091f8861ccfeed508d9aadc55ca71380fcac97c9b57c47d8c7b9fad182e8"
"history_social_networks_30min","06_behavioral_dynamics/social_networks/30min_based/figures/publication_panels/animal_level_social_dynamics.svg","history/social_networks/30min","figures/publication_panels/animal_level_social_dynamics.svg","a58e8a6d0f0992cf0d655e715cd138765cb89b8bc59a3d71b7e743e2cce76463","ready","docs/behavior_output_code_contracts/historical_resolution_readers.csv","6ef2091f8861ccfeed508d9aadc55ca71380fcac97c9b57c47d8c7b9fad182e8"
"history_social_networks_30min","06_behavioral_dynamics/social_networks/30min_based/figures/publication_panels/animal_level_social_effect_size_heatmap.pdf","history/social_networks/30min","figures/publication_panels/animal_level_social_effect_size_heatmap.pdf","e56005eb67b5192ec5ee295641beb11c32524d0f0d696a01f64c4ae495cb3ad2","ready","docs/behavior_output_code_contracts/historical_resolution_readers.csv","6ef2091f8861ccfeed508d9aadc55ca71380fcac97c9b57c47d8c7b9fad182e8"
"history_social_networks_30min","06_behavioral_dynamics/social_networks/30min_based/figures/publication_panels/animal_level_social_effect_size_heatmap.png","history/social_networks/30min","figures/publication_panels/animal_level_social_effect_size_heatmap.png","ab7f5a334c498d68e449a67226204fc56a7338760f46c603682f7761a95e558f","ready","docs/behavior_output_code_contracts/historical_resolution_readers.csv","6ef2091f8861ccfeed508d9aadc55ca71380fcac97c9b57c47d8c7b9fad182e8"
"history_social_networks_30min","06_behavioral_dynamics/social_networks/30min_based/figures/publication_panels/animal_level_social_effect_size_heatmap.svg","history/social_networks/30min","figures/publication_panels/animal_level_social_effect_size_heatmap.svg","5b5a785f782c41ec3228eb6fc3290d11ec2fb15afa9de20bad8da1bd668dc353","ready","docs/behavior_output_code_contracts/historical_resolution_readers.csv","6ef2091f8861ccfeed508d9aadc55ca71380fcac97c9b57c47d8c7b9fad182e8"
"history_social_networks_30min","06_behavioral_dynamics/social_networks/30min_based/figures/publication_panels/animal_level_social_trajectories.pdf","history/social_networks/30min","figures/publication_panels/animal_level_social_trajectories.pdf","ebd1625e80e01c434b4a587510fd39bdad5fa2f161821cec250d64abf3bec2c9","ready","docs/behavior_output_code_contracts/historical_resolution_readers.csv","6ef2091f8861ccfeed508d9aadc55ca71380fcac97c9b57c47d8c7b9fad182e8"
"history_social_networks_30min","06_behavioral_dynamics/social_networks/30min_based/figures/publication_panels/animal_level_social_trajectories.png","history/social_networks/30min","figures/publication_panels/animal_level_social_trajectories.png","4f8090d10259692ab3c6c35ba2d0239ded6b0c6071131770110e4f5fdb49e973","ready","docs/behavior_output_code_contracts/historical_resolution_readers.csv","6ef2091f8861ccfeed508d9aadc55ca71380fcac97c9b57c47d8c7b9fad182e8"
"history_social_networks_30min","06_behavioral_dynamics/social_networks/30min_based/figures/publication_panels/animal_level_social_trajectories.svg","history/social_networks/30min","figures/publication_panels/animal_level_social_trajectories.svg","54969ac0facdb88bf21a81258aa72680c37cefd542686349b9c8732d6445771e","ready","docs/behavior_output_code_contracts/historical_resolution_readers.csv","6ef2091f8861ccfeed508d9aadc55ca71380fcac97c9b57c47d8c7b9fad182e8"
"history_social_networks_30min","06_behavioral_dynamics/social_networks/30min_based/figures/publication_panels/dyadic_graph_period_summary.pdf","history/social_networks/30min","figures/publication_panels/dyadic_graph_period_summary.pdf","c8d2e316f1dc1c8e8ac4396fdbd4902f9434a72835c1a0a08b3599d839c1931a","ready","docs/behavior_output_code_contracts/historical_resolution_readers.csv","6ef2091f8861ccfeed508d9aadc55ca71380fcac97c9b57c47d8c7b9fad182e8"
"history_social_networks_30min","06_behavioral_dynamics/social_networks/30min_based/figures/publication_panels/dyadic_graph_period_summary.png","history/social_networks/30min","figures/publication_panels/dyadic_graph_period_summary.png","8c86bd9cb6bd997743334b954a57f4c62afc0fce1e01cf0520ac43a0e3ad7103","ready","docs/behavior_output_code_contracts/historical_resolution_readers.csv","6ef2091f8861ccfeed508d9aadc55ca71380fcac97c9b57c47d8c7b9fad182e8"
"history_social_networks_30min","06_behavioral_dynamics/social_networks/30min_based/figures/publication_panels/dyadic_graph_period_summary.svg","history/social_networks/30min","figures/publication_panels/dyadic_graph_period_summary.svg","b48d35999da99c5359285c8b7c352bc2e9e5f8646b16d3edf1d7e195393e2d58","ready","docs/behavior_output_code_contracts/historical_resolution_readers.csv","6ef2091f8861ccfeed508d9aadc55ca71380fcac97c9b57c47d8c7b9fad182e8"
"history_social_networks_30min","06_behavioral_dynamics/social_networks/30min_based/figures/publication_panels/dyadic_network_density_timecourse.pdf","history/social_networks/30min","figures/publication_panels/dyadic_network_density_timecourse.pdf","754117019c1b5959f9fafe02546065965af8a65c28682e41b253b19f549dd0c4","ready","docs/behavior_output_code_contracts/historical_resolution_readers.csv","6ef2091f8861ccfeed508d9aadc55ca71380fcac97c9b57c47d8c7b9fad182e8"
"history_social_networks_30min","06_behavioral_dynamics/social_networks/30min_based/figures/publication_panels/dyadic_network_density_timecourse.png","history/social_networks/30min","figures/publication_panels/dyadic_network_density_timecourse.png","cdd1960b900ff27c0dba1f070c77c07e12c262b983f83845009aa8ee7aeabdf6","ready","docs/behavior_output_code_contracts/historical_resolution_readers.csv","6ef2091f8861ccfeed508d9aadc55ca71380fcac97c9b57c47d8c7b9fad182e8"
"history_social_networks_30min","06_behavioral_dynamics/social_networks/30min_based/figures/publication_panels/dyadic_network_density_timecourse.svg","history/social_networks/30min","figures/publication_panels/dyadic_network_density_timecourse.svg","09448af1150195ff86d410a415c4319a47919e9ae81fb777d53b99087180aba9","ready","docs/behavior_output_code_contracts/historical_resolution_readers.csv","6ef2091f8861ccfeed508d9aadc55ca71380fcac97c9b57c47d8c7b9fad182e8"
"history_social_networks_30min","06_behavioral_dynamics/social_networks/30min_based/figures/publication_panels/dyadic_node_centrality_summary.pdf","history/social_networks/30min","figures/publication_panels/dyadic_node_centrality_summary.pdf","2f499a981142b4e615d15c5174c4870c1e41265da0b3de9272ad1831855c1b3f","ready","docs/behavior_output_code_contracts/historical_resolution_readers.csv","6ef2091f8861ccfeed508d9aadc55ca71380fcac97c9b57c47d8c7b9fad182e8"
"history_social_networks_30min","06_behavioral_dynamics/social_networks/30min_based/figures/publication_panels/dyadic_node_centrality_summary.png","history/social_networks/30min","figures/publication_panels/dyadic_node_centrality_summary.png","8dd8cf5795d3c531a664638370a26c3bcc22bab2ab6ea3078d06cd4d31db507b","ready","docs/behavior_output_code_contracts/historical_resolution_readers.csv","6ef2091f8861ccfeed508d9aadc55ca71380fcac97c9b57c47d8c7b9fad182e8"
"history_social_networks_30min","06_behavioral_dynamics/social_networks/30min_based/figures/publication_panels/dyadic_node_centrality_summary.svg","history/social_networks/30min","figures/publication_panels/dyadic_node_centrality_summary.svg","0fd1c82452bfd47a7d5113ad1b3a854870e98e7fd75c80702edf6d984e32fcc5","ready","docs/behavior_output_code_contracts/historical_resolution_readers.csv","6ef2091f8861ccfeed508d9aadc55ca71380fcac97c9b57c47d8c7b9fad182e8"
"history_social_networks_30min","06_behavioral_dynamics/social_networks/30min_based/figures/publication_panels/dyadic_partner_preference_summary.pdf","history/social_networks/30min","figures/publication_panels/dyadic_partner_preference_summary.pdf","8769a345413aa22b87b194eef5bd9a732d8bf7eb655400d11f228965632c690c","ready","docs/behavior_output_code_contracts/historical_resolution_readers.csv","6ef2091f8861ccfeed508d9aadc55ca71380fcac97c9b57c47d8c7b9fad182e8"
"history_social_networks_30min","06_behavioral_dynamics/social_networks/30min_based/figures/publication_panels/dyadic_partner_preference_summary.png","history/social_networks/30min","figures/publication_panels/dyadic_partner_preference_summary.png","48f5376e6a090532d78ab9f6957af1665c41673077794af4fa9f92748b5efc0e","ready","docs/behavior_output_code_contracts/historical_resolution_readers.csv","6ef2091f8861ccfeed508d9aadc55ca71380fcac97c9b57c47d8c7b9fad182e8"
"history_social_networks_30min","06_behavioral_dynamics/social_networks/30min_based/figures/publication_panels/dyadic_partner_preference_summary.svg","history/social_networks/30min","figures/publication_panels/dyadic_partner_preference_summary.svg","895ab5efaefc61da4baa0da3901ae1e915376640f0bc1952bbd7e0a367b60716","ready","docs/behavior_output_code_contracts/historical_resolution_readers.csv","6ef2091f8861ccfeed508d9aadc55ca71380fcac97c9b57c47d8c7b9fad182e8"
"history_social_networks_30min","06_behavioral_dynamics/social_networks/30min_based/figures/publication_panels/README.txt","history/social_networks/30min","figures/publication_panels/README.txt","9b957880bf142e8e7ee5034d698dc3cf630f411fae5bfd345d64fabf57540a90","ready","docs/behavior_output_code_contracts/historical_resolution_readers.csv","6ef2091f8861ccfeed508d9aadc55ca71380fcac97c9b57c47d8c7b9fad182e8"
"history_social_networks_30min","06_behavioral_dynamics/social_networks/30min_based/figures/qc/README.txt","history/social_networks/30min","figures/qc/README.txt","fcc7347cfbb2d92ffff45d2d214694895194bd3da990013d0d8e3d556a6ef029","ready","docs/behavior_output_code_contracts/historical_resolution_readers.csv","6ef2091f8861ccfeed508d9aadc55ca71380fcac97c9b57c47d8c7b9fad182e8"
"history_social_networks_30min","06_behavioral_dynamics/social_networks/30min_based/figures/supplementary/README.txt","history/social_networks/30min","figures/supplementary/README.txt","72409480a7f9877bca1f93d2796bfdde2cf350a81c01a1dd3acfbcd060f10849","ready","docs/behavior_output_code_contracts/historical_resolution_readers.csv","6ef2091f8861ccfeed508d9aadc55ca71380fcac97c9b57c47d8c7b9fad182e8"
"history_social_networks_30min","06_behavioral_dynamics/social_networks/30min_based/stats_tables/animal_level_social_dynamics_duration_sensitivity_consistency.csv","history/social_networks/30min","stats_tables/animal_level_social_dynamics_duration_sensitivity_consistency.csv","ec82c4d85c611b272c81702d463943b23deb1c9def5e157e970d143481130e31","ready","docs/behavior_output_code_contracts/historical_resolution_readers.csv","6ef2091f8861ccfeed508d9aadc55ca71380fcac97c9b57c47d8c7b9fad182e8"
"history_social_networks_30min","06_behavioral_dynamics/social_networks/30min_based/stats_tables/animal_level_social_dynamics_duration_sensitivity_group_contrasts.csv","history/social_networks/30min","stats_tables/animal_level_social_dynamics_duration_sensitivity_group_contrasts.csv","2ff73a69163202e579e112e87fb8c9630e7ba233d2a5179686caef34f55d32e6","ready","docs/behavior_output_code_contracts/historical_resolution_readers.csv","6ef2091f8861ccfeed508d9aadc55ca71380fcac97c9b57c47d8c7b9fad182e8"
"history_social_networks_30min","06_behavioral_dynamics/social_networks/30min_based/stats_tables/animal_level_social_dynamics_duration_sensitivity_group_summary.csv","history/social_networks/30min","stats_tables/animal_level_social_dynamics_duration_sensitivity_group_summary.csv","94510cf310124efec8cf8dc560650a04e8490d15ab516a87fdb234115c7a18ed","ready","docs/behavior_output_code_contracts/historical_resolution_readers.csv","6ef2091f8861ccfeed508d9aadc55ca71380fcac97c9b57c47d8c7b9fad182e8"
"history_social_networks_30min","06_behavioral_dynamics/social_networks/30min_based/stats_tables/animal_level_social_dynamics_group_contrasts.csv","history/social_networks/30min","stats_tables/animal_level_social_dynamics_group_contrasts.csv","68c081a9f5cf704f2920cd7e293af6acd4a2aae28fa3c191af0aceaeb1761dbb","ready","docs/behavior_output_code_contracts/historical_resolution_readers.csv","6ef2091f8861ccfeed508d9aadc55ca71380fcac97c9b57c47d8c7b9fad182e8"
"history_social_networks_30min","06_behavioral_dynamics/social_networks/30min_based/stats_tables/animal_level_social_dynamics_group_summary.csv","history/social_networks/30min","stats_tables/animal_level_social_dynamics_group_summary.csv","591591d10bca613eea8748241fa6245ff46001cf6a97ab45184c34448b5abee9","ready","docs/behavior_output_code_contracts/historical_resolution_readers.csv","6ef2091f8861ccfeed508d9aadc55ca71380fcac97c9b57c47d8c7b9fad182e8"
"history_social_networks_30min","06_behavioral_dynamics/social_networks/30min_based/stats_tables/dyadic_graph_period_duration_sensitivity_group_contrasts.csv","history/social_networks/30min","stats_tables/dyadic_graph_period_duration_sensitivity_group_contrasts.csv","e3b0c44298fc1c149afbf4c8996fb92427ae41e4649b934ca495991b7852b855","ready","docs/behavior_output_code_contracts/historical_resolution_readers.csv","6ef2091f8861ccfeed508d9aadc55ca71380fcac97c9b57c47d8c7b9fad182e8"
"history_social_networks_30min","06_behavioral_dynamics/social_networks/30min_based/stats_tables/dyadic_graph_period_duration_sensitivity_group_summary.csv","history/social_networks/30min","stats_tables/dyadic_graph_period_duration_sensitivity_group_summary.csv","55c1f5bd6cb112585e6a5cf7a3c477c54ae4098a6a4e093a2f264380f141c627","ready","docs/behavior_output_code_contracts/historical_resolution_readers.csv","6ef2091f8861ccfeed508d9aadc55ca71380fcac97c9b57c47d8c7b9fad182e8"
"history_social_networks_30min","06_behavioral_dynamics/social_networks/30min_based/stats_tables/dyadic_graph_period_group_contrasts.csv","history/social_networks/30min","stats_tables/dyadic_graph_period_group_contrasts.csv","e3b0c44298fc1c149afbf4c8996fb92427ae41e4649b934ca495991b7852b855","ready","docs/behavior_output_code_contracts/historical_resolution_readers.csv","6ef2091f8861ccfeed508d9aadc55ca71380fcac97c9b57c47d8c7b9fad182e8"
"history_social_networks_30min","06_behavioral_dynamics/social_networks/30min_based/stats_tables/dyadic_graph_period_group_summary.csv","history/social_networks/30min","stats_tables/dyadic_graph_period_group_summary.csv","f024213ac56f7e8a7ef73bfba108b770fd014162cfa36252a358ed16ceca83e3","ready","docs/behavior_output_code_contracts/historical_resolution_readers.csv","6ef2091f8861ccfeed508d9aadc55ca71380fcac97c9b57c47d8c7b9fad182e8"
"history_social_networks_30min","06_behavioral_dynamics/social_networks/30min_based/stats_tables/dyadic_node_centrality_duration_sensitivity_group_contrasts.csv","history/social_networks/30min","stats_tables/dyadic_node_centrality_duration_sensitivity_group_contrasts.csv","e3b0c44298fc1c149afbf4c8996fb92427ae41e4649b934ca495991b7852b855","ready","docs/behavior_output_code_contracts/historical_resolution_readers.csv","6ef2091f8861ccfeed508d9aadc55ca71380fcac97c9b57c47d8c7b9fad182e8"
"history_social_networks_30min","06_behavioral_dynamics/social_networks/30min_based/stats_tables/dyadic_node_centrality_duration_sensitivity_group_summary.csv","history/social_networks/30min","stats_tables/dyadic_node_centrality_duration_sensitivity_group_summary.csv","8f6596b8fde72fb60bafde2064c3f4e1c703f513a3281e8867c1c2bf9b19274c","ready","docs/behavior_output_code_contracts/historical_resolution_readers.csv","6ef2091f8861ccfeed508d9aadc55ca71380fcac97c9b57c47d8c7b9fad182e8"
"history_social_networks_30min","06_behavioral_dynamics/social_networks/30min_based/stats_tables/dyadic_node_centrality_group_contrasts.csv","history/social_networks/30min","stats_tables/dyadic_node_centrality_group_contrasts.csv","e3b0c44298fc1c149afbf4c8996fb92427ae41e4649b934ca495991b7852b855","ready","docs/behavior_output_code_contracts/historical_resolution_readers.csv","6ef2091f8861ccfeed508d9aadc55ca71380fcac97c9b57c47d8c7b9fad182e8"
"history_social_networks_30min","06_behavioral_dynamics/social_networks/30min_based/stats_tables/dyadic_node_centrality_group_summary.csv","history/social_networks/30min","stats_tables/dyadic_node_centrality_group_summary.csv","549aa82523ab94c4bf01f4ef7dfd7f96f6a1d000bf61f3724674fb1a68e82525","ready","docs/behavior_output_code_contracts/historical_resolution_readers.csv","6ef2091f8861ccfeed508d9aadc55ca71380fcac97c9b57c47d8c7b9fad182e8"
"history_social_networks_30min","06_behavioral_dynamics/social_networks/30min_based/stats_tables/dyadic_partner_preference_group_contrasts.csv","history/social_networks/30min","stats_tables/dyadic_partner_preference_group_contrasts.csv","e3b0c44298fc1c149afbf4c8996fb92427ae41e4649b934ca495991b7852b855","ready","docs/behavior_output_code_contracts/historical_resolution_readers.csv","6ef2091f8861ccfeed508d9aadc55ca71380fcac97c9b57c47d8c7b9fad182e8"
"history_social_networks_30min","06_behavioral_dynamics/social_networks/30min_based/stats_tables/dyadic_partner_preference_group_summary.csv","history/social_networks/30min","stats_tables/dyadic_partner_preference_group_summary.csv","326366654b05c8dcf55b9dba849f7e9c1876830027a1dbb666950b5d3c92f153","ready","docs/behavior_output_code_contracts/historical_resolution_readers.csv","6ef2091f8861ccfeed508d9aadc55ca71380fcac97c9b57c47d8c7b9fad182e8"
"history_social_networks_30min","06_behavioral_dynamics/social_networks/30min_based/tables/animal_level_contact_threshold.csv","history/social_networks/30min","tables/animal_level_contact_threshold.csv","c599f26f4dca735fab3975cb743a8abfe4938bb8045e8e898a69791634d6b692","ready","docs/behavior_output_code_contracts/historical_resolution_readers.csv","6ef2091f8861ccfeed508d9aadc55ca71380fcac97c9b57c47d8c7b9fad182e8"
"history_social_networks_30min","06_behavioral_dynamics/social_networks/30min_based/tables/animal_level_social_dynamics_duration_tagged_full.csv","history/social_networks/30min","tables/animal_level_social_dynamics_duration_tagged_full.csv","a68710ec61899349a9e2dcac98a73009ae2a318d39dc67aea3b7d37b87a4bdc5","ready","docs/behavior_output_code_contracts/historical_resolution_readers.csv","6ef2091f8861ccfeed508d9aadc55ca71380fcac97c9b57c47d8c7b9fad182e8"
"history_social_networks_30min","06_behavioral_dynamics/social_networks/30min_based/tables/animal_level_social_dynamics_excluding_short_duration.csv","history/social_networks/30min","tables/animal_level_social_dynamics_excluding_short_duration.csv","9fd277968e42b21aa452f51550ccc0c313e6552c248cbb4d4f5d6d63306b9264","ready","docs/behavior_output_code_contracts/historical_resolution_readers.csv","6ef2091f8861ccfeed508d9aadc55ca71380fcac97c9b57c47d8c7b9fad182e8"
"history_social_networks_30min","06_behavioral_dynamics/social_networks/30min_based/tables/animal_level_social_dynamics.csv","history/social_networks/30min","tables/animal_level_social_dynamics.csv","6303f853b7015a5288511fb6d1e7fc872b9669000c2cff4871c30356c1d30942","ready","docs/behavior_output_code_contracts/historical_resolution_readers.csv","6ef2091f8861ccfeed508d9aadc55ca71380fcac97c9b57c47d8c7b9fad182e8"
"history_social_networks_30min","06_behavioral_dynamics/social_networks/30min_based/tables/animal_level_social_effect_size_heatmap_data.csv","history/social_networks/30min","tables/animal_level_social_effect_size_heatmap_data.csv","740d275cc869f6cd47685c9e0de4ebdbca0f1965bc0922ae7771ddbb5dea97a3","ready","docs/behavior_output_code_contracts/historical_resolution_readers.csv","6ef2091f8861ccfeed508d9aadc55ca71380fcac97c9b57c47d8c7b9fad182e8"
"history_social_networks_30min","06_behavioral_dynamics/social_networks/30min_based/tables/animal_level_social_threshold_sensitivity.csv","history/social_networks/30min","tables/animal_level_social_threshold_sensitivity.csv","4a28d8c67468d8e107f42a52f3c480275b1be3df6674ea4de78961add554deb8","ready","docs/behavior_output_code_contracts/historical_resolution_readers.csv","6ef2091f8861ccfeed508d9aadc55ca71380fcac97c9b57c47d8c7b9fad182e8"
"history_social_networks_30min","06_behavioral_dynamics/social_networks/30min_based/tables/animal_level_social_trajectory_summary.csv","history/social_networks/30min","tables/animal_level_social_trajectory_summary.csv","4902beb86576776cf7c50b6c8690dca0a3c6aca338711ffa3cecaa6f2798ae6b","ready","docs/behavior_output_code_contracts/historical_resolution_readers.csv","6ef2091f8861ccfeed508d9aadc55ca71380fcac97c9b57c47d8c7b9fad182e8"
"history_social_networks_30min","06_behavioral_dynamics/social_networks/30min_based/tables/dyadic_contact_threshold.csv","history/social_networks/30min","tables/dyadic_contact_threshold.csv","6d136d3e92a6fc4306cafd2059f6c1c1ce1295525bb8bdc358d5475bb99bf1b6","ready","docs/behavior_output_code_contracts/historical_resolution_readers.csv","6ef2091f8861ccfeed508d9aadc55ca71380fcac97c9b57c47d8c7b9fad182e8"
"history_social_networks_30min","06_behavioral_dynamics/social_networks/30min_based/tables/dyadic_edges_network_input.csv","history/social_networks/30min","tables/dyadic_edges_network_input.csv","638f896693d237c7f5c9adcffc0b94e33926beecca6b87f7652489dc242d4bc0","ready","docs/behavior_output_code_contracts/historical_resolution_readers.csv","6ef2091f8861ccfeed508d9aadc55ca71380fcac97c9b57c47d8c7b9fad182e8"
"history_social_networks_30min","06_behavioral_dynamics/social_networks/30min_based/tables/dyadic_graph_effect_size_heatmap_data.csv","history/social_networks/30min","tables/dyadic_graph_effect_size_heatmap_data.csv","bc2f88299ce512799e06a80bf60cce07cd9ccd87fe186e05abb420c68364f1ed","ready","docs/behavior_output_code_contracts/historical_resolution_readers.csv","6ef2091f8861ccfeed508d9aadc55ca71380fcac97c9b57c47d8c7b9fad182e8"
"history_social_networks_30min","06_behavioral_dynamics/social_networks/30min_based/tables/dyadic_graph_metrics_by_time.csv","history/social_networks/30min","tables/dyadic_graph_metrics_by_time.csv","2f32b1f091cf8b446ba153214a598752c6c264395a4774361ddd60bd11c82013","ready","docs/behavior_output_code_contracts/historical_resolution_readers.csv","6ef2091f8861ccfeed508d9aadc55ca71380fcac97c9b57c47d8c7b9fad182e8"
"history_social_networks_30min","06_behavioral_dynamics/social_networks/30min_based/tables/dyadic_graph_period_summary.csv","history/social_networks/30min","tables/dyadic_graph_period_summary.csv","64c02a64328aa94712336b3c67b89fb3c9a81b6c8ad07117438b944892ff8dcb","ready","docs/behavior_output_code_contracts/historical_resolution_readers.csv","6ef2091f8861ccfeed508d9aadc55ca71380fcac97c9b57c47d8c7b9fad182e8"
"history_social_networks_30min","06_behavioral_dynamics/social_networks/30min_based/tables/dyadic_input_qc.csv","history/social_networks/30min","tables/dyadic_input_qc.csv","225711fa51e9b20625a5e5a28d135437255a736dbf70f15573d33b81bd7ad491","ready","docs/behavior_output_code_contracts/historical_resolution_readers.csv","6ef2091f8861ccfeed508d9aadc55ca71380fcac97c9b57c47d8c7b9fad182e8"
"history_social_networks_30min","06_behavioral_dynamics/social_networks/30min_based/tables/dyadic_network_density_time_summary.csv","history/social_networks/30min","tables/dyadic_network_density_time_summary.csv","19612cfdad4e15d9c0cc1c2bb6fa44372af3959e6408fcb666a27070a894b9ec","ready","docs/behavior_output_code_contracts/historical_resolution_readers.csv","6ef2091f8861ccfeed508d9aadc55ca71380fcac97c9b57c47d8c7b9fad182e8"
"history_social_networks_30min","06_behavioral_dynamics/social_networks/30min_based/tables/dyadic_node_effect_size_heatmap_data.csv","history/social_networks/30min","tables/dyadic_node_effect_size_heatmap_data.csv","bc2f88299ce512799e06a80bf60cce07cd9ccd87fe186e05abb420c68364f1ed","ready","docs/behavior_output_code_contracts/historical_resolution_readers.csv","6ef2091f8861ccfeed508d9aadc55ca71380fcac97c9b57c47d8c7b9fad182e8"
"history_social_networks_30min","06_behavioral_dynamics/social_networks/30min_based/tables/dyadic_node_metrics_by_time.csv","history/social_networks/30min","tables/dyadic_node_metrics_by_time.csv","2f36235c23c4c9fb15a9656b8f83a610046efdabdde43314e1dcddfe4765f433","ready","docs/behavior_output_code_contracts/historical_resolution_readers.csv","6ef2091f8861ccfeed508d9aadc55ca71380fcac97c9b57c47d8c7b9fad182e8"
"history_social_networks_30min","06_behavioral_dynamics/social_networks/30min_based/tables/dyadic_node_summary.csv","history/social_networks/30min","tables/dyadic_node_summary.csv","21057781f09019900764e1e70431e188a6428f8d8e62a3c2adcc6a7b71899d1f","ready","docs/behavior_output_code_contracts/historical_resolution_readers.csv","6ef2091f8861ccfeed508d9aadc55ca71380fcac97c9b57c47d8c7b9fad182e8"
"history_social_networks_30min","06_behavioral_dynamics/social_networks/30min_based/tables/dyadic_pair_summary.csv","history/social_networks/30min","tables/dyadic_pair_summary.csv","dba2236f13cbe9be080c7aedde1de4956a766c7d7295ab95ec3f6324f9db59c5","ready","docs/behavior_output_code_contracts/historical_resolution_readers.csv","6ef2091f8861ccfeed508d9aadc55ca71380fcac97c9b57c47d8c7b9fad182e8"
"history_social_networks_30min","06_behavioral_dynamics/social_networks/30min_based/tables/dyadic_partner_instability_jaccard.csv","history/social_networks/30min","tables/dyadic_partner_instability_jaccard.csv","b099c6b1b822e83738f446b89f7bfef937e3ada7a21b3ccc0ea81474cec2bf2c","ready","docs/behavior_output_code_contracts/historical_resolution_readers.csv","6ef2091f8861ccfeed508d9aadc55ca71380fcac97c9b57c47d8c7b9fad182e8"
"history_social_networks_30min","06_behavioral_dynamics/social_networks/30min_based/tables/dyadic_partner_preference_summary.csv","history/social_networks/30min","tables/dyadic_partner_preference_summary.csv","f9025ed5c047c01b64458c5ceb69d8f16ae7c02ba5ff62569867251a2170daa1","ready","docs/behavior_output_code_contracts/historical_resolution_readers.csv","6ef2091f8861ccfeed508d9aadc55ca71380fcac97c9b57c47d8c7b9fad182e8"
"history_social_networks_30min","06_behavioral_dynamics/social_networks/30min_based/tables/dyadic_partner_threshold_sensitivity.csv","history/social_networks/30min","tables/dyadic_partner_threshold_sensitivity.csv","e7398d4200e879798c44c049c9a04cc219f633555f43430f578425e639731d4a","ready","docs/behavior_output_code_contracts/historical_resolution_readers.csv","6ef2091f8861ccfeed508d9aadc55ca71380fcac97c9b57c47d8c7b9fad182e8"
"history_social_networks_30min","06_behavioral_dynamics/social_networks/30min_based/tables/epoch_duration_qc.csv","history/social_networks/30min","tables/epoch_duration_qc.csv","e5a9f047958c219edc8c8279d46c115584741bbe52451f86c6ae70eb0325a6c3","ready","docs/behavior_output_code_contracts/historical_resolution_readers.csv","6ef2091f8861ccfeed508d9aadc55ca71380fcac97c9b57c47d8c7b9fad182e8"
"history_social_networks_30min","06_behavioral_dynamics/social_networks/30min_based/tables/output_figure_inventory.csv","history/social_networks/30min","tables/output_figure_inventory.csv","c93e84af0250abcb666e36e9f81cfb3f1b42c396375657e5edfa6527c23c3330","ready","docs/behavior_output_code_contracts/historical_resolution_readers.csv","6ef2091f8861ccfeed508d9aadc55ca71380fcac97c9b57c47d8c7b9fad182e8"
"history_social_networks_30min","06_behavioral_dynamics/social_networks/30min_based/tables/output_folder_summary.csv","history/social_networks/30min","tables/output_folder_summary.csv","220233a328bd0a88d4f65bae5975d92f0b13fb8f60745db7fa83b3132456a29e","ready","docs/behavior_output_code_contracts/historical_resolution_readers.csv","6ef2091f8861ccfeed508d9aadc55ca71380fcac97c9b57c47d8c7b9fad182e8"
"history_social_networks_30min","06_behavioral_dynamics/social_networks/30min_based/tables/social_reorganization_interpretation_guide.csv","history/social_networks/30min","tables/social_reorganization_interpretation_guide.csv","86736e85164ccef01dac6dc201046e7fcac85283c86e785cc8318a635556a458","ready","docs/behavior_output_code_contracts/historical_resolution_readers.csv","6ef2091f8861ccfeed508d9aadc55ca71380fcac97c9b57c47d8c7b9fad182e8"
"history_state_space_1min","06_behavioral_dynamics/state_space/1min_based/output_manifest.csv","history/state_space/1min","output_manifest.csv","7c3ed9d2aeb9f3960bfcdfd397cbcdadc0ae7571a9c8183e23686c39f4622d1d","ready","docs/behavior_output_code_contracts/historical_resolution_readers.csv","6ef2091f8861ccfeed508d9aadc55ca71380fcac97c9b57c47d8c7b9fad182e8"
"history_state_space_1min","06_behavioral_dynamics/state_space/1min_based/figures/behavioral_state_space_pca.pdf","history/state_space/1min","figures/behavioral_state_space_pca.pdf","15ee5cf592fc9e86fbbe85d83cceee6a7b49fc7917c7c096d89adf90e6003b92","ready","docs/behavior_output_code_contracts/historical_resolution_readers.csv","6ef2091f8861ccfeed508d9aadc55ca71380fcac97c9b57c47d8c7b9fad182e8"
"history_state_space_1min","06_behavioral_dynamics/state_space/1min_based/figures/behavioral_state_space_pca.png","history/state_space/1min","figures/behavioral_state_space_pca.png","97b36c3a1d10b28165bee10abc43ce4ccb1191ca56e13de2811d628347d56b6e","ready","docs/behavior_output_code_contracts/historical_resolution_readers.csv","6ef2091f8861ccfeed508d9aadc55ca71380fcac97c9b57c47d8c7b9fad182e8"
"history_state_space_1min","06_behavioral_dynamics/state_space/1min_based/figures/behavioral_state_space_pca.svg","history/state_space/1min","figures/behavioral_state_space_pca.svg","66c2c11975eb963e3bb7d0f7622b840633aadee0b4429eb9888d37a711a2a757","ready","docs/behavior_output_code_contracts/historical_resolution_readers.csv","6ef2091f8861ccfeed508d9aadc55ca71380fcac97c9b57c47d8c7b9fad182e8"
"history_state_space_1min","06_behavioral_dynamics/state_space/1min_based/figures/state_centroid_profiles.pdf","history/state_space/1min","figures/state_centroid_profiles.pdf","923b7d586efaaaf7dc54f77eefba745a4b325ef8fd8afda19220d317e72fa714","ready","docs/behavior_output_code_contracts/historical_resolution_readers.csv","6ef2091f8861ccfeed508d9aadc55ca71380fcac97c9b57c47d8c7b9fad182e8"
"history_state_space_1min","06_behavioral_dynamics/state_space/1min_based/figures/state_centroid_profiles.png","history/state_space/1min","figures/state_centroid_profiles.png","001d6ef5330048e64a4ab7b52a4721c0c6f9e2407c3d2582a4fea41f94e6006b","ready","docs/behavior_output_code_contracts/historical_resolution_readers.csv","6ef2091f8861ccfeed508d9aadc55ca71380fcac97c9b57c47d8c7b9fad182e8"
"history_state_space_1min","06_behavioral_dynamics/state_space/1min_based/figures/state_centroid_profiles.svg","history/state_space/1min","figures/state_centroid_profiles.svg","31177a25674d3cad40ee18c4c62df73130db1eea9a687f64e03a825496126f5a","ready","docs/behavior_output_code_contracts/historical_resolution_readers.csv","6ef2091f8861ccfeed508d9aadc55ca71380fcac97c9b57c47d8c7b9fad182e8"
"history_state_space_1min","06_behavioral_dynamics/state_space/1min_based/figures/state_diversity_entropy.pdf","history/state_space/1min","figures/state_diversity_entropy.pdf","be48bb5bbd554e9a5506586b4df890ccb5effd7d18a528a02719cc4feaeedac9","ready","docs/behavior_output_code_contracts/historical_resolution_readers.csv","6ef2091f8861ccfeed508d9aadc55ca71380fcac97c9b57c47d8c7b9fad182e8"
"history_state_space_1min","06_behavioral_dynamics/state_space/1min_based/figures/state_diversity_entropy.png","history/state_space/1min","figures/state_diversity_entropy.png","7bbdea0a8c305233ee3e93292670550dc8fbc25a5a94fbacac6a984c4635dfc0","ready","docs/behavior_output_code_contracts/historical_resolution_readers.csv","6ef2091f8861ccfeed508d9aadc55ca71380fcac97c9b57c47d8c7b9fad182e8"
"history_state_space_1min","06_behavioral_dynamics/state_space/1min_based/figures/state_diversity_entropy.svg","history/state_space/1min","figures/state_diversity_entropy.svg","8513fd9900acbd9f41f55d39423b3abf99189366fba68c596c6681cb41b389af","ready","docs/behavior_output_code_contracts/historical_resolution_readers.csv","6ef2091f8861ccfeed508d9aadc55ca71380fcac97c9b57c47d8c7b9fad182e8"
"history_state_space_1min","06_behavioral_dynamics/state_space/1min_based/figures/state_occupancy_trajectories.pdf","history/state_space/1min","figures/state_occupancy_trajectories.pdf","6f1d805e99b07ae7cad40fe6f7690e1b4d4699e4435662732e3d6ecdd83732f8","ready","docs/behavior_output_code_contracts/historical_resolution_readers.csv","6ef2091f8861ccfeed508d9aadc55ca71380fcac97c9b57c47d8c7b9fad182e8"
"history_state_space_1min","06_behavioral_dynamics/state_space/1min_based/figures/state_occupancy_trajectories.png","history/state_space/1min","figures/state_occupancy_trajectories.png","527ae580e18f27e6ffd21a6b3e84c3a25e2f266e54b671a607a30eed718497a2","ready","docs/behavior_output_code_contracts/historical_resolution_readers.csv","6ef2091f8861ccfeed508d9aadc55ca71380fcac97c9b57c47d8c7b9fad182e8"
"history_state_space_1min","06_behavioral_dynamics/state_space/1min_based/figures/state_occupancy_trajectories.svg","history/state_space/1min","figures/state_occupancy_trajectories.svg","1117c726a3b4a0ad4d4d92dfeed8f3db99ee55026e68669c8d65951f1a047b62","ready","docs/behavior_output_code_contracts/historical_resolution_readers.csv","6ef2091f8861ccfeed508d9aadc55ca71380fcac97c9b57c47d8c7b9fad182e8"
"history_state_space_1min","06_behavioral_dynamics/state_space/1min_based/figures/state_occupancy.pdf","history/state_space/1min","figures/state_occupancy.pdf","d285dbd1312770aaa9af6a483523988ba9b39fc34e9dff3109096d7ae8cf1b8b","ready","docs/behavior_output_code_contracts/historical_resolution_readers.csv","6ef2091f8861ccfeed508d9aadc55ca71380fcac97c9b57c47d8c7b9fad182e8"
"history_state_space_1min","06_behavioral_dynamics/state_space/1min_based/figures/state_occupancy.png","history/state_space/1min","figures/state_occupancy.png","b8ec1e632811d1100fb8fc27e85e2cc80133c823a0003954961104f883c86e0a","ready","docs/behavior_output_code_contracts/historical_resolution_readers.csv","6ef2091f8861ccfeed508d9aadc55ca71380fcac97c9b57c47d8c7b9fad182e8"
"history_state_space_1min","06_behavioral_dynamics/state_space/1min_based/figures/state_occupancy.svg","history/state_space/1min","figures/state_occupancy.svg","1400d33bf6a7c9e2375a9f77aaae732d476c95a1fdad79a742bfd211caa63093","ready","docs/behavior_output_code_contracts/historical_resolution_readers.csv","6ef2091f8861ccfeed508d9aadc55ca71380fcac97c9b57c47d8c7b9fad182e8"
"history_state_space_1min","06_behavioral_dynamics/state_space/1min_based/figures/state_switching_rate.pdf","history/state_space/1min","figures/state_switching_rate.pdf","9ff3b02032782a7971989684f45946517cd8dd8768b6be5da7c44502c3040c73","ready","docs/behavior_output_code_contracts/historical_resolution_readers.csv","6ef2091f8861ccfeed508d9aadc55ca71380fcac97c9b57c47d8c7b9fad182e8"
"history_state_space_1min","06_behavioral_dynamics/state_space/1min_based/figures/state_switching_rate.png","history/state_space/1min","figures/state_switching_rate.png","2330ba9801d32d4ffee48b17a10e6e276c3cd5f75000abfab309beae47b37cde","ready","docs/behavior_output_code_contracts/historical_resolution_readers.csv","6ef2091f8861ccfeed508d9aadc55ca71380fcac97c9b57c47d8c7b9fad182e8"
"history_state_space_1min","06_behavioral_dynamics/state_space/1min_based/figures/state_switching_rate.svg","history/state_space/1min","figures/state_switching_rate.svg","ce677d095ee713f7f97919fd202a678d269deea9c5d200c9b0cf41b5bdd372ee","ready","docs/behavior_output_code_contracts/historical_resolution_readers.csv","6ef2091f8861ccfeed508d9aadc55ca71380fcac97c9b57c47d8c7b9fad182e8"
"history_state_space_1min","06_behavioral_dynamics/state_space/1min_based/figures/state_transition_probability_heatmap.pdf","history/state_space/1min","figures/state_transition_probability_heatmap.pdf","5f923d021e680728825b018bffec00323f14931ea7709afdbb6aad0979f403a7","ready","docs/behavior_output_code_contracts/historical_resolution_readers.csv","6ef2091f8861ccfeed508d9aadc55ca71380fcac97c9b57c47d8c7b9fad182e8"
"history_state_space_1min","06_behavioral_dynamics/state_space/1min_based/figures/state_transition_probability_heatmap.png","history/state_space/1min","figures/state_transition_probability_heatmap.png","d6d6c831dba56854de58d159918da04e0a83a5e86faa1ad5e628072f7ca68c41","ready","docs/behavior_output_code_contracts/historical_resolution_readers.csv","6ef2091f8861ccfeed508d9aadc55ca71380fcac97c9b57c47d8c7b9fad182e8"
"history_state_space_1min","06_behavioral_dynamics/state_space/1min_based/figures/state_transition_probability_heatmap.svg","history/state_space/1min","figures/state_transition_probability_heatmap.svg","b01040bbc9168a11d8e937bd2cdc6e7726ca78ce82445285d26121846f002847","ready","docs/behavior_output_code_contracts/historical_resolution_readers.csv","6ef2091f8861ccfeed508d9aadc55ca71380fcac97c9b57c47d8c7b9fad182e8"
"history_state_space_1min","06_behavioral_dynamics/state_space/1min_based/figures/publication/overview/state_occupancy_effect_size_heatmap.pdf","history/state_space/1min","figures/publication/overview/state_occupancy_effect_size_heatmap.pdf","8ec78d607a2ecc7753120e75ce956d00182cf2d4178525dfa122f53ff69c9212","ready","docs/behavior_output_code_contracts/historical_resolution_readers.csv","6ef2091f8861ccfeed508d9aadc55ca71380fcac97c9b57c47d8c7b9fad182e8"
"history_state_space_1min","06_behavioral_dynamics/state_space/1min_based/figures/publication/overview/state_occupancy_effect_size_heatmap.png","history/state_space/1min","figures/publication/overview/state_occupancy_effect_size_heatmap.png","ef974341c58aae09b8864ce01f3f04051a65026c0ed02afd70f017ee3ac54bca","ready","docs/behavior_output_code_contracts/historical_resolution_readers.csv","6ef2091f8861ccfeed508d9aadc55ca71380fcac97c9b57c47d8c7b9fad182e8"
"history_state_space_1min","06_behavioral_dynamics/state_space/1min_based/figures/publication/overview/state_occupancy_effect_size_heatmap.svg","history/state_space/1min","figures/publication/overview/state_occupancy_effect_size_heatmap.svg","0b30cf952db6a54ac4a056078502984de65e3f5f7b6247538f8fa460a4a8bb8c","ready","docs/behavior_output_code_contracts/historical_resolution_readers.csv","6ef2091f8861ccfeed508d9aadc55ca71380fcac97c9b57c47d8c7b9fad182e8"
"history_state_space_1min","06_behavioral_dynamics/state_space/1min_based/figures/publication/overview/state_switching_effect_size_heatmap.pdf","history/state_space/1min","figures/publication/overview/state_switching_effect_size_heatmap.pdf","a4d3aad2af53acab94563e42579673642a430a2f8da91affd3c3cb34cb1b602d","ready","docs/behavior_output_code_contracts/historical_resolution_readers.csv","6ef2091f8861ccfeed508d9aadc55ca71380fcac97c9b57c47d8c7b9fad182e8"
"history_state_space_1min","06_behavioral_dynamics/state_space/1min_based/figures/publication/overview/state_switching_effect_size_heatmap.png","history/state_space/1min","figures/publication/overview/state_switching_effect_size_heatmap.png","e58090c6fc96b3095bee9f8fdacfda371f477642cd415bfa4d393fb7466a2f1d","ready","docs/behavior_output_code_contracts/historical_resolution_readers.csv","6ef2091f8861ccfeed508d9aadc55ca71380fcac97c9b57c47d8c7b9fad182e8"
"history_state_space_1min","06_behavioral_dynamics/state_space/1min_based/figures/publication/overview/state_switching_effect_size_heatmap.svg","history/state_space/1min","figures/publication/overview/state_switching_effect_size_heatmap.svg","0338256b932b1044ce72ebb2f6985919673b16b14ddb4d64748fd9fd01f6cc07","ready","docs/behavior_output_code_contracts/historical_resolution_readers.csv","6ef2091f8861ccfeed508d9aadc55ca71380fcac97c9b57c47d8c7b9fad182e8"
"history_state_space_1min","06_behavioral_dynamics/state_space/1min_based/stats_tables/state_diversity_duration_sensitivity_consistency.csv","history/state_space/1min","stats_tables/state_diversity_duration_sensitivity_consistency.csv","c1f886ac1b8493526fa27d04add1f938b0b59880b46d22081b359fc9b094611f","ready","docs/behavior_output_code_contracts/historical_resolution_readers.csv","6ef2091f8861ccfeed508d9aadc55ca71380fcac97c9b57c47d8c7b9fad182e8"
"history_state_space_1min","06_behavioral_dynamics/state_space/1min_based/stats_tables/state_diversity_duration_sensitivity_group_contrasts.csv","history/state_space/1min","stats_tables/state_diversity_duration_sensitivity_group_contrasts.csv","a44aa75fdcc3e0cd29582dec49ca654bc03d6135655a0eaf0e46d4dbd7312543","ready","docs/behavior_output_code_contracts/historical_resolution_readers.csv","6ef2091f8861ccfeed508d9aadc55ca71380fcac97c9b57c47d8c7b9fad182e8"
"history_state_space_1min","06_behavioral_dynamics/state_space/1min_based/stats_tables/state_diversity_duration_sensitivity_group_summary.csv","history/state_space/1min","stats_tables/state_diversity_duration_sensitivity_group_summary.csv","12b7df27c7b6648162e1f78c217e0ef585840bb7a851ce0621eb9697a1465e78","ready","docs/behavior_output_code_contracts/historical_resolution_readers.csv","6ef2091f8861ccfeed508d9aadc55ca71380fcac97c9b57c47d8c7b9fad182e8"
"history_state_space_1min","06_behavioral_dynamics/state_space/1min_based/stats_tables/state_diversity_group_contrasts.csv","history/state_space/1min","stats_tables/state_diversity_group_contrasts.csv","a5a860b46f680394312ba922f14c8b3e4bc2c36fb85889b614eed5c1225b339a","ready","docs/behavior_output_code_contracts/historical_resolution_readers.csv","6ef2091f8861ccfeed508d9aadc55ca71380fcac97c9b57c47d8c7b9fad182e8"
"history_state_space_1min","06_behavioral_dynamics/state_space/1min_based/stats_tables/state_diversity_group_summary.csv","history/state_space/1min","stats_tables/state_diversity_group_summary.csv","5c9d4c1ef1b3e03a3213a9425d49a113ca063a4eb9175d774b628f1b18bdd005","ready","docs/behavior_output_code_contracts/historical_resolution_readers.csv","6ef2091f8861ccfeed508d9aadc55ca71380fcac97c9b57c47d8c7b9fad182e8"
"history_state_space_1min","06_behavioral_dynamics/state_space/1min_based/stats_tables/state_occupancy_duration_sensitivity_consistency.csv","history/state_space/1min","stats_tables/state_occupancy_duration_sensitivity_consistency.csv","29cc25132024e569fccb073eb398bc1f84bf871d85b0604374e418daf25d9ef5","ready","docs/behavior_output_code_contracts/historical_resolution_readers.csv","6ef2091f8861ccfeed508d9aadc55ca71380fcac97c9b57c47d8c7b9fad182e8"
"history_state_space_1min","06_behavioral_dynamics/state_space/1min_based/stats_tables/state_occupancy_duration_sensitivity_group_contrasts.csv","history/state_space/1min","stats_tables/state_occupancy_duration_sensitivity_group_contrasts.csv","c8eae9419356b52f252f4d79bdb746085a2017c98b16a99f0b918b4aaa58f241","ready","docs/behavior_output_code_contracts/historical_resolution_readers.csv","6ef2091f8861ccfeed508d9aadc55ca71380fcac97c9b57c47d8c7b9fad182e8"
"history_state_space_1min","06_behavioral_dynamics/state_space/1min_based/stats_tables/state_occupancy_duration_sensitivity_group_summary.csv","history/state_space/1min","stats_tables/state_occupancy_duration_sensitivity_group_summary.csv","b6bb2c4df7d3a5bdb8c04d7dec0a480cb4e111ea1712d79b233d32da691a8499","ready","docs/behavior_output_code_contracts/historical_resolution_readers.csv","6ef2091f8861ccfeed508d9aadc55ca71380fcac97c9b57c47d8c7b9fad182e8"
"history_state_space_1min","06_behavioral_dynamics/state_space/1min_based/stats_tables/state_occupancy_group_contrasts.csv","history/state_space/1min","stats_tables/state_occupancy_group_contrasts.csv","649b997b06c2f2813c0328273ee9f2f87725b8d0429ef1428393fe83abcd1852","ready","docs/behavior_output_code_contracts/historical_resolution_readers.csv","6ef2091f8861ccfeed508d9aadc55ca71380fcac97c9b57c47d8c7b9fad182e8"
"history_state_space_1min","06_behavioral_dynamics/state_space/1min_based/stats_tables/state_occupancy_group_summary.csv","history/state_space/1min","stats_tables/state_occupancy_group_summary.csv","f554ea9c5d71cacb55ace427cb5bde1b9b7e015b8fbb73db73737915b764ecdf","ready","docs/behavior_output_code_contracts/historical_resolution_readers.csv","6ef2091f8861ccfeed508d9aadc55ca71380fcac97c9b57c47d8c7b9fad182e8"
"history_state_space_1min","06_behavioral_dynamics/state_space/1min_based/stats_tables/state_switching_duration_sensitivity_consistency.csv","history/state_space/1min","stats_tables/state_switching_duration_sensitivity_consistency.csv","296e066f18981c90464002356948356b0ec9af3a0f83c64df3fe9961a5cb8d97","ready","docs/behavior_output_code_contracts/historical_resolution_readers.csv","6ef2091f8861ccfeed508d9aadc55ca71380fcac97c9b57c47d8c7b9fad182e8"
"history_state_space_1min","06_behavioral_dynamics/state_space/1min_based/stats_tables/state_switching_duration_sensitivity_group_contrasts.csv","history/state_space/1min","stats_tables/state_switching_duration_sensitivity_group_contrasts.csv","9eb3158525bb32d45499298de4ca8c8cb1febe3cb5df830285b2bbe0793e7a93","ready","docs/behavior_output_code_contracts/historical_resolution_readers.csv","6ef2091f8861ccfeed508d9aadc55ca71380fcac97c9b57c47d8c7b9fad182e8"
"history_state_space_1min","06_behavioral_dynamics/state_space/1min_based/stats_tables/state_switching_duration_sensitivity_group_summary.csv","history/state_space/1min","stats_tables/state_switching_duration_sensitivity_group_summary.csv","5839bca686222771db911c3f169a4e491868863bcd1e0d5429dc657b4102f4c5","ready","docs/behavior_output_code_contracts/historical_resolution_readers.csv","6ef2091f8861ccfeed508d9aadc55ca71380fcac97c9b57c47d8c7b9fad182e8"
"history_state_space_1min","06_behavioral_dynamics/state_space/1min_based/stats_tables/state_switching_group_contrasts.csv","history/state_space/1min","stats_tables/state_switching_group_contrasts.csv","aa0698a5ab4d74ef25ea54356c379b06a5b7042e2866137518df5ae57da55db9","ready","docs/behavior_output_code_contracts/historical_resolution_readers.csv","6ef2091f8861ccfeed508d9aadc55ca71380fcac97c9b57c47d8c7b9fad182e8"
"history_state_space_1min","06_behavioral_dynamics/state_space/1min_based/stats_tables/state_switching_group_summary.csv","history/state_space/1min","stats_tables/state_switching_group_summary.csv","0adc0ca4086a6ba0eaf975bc748619a797cf121c98488c4808ad7ff3b3edcb04","ready","docs/behavior_output_code_contracts/historical_resolution_readers.csv","6ef2091f8861ccfeed508d9aadc55ca71380fcac97c9b57c47d8c7b9fad182e8"
"history_state_space_1min","06_behavioral_dynamics/state_space/1min_based/tables/epoch_duration_qc.csv","history/state_space/1min","tables/epoch_duration_qc.csv","5cc8e20b4b4f5b4f7484138e7cf26d56fc5f5368bc654e7ee64bdf753f73ab80","ready","docs/behavior_output_code_contracts/historical_resolution_readers.csv","6ef2091f8861ccfeed508d9aadc55ca71380fcac97c9b57c47d8c7b9fad182e8"
"history_state_space_1min","06_behavioral_dynamics/state_space/1min_based/tables/state_centroid_feature_profiles.csv","history/state_space/1min","tables/state_centroid_feature_profiles.csv","96bb30914ff42ecb532869cd4c7f6b05917c9437c2fa3bf2063aeaef7907ef4d","ready","docs/behavior_output_code_contracts/historical_resolution_readers.csv","6ef2091f8861ccfeed508d9aadc55ca71380fcac97c9b57c47d8c7b9fad182e8"
"history_state_space_1min","06_behavioral_dynamics/state_space/1min_based/tables/state_centroids.csv","history/state_space/1min","tables/state_centroids.csv","f3630f63657f9d4b3630e110e1b95a2a8f3c30517d279674f71a302bf4a4cdd3","ready","docs/behavior_output_code_contracts/historical_resolution_readers.csv","6ef2091f8861ccfeed508d9aadc55ca71380fcac97c9b57c47d8c7b9fad182e8"
"history_state_space_1min","06_behavioral_dynamics/state_space/1min_based/tables/state_diversity_metrics_duration_tagged_full.csv","history/state_space/1min","tables/state_diversity_metrics_duration_tagged_full.csv","9fdd6fe0cef31ee256be4264874f7ba138ea7e2449d8a70cbc52accb121bb84f","ready","docs/behavior_output_code_contracts/historical_resolution_readers.csv","6ef2091f8861ccfeed508d9aadc55ca71380fcac97c9b57c47d8c7b9fad182e8"
"history_state_space_1min","06_behavioral_dynamics/state_space/1min_based/tables/state_diversity_metrics_excluding_short_duration.csv","history/state_space/1min","tables/state_diversity_metrics_excluding_short_duration.csv","381f67d2a19b4bdbf02846a436be4a9f6139058514be93ca07f314cd4da5cf10","ready","docs/behavior_output_code_contracts/historical_resolution_readers.csv","6ef2091f8861ccfeed508d9aadc55ca71380fcac97c9b57c47d8c7b9fad182e8"
"history_state_space_1min","06_behavioral_dynamics/state_space/1min_based/tables/state_diversity_metrics.csv","history/state_space/1min","tables/state_diversity_metrics.csv","82e4f61c20c102d6f1dd681c0ca138a9863aba4fa2bd61f1ddfa0df31f836186","ready","docs/behavior_output_code_contracts/historical_resolution_readers.csv","6ef2091f8861ccfeed508d9aadc55ca71380fcac97c9b57c47d8c7b9fad182e8"
"history_state_space_1min","06_behavioral_dynamics/state_space/1min_based/tables/state_model_quality.csv","history/state_space/1min","tables/state_model_quality.csv","e4cb7a477d6403b614f259ea6496443b811ee33fa7d2d8c8eed111a78002143c","ready","docs/behavior_output_code_contracts/historical_resolution_readers.csv","6ef2091f8861ccfeed508d9aadc55ca71380fcac97c9b57c47d8c7b9fad182e8"
"history_state_space_1min","06_behavioral_dynamics/state_space/1min_based/tables/state_occupancy_effect_size_heatmap_data.csv","history/state_space/1min","tables/state_occupancy_effect_size_heatmap_data.csv","823359b085350947862d4e77a9e560a5e57f147b3f40617c66296559acf68566","ready","docs/behavior_output_code_contracts/historical_resolution_readers.csv","6ef2091f8861ccfeed508d9aadc55ca71380fcac97c9b57c47d8c7b9fad182e8"
"history_state_space_1min","06_behavioral_dynamics/state_space/1min_based/tables/state_occupancy_mean_ci_summary.csv","history/state_space/1min","tables/state_occupancy_mean_ci_summary.csv","8a34a904959a6e6c7824aa30e0a950fdc3c0799eaafbfa7b6ded6acfd97ac444","ready","docs/behavior_output_code_contracts/historical_resolution_readers.csv","6ef2091f8861ccfeed508d9aadc55ca71380fcac97c9b57c47d8c7b9fad182e8"
"history_state_space_1min","06_behavioral_dynamics/state_space/1min_based/tables/state_occupancy.csv","history/state_space/1min","tables/state_occupancy.csv","1206687b18f773a65526ea2744b2c3bfb7ef8da1538e7404cc3f901f0d40ca71","ready","docs/behavior_output_code_contracts/historical_resolution_readers.csv","6ef2091f8861ccfeed508d9aadc55ca71380fcac97c9b57c47d8c7b9fad182e8"
"history_state_space_1min","06_behavioral_dynamics/state_space/1min_based/tables/state_space_pca_loadings.csv","history/state_space/1min","tables/state_space_pca_loadings.csv","9a6d3b8b2930f9b34f637d3f4b23234680beceb1809825577b8a5ad3503ed9f5","ready","docs/behavior_output_code_contracts/historical_resolution_readers.csv","6ef2091f8861ccfeed508d9aadc55ca71380fcac97c9b57c47d8c7b9fad182e8"
"history_state_space_1min","06_behavioral_dynamics/state_space/1min_based/tables/state_space_pca_variance.csv","history/state_space/1min","tables/state_space_pca_variance.csv","bf8fb0c14b9764132e2e382e5eec3cfab7ee628367769c8e70bdcd2f9635e0d5","ready","docs/behavior_output_code_contracts/historical_resolution_readers.csv","6ef2091f8861ccfeed508d9aadc55ca71380fcac97c9b57c47d8c7b9fad182e8"
"history_state_space_1min","06_behavioral_dynamics/state_space/1min_based/tables/state_switching_effect_size_heatmap_data.csv","history/state_space/1min","tables/state_switching_effect_size_heatmap_data.csv","b46aba971d088e83155a20ffe1b5aa65b064f2498425647e2c132f7dc2a18bae","ready","docs/behavior_output_code_contracts/historical_resolution_readers.csv","6ef2091f8861ccfeed508d9aadc55ca71380fcac97c9b57c47d8c7b9fad182e8"
"history_state_space_1min","06_behavioral_dynamics/state_space/1min_based/tables/state_switching_metrics_duration_tagged_full.csv","history/state_space/1min","tables/state_switching_metrics_duration_tagged_full.csv","f9618be4f9fef0e859794a853e9c83296f79c1186efe79a830f9345bf955a479","ready","docs/behavior_output_code_contracts/historical_resolution_readers.csv","6ef2091f8861ccfeed508d9aadc55ca71380fcac97c9b57c47d8c7b9fad182e8"
"history_state_space_1min","06_behavioral_dynamics/state_space/1min_based/tables/state_switching_metrics_excluding_short_duration.csv","history/state_space/1min","tables/state_switching_metrics_excluding_short_duration.csv","9807c368aade6338e0f6791d05436098ceacfac815a3c2aa9d43e5d1e07e8516","ready","docs/behavior_output_code_contracts/historical_resolution_readers.csv","6ef2091f8861ccfeed508d9aadc55ca71380fcac97c9b57c47d8c7b9fad182e8"
"history_state_space_1min","06_behavioral_dynamics/state_space/1min_based/tables/state_switching_metrics.csv","history/state_space/1min","tables/state_switching_metrics.csv","aa49cbf8fa93b4203d2f2b07022527099f106838df472569f580eecf3c86aaac","ready","docs/behavior_output_code_contracts/historical_resolution_readers.csv","6ef2091f8861ccfeed508d9aadc55ca71380fcac97c9b57c47d8c7b9fad182e8"
"history_state_space_1min","06_behavioral_dynamics/state_space/1min_based/tables/state_transition_counts.csv","history/state_space/1min","tables/state_transition_counts.csv","c822a99e02943ca416cfc7e25940e6347c11f265336066982a6a371f12405093","ready","docs/behavior_output_code_contracts/historical_resolution_readers.csv","6ef2091f8861ccfeed508d9aadc55ca71380fcac97c9b57c47d8c7b9fad182e8"
"history_state_space_1min","06_behavioral_dynamics/state_space/1min_based/tables/state_transition_probability_summary.csv","history/state_space/1min","tables/state_transition_probability_summary.csv","90193441a0a6d7e460166811c56dd006b18955d6f071b91da3f3eeef46af6219","ready","docs/behavior_output_code_contracts/historical_resolution_readers.csv","6ef2091f8861ccfeed508d9aadc55ca71380fcac97c9b57c47d8c7b9fad182e8"
"history_state_space_10min","06_behavioral_dynamics/state_space/10min_based/output_manifest.csv","history/state_space/10min","output_manifest.csv","7c3ed9d2aeb9f3960bfcdfd397cbcdadc0ae7571a9c8183e23686c39f4622d1d","ready","docs/behavior_output_code_contracts/historical_resolution_readers.csv","6ef2091f8861ccfeed508d9aadc55ca71380fcac97c9b57c47d8c7b9fad182e8"
"history_state_space_10min","06_behavioral_dynamics/state_space/10min_based/figures/behavioral_state_space_pca.pdf","history/state_space/10min","figures/behavioral_state_space_pca.pdf","77defbad6e33dc10bf7249faf592dd59e740268c3aeef901cf8155961dd507b2","ready","docs/behavior_output_code_contracts/historical_resolution_readers.csv","6ef2091f8861ccfeed508d9aadc55ca71380fcac97c9b57c47d8c7b9fad182e8"
"history_state_space_10min","06_behavioral_dynamics/state_space/10min_based/figures/behavioral_state_space_pca.png","history/state_space/10min","figures/behavioral_state_space_pca.png","cf7ea00c2ab0c699382ba5756016b08288d1a3c163a4bd766941a61354b5dc22","ready","docs/behavior_output_code_contracts/historical_resolution_readers.csv","6ef2091f8861ccfeed508d9aadc55ca71380fcac97c9b57c47d8c7b9fad182e8"
"history_state_space_10min","06_behavioral_dynamics/state_space/10min_based/figures/behavioral_state_space_pca.svg","history/state_space/10min","figures/behavioral_state_space_pca.svg","22d324effb8791ba576f6792c3d1e09a16554a3b4ce758d39d588467fe7e254b","ready","docs/behavior_output_code_contracts/historical_resolution_readers.csv","6ef2091f8861ccfeed508d9aadc55ca71380fcac97c9b57c47d8c7b9fad182e8"
"history_state_space_10min","06_behavioral_dynamics/state_space/10min_based/figures/state_centroid_profiles.pdf","history/state_space/10min","figures/state_centroid_profiles.pdf","e88343325a1ae033b660923a523092e447b278f0e2f130c536c8c1cce8327a60","ready","docs/behavior_output_code_contracts/historical_resolution_readers.csv","6ef2091f8861ccfeed508d9aadc55ca71380fcac97c9b57c47d8c7b9fad182e8"
"history_state_space_10min","06_behavioral_dynamics/state_space/10min_based/figures/state_centroid_profiles.png","history/state_space/10min","figures/state_centroid_profiles.png","2a354222e1f822d65fbf6e3eca8488e8f7c4a9a12108278bc0d599399b2009cf","ready","docs/behavior_output_code_contracts/historical_resolution_readers.csv","6ef2091f8861ccfeed508d9aadc55ca71380fcac97c9b57c47d8c7b9fad182e8"
"history_state_space_10min","06_behavioral_dynamics/state_space/10min_based/figures/state_centroid_profiles.svg","history/state_space/10min","figures/state_centroid_profiles.svg","b8240e879fe6c67c1f11f949f5d6e16b1bb848d732a77da0554d239014971b95","ready","docs/behavior_output_code_contracts/historical_resolution_readers.csv","6ef2091f8861ccfeed508d9aadc55ca71380fcac97c9b57c47d8c7b9fad182e8"
"history_state_space_10min","06_behavioral_dynamics/state_space/10min_based/figures/state_diversity_entropy.pdf","history/state_space/10min","figures/state_diversity_entropy.pdf","6f1239c2309c9fd1d3ce86adbb507607ddf3f7a8a16b28a1e8491db83b4dc809","ready","docs/behavior_output_code_contracts/historical_resolution_readers.csv","6ef2091f8861ccfeed508d9aadc55ca71380fcac97c9b57c47d8c7b9fad182e8"
"history_state_space_10min","06_behavioral_dynamics/state_space/10min_based/figures/state_diversity_entropy.png","history/state_space/10min","figures/state_diversity_entropy.png","67d865122f6c537f7039e7367f9d307cd8f109cf1dfdd795fad9abf95a28e89d","ready","docs/behavior_output_code_contracts/historical_resolution_readers.csv","6ef2091f8861ccfeed508d9aadc55ca71380fcac97c9b57c47d8c7b9fad182e8"
"history_state_space_10min","06_behavioral_dynamics/state_space/10min_based/figures/state_diversity_entropy.svg","history/state_space/10min","figures/state_diversity_entropy.svg","103efabadc680302c0662422611a7bb0720db562b6f317de9b5543a90f9f5423","ready","docs/behavior_output_code_contracts/historical_resolution_readers.csv","6ef2091f8861ccfeed508d9aadc55ca71380fcac97c9b57c47d8c7b9fad182e8"
"history_state_space_10min","06_behavioral_dynamics/state_space/10min_based/figures/state_occupancy_trajectories.pdf","history/state_space/10min","figures/state_occupancy_trajectories.pdf","a1925287059851ddcd84c3676be483eef34e9555e98d6b1111dbb6a2ffc7b883","ready","docs/behavior_output_code_contracts/historical_resolution_readers.csv","6ef2091f8861ccfeed508d9aadc55ca71380fcac97c9b57c47d8c7b9fad182e8"
"history_state_space_10min","06_behavioral_dynamics/state_space/10min_based/figures/state_occupancy_trajectories.png","history/state_space/10min","figures/state_occupancy_trajectories.png","5ed9135db4ec7441c60c7b54d6104c28612bec1d8999087c27429779063c77a6","ready","docs/behavior_output_code_contracts/historical_resolution_readers.csv","6ef2091f8861ccfeed508d9aadc55ca71380fcac97c9b57c47d8c7b9fad182e8"
"history_state_space_10min","06_behavioral_dynamics/state_space/10min_based/figures/state_occupancy_trajectories.svg","history/state_space/10min","figures/state_occupancy_trajectories.svg","0cf02ddbfdd03f5ceb30da10374290a0ab45486fd301c2cdf53913d0d88235e8","ready","docs/behavior_output_code_contracts/historical_resolution_readers.csv","6ef2091f8861ccfeed508d9aadc55ca71380fcac97c9b57c47d8c7b9fad182e8"
"history_state_space_10min","06_behavioral_dynamics/state_space/10min_based/figures/state_occupancy.pdf","history/state_space/10min","figures/state_occupancy.pdf","6d6429f1c4fa589dd4aae67119a26a28d6737b8f970b06a31756741db6c5bf7a","ready","docs/behavior_output_code_contracts/historical_resolution_readers.csv","6ef2091f8861ccfeed508d9aadc55ca71380fcac97c9b57c47d8c7b9fad182e8"
"history_state_space_10min","06_behavioral_dynamics/state_space/10min_based/figures/state_occupancy.png","history/state_space/10min","figures/state_occupancy.png","86a4d95fac201ca3c43e56c8b705b56c232bec21f2cd4ef85ad7190cf1c54471","ready","docs/behavior_output_code_contracts/historical_resolution_readers.csv","6ef2091f8861ccfeed508d9aadc55ca71380fcac97c9b57c47d8c7b9fad182e8"
"history_state_space_10min","06_behavioral_dynamics/state_space/10min_based/figures/state_occupancy.svg","history/state_space/10min","figures/state_occupancy.svg","876bb261fc86f66465b9a4498294196d1d654d2a5cf07b03c33038ebe2ddbf14","ready","docs/behavior_output_code_contracts/historical_resolution_readers.csv","6ef2091f8861ccfeed508d9aadc55ca71380fcac97c9b57c47d8c7b9fad182e8"
"history_state_space_10min","06_behavioral_dynamics/state_space/10min_based/figures/state_switching_rate.pdf","history/state_space/10min","figures/state_switching_rate.pdf","f6ff019ed47cd969f024e7927cc41d39cda6dadc3bcb029583b27b3a27761f28","ready","docs/behavior_output_code_contracts/historical_resolution_readers.csv","6ef2091f8861ccfeed508d9aadc55ca71380fcac97c9b57c47d8c7b9fad182e8"
"history_state_space_10min","06_behavioral_dynamics/state_space/10min_based/figures/state_switching_rate.png","history/state_space/10min","figures/state_switching_rate.png","2da4725ce5d5389e2d1f1fea11b4e1b019fbbecbd1b41ac78da232ba1ab1f0e3","ready","docs/behavior_output_code_contracts/historical_resolution_readers.csv","6ef2091f8861ccfeed508d9aadc55ca71380fcac97c9b57c47d8c7b9fad182e8"
"history_state_space_10min","06_behavioral_dynamics/state_space/10min_based/figures/state_switching_rate.svg","history/state_space/10min","figures/state_switching_rate.svg","b8e238c678d05a9f643dbee1fc08c9faa97c871f2fe26d55436e535a2d524965","ready","docs/behavior_output_code_contracts/historical_resolution_readers.csv","6ef2091f8861ccfeed508d9aadc55ca71380fcac97c9b57c47d8c7b9fad182e8"
"history_state_space_10min","06_behavioral_dynamics/state_space/10min_based/figures/state_transition_probability_heatmap.pdf","history/state_space/10min","figures/state_transition_probability_heatmap.pdf","36e3aa3e45713d2eded8c336d815b250acbaf161c5c1a7bd1425a602ae02508d","ready","docs/behavior_output_code_contracts/historical_resolution_readers.csv","6ef2091f8861ccfeed508d9aadc55ca71380fcac97c9b57c47d8c7b9fad182e8"
"history_state_space_10min","06_behavioral_dynamics/state_space/10min_based/figures/state_transition_probability_heatmap.png","history/state_space/10min","figures/state_transition_probability_heatmap.png","8758eb8be18c4572bc30be736c1dba9f0022ccd29020c6a9fd192a160aae935d","ready","docs/behavior_output_code_contracts/historical_resolution_readers.csv","6ef2091f8861ccfeed508d9aadc55ca71380fcac97c9b57c47d8c7b9fad182e8"
"history_state_space_10min","06_behavioral_dynamics/state_space/10min_based/figures/state_transition_probability_heatmap.svg","history/state_space/10min","figures/state_transition_probability_heatmap.svg","de7a151b899ae0a00bdc7f897ce22398fe7cc852bc7786b6054df11f3c1de321","ready","docs/behavior_output_code_contracts/historical_resolution_readers.csv","6ef2091f8861ccfeed508d9aadc55ca71380fcac97c9b57c47d8c7b9fad182e8"
"history_state_space_10min","06_behavioral_dynamics/state_space/10min_based/figures/exploratory/README.txt","history/state_space/10min","figures/exploratory/README.txt","7c55015964e5c3d731055c51390e0cce86dc97a263317edcab388117e11eda54","ready","docs/behavior_output_code_contracts/historical_resolution_readers.csv","6ef2091f8861ccfeed508d9aadc55ca71380fcac97c9b57c47d8c7b9fad182e8"
"history_state_space_10min","06_behavioral_dynamics/state_space/10min_based/figures/interactive/README.txt","history/state_space/10min","figures/interactive/README.txt","04a93a9db626de7962d449170c58971355320ac8caedf223705da54c56ce935b","ready","docs/behavior_output_code_contracts/historical_resolution_readers.csv","6ef2091f8861ccfeed508d9aadc55ca71380fcac97c9b57c47d8c7b9fad182e8"
"history_state_space_10min","06_behavioral_dynamics/state_space/10min_based/figures/publication/overview/state_occupancy_effect_size_heatmap.pdf","history/state_space/10min","figures/publication/overview/state_occupancy_effect_size_heatmap.pdf","931d98a5379804d761037324f4fa45479388c27a52741a4f56fd359db146fbd1","ready","docs/behavior_output_code_contracts/historical_resolution_readers.csv","6ef2091f8861ccfeed508d9aadc55ca71380fcac97c9b57c47d8c7b9fad182e8"
"history_state_space_10min","06_behavioral_dynamics/state_space/10min_based/figures/publication/overview/state_occupancy_effect_size_heatmap.png","history/state_space/10min","figures/publication/overview/state_occupancy_effect_size_heatmap.png","5743b3c798f22e691348359cd59e46ffbc561ba24dff1c9c42bda012e4eca8e4","ready","docs/behavior_output_code_contracts/historical_resolution_readers.csv","6ef2091f8861ccfeed508d9aadc55ca71380fcac97c9b57c47d8c7b9fad182e8"
"history_state_space_10min","06_behavioral_dynamics/state_space/10min_based/figures/publication/overview/state_occupancy_effect_size_heatmap.svg","history/state_space/10min","figures/publication/overview/state_occupancy_effect_size_heatmap.svg","b5f23c1c8eda1ac905fb383900afe2533ad0abf3ef0a4ae9b96195fa37965d53","ready","docs/behavior_output_code_contracts/historical_resolution_readers.csv","6ef2091f8861ccfeed508d9aadc55ca71380fcac97c9b57c47d8c7b9fad182e8"
"history_state_space_10min","06_behavioral_dynamics/state_space/10min_based/figures/publication/overview/state_switching_effect_size_heatmap.pdf","history/state_space/10min","figures/publication/overview/state_switching_effect_size_heatmap.pdf","df26313715d5dab2b6304f73dd957414e8e6f5a507b5faec115fd787cc5b23e5","ready","docs/behavior_output_code_contracts/historical_resolution_readers.csv","6ef2091f8861ccfeed508d9aadc55ca71380fcac97c9b57c47d8c7b9fad182e8"
"history_state_space_10min","06_behavioral_dynamics/state_space/10min_based/figures/publication/overview/state_switching_effect_size_heatmap.png","history/state_space/10min","figures/publication/overview/state_switching_effect_size_heatmap.png","f02b787579aa4e8d6c7161a9050b722681273cfab95fcef2bdfc27deeec5fdad","ready","docs/behavior_output_code_contracts/historical_resolution_readers.csv","6ef2091f8861ccfeed508d9aadc55ca71380fcac97c9b57c47d8c7b9fad182e8"
"history_state_space_10min","06_behavioral_dynamics/state_space/10min_based/figures/publication/overview/state_switching_effect_size_heatmap.svg","history/state_space/10min","figures/publication/overview/state_switching_effect_size_heatmap.svg","51a585ed37714a8cae686bad1b0b843db33d962ee646f950d6437f95960e1d51","ready","docs/behavior_output_code_contracts/historical_resolution_readers.csv","6ef2091f8861ccfeed508d9aadc55ca71380fcac97c9b57c47d8c7b9fad182e8"
"history_state_space_10min","06_behavioral_dynamics/state_space/10min_based/figures/publication_panels/behavioral_state_space_pca.pdf","history/state_space/10min","figures/publication_panels/behavioral_state_space_pca.pdf","cb01d571865bb6c2558c72b8f19f2472936d14065aa78fa0cd42d351561f25f4","ready","docs/behavior_output_code_contracts/historical_resolution_readers.csv","6ef2091f8861ccfeed508d9aadc55ca71380fcac97c9b57c47d8c7b9fad182e8"
"history_state_space_10min","06_behavioral_dynamics/state_space/10min_based/figures/publication_panels/behavioral_state_space_pca.png","history/state_space/10min","figures/publication_panels/behavioral_state_space_pca.png","cf7ea00c2ab0c699382ba5756016b08288d1a3c163a4bd766941a61354b5dc22","ready","docs/behavior_output_code_contracts/historical_resolution_readers.csv","6ef2091f8861ccfeed508d9aadc55ca71380fcac97c9b57c47d8c7b9fad182e8"
"history_state_space_10min","06_behavioral_dynamics/state_space/10min_based/figures/publication_panels/behavioral_state_space_pca.svg","history/state_space/10min","figures/publication_panels/behavioral_state_space_pca.svg","22d324effb8791ba576f6792c3d1e09a16554a3b4ce758d39d588467fe7e254b","ready","docs/behavior_output_code_contracts/historical_resolution_readers.csv","6ef2091f8861ccfeed508d9aadc55ca71380fcac97c9b57c47d8c7b9fad182e8"
"history_state_space_10min","06_behavioral_dynamics/state_space/10min_based/figures/publication_panels/README.txt","history/state_space/10min","figures/publication_panels/README.txt","9b957880bf142e8e7ee5034d698dc3cf630f411fae5bfd345d64fabf57540a90","ready","docs/behavior_output_code_contracts/historical_resolution_readers.csv","6ef2091f8861ccfeed508d9aadc55ca71380fcac97c9b57c47d8c7b9fad182e8"
"history_state_space_10min","06_behavioral_dynamics/state_space/10min_based/figures/publication_panels/state_centroid_profiles.pdf","history/state_space/10min","figures/publication_panels/state_centroid_profiles.pdf","49f453a03ca65f42b836a729f4414fe04ef18528f91f4abe630fbe52aa4fe09f","ready","docs/behavior_output_code_contracts/historical_resolution_readers.csv","6ef2091f8861ccfeed508d9aadc55ca71380fcac97c9b57c47d8c7b9fad182e8"
"history_state_space_10min","06_behavioral_dynamics/state_space/10min_based/figures/publication_panels/state_centroid_profiles.png","history/state_space/10min","figures/publication_panels/state_centroid_profiles.png","2a354222e1f822d65fbf6e3eca8488e8f7c4a9a12108278bc0d599399b2009cf","ready","docs/behavior_output_code_contracts/historical_resolution_readers.csv","6ef2091f8861ccfeed508d9aadc55ca71380fcac97c9b57c47d8c7b9fad182e8"
"history_state_space_10min","06_behavioral_dynamics/state_space/10min_based/figures/publication_panels/state_centroid_profiles.svg","history/state_space/10min","figures/publication_panels/state_centroid_profiles.svg","b8240e879fe6c67c1f11f949f5d6e16b1bb848d732a77da0554d239014971b95","ready","docs/behavior_output_code_contracts/historical_resolution_readers.csv","6ef2091f8861ccfeed508d9aadc55ca71380fcac97c9b57c47d8c7b9fad182e8"
"history_state_space_10min","06_behavioral_dynamics/state_space/10min_based/figures/publication_panels/state_diversity_entropy.pdf","history/state_space/10min","figures/publication_panels/state_diversity_entropy.pdf","eff8a3c5f756b14c4a0822df2ddf015c24a741a02f0d0afd1a620ce4a2850e03","ready","docs/behavior_output_code_contracts/historical_resolution_readers.csv","6ef2091f8861ccfeed508d9aadc55ca71380fcac97c9b57c47d8c7b9fad182e8"
"history_state_space_10min","06_behavioral_dynamics/state_space/10min_based/figures/publication_panels/state_diversity_entropy.png","history/state_space/10min","figures/publication_panels/state_diversity_entropy.png","67d865122f6c537f7039e7367f9d307cd8f109cf1dfdd795fad9abf95a28e89d","ready","docs/behavior_output_code_contracts/historical_resolution_readers.csv","6ef2091f8861ccfeed508d9aadc55ca71380fcac97c9b57c47d8c7b9fad182e8"
"history_state_space_10min","06_behavioral_dynamics/state_space/10min_based/figures/publication_panels/state_diversity_entropy.svg","history/state_space/10min","figures/publication_panels/state_diversity_entropy.svg","103efabadc680302c0662422611a7bb0720db562b6f317de9b5543a90f9f5423","ready","docs/behavior_output_code_contracts/historical_resolution_readers.csv","6ef2091f8861ccfeed508d9aadc55ca71380fcac97c9b57c47d8c7b9fad182e8"
"history_state_space_10min","06_behavioral_dynamics/state_space/10min_based/figures/publication_panels/state_occupancy_effect_size_heatmap.pdf","history/state_space/10min","figures/publication_panels/state_occupancy_effect_size_heatmap.pdf","c5e112868f1196fb797d2d5849a41d884893fb447524ce1c7f23f1dffee100c0","ready","docs/behavior_output_code_contracts/historical_resolution_readers.csv","6ef2091f8861ccfeed508d9aadc55ca71380fcac97c9b57c47d8c7b9fad182e8"
"history_state_space_10min","06_behavioral_dynamics/state_space/10min_based/figures/publication_panels/state_occupancy_effect_size_heatmap.png","history/state_space/10min","figures/publication_panels/state_occupancy_effect_size_heatmap.png","5743b3c798f22e691348359cd59e46ffbc561ba24dff1c9c42bda012e4eca8e4","ready","docs/behavior_output_code_contracts/historical_resolution_readers.csv","6ef2091f8861ccfeed508d9aadc55ca71380fcac97c9b57c47d8c7b9fad182e8"
"history_state_space_10min","06_behavioral_dynamics/state_space/10min_based/figures/publication_panels/state_occupancy_effect_size_heatmap.svg","history/state_space/10min","figures/publication_panels/state_occupancy_effect_size_heatmap.svg","b5f23c1c8eda1ac905fb383900afe2533ad0abf3ef0a4ae9b96195fa37965d53","ready","docs/behavior_output_code_contracts/historical_resolution_readers.csv","6ef2091f8861ccfeed508d9aadc55ca71380fcac97c9b57c47d8c7b9fad182e8"
"history_state_space_10min","06_behavioral_dynamics/state_space/10min_based/figures/publication_panels/state_occupancy_trajectories.pdf","history/state_space/10min","figures/publication_panels/state_occupancy_trajectories.pdf","51148193e5861ee8b564b85c8be99a54686242a221c2912e236748b3e978b8ef","ready","docs/behavior_output_code_contracts/historical_resolution_readers.csv","6ef2091f8861ccfeed508d9aadc55ca71380fcac97c9b57c47d8c7b9fad182e8"
"history_state_space_10min","06_behavioral_dynamics/state_space/10min_based/figures/publication_panels/state_occupancy_trajectories.png","history/state_space/10min","figures/publication_panels/state_occupancy_trajectories.png","5ed9135db4ec7441c60c7b54d6104c28612bec1d8999087c27429779063c77a6","ready","docs/behavior_output_code_contracts/historical_resolution_readers.csv","6ef2091f8861ccfeed508d9aadc55ca71380fcac97c9b57c47d8c7b9fad182e8"
"history_state_space_10min","06_behavioral_dynamics/state_space/10min_based/figures/publication_panels/state_occupancy_trajectories.svg","history/state_space/10min","figures/publication_panels/state_occupancy_trajectories.svg","0cf02ddbfdd03f5ceb30da10374290a0ab45486fd301c2cdf53913d0d88235e8","ready","docs/behavior_output_code_contracts/historical_resolution_readers.csv","6ef2091f8861ccfeed508d9aadc55ca71380fcac97c9b57c47d8c7b9fad182e8"
"history_state_space_10min","06_behavioral_dynamics/state_space/10min_based/figures/publication_panels/state_occupancy.pdf","history/state_space/10min","figures/publication_panels/state_occupancy.pdf","729134cf98401f0cbe8f42d14eb06c44309cd8a7b9697222bd588ff7c9927c8e","ready","docs/behavior_output_code_contracts/historical_resolution_readers.csv","6ef2091f8861ccfeed508d9aadc55ca71380fcac97c9b57c47d8c7b9fad182e8"
"history_state_space_10min","06_behavioral_dynamics/state_space/10min_based/figures/publication_panels/state_occupancy.png","history/state_space/10min","figures/publication_panels/state_occupancy.png","86a4d95fac201ca3c43e56c8b705b56c232bec21f2cd4ef85ad7190cf1c54471","ready","docs/behavior_output_code_contracts/historical_resolution_readers.csv","6ef2091f8861ccfeed508d9aadc55ca71380fcac97c9b57c47d8c7b9fad182e8"
"history_state_space_10min","06_behavioral_dynamics/state_space/10min_based/figures/publication_panels/state_occupancy.svg","history/state_space/10min","figures/publication_panels/state_occupancy.svg","876bb261fc86f66465b9a4498294196d1d654d2a5cf07b03c33038ebe2ddbf14","ready","docs/behavior_output_code_contracts/historical_resolution_readers.csv","6ef2091f8861ccfeed508d9aadc55ca71380fcac97c9b57c47d8c7b9fad182e8"
"history_state_space_10min","06_behavioral_dynamics/state_space/10min_based/figures/publication_panels/state_switching_effect_size_heatmap.pdf","history/state_space/10min","figures/publication_panels/state_switching_effect_size_heatmap.pdf","0864f582c0b041636f945c5d0e869f2586aa46bd9903b41efc13baa2e6bbea9d","ready","docs/behavior_output_code_contracts/historical_resolution_readers.csv","6ef2091f8861ccfeed508d9aadc55ca71380fcac97c9b57c47d8c7b9fad182e8"
"history_state_space_10min","06_behavioral_dynamics/state_space/10min_based/figures/publication_panels/state_switching_effect_size_heatmap.png","history/state_space/10min","figures/publication_panels/state_switching_effect_size_heatmap.png","f02b787579aa4e8d6c7161a9050b722681273cfab95fcef2bdfc27deeec5fdad","ready","docs/behavior_output_code_contracts/historical_resolution_readers.csv","6ef2091f8861ccfeed508d9aadc55ca71380fcac97c9b57c47d8c7b9fad182e8"
"history_state_space_10min","06_behavioral_dynamics/state_space/10min_based/figures/publication_panels/state_switching_effect_size_heatmap.svg","history/state_space/10min","figures/publication_panels/state_switching_effect_size_heatmap.svg","51a585ed37714a8cae686bad1b0b843db33d962ee646f950d6437f95960e1d51","ready","docs/behavior_output_code_contracts/historical_resolution_readers.csv","6ef2091f8861ccfeed508d9aadc55ca71380fcac97c9b57c47d8c7b9fad182e8"
"history_state_space_10min","06_behavioral_dynamics/state_space/10min_based/figures/publication_panels/state_switching_rate.pdf","history/state_space/10min","figures/publication_panels/state_switching_rate.pdf","6705dab9d9a245b09534a9e99dcb11eca2ef5307d6acff6de2531c5b33ac942e","ready","docs/behavior_output_code_contracts/historical_resolution_readers.csv","6ef2091f8861ccfeed508d9aadc55ca71380fcac97c9b57c47d8c7b9fad182e8"
"history_state_space_10min","06_behavioral_dynamics/state_space/10min_based/figures/publication_panels/state_switching_rate.png","history/state_space/10min","figures/publication_panels/state_switching_rate.png","2da4725ce5d5389e2d1f1fea11b4e1b019fbbecbd1b41ac78da232ba1ab1f0e3","ready","docs/behavior_output_code_contracts/historical_resolution_readers.csv","6ef2091f8861ccfeed508d9aadc55ca71380fcac97c9b57c47d8c7b9fad182e8"
"history_state_space_10min","06_behavioral_dynamics/state_space/10min_based/figures/publication_panels/state_switching_rate.svg","history/state_space/10min","figures/publication_panels/state_switching_rate.svg","b8e238c678d05a9f643dbee1fc08c9faa97c871f2fe26d55436e535a2d524965","ready","docs/behavior_output_code_contracts/historical_resolution_readers.csv","6ef2091f8861ccfeed508d9aadc55ca71380fcac97c9b57c47d8c7b9fad182e8"
"history_state_space_10min","06_behavioral_dynamics/state_space/10min_based/figures/publication_panels/state_transition_probability_heatmap.pdf","history/state_space/10min","figures/publication_panels/state_transition_probability_heatmap.pdf","810624681808e370c08b94086c38992e2544e2958fa488c05593e085205198ee","ready","docs/behavior_output_code_contracts/historical_resolution_readers.csv","6ef2091f8861ccfeed508d9aadc55ca71380fcac97c9b57c47d8c7b9fad182e8"
"history_state_space_10min","06_behavioral_dynamics/state_space/10min_based/figures/publication_panels/state_transition_probability_heatmap.png","history/state_space/10min","figures/publication_panels/state_transition_probability_heatmap.png","8758eb8be18c4572bc30be736c1dba9f0022ccd29020c6a9fd192a160aae935d","ready","docs/behavior_output_code_contracts/historical_resolution_readers.csv","6ef2091f8861ccfeed508d9aadc55ca71380fcac97c9b57c47d8c7b9fad182e8"
"history_state_space_10min","06_behavioral_dynamics/state_space/10min_based/figures/publication_panels/state_transition_probability_heatmap.svg","history/state_space/10min","figures/publication_panels/state_transition_probability_heatmap.svg","de7a151b899ae0a00bdc7f897ce22398fe7cc852bc7786b6054df11f3c1de321","ready","docs/behavior_output_code_contracts/historical_resolution_readers.csv","6ef2091f8861ccfeed508d9aadc55ca71380fcac97c9b57c47d8c7b9fad182e8"
"history_state_space_10min","06_behavioral_dynamics/state_space/10min_based/figures/qc/README.txt","history/state_space/10min","figures/qc/README.txt","fcc7347cfbb2d92ffff45d2d214694895194bd3da990013d0d8e3d556a6ef029","ready","docs/behavior_output_code_contracts/historical_resolution_readers.csv","6ef2091f8861ccfeed508d9aadc55ca71380fcac97c9b57c47d8c7b9fad182e8"
"history_state_space_10min","06_behavioral_dynamics/state_space/10min_based/figures/supplementary/README.txt","history/state_space/10min","figures/supplementary/README.txt","72409480a7f9877bca1f93d2796bfdde2cf350a81c01a1dd3acfbcd060f10849","ready","docs/behavior_output_code_contracts/historical_resolution_readers.csv","6ef2091f8861ccfeed508d9aadc55ca71380fcac97c9b57c47d8c7b9fad182e8"
"history_state_space_10min","06_behavioral_dynamics/state_space/10min_based/stats_tables/state_diversity_duration_sensitivity_consistency.csv","history/state_space/10min","stats_tables/state_diversity_duration_sensitivity_consistency.csv","a133870b1207b54151d4d84983afb2bcdcf524eb9ba2b5b578337d3da7d4e2cb","ready","docs/behavior_output_code_contracts/historical_resolution_readers.csv","6ef2091f8861ccfeed508d9aadc55ca71380fcac97c9b57c47d8c7b9fad182e8"
"history_state_space_10min","06_behavioral_dynamics/state_space/10min_based/stats_tables/state_diversity_duration_sensitivity_group_contrasts.csv","history/state_space/10min","stats_tables/state_diversity_duration_sensitivity_group_contrasts.csv","88d979eea7468d9ea6d6371ab08677d4a8a8c0e244e5445727c83a6a1c51572d","ready","docs/behavior_output_code_contracts/historical_resolution_readers.csv","6ef2091f8861ccfeed508d9aadc55ca71380fcac97c9b57c47d8c7b9fad182e8"
"history_state_space_10min","06_behavioral_dynamics/state_space/10min_based/stats_tables/state_diversity_duration_sensitivity_group_summary.csv","history/state_space/10min","stats_tables/state_diversity_duration_sensitivity_group_summary.csv","537fc6023870088b69cc2c464f3922f6585db0f6772fed20cf09feada120105b","ready","docs/behavior_output_code_contracts/historical_resolution_readers.csv","6ef2091f8861ccfeed508d9aadc55ca71380fcac97c9b57c47d8c7b9fad182e8"
"history_state_space_10min","06_behavioral_dynamics/state_space/10min_based/stats_tables/state_diversity_group_contrasts.csv","history/state_space/10min","stats_tables/state_diversity_group_contrasts.csv","368114b2da383a08e32f9200156c70c4d89b787eaecc8373298f297980f38aa4","ready","docs/behavior_output_code_contracts/historical_resolution_readers.csv","6ef2091f8861ccfeed508d9aadc55ca71380fcac97c9b57c47d8c7b9fad182e8"
"history_state_space_10min","06_behavioral_dynamics/state_space/10min_based/stats_tables/state_diversity_group_summary.csv","history/state_space/10min","stats_tables/state_diversity_group_summary.csv","bd4edfd850e9c3c15f3e2bd1d9ff2a3af4645204d459485ab362d4212b1e1ecc","ready","docs/behavior_output_code_contracts/historical_resolution_readers.csv","6ef2091f8861ccfeed508d9aadc55ca71380fcac97c9b57c47d8c7b9fad182e8"
"history_state_space_10min","06_behavioral_dynamics/state_space/10min_based/stats_tables/state_occupancy_duration_sensitivity_consistency.csv","history/state_space/10min","stats_tables/state_occupancy_duration_sensitivity_consistency.csv","226b80d20d91d5e918818604d8015d08605d98cb3cd70d9270ab909013a93b7d","ready","docs/behavior_output_code_contracts/historical_resolution_readers.csv","6ef2091f8861ccfeed508d9aadc55ca71380fcac97c9b57c47d8c7b9fad182e8"
"history_state_space_10min","06_behavioral_dynamics/state_space/10min_based/stats_tables/state_occupancy_duration_sensitivity_group_contrasts.csv","history/state_space/10min","stats_tables/state_occupancy_duration_sensitivity_group_contrasts.csv","b3724d47f5c2a3ddbcdf229585b6c759300966505338c2714c80031e67be68b0","ready","docs/behavior_output_code_contracts/historical_resolution_readers.csv","6ef2091f8861ccfeed508d9aadc55ca71380fcac97c9b57c47d8c7b9fad182e8"
"history_state_space_10min","06_behavioral_dynamics/state_space/10min_based/stats_tables/state_occupancy_duration_sensitivity_group_summary.csv","history/state_space/10min","stats_tables/state_occupancy_duration_sensitivity_group_summary.csv","ed906a4e69a6e203c941a5358e24d9fad9c609c1453e9fc277e52656db42ee48","ready","docs/behavior_output_code_contracts/historical_resolution_readers.csv","6ef2091f8861ccfeed508d9aadc55ca71380fcac97c9b57c47d8c7b9fad182e8"
"history_state_space_10min","06_behavioral_dynamics/state_space/10min_based/stats_tables/state_occupancy_group_contrasts.csv","history/state_space/10min","stats_tables/state_occupancy_group_contrasts.csv","f1edf6cc8c3d9d713eab17e8bea7a7712e2e1f2f8919b1d4937d9d8f7cf4abe7","ready","docs/behavior_output_code_contracts/historical_resolution_readers.csv","6ef2091f8861ccfeed508d9aadc55ca71380fcac97c9b57c47d8c7b9fad182e8"
"history_state_space_10min","06_behavioral_dynamics/state_space/10min_based/stats_tables/state_occupancy_group_summary.csv","history/state_space/10min","stats_tables/state_occupancy_group_summary.csv","a8da0dce3bbd743699a07a1b21d24b757fe274e548d3a74a80e4ccc76da08f57","ready","docs/behavior_output_code_contracts/historical_resolution_readers.csv","6ef2091f8861ccfeed508d9aadc55ca71380fcac97c9b57c47d8c7b9fad182e8"
"history_state_space_10min","06_behavioral_dynamics/state_space/10min_based/stats_tables/state_switching_duration_sensitivity_consistency.csv","history/state_space/10min","stats_tables/state_switching_duration_sensitivity_consistency.csv","591bdd4b5054eb61bb0e489ad67332ce8fab1db5395d003a50b3d8541e20511e","ready","docs/behavior_output_code_contracts/historical_resolution_readers.csv","6ef2091f8861ccfeed508d9aadc55ca71380fcac97c9b57c47d8c7b9fad182e8"
"history_state_space_10min","06_behavioral_dynamics/state_space/10min_based/stats_tables/state_switching_duration_sensitivity_group_contrasts.csv","history/state_space/10min","stats_tables/state_switching_duration_sensitivity_group_contrasts.csv","bdd76504045cfcd1d9cedc39124eb6892d9a3a8ce7146366945e2886fed66228","ready","docs/behavior_output_code_contracts/historical_resolution_readers.csv","6ef2091f8861ccfeed508d9aadc55ca71380fcac97c9b57c47d8c7b9fad182e8"
"history_state_space_10min","06_behavioral_dynamics/state_space/10min_based/stats_tables/state_switching_duration_sensitivity_group_summary.csv","history/state_space/10min","stats_tables/state_switching_duration_sensitivity_group_summary.csv","09452d21ded5e5dee97271ff7c1028cf44e6c5fd7a6b3d5d3040f591a8bfcf6b","ready","docs/behavior_output_code_contracts/historical_resolution_readers.csv","6ef2091f8861ccfeed508d9aadc55ca71380fcac97c9b57c47d8c7b9fad182e8"
"history_state_space_10min","06_behavioral_dynamics/state_space/10min_based/stats_tables/state_switching_group_contrasts.csv","history/state_space/10min","stats_tables/state_switching_group_contrasts.csv","a048158925ab05898c2eb75271e9422fc44288f5bb80ce912dea74983cef35cb","ready","docs/behavior_output_code_contracts/historical_resolution_readers.csv","6ef2091f8861ccfeed508d9aadc55ca71380fcac97c9b57c47d8c7b9fad182e8"
"history_state_space_10min","06_behavioral_dynamics/state_space/10min_based/stats_tables/state_switching_group_summary.csv","history/state_space/10min","stats_tables/state_switching_group_summary.csv","99a478841377a55dd6647d5ce6d75210b3a6638ca54fb36c390d08d11d4b0877","ready","docs/behavior_output_code_contracts/historical_resolution_readers.csv","6ef2091f8861ccfeed508d9aadc55ca71380fcac97c9b57c47d8c7b9fad182e8"
"history_state_space_10min","06_behavioral_dynamics/state_space/10min_based/tables/epoch_duration_qc.csv","history/state_space/10min","tables/epoch_duration_qc.csv","75b732c1c3bdf27f6e02992c2b782d687c6420886a0dad8f86dea37a3270bdce","ready","docs/behavior_output_code_contracts/historical_resolution_readers.csv","6ef2091f8861ccfeed508d9aadc55ca71380fcac97c9b57c47d8c7b9fad182e8"
"history_state_space_10min","06_behavioral_dynamics/state_space/10min_based/tables/output_figure_inventory.csv","history/state_space/10min","tables/output_figure_inventory.csv","eb4d19969b54ad78b5a007a148262ab411974c5049a7e1752928934d9bb8c6c0","ready","docs/behavior_output_code_contracts/historical_resolution_readers.csv","6ef2091f8861ccfeed508d9aadc55ca71380fcac97c9b57c47d8c7b9fad182e8"
"history_state_space_10min","06_behavioral_dynamics/state_space/10min_based/tables/output_folder_summary.csv","history/state_space/10min","tables/output_folder_summary.csv","c390f18cd7eaeb06d1e1a96660f079fd49c189d0c714d816590441c2336f241a","ready","docs/behavior_output_code_contracts/historical_resolution_readers.csv","6ef2091f8861ccfeed508d9aadc55ca71380fcac97c9b57c47d8c7b9fad182e8"
"history_state_space_10min","06_behavioral_dynamics/state_space/10min_based/tables/state_centroid_feature_profiles.csv","history/state_space/10min","tables/state_centroid_feature_profiles.csv","58b0110207ce528d5575c8ca8ff2de6c790f590ff78789a28645cc361a88688f","ready","docs/behavior_output_code_contracts/historical_resolution_readers.csv","6ef2091f8861ccfeed508d9aadc55ca71380fcac97c9b57c47d8c7b9fad182e8"
"history_state_space_10min","06_behavioral_dynamics/state_space/10min_based/tables/state_centroids.csv","history/state_space/10min","tables/state_centroids.csv","3069c86ddc13466bb6f1bdc63bead86358382942464a2804bf13075f129f6b0b","ready","docs/behavior_output_code_contracts/historical_resolution_readers.csv","6ef2091f8861ccfeed508d9aadc55ca71380fcac97c9b57c47d8c7b9fad182e8"
"history_state_space_10min","06_behavioral_dynamics/state_space/10min_based/tables/state_diversity_metrics_duration_tagged_full.csv","history/state_space/10min","tables/state_diversity_metrics_duration_tagged_full.csv","c08e93b4057e894b00151384919eae471901d80b7783f804fd43bbd208ec4a1c","ready","docs/behavior_output_code_contracts/historical_resolution_readers.csv","6ef2091f8861ccfeed508d9aadc55ca71380fcac97c9b57c47d8c7b9fad182e8"
"history_state_space_10min","06_behavioral_dynamics/state_space/10min_based/tables/state_diversity_metrics_excluding_short_duration.csv","history/state_space/10min","tables/state_diversity_metrics_excluding_short_duration.csv","4dc93865a1790fa814592d5fdfeca662cf8e7e0aef7a985413f5fdd83f595523","ready","docs/behavior_output_code_contracts/historical_resolution_readers.csv","6ef2091f8861ccfeed508d9aadc55ca71380fcac97c9b57c47d8c7b9fad182e8"
"history_state_space_10min","06_behavioral_dynamics/state_space/10min_based/tables/state_diversity_metrics.csv","history/state_space/10min","tables/state_diversity_metrics.csv","3ce15395509e6d3bba283592f16316f052b07266420f15c29450fd54077408a3","ready","docs/behavior_output_code_contracts/historical_resolution_readers.csv","6ef2091f8861ccfeed508d9aadc55ca71380fcac97c9b57c47d8c7b9fad182e8"
"history_state_space_10min","06_behavioral_dynamics/state_space/10min_based/tables/state_model_quality.csv","history/state_space/10min","tables/state_model_quality.csv","4464bb55c66c6284475deb3fa6d876bb402e219d7402c3ccb844124bcde6e7f8","ready","docs/behavior_output_code_contracts/historical_resolution_readers.csv","6ef2091f8861ccfeed508d9aadc55ca71380fcac97c9b57c47d8c7b9fad182e8"
"history_state_space_10min","06_behavioral_dynamics/state_space/10min_based/tables/state_occupancy_effect_size_heatmap_data.csv","history/state_space/10min","tables/state_occupancy_effect_size_heatmap_data.csv","aad5a70998dc7340dce03fab3dcdfa1f483adb04df10ee5a77f69ee2a31b08f5","ready","docs/behavior_output_code_contracts/historical_resolution_readers.csv","6ef2091f8861ccfeed508d9aadc55ca71380fcac97c9b57c47d8c7b9fad182e8"
"history_state_space_10min","06_behavioral_dynamics/state_space/10min_based/tables/state_occupancy_mean_ci_summary.csv","history/state_space/10min","tables/state_occupancy_mean_ci_summary.csv","3a78eed98ab2ac8eb122395d05fdc9ece0a4f89958d1b82ab7e1c1cc360fa5e7","ready","docs/behavior_output_code_contracts/historical_resolution_readers.csv","6ef2091f8861ccfeed508d9aadc55ca71380fcac97c9b57c47d8c7b9fad182e8"
"history_state_space_10min","06_behavioral_dynamics/state_space/10min_based/tables/state_occupancy.csv","history/state_space/10min","tables/state_occupancy.csv","a39d0e7a017d61eb55b5567a5d6a25ef41dd52966e313b2460c1cadc11f3594d","ready","docs/behavior_output_code_contracts/historical_resolution_readers.csv","6ef2091f8861ccfeed508d9aadc55ca71380fcac97c9b57c47d8c7b9fad182e8"
"history_state_space_10min","06_behavioral_dynamics/state_space/10min_based/tables/state_space_pca_loadings.csv","history/state_space/10min","tables/state_space_pca_loadings.csv","34a05d0dec172d46f2682aaf2fff5183b7ceac5a9fe759ac5cb898fb73cf91e7","ready","docs/behavior_output_code_contracts/historical_resolution_readers.csv","6ef2091f8861ccfeed508d9aadc55ca71380fcac97c9b57c47d8c7b9fad182e8"
"history_state_space_10min","06_behavioral_dynamics/state_space/10min_based/tables/state_space_pca_variance.csv","history/state_space/10min","tables/state_space_pca_variance.csv","3a49acb5573e82c3fdc9a438c747173ff0dfc8a3f8d5d66e1f13b6138547892f","ready","docs/behavior_output_code_contracts/historical_resolution_readers.csv","6ef2091f8861ccfeed508d9aadc55ca71380fcac97c9b57c47d8c7b9fad182e8"
"history_state_space_10min","06_behavioral_dynamics/state_space/10min_based/tables/state_switching_effect_size_heatmap_data.csv","history/state_space/10min","tables/state_switching_effect_size_heatmap_data.csv","4359182853b5707d7dd5ccd5ce0a70694112adf4a3656b416834e1b923039f90","ready","docs/behavior_output_code_contracts/historical_resolution_readers.csv","6ef2091f8861ccfeed508d9aadc55ca71380fcac97c9b57c47d8c7b9fad182e8"
"history_state_space_10min","06_behavioral_dynamics/state_space/10min_based/tables/state_switching_metrics_duration_tagged_full.csv","history/state_space/10min","tables/state_switching_metrics_duration_tagged_full.csv","ea55437bafb5e5707f79318130bc5539101268a3aa4c9f48213f6d8efb37b080","ready","docs/behavior_output_code_contracts/historical_resolution_readers.csv","6ef2091f8861ccfeed508d9aadc55ca71380fcac97c9b57c47d8c7b9fad182e8"
"history_state_space_10min","06_behavioral_dynamics/state_space/10min_based/tables/state_switching_metrics_excluding_short_duration.csv","history/state_space/10min","tables/state_switching_metrics_excluding_short_duration.csv","e7403ce2e8fad00970f00de69ab66245768d57b43c7fed7784997510b4df883a","ready","docs/behavior_output_code_contracts/historical_resolution_readers.csv","6ef2091f8861ccfeed508d9aadc55ca71380fcac97c9b57c47d8c7b9fad182e8"
"history_state_space_10min","06_behavioral_dynamics/state_space/10min_based/tables/state_switching_metrics.csv","history/state_space/10min","tables/state_switching_metrics.csv","6ac675032f4af15a7aa5b48c0b96b7982578792c9519ca1e7c725a54114d288b","ready","docs/behavior_output_code_contracts/historical_resolution_readers.csv","6ef2091f8861ccfeed508d9aadc55ca71380fcac97c9b57c47d8c7b9fad182e8"
"history_state_space_10min","06_behavioral_dynamics/state_space/10min_based/tables/state_transition_counts.csv","history/state_space/10min","tables/state_transition_counts.csv","f78d30388efc0eb85b61e5a48f9a08724e287426820a7e020b0396a2cdc5b8fa","ready","docs/behavior_output_code_contracts/historical_resolution_readers.csv","6ef2091f8861ccfeed508d9aadc55ca71380fcac97c9b57c47d8c7b9fad182e8"
"history_state_space_10min","06_behavioral_dynamics/state_space/10min_based/tables/state_transition_probability_summary.csv","history/state_space/10min","tables/state_transition_probability_summary.csv","5c1abe1b950965b1dece70a5defbffab6626bf6cc6acbabc52b8333b6ab71490","ready","docs/behavior_output_code_contracts/historical_resolution_readers.csv","6ef2091f8861ccfeed508d9aadc55ca71380fcac97c9b57c47d8c7b9fad182e8"
"history_temporal_instability_1min","06_behavioral_dynamics/temporal_instability/1min_based/output_manifest.csv","history/temporal_instability/1min","output_manifest.csv","90200bd2095afb0857975307f3686e5462557d04e6ec3661c30206017e15aed2","ready","docs/behavior_output_code_contracts/historical_resolution_readers.csv","6ef2091f8861ccfeed508d9aadc55ca71380fcac97c9b57c47d8c7b9fad182e8"
"history_temporal_instability_1min","06_behavioral_dynamics/temporal_instability/1min_based/figures/cage_change_deltas/delta_rmssd_movement_from_first_cage_change.pdf","history/temporal_instability/1min","figures/cage_change_deltas/delta_rmssd_movement_from_first_cage_change.pdf","60801d6b1d1857158e29125cdf9bef7c3cc51d934f0c0bed219ce3af31bdd42f","ready","docs/behavior_output_code_contracts/historical_resolution_readers.csv","6ef2091f8861ccfeed508d9aadc55ca71380fcac97c9b57c47d8c7b9fad182e8"
"history_temporal_instability_1min","06_behavioral_dynamics/temporal_instability/1min_based/figures/cage_change_deltas/delta_rmssd_movement_from_first_cage_change.png","history/temporal_instability/1min","figures/cage_change_deltas/delta_rmssd_movement_from_first_cage_change.png","63ee8806453818b956380b63de1d0ff33d2792e09f5cced0c57f13f8fa8dde11","ready","docs/behavior_output_code_contracts/historical_resolution_readers.csv","6ef2091f8861ccfeed508d9aadc55ca71380fcac97c9b57c47d8c7b9fad182e8"
"history_temporal_instability_1min","06_behavioral_dynamics/temporal_instability/1min_based/figures/cage_change_deltas/delta_rmssd_movement_from_first_cage_change.svg","history/temporal_instability/1min","figures/cage_change_deltas/delta_rmssd_movement_from_first_cage_change.svg","8c04a884cf5e93e6cf843fa8d37fb76cb78f76746df4d05d17c519c4a091ccf4","ready","docs/behavior_output_code_contracts/historical_resolution_readers.csv","6ef2091f8861ccfeed508d9aadc55ca71380fcac97c9b57c47d8c7b9fad182e8"
"history_temporal_instability_1min","06_behavioral_dynamics/temporal_instability/1min_based/figures/cage_change_trajectories/rmssd_movement_across_cage_changes.pdf","history/temporal_instability/1min","figures/cage_change_trajectories/rmssd_movement_across_cage_changes.pdf","bcaf21b14917899630426d45bc28951b570453cfe0b5fb733015a5d41af7e393","ready","docs/behavior_output_code_contracts/historical_resolution_readers.csv","6ef2091f8861ccfeed508d9aadc55ca71380fcac97c9b57c47d8c7b9fad182e8"
"history_temporal_instability_1min","06_behavioral_dynamics/temporal_instability/1min_based/figures/cage_change_trajectories/rmssd_movement_across_cage_changes.png","history/temporal_instability/1min","figures/cage_change_trajectories/rmssd_movement_across_cage_changes.png","57d6d6ce74254d4bdc339bb8d92b900df3b7237cb50204fd859836424b081c36","ready","docs/behavior_output_code_contracts/historical_resolution_readers.csv","6ef2091f8861ccfeed508d9aadc55ca71380fcac97c9b57c47d8c7b9fad182e8"
"history_temporal_instability_1min","06_behavioral_dynamics/temporal_instability/1min_based/figures/cage_change_trajectories/rmssd_movement_across_cage_changes.svg","history/temporal_instability/1min","figures/cage_change_trajectories/rmssd_movement_across_cage_changes.svg","65b573c5ecfda0bbf49fd78ff4793355f3ee291b25c0818543e1cdac5b3485b0","ready","docs/behavior_output_code_contracts/historical_resolution_readers.csv","6ef2091f8861ccfeed508d9aadc55ca71380fcac97c9b57c47d8c7b9fad182e8"
"history_temporal_instability_1min","06_behavioral_dynamics/temporal_instability/1min_based/figures/first_active_first_cage_change/acf1_movement_first_active_first_cage_change.pdf","history/temporal_instability/1min","figures/first_active_first_cage_change/acf1_movement_first_active_first_cage_change.pdf","431f5aa6abea3b79241f68bfa277ef469af11068dcdfdd2056b94b686d78943b","ready","docs/behavior_output_code_contracts/historical_resolution_readers.csv","6ef2091f8861ccfeed508d9aadc55ca71380fcac97c9b57c47d8c7b9fad182e8"
"history_temporal_instability_1min","06_behavioral_dynamics/temporal_instability/1min_based/figures/first_active_first_cage_change/acf1_movement_first_active_first_cage_change.png","history/temporal_instability/1min","figures/first_active_first_cage_change/acf1_movement_first_active_first_cage_change.png","e1aee48a757c6bd84141320374f387a78ff6cf9fa15d97d7034443cb208ea3f1","ready","docs/behavior_output_code_contracts/historical_resolution_readers.csv","6ef2091f8861ccfeed508d9aadc55ca71380fcac97c9b57c47d8c7b9fad182e8"
"history_temporal_instability_1min","06_behavioral_dynamics/temporal_instability/1min_based/figures/first_active_first_cage_change/acf1_movement_first_active_first_cage_change.svg","history/temporal_instability/1min","figures/first_active_first_cage_change/acf1_movement_first_active_first_cage_change.svg","c92642919255c3021a0c6010d7077125f708e5cb51dd7397362330c6c61c9337","ready","docs/behavior_output_code_contracts/historical_resolution_readers.csv","6ef2091f8861ccfeed508d9aadc55ca71380fcac97c9b57c47d8c7b9fad182e8"
"history_temporal_instability_1min","06_behavioral_dynamics/temporal_instability/1min_based/figures/first_active_first_cage_change/cv_movement_first_active_first_cage_change.pdf","history/temporal_instability/1min","figures/first_active_first_cage_change/cv_movement_first_active_first_cage_change.pdf","627a8e40e0ede7db67e332d91d62adeb3acfa9dc357a6c2b886966078e8f3d43","ready","docs/behavior_output_code_contracts/historical_resolution_readers.csv","6ef2091f8861ccfeed508d9aadc55ca71380fcac97c9b57c47d8c7b9fad182e8"
"history_temporal_instability_1min","06_behavioral_dynamics/temporal_instability/1min_based/figures/first_active_first_cage_change/cv_movement_first_active_first_cage_change.png","history/temporal_instability/1min","figures/first_active_first_cage_change/cv_movement_first_active_first_cage_change.png","4323e6d7663cdd12916acc459a856a9c5770ca60f1e00b238cf03ebc869471fd","ready","docs/behavior_output_code_contracts/historical_resolution_readers.csv","6ef2091f8861ccfeed508d9aadc55ca71380fcac97c9b57c47d8c7b9fad182e8"
"history_temporal_instability_1min","06_behavioral_dynamics/temporal_instability/1min_based/figures/first_active_first_cage_change/cv_movement_first_active_first_cage_change.svg","history/temporal_instability/1min","figures/first_active_first_cage_change/cv_movement_first_active_first_cage_change.svg","b6f3b012dbfa33e5e5624ba9a554cc22a8157f43861027b11d809d7ca3476064","ready","docs/behavior_output_code_contracts/historical_resolution_readers.csv","6ef2091f8861ccfeed508d9aadc55ca71380fcac97c9b57c47d8c7b9fad182e8"
"history_temporal_instability_1min","06_behavioral_dynamics/temporal_instability/1min_based/figures/first_active_first_cage_change/rmssd_movement_first_active_first_cage_change.pdf","history/temporal_instability/1min","figures/first_active_first_cage_change/rmssd_movement_first_active_first_cage_change.pdf","006a4226afdb46bf591e7f4119f020549fe22b0de7500bfd062e05270a091698","ready","docs/behavior_output_code_contracts/historical_resolution_readers.csv","6ef2091f8861ccfeed508d9aadc55ca71380fcac97c9b57c47d8c7b9fad182e8"
"history_temporal_instability_1min","06_behavioral_dynamics/temporal_instability/1min_based/figures/first_active_first_cage_change/rmssd_movement_first_active_first_cage_change.png","history/temporal_instability/1min","figures/first_active_first_cage_change/rmssd_movement_first_active_first_cage_change.png","c16e33451d2e953122a17b2d0c12c8be66c037eef499a559281134e5a26bad31","ready","docs/behavior_output_code_contracts/historical_resolution_readers.csv","6ef2091f8861ccfeed508d9aadc55ca71380fcac97c9b57c47d8c7b9fad182e8"
"history_temporal_instability_1min","06_behavioral_dynamics/temporal_instability/1min_based/figures/first_active_first_cage_change/rmssd_movement_first_active_first_cage_change.svg","history/temporal_instability/1min","figures/first_active_first_cage_change/rmssd_movement_first_active_first_cage_change.svg","46340b424a8494f4edb98c719911ac99910254c4261944823c6e0267b8def0fe","ready","docs/behavior_output_code_contracts/historical_resolution_readers.csv","6ef2091f8861ccfeed508d9aadc55ca71380fcac97c9b57c47d8c7b9fad182e8"
"history_temporal_instability_1min","06_behavioral_dynamics/temporal_instability/1min_based/figures/first_active_first_cage_change/rolling_rmssd_movement_first_active_first_cage_change.pdf","history/temporal_instability/1min","figures/first_active_first_cage_change/rolling_rmssd_movement_first_active_first_cage_change.pdf","ec3ee71820d3cc847b956955ca83d8a4975469549313ff6f3c2bbb0b639d1317","ready","docs/behavior_output_code_contracts/historical_resolution_readers.csv","6ef2091f8861ccfeed508d9aadc55ca71380fcac97c9b57c47d8c7b9fad182e8"
"history_temporal_instability_1min","06_behavioral_dynamics/temporal_instability/1min_based/figures/first_active_first_cage_change/rolling_rmssd_movement_first_active_first_cage_change.png","history/temporal_instability/1min","figures/first_active_first_cage_change/rolling_rmssd_movement_first_active_first_cage_change.png","11ccf6eb1dae2abfe09f7274aa08b52c122f1961113ffef55889e567a4fc945c","ready","docs/behavior_output_code_contracts/historical_resolution_readers.csv","6ef2091f8861ccfeed508d9aadc55ca71380fcac97c9b57c47d8c7b9fad182e8"
"history_temporal_instability_1min","06_behavioral_dynamics/temporal_instability/1min_based/figures/first_active_first_cage_change/rolling_rmssd_movement_first_active_first_cage_change.svg","history/temporal_instability/1min","figures/first_active_first_cage_change/rolling_rmssd_movement_first_active_first_cage_change.svg","16d91e09767a005fcb7ab71bd576b510120d920aa442a51cb37678ce4b3ffaf6","ready","docs/behavior_output_code_contracts/historical_resolution_readers.csv","6ef2091f8861ccfeed508d9aadc55ca71380fcac97c9b57c47d8c7b9fad182e8"
"history_temporal_instability_1min","06_behavioral_dynamics/temporal_instability/1min_based/figures/primary_movement/acf1_movement_group_comparison.pdf","history/temporal_instability/1min","figures/primary_movement/acf1_movement_group_comparison.pdf","d825426613e7111954576b02172d831ae1cf61890fe2bc4ace960d876ca5e58c","ready","docs/behavior_output_code_contracts/historical_resolution_readers.csv","6ef2091f8861ccfeed508d9aadc55ca71380fcac97c9b57c47d8c7b9fad182e8"
"history_temporal_instability_1min","06_behavioral_dynamics/temporal_instability/1min_based/figures/primary_movement/acf1_movement_group_comparison.png","history/temporal_instability/1min","figures/primary_movement/acf1_movement_group_comparison.png","ae3698cb4a6d2f186ed0295eb4cd88fc575e12cd8b8c88758b55878c420c45dd","ready","docs/behavior_output_code_contracts/historical_resolution_readers.csv","6ef2091f8861ccfeed508d9aadc55ca71380fcac97c9b57c47d8c7b9fad182e8"
"history_temporal_instability_1min","06_behavioral_dynamics/temporal_instability/1min_based/figures/primary_movement/acf1_movement_group_comparison.svg","history/temporal_instability/1min","figures/primary_movement/acf1_movement_group_comparison.svg","286c934b4ef942158dd5a8b01cc966b4586c4d1f29de021be01ab47d7aabc3c5","ready","docs/behavior_output_code_contracts/historical_resolution_readers.csv","6ef2091f8861ccfeed508d9aadc55ca71380fcac97c9b57c47d8c7b9fad182e8"
"history_temporal_instability_1min","06_behavioral_dynamics/temporal_instability/1min_based/figures/primary_movement/cv_movement_group_comparison.pdf","history/temporal_instability/1min","figures/primary_movement/cv_movement_group_comparison.pdf","d0cfab3bfe06012a9760275131dc60812afc2b715edb2083d5b8f0b8b3f39a41","ready","docs/behavior_output_code_contracts/historical_resolution_readers.csv","6ef2091f8861ccfeed508d9aadc55ca71380fcac97c9b57c47d8c7b9fad182e8"
"history_temporal_instability_1min","06_behavioral_dynamics/temporal_instability/1min_based/figures/primary_movement/cv_movement_group_comparison.png","history/temporal_instability/1min","figures/primary_movement/cv_movement_group_comparison.png","84e689d270723b6f328b04c0ef01268cf8e102068f01add502d65e98211057aa","ready","docs/behavior_output_code_contracts/historical_resolution_readers.csv","6ef2091f8861ccfeed508d9aadc55ca71380fcac97c9b57c47d8c7b9fad182e8"
"history_temporal_instability_1min","06_behavioral_dynamics/temporal_instability/1min_based/figures/primary_movement/cv_movement_group_comparison.svg","history/temporal_instability/1min","figures/primary_movement/cv_movement_group_comparison.svg","ca6a2abb1fa2133c2453b1a25923e46c932a9588fd16b5157c4a9e16a20264c3","ready","docs/behavior_output_code_contracts/historical_resolution_readers.csv","6ef2091f8861ccfeed508d9aadc55ca71380fcac97c9b57c47d8c7b9fad182e8"
"history_temporal_instability_1min","06_behavioral_dynamics/temporal_instability/1min_based/figures/primary_movement/fano_movement_group_comparison.pdf","history/temporal_instability/1min","figures/primary_movement/fano_movement_group_comparison.pdf","20d0dcea04e8a0fb7003d7a016e63d563c4cb201837d9b62349e815b63584cc6","ready","docs/behavior_output_code_contracts/historical_resolution_readers.csv","6ef2091f8861ccfeed508d9aadc55ca71380fcac97c9b57c47d8c7b9fad182e8"
"history_temporal_instability_1min","06_behavioral_dynamics/temporal_instability/1min_based/figures/primary_movement/fano_movement_group_comparison.png","history/temporal_instability/1min","figures/primary_movement/fano_movement_group_comparison.png","81d38a6729185abd9a4c0ce250d826934778d9f04892b0cc3496074b20c5bebc","ready","docs/behavior_output_code_contracts/historical_resolution_readers.csv","6ef2091f8861ccfeed508d9aadc55ca71380fcac97c9b57c47d8c7b9fad182e8"
"history_temporal_instability_1min","06_behavioral_dynamics/temporal_instability/1min_based/figures/primary_movement/fano_movement_group_comparison.svg","history/temporal_instability/1min","figures/primary_movement/fano_movement_group_comparison.svg","85459583aad375c3c3690cbd03ba8fccaabadcf345f7f0fff3f8862e58ffdba1","ready","docs/behavior_output_code_contracts/historical_resolution_readers.csv","6ef2091f8861ccfeed508d9aadc55ca71380fcac97c9b57c47d8c7b9fad182e8"
"history_temporal_instability_1min","06_behavioral_dynamics/temporal_instability/1min_based/figures/primary_movement/rmssd_movement_group_comparison.pdf","history/temporal_instability/1min","figures/primary_movement/rmssd_movement_group_comparison.pdf","a73e302c85dea0e113391a14e6f36058d6830cb6ef5e29b6c57385298ea3e9a7","ready","docs/behavior_output_code_contracts/historical_resolution_readers.csv","6ef2091f8861ccfeed508d9aadc55ca71380fcac97c9b57c47d8c7b9fad182e8"
"history_temporal_instability_1min","06_behavioral_dynamics/temporal_instability/1min_based/figures/primary_movement/rmssd_movement_group_comparison.png","history/temporal_instability/1min","figures/primary_movement/rmssd_movement_group_comparison.png","8eeb49943d8bc25cbcb28d7a31acb383c07b75008c41874eeb621ece24cc77b5","ready","docs/behavior_output_code_contracts/historical_resolution_readers.csv","6ef2091f8861ccfeed508d9aadc55ca71380fcac97c9b57c47d8c7b9fad182e8"
"history_temporal_instability_1min","06_behavioral_dynamics/temporal_instability/1min_based/figures/primary_movement/rmssd_movement_group_comparison.svg","history/temporal_instability/1min","figures/primary_movement/rmssd_movement_group_comparison.svg","9d5560d7e7948861ca1752ee834e2df9ebbda667fdd9b3be8ca013520a346db3","ready","docs/behavior_output_code_contracts/historical_resolution_readers.csv","6ef2091f8861ccfeed508d9aadc55ca71380fcac97c9b57c47d8c7b9fad182e8"
"history_temporal_instability_1min","06_behavioral_dynamics/temporal_instability/1min_based/figures/primary_movement/rmssd_movement_pairwise_bars_by_cage_change.pdf","history/temporal_instability/1min","figures/primary_movement/rmssd_movement_pairwise_bars_by_cage_change.pdf","6caa595c0c8743db91f3817eb9d719b0b84681956f933a93926901393982fe0b","ready","docs/behavior_output_code_contracts/historical_resolution_readers.csv","6ef2091f8861ccfeed508d9aadc55ca71380fcac97c9b57c47d8c7b9fad182e8"
"history_temporal_instability_1min","06_behavioral_dynamics/temporal_instability/1min_based/figures/primary_movement/rmssd_movement_pairwise_bars_by_cage_change.png","history/temporal_instability/1min","figures/primary_movement/rmssd_movement_pairwise_bars_by_cage_change.png","bce66e255aa9534a612a6fcdcc567c2fff560be81f7c349d8f4833ae27aabf55","ready","docs/behavior_output_code_contracts/historical_resolution_readers.csv","6ef2091f8861ccfeed508d9aadc55ca71380fcac97c9b57c47d8c7b9fad182e8"
"history_temporal_instability_1min","06_behavioral_dynamics/temporal_instability/1min_based/figures/primary_movement/rmssd_movement_pairwise_bars_by_cage_change.svg","history/temporal_instability/1min","figures/primary_movement/rmssd_movement_pairwise_bars_by_cage_change.svg","c592172e306f5ad7eee5c8d92d1b45f9561e92bca8a80c81c9fce4880dd278a3","ready","docs/behavior_output_code_contracts/historical_resolution_readers.csv","6ef2091f8861ccfeed508d9aadc55ca71380fcac97c9b57c47d8c7b9fad182e8"
"history_temporal_instability_1min","06_behavioral_dynamics/temporal_instability/1min_based/figures/primary_movement/rolling_rmssd_movement_timecourse.pdf","history/temporal_instability/1min","figures/primary_movement/rolling_rmssd_movement_timecourse.pdf","4caa21c3c86583ffff2ecc3ccf29c0128e9c24cee740ca69197fa504c3bd7f59","ready","docs/behavior_output_code_contracts/historical_resolution_readers.csv","6ef2091f8861ccfeed508d9aadc55ca71380fcac97c9b57c47d8c7b9fad182e8"
"history_temporal_instability_1min","06_behavioral_dynamics/temporal_instability/1min_based/figures/primary_movement/rolling_rmssd_movement_timecourse.png","history/temporal_instability/1min","figures/primary_movement/rolling_rmssd_movement_timecourse.png","a73d68bbb1775ca5df864dcc13732f3ea8d2014be93988f5df2a1e60b7436c28","ready","docs/behavior_output_code_contracts/historical_resolution_readers.csv","6ef2091f8861ccfeed508d9aadc55ca71380fcac97c9b57c47d8c7b9fad182e8"
"history_temporal_instability_1min","06_behavioral_dynamics/temporal_instability/1min_based/figures/primary_movement/rolling_rmssd_movement_timecourse.svg","history/temporal_instability/1min","figures/primary_movement/rolling_rmssd_movement_timecourse.svg","e3b08b5f5db4f06ba4755017ed24b4c1ec8dec92e5a75567eed2864bb3de37f1","ready","docs/behavior_output_code_contracts/historical_resolution_readers.csv","6ef2091f8861ccfeed508d9aadc55ca71380fcac97c9b57c47d8c7b9fad182e8"
"history_temporal_instability_1min","06_behavioral_dynamics/temporal_instability/1min_based/figures/publication/overview/behavioral_pattern_classification.pdf","history/temporal_instability/1min","figures/publication/overview/behavioral_pattern_classification.pdf","35dbd03e4bfd3d51bd776419a1b6d3e1a2c808c8065a05e7697acb395eef8bd9","ready","docs/behavior_output_code_contracts/historical_resolution_readers.csv","6ef2091f8861ccfeed508d9aadc55ca71380fcac97c9b57c47d8c7b9fad182e8"
"history_temporal_instability_1min","06_behavioral_dynamics/temporal_instability/1min_based/figures/publication/overview/behavioral_pattern_classification.png","history/temporal_instability/1min","figures/publication/overview/behavioral_pattern_classification.png","425298f4f73c54be9dff091009c2d68dd43d9456d341a349d35142147527b83e","ready","docs/behavior_output_code_contracts/historical_resolution_readers.csv","6ef2091f8861ccfeed508d9aadc55ca71380fcac97c9b57c47d8c7b9fad182e8"
"history_temporal_instability_1min","06_behavioral_dynamics/temporal_instability/1min_based/figures/publication/overview/behavioral_pattern_classification.svg","history/temporal_instability/1min","figures/publication/overview/behavioral_pattern_classification.svg","56b1cb10f06fa0d5691651af852afe6baf60617329fd1690708e2c602c19e353","ready","docs/behavior_output_code_contracts/historical_resolution_readers.csv","6ef2091f8861ccfeed508d9aadc55ca71380fcac97c9b57c47d8c7b9fad182e8"
"history_temporal_instability_1min","06_behavioral_dynamics/temporal_instability/1min_based/figures/publication/overview/behavioral_readout_priority_shortlist.pdf","history/temporal_instability/1min","figures/publication/overview/behavioral_readout_priority_shortlist.pdf","ee862c4a97ebb24fc772d58742ddd08211073c3725703e276591515b40bd6869","ready","docs/behavior_output_code_contracts/historical_resolution_readers.csv","6ef2091f8861ccfeed508d9aadc55ca71380fcac97c9b57c47d8c7b9fad182e8"
"history_temporal_instability_1min","06_behavioral_dynamics/temporal_instability/1min_based/figures/publication/overview/behavioral_readout_priority_shortlist.png","history/temporal_instability/1min","figures/publication/overview/behavioral_readout_priority_shortlist.png","9b0da114dbe053d6bc773193274d619aeb3f591c5a65fc6c32967f9a7300a62f","ready","docs/behavior_output_code_contracts/historical_resolution_readers.csv","6ef2091f8861ccfeed508d9aadc55ca71380fcac97c9b57c47d8c7b9fad182e8"
"history_temporal_instability_1min","06_behavioral_dynamics/temporal_instability/1min_based/figures/publication/overview/behavioral_readout_priority_shortlist.svg","history/temporal_instability/1min","figures/publication/overview/behavioral_readout_priority_shortlist.svg","b2d4a559fd44f93e54bd6b213101094087abdc9b4ace99683979df7e626497ca","ready","docs/behavior_output_code_contracts/historical_resolution_readers.csv","6ef2091f8861ccfeed508d9aadc55ca71380fcac97c9b57c47d8c7b9fad182e8"
"history_temporal_instability_1min","06_behavioral_dynamics/temporal_instability/1min_based/figures/publication/overview/delta_effect_size_heatmap_all_metrics.pdf","history/temporal_instability/1min","figures/publication/overview/delta_effect_size_heatmap_all_metrics.pdf","186d1024ae9ab444c88c5a4a65cb1e83fb54020a8dbd05e9b28f4a215fbdd27f","ready","docs/behavior_output_code_contracts/historical_resolution_readers.csv","6ef2091f8861ccfeed508d9aadc55ca71380fcac97c9b57c47d8c7b9fad182e8"
"history_temporal_instability_1min","06_behavioral_dynamics/temporal_instability/1min_based/figures/publication/overview/delta_effect_size_heatmap_all_metrics.png","history/temporal_instability/1min","figures/publication/overview/delta_effect_size_heatmap_all_metrics.png","64935a7201e2c0fee209085ca4c6be6363834252856c41221142f3a7ef6b8977","ready","docs/behavior_output_code_contracts/historical_resolution_readers.csv","6ef2091f8861ccfeed508d9aadc55ca71380fcac97c9b57c47d8c7b9fad182e8"
"history_temporal_instability_1min","06_behavioral_dynamics/temporal_instability/1min_based/figures/publication/overview/delta_effect_size_heatmap_all_metrics.svg","history/temporal_instability/1min","figures/publication/overview/delta_effect_size_heatmap_all_metrics.svg","b950d23fd2ba69dbfed50fef2688892b202995250251806aa8b6e107747bf0e1","ready","docs/behavior_output_code_contracts/historical_resolution_readers.csv","6ef2091f8861ccfeed508d9aadc55ca71380fcac97c9b57c47d8c7b9fad182e8"
"history_temporal_instability_1min","06_behavioral_dynamics/temporal_instability/1min_based/figures/publication/overview/effect_size_heatmap_all_metrics.pdf","history/temporal_instability/1min","figures/publication/overview/effect_size_heatmap_all_metrics.pdf","e6c58556287ec3a39957d8670f2d6d31e8b22526939c12a93463c7c5e7ee9591","ready","docs/behavior_output_code_contracts/historical_resolution_readers.csv","6ef2091f8861ccfeed508d9aadc55ca71380fcac97c9b57c47d8c7b9fad182e8"
"history_temporal_instability_1min","06_behavioral_dynamics/temporal_instability/1min_based/figures/publication/overview/effect_size_heatmap_all_metrics.png","history/temporal_instability/1min","figures/publication/overview/effect_size_heatmap_all_metrics.png","f6403296bed662497155d1dfa64089823552c0c3a12fedd937c87dff828626a5","ready","docs/behavior_output_code_contracts/historical_resolution_readers.csv","6ef2091f8861ccfeed508d9aadc55ca71380fcac97c9b57c47d8c7b9fad182e8"
"history_temporal_instability_1min","06_behavioral_dynamics/temporal_instability/1min_based/figures/publication/overview/effect_size_heatmap_all_metrics.svg","history/temporal_instability/1min","figures/publication/overview/effect_size_heatmap_all_metrics.svg","d4c2bcb0280e1c1bfd95bb495649f407a8ed329bdf791d2b66059fa137fb632e","ready","docs/behavior_output_code_contracts/historical_resolution_readers.csv","6ef2091f8861ccfeed508d9aadc55ca71380fcac97c9b57c47d8c7b9fad182e8"
"history_temporal_instability_1min","06_behavioral_dynamics/temporal_instability/1min_based/figures/publication/panels/panel_a_timeline_metric_schematic.pdf","history/temporal_instability/1min","figures/publication/panels/panel_a_timeline_metric_schematic.pdf","697b990bebdb13e4ef07ed686fa1cd62b364705d057234dc8709fd5ce85a985a","ready","docs/behavior_output_code_contracts/historical_resolution_readers.csv","6ef2091f8861ccfeed508d9aadc55ca71380fcac97c9b57c47d8c7b9fad182e8"
"history_temporal_instability_1min","06_behavioral_dynamics/temporal_instability/1min_based/figures/publication/panels/panel_a_timeline_metric_schematic.png","history/temporal_instability/1min","figures/publication/panels/panel_a_timeline_metric_schematic.png","11f4e7a0b6b052bfffa3d63246fc6dd08e7693c9a6fc09c0a1fd0414281b2f54","ready","docs/behavior_output_code_contracts/historical_resolution_readers.csv","6ef2091f8861ccfeed508d9aadc55ca71380fcac97c9b57c47d8c7b9fad182e8"
"history_temporal_instability_1min","06_behavioral_dynamics/temporal_instability/1min_based/figures/publication/panels/panel_a_timeline_metric_schematic.svg","history/temporal_instability/1min","figures/publication/panels/panel_a_timeline_metric_schematic.svg","d2fb0a7c6ae10c47ac0d833d5fdc09715b628dcf3ca590760811b50d847a8c3b","ready","docs/behavior_output_code_contracts/historical_resolution_readers.csv","6ef2091f8861ccfeed508d9aadc55ca71380fcac97c9b57c47d8c7b9fad182e8"
"history_temporal_instability_1min","06_behavioral_dynamics/temporal_instability/1min_based/figures/publication/panels/panel_b_first_active_rolling_rmssd.pdf","history/temporal_instability/1min","figures/publication/panels/panel_b_first_active_rolling_rmssd.pdf","d6416d2f9fca61bbb3b60f775767f579be7cd8d25129d403e489c8e557d9e950","ready","docs/behavior_output_code_contracts/historical_resolution_readers.csv","6ef2091f8861ccfeed508d9aadc55ca71380fcac97c9b57c47d8c7b9fad182e8"
"history_temporal_instability_1min","06_behavioral_dynamics/temporal_instability/1min_based/figures/publication/panels/panel_b_first_active_rolling_rmssd.png","history/temporal_instability/1min","figures/publication/panels/panel_b_first_active_rolling_rmssd.png","3af664b60f670e3f0ae21b6e6ae5cfa68184b3574688cf65c4ff2544093b099f","ready","docs/behavior_output_code_contracts/historical_resolution_readers.csv","6ef2091f8861ccfeed508d9aadc55ca71380fcac97c9b57c47d8c7b9fad182e8"
"history_temporal_instability_1min","06_behavioral_dynamics/temporal_instability/1min_based/figures/publication/panels/panel_b_first_active_rolling_rmssd.svg","history/temporal_instability/1min","figures/publication/panels/panel_b_first_active_rolling_rmssd.svg","8c07cf201e71c123622fc93d2e97039a15ad3f6014670f09a6057fdad2c19147","ready","docs/behavior_output_code_contracts/historical_resolution_readers.csv","6ef2091f8861ccfeed508d9aadc55ca71380fcac97c9b57c47d8c7b9fad182e8"
"history_temporal_instability_1min","06_behavioral_dynamics/temporal_instability/1min_based/figures/publication/panels/panel_c_cage_change_rmssd_trajectory.pdf","history/temporal_instability/1min","figures/publication/panels/panel_c_cage_change_rmssd_trajectory.pdf","393834f7713b2756eb6ba8bde79a35b4fce1c0d2c178419a9ff003efc46120c8","ready","docs/behavior_output_code_contracts/historical_resolution_readers.csv","6ef2091f8861ccfeed508d9aadc55ca71380fcac97c9b57c47d8c7b9fad182e8"
"history_temporal_instability_1min","06_behavioral_dynamics/temporal_instability/1min_based/figures/publication/panels/panel_c_cage_change_rmssd_trajectory.png","history/temporal_instability/1min","figures/publication/panels/panel_c_cage_change_rmssd_trajectory.png","09432359c741f9a530d862a6c407412bea6b51354a2325ee1cac7cd1d9a3ea71","ready","docs/behavior_output_code_contracts/historical_resolution_readers.csv","6ef2091f8861ccfeed508d9aadc55ca71380fcac97c9b57c47d8c7b9fad182e8"
"history_temporal_instability_1min","06_behavioral_dynamics/temporal_instability/1min_based/figures/publication/panels/panel_c_cage_change_rmssd_trajectory.svg","history/temporal_instability/1min","figures/publication/panels/panel_c_cage_change_rmssd_trajectory.svg","828448d8bb48415ff2dbcad44ccb53e1a4a5f2212fa5712ace7026ef9ee2f0d6","ready","docs/behavior_output_code_contracts/historical_resolution_readers.csv","6ef2091f8861ccfeed508d9aadc55ca71380fcac97c9b57c47d8c7b9fad182e8"
"history_temporal_instability_1min","06_behavioral_dynamics/temporal_instability/1min_based/figures/publication/panels/panel_d_delta_rmssd_from_first_cage_change.pdf","history/temporal_instability/1min","figures/publication/panels/panel_d_delta_rmssd_from_first_cage_change.pdf","86c068ae02d934805688a49d85baa2297263c5b55198482e39c83a0ebd5ca084","ready","docs/behavior_output_code_contracts/historical_resolution_readers.csv","6ef2091f8861ccfeed508d9aadc55ca71380fcac97c9b57c47d8c7b9fad182e8"
"history_temporal_instability_1min","06_behavioral_dynamics/temporal_instability/1min_based/figures/publication/panels/panel_d_delta_rmssd_from_first_cage_change.png","history/temporal_instability/1min","figures/publication/panels/panel_d_delta_rmssd_from_first_cage_change.png","9636c110dc037d806ca2d18237583ad634e00917f30a23e73437d57d2e146204","ready","docs/behavior_output_code_contracts/historical_resolution_readers.csv","6ef2091f8861ccfeed508d9aadc55ca71380fcac97c9b57c47d8c7b9fad182e8"
"history_temporal_instability_1min","06_behavioral_dynamics/temporal_instability/1min_based/figures/publication/panels/panel_d_delta_rmssd_from_first_cage_change.svg","history/temporal_instability/1min","figures/publication/panels/panel_d_delta_rmssd_from_first_cage_change.svg","07bd35e8fb0b512ff421d7c8ddb6caa8bb3608d350606d536e16685e758a5ef4","ready","docs/behavior_output_code_contracts/historical_resolution_readers.csv","6ef2091f8861ccfeed508d9aadc55ca71380fcac97c9b57c47d8c7b9fad182e8"
"history_temporal_instability_1min","06_behavioral_dynamics/temporal_instability/1min_based/figures/publication/panels/panel_e_pairwise_contrast_forest.pdf","history/temporal_instability/1min","figures/publication/panels/panel_e_pairwise_contrast_forest.pdf","59ae78a26653599edfcd79734681517d25f349465d78dbda320ec390d396b526","ready","docs/behavior_output_code_contracts/historical_resolution_readers.csv","6ef2091f8861ccfeed508d9aadc55ca71380fcac97c9b57c47d8c7b9fad182e8"
"history_temporal_instability_1min","06_behavioral_dynamics/temporal_instability/1min_based/figures/publication/panels/panel_e_pairwise_contrast_forest.png","history/temporal_instability/1min","figures/publication/panels/panel_e_pairwise_contrast_forest.png","cf69a55a7eccc7f92498028af77e55cb413a8fc3c5b152ecaa5416a8fecc8a5b","ready","docs/behavior_output_code_contracts/historical_resolution_readers.csv","6ef2091f8861ccfeed508d9aadc55ca71380fcac97c9b57c47d8c7b9fad182e8"
"history_temporal_instability_1min","06_behavioral_dynamics/temporal_instability/1min_based/figures/publication/panels/panel_e_pairwise_contrast_forest.svg","history/temporal_instability/1min","figures/publication/panels/panel_e_pairwise_contrast_forest.svg","e0a13780239b03a02db19f2fc8cd8e13e32a9f682e32e019c995b4068f0800a1","ready","docs/behavior_output_code_contracts/historical_resolution_readers.csv","6ef2091f8861ccfeed508d9aadc55ca71380fcac97c9b57c47d8c7b9fad182e8"
"history_temporal_instability_1min","06_behavioral_dynamics/temporal_instability/1min_based/figures/supplementary_all_metrics/acf1_all_metrics_group_comparison.pdf","history/temporal_instability/1min","figures/supplementary_all_metrics/acf1_all_metrics_group_comparison.pdf","1d4f3d373591c39c7f69053c87bf23f94a3431e555aaad344ebae02d11fc91eb","ready","docs/behavior_output_code_contracts/historical_resolution_readers.csv","6ef2091f8861ccfeed508d9aadc55ca71380fcac97c9b57c47d8c7b9fad182e8"
"history_temporal_instability_1min","06_behavioral_dynamics/temporal_instability/1min_based/figures/supplementary_all_metrics/acf1_all_metrics_group_comparison.png","history/temporal_instability/1min","figures/supplementary_all_metrics/acf1_all_metrics_group_comparison.png","cffa2dd9e0d30bcc21ad0d9e6db91906e250af097b5f16f2fec6201be34d8b74","ready","docs/behavior_output_code_contracts/historical_resolution_readers.csv","6ef2091f8861ccfeed508d9aadc55ca71380fcac97c9b57c47d8c7b9fad182e8"
"history_temporal_instability_1min","06_behavioral_dynamics/temporal_instability/1min_based/figures/supplementary_all_metrics/acf1_all_metrics_group_comparison.svg","history/temporal_instability/1min","figures/supplementary_all_metrics/acf1_all_metrics_group_comparison.svg","ac205579f07fb5474850fcf8c64f69fe47ecbf7531a50f8ae3c1c06ed9e612a4","ready","docs/behavior_output_code_contracts/historical_resolution_readers.csv","6ef2091f8861ccfeed508d9aadc55ca71380fcac97c9b57c47d8c7b9fad182e8"
"history_temporal_instability_1min","06_behavioral_dynamics/temporal_instability/1min_based/figures/supplementary_all_metrics/cv_all_metrics_group_comparison.pdf","history/temporal_instability/1min","figures/supplementary_all_metrics/cv_all_metrics_group_comparison.pdf","62287448c7a58832f346e38a25243a11a661b9f14b0c5a041a16258280bd91be","ready","docs/behavior_output_code_contracts/historical_resolution_readers.csv","6ef2091f8861ccfeed508d9aadc55ca71380fcac97c9b57c47d8c7b9fad182e8"
"history_temporal_instability_1min","06_behavioral_dynamics/temporal_instability/1min_based/figures/supplementary_all_metrics/cv_all_metrics_group_comparison.png","history/temporal_instability/1min","figures/supplementary_all_metrics/cv_all_metrics_group_comparison.png","d1ad2ccb311ca93df2d56cbb5514cb4f874420ad5e48a2d54e8c052419e0c7ea","ready","docs/behavior_output_code_contracts/historical_resolution_readers.csv","6ef2091f8861ccfeed508d9aadc55ca71380fcac97c9b57c47d8c7b9fad182e8"
"history_temporal_instability_1min","06_behavioral_dynamics/temporal_instability/1min_based/figures/supplementary_all_metrics/cv_all_metrics_group_comparison.svg","history/temporal_instability/1min","figures/supplementary_all_metrics/cv_all_metrics_group_comparison.svg","a181ee9bb4837a4358b36248672ecb3eea0dc634b88075712ace609d88a17fbf","ready","docs/behavior_output_code_contracts/historical_resolution_readers.csv","6ef2091f8861ccfeed508d9aadc55ca71380fcac97c9b57c47d8c7b9fad182e8"
"history_temporal_instability_1min","06_behavioral_dynamics/temporal_instability/1min_based/figures/supplementary_all_metrics/fano_all_metrics_group_comparison.pdf","history/temporal_instability/1min","figures/supplementary_all_metrics/fano_all_metrics_group_comparison.pdf","53d95fe30b977b685f2ddb266af29c8490738e72d2e21a2e8b73394e9650678d","ready","docs/behavior_output_code_contracts/historical_resolution_readers.csv","6ef2091f8861ccfeed508d9aadc55ca71380fcac97c9b57c47d8c7b9fad182e8"
"history_temporal_instability_1min","06_behavioral_dynamics/temporal_instability/1min_based/figures/supplementary_all_metrics/fano_all_metrics_group_comparison.png","history/temporal_instability/1min","figures/supplementary_all_metrics/fano_all_metrics_group_comparison.png","4fc218c1e84afd5af25cc0227102b9ddc75415911e6d90fe40a70cf2ccd33c5f","ready","docs/behavior_output_code_contracts/historical_resolution_readers.csv","6ef2091f8861ccfeed508d9aadc55ca71380fcac97c9b57c47d8c7b9fad182e8"
"history_temporal_instability_1min","06_behavioral_dynamics/temporal_instability/1min_based/figures/supplementary_all_metrics/fano_all_metrics_group_comparison.svg","history/temporal_instability/1min","figures/supplementary_all_metrics/fano_all_metrics_group_comparison.svg","3f32cb9373f2dde2102169db52f72e1475c8cd9d7785cdbe7dc7b3202131a42d","ready","docs/behavior_output_code_contracts/historical_resolution_readers.csv","6ef2091f8861ccfeed508d9aadc55ca71380fcac97c9b57c47d8c7b9fad182e8"
"history_temporal_instability_1min","06_behavioral_dynamics/temporal_instability/1min_based/figures/supplementary_all_metrics/rmssd_all_metrics_group_comparison.pdf","history/temporal_instability/1min","figures/supplementary_all_metrics/rmssd_all_metrics_group_comparison.pdf","bb6bd5e784ee0dab6b4f2b6fcd95999c7092467aa258a51a003d903df9263c13","ready","docs/behavior_output_code_contracts/historical_resolution_readers.csv","6ef2091f8861ccfeed508d9aadc55ca71380fcac97c9b57c47d8c7b9fad182e8"
"history_temporal_instability_1min","06_behavioral_dynamics/temporal_instability/1min_based/figures/supplementary_all_metrics/rmssd_all_metrics_group_comparison.png","history/temporal_instability/1min","figures/supplementary_all_metrics/rmssd_all_metrics_group_comparison.png","b811f1e6b093662ef26a4d809af5b83d6017db92183c97b8ed1704cdcda846c3","ready","docs/behavior_output_code_contracts/historical_resolution_readers.csv","6ef2091f8861ccfeed508d9aadc55ca71380fcac97c9b57c47d8c7b9fad182e8"
"history_temporal_instability_1min","06_behavioral_dynamics/temporal_instability/1min_based/figures/supplementary_all_metrics/rmssd_all_metrics_group_comparison.svg","history/temporal_instability/1min","figures/supplementary_all_metrics/rmssd_all_metrics_group_comparison.svg","65a82134939754597d77ea5cef678711faa1faf72ccee9304a4bdba66c8af990","ready","docs/behavior_output_code_contracts/historical_resolution_readers.csv","6ef2091f8861ccfeed508d9aadc55ca71380fcac97c9b57c47d8c7b9fad182e8"
"history_temporal_instability_1min","06_behavioral_dynamics/temporal_instability/1min_based/figures/supplementary_all_metrics/rolling_rmssd_all_metrics_timecourse.pdf","history/temporal_instability/1min","figures/supplementary_all_metrics/rolling_rmssd_all_metrics_timecourse.pdf","7027efac3aedf6838ea5cee1856c91dca8b02e77ca41a185974287bf2ed37f63","ready","docs/behavior_output_code_contracts/historical_resolution_readers.csv","6ef2091f8861ccfeed508d9aadc55ca71380fcac97c9b57c47d8c7b9fad182e8"
"history_temporal_instability_1min","06_behavioral_dynamics/temporal_instability/1min_based/figures/supplementary_all_metrics/rolling_rmssd_all_metrics_timecourse.png","history/temporal_instability/1min","figures/supplementary_all_metrics/rolling_rmssd_all_metrics_timecourse.png","f6955ae62523e00371dbb191b78bb6a46c93a0fe3088bd5350b419817874f3b0","ready","docs/behavior_output_code_contracts/historical_resolution_readers.csv","6ef2091f8861ccfeed508d9aadc55ca71380fcac97c9b57c47d8c7b9fad182e8"
"history_temporal_instability_1min","06_behavioral_dynamics/temporal_instability/1min_based/figures/supplementary_all_metrics/rolling_rmssd_all_metrics_timecourse.svg","history/temporal_instability/1min","figures/supplementary_all_metrics/rolling_rmssd_all_metrics_timecourse.svg","694053557e0412e40a9ea87d4de60a2cf2d27d6b4b3a52e796389117cb9fc07f","ready","docs/behavior_output_code_contracts/historical_resolution_readers.csv","6ef2091f8861ccfeed508d9aadc55ca71380fcac97c9b57c47d8c7b9fad182e8"
"history_temporal_instability_1min","06_behavioral_dynamics/temporal_instability/1min_based/stats_tables/delta_from_first_cage_change_instability_duration_sensitivity_consistency.csv","history/temporal_instability/1min","stats_tables/delta_from_first_cage_change_instability_duration_sensitivity_consistency.csv","2f05f1e6c05b78a345ab0db47ae184a25f56147bcd4f8a2d98ee9f97a6cf7202","ready","docs/behavior_output_code_contracts/historical_resolution_readers.csv","6ef2091f8861ccfeed508d9aadc55ca71380fcac97c9b57c47d8c7b9fad182e8"
"history_temporal_instability_1min","06_behavioral_dynamics/temporal_instability/1min_based/stats_tables/delta_from_first_cage_change_instability_duration_sensitivity_group_contrasts.csv","history/temporal_instability/1min","stats_tables/delta_from_first_cage_change_instability_duration_sensitivity_group_contrasts.csv","db08c19008f8446f256755d88f11a3f0fa9f43834e6220769ba6b5fba65aefd8","ready","docs/behavior_output_code_contracts/historical_resolution_readers.csv","6ef2091f8861ccfeed508d9aadc55ca71380fcac97c9b57c47d8c7b9fad182e8"
"history_temporal_instability_1min","06_behavioral_dynamics/temporal_instability/1min_based/stats_tables/delta_from_first_cage_change_instability_duration_sensitivity_group_summary.csv","history/temporal_instability/1min","stats_tables/delta_from_first_cage_change_instability_duration_sensitivity_group_summary.csv","db1ffb3c401f0fafce71952f6260fb46968611a2c68cda2173ca5b6aa61bf943","ready","docs/behavior_output_code_contracts/historical_resolution_readers.csv","6ef2091f8861ccfeed508d9aadc55ca71380fcac97c9b57c47d8c7b9fad182e8"
"history_temporal_instability_1min","06_behavioral_dynamics/temporal_instability/1min_based/stats_tables/delta_from_first_cage_change_instability_group_contrasts.csv","history/temporal_instability/1min","stats_tables/delta_from_first_cage_change_instability_group_contrasts.csv","0bc0dbbc188217e2395b8d7b0b80d26033c19e5ba682f3a5e811adf6142844b9","ready","docs/behavior_output_code_contracts/historical_resolution_readers.csv","6ef2091f8861ccfeed508d9aadc55ca71380fcac97c9b57c47d8c7b9fad182e8"
"history_temporal_instability_1min","06_behavioral_dynamics/temporal_instability/1min_based/stats_tables/delta_from_first_cage_change_instability_group_summary.csv","history/temporal_instability/1min","stats_tables/delta_from_first_cage_change_instability_group_summary.csv","04779dac08d8afa9a2100294b4a9d8b1bc0370babf30b5c7bfa11b8d676aae39","ready","docs/behavior_output_code_contracts/historical_resolution_readers.csv","6ef2091f8861ccfeed508d9aadc55ca71380fcac97c9b57c47d8c7b9fad182e8"
"history_temporal_instability_1min","06_behavioral_dynamics/temporal_instability/1min_based/stats_tables/first_active_first_cage_change_instability_duration_sensitivity_consistency.csv","history/temporal_instability/1min","stats_tables/first_active_first_cage_change_instability_duration_sensitivity_consistency.csv","8395f344dff738503575c559095ea2d9aba5f47f754273c71aaf5ea2d7db54ba","ready","docs/behavior_output_code_contracts/historical_resolution_readers.csv","6ef2091f8861ccfeed508d9aadc55ca71380fcac97c9b57c47d8c7b9fad182e8"
"history_temporal_instability_1min","06_behavioral_dynamics/temporal_instability/1min_based/stats_tables/first_active_first_cage_change_instability_duration_sensitivity_group_contrasts.csv","history/temporal_instability/1min","stats_tables/first_active_first_cage_change_instability_duration_sensitivity_group_contrasts.csv","120fc9844895ccf6b515a165e65b6bca29da4c6118339a6ce849fbf35c6fe4f0","ready","docs/behavior_output_code_contracts/historical_resolution_readers.csv","6ef2091f8861ccfeed508d9aadc55ca71380fcac97c9b57c47d8c7b9fad182e8"
"history_temporal_instability_1min","06_behavioral_dynamics/temporal_instability/1min_based/stats_tables/first_active_first_cage_change_instability_duration_sensitivity_group_summary.csv","history/temporal_instability/1min","stats_tables/first_active_first_cage_change_instability_duration_sensitivity_group_summary.csv","c91ec571f238e4b6994da74589861f10d6ce7aabda88c086c6901f96d9e82291","ready","docs/behavior_output_code_contracts/historical_resolution_readers.csv","6ef2091f8861ccfeed508d9aadc55ca71380fcac97c9b57c47d8c7b9fad182e8"
"history_temporal_instability_1min","06_behavioral_dynamics/temporal_instability/1min_based/stats_tables/first_active_first_cage_change_instability_group_contrasts.csv","history/temporal_instability/1min","stats_tables/first_active_first_cage_change_instability_group_contrasts.csv","77793d3598413170958e26356bc4a133f9fd30cf3b4b4b1a6a09946d4d050d59","ready","docs/behavior_output_code_contracts/historical_resolution_readers.csv","6ef2091f8861ccfeed508d9aadc55ca71380fcac97c9b57c47d8c7b9fad182e8"
"history_temporal_instability_1min","06_behavioral_dynamics/temporal_instability/1min_based/stats_tables/first_active_first_cage_change_instability_group_summary.csv","history/temporal_instability/1min","stats_tables/first_active_first_cage_change_instability_group_summary.csv","7bcf078c85d5f916ff688e9d1b89a9dcb5ce479bd72a69e24f5ca7a7375bbc89","ready","docs/behavior_output_code_contracts/historical_resolution_readers.csv","6ef2091f8861ccfeed508d9aadc55ca71380fcac97c9b57c47d8c7b9fad182e8"
"history_temporal_instability_1min","06_behavioral_dynamics/temporal_instability/1min_based/stats_tables/overall_cage_change_phase_instability_duration_sensitivity_consistency.csv","history/temporal_instability/1min","stats_tables/overall_cage_change_phase_instability_duration_sensitivity_consistency.csv","77c960a496e49168724220dab7ddd5b92b7b1fae86a912d71815d18c503e914a","ready","docs/behavior_output_code_contracts/historical_resolution_readers.csv","6ef2091f8861ccfeed508d9aadc55ca71380fcac97c9b57c47d8c7b9fad182e8"
"history_temporal_instability_1min","06_behavioral_dynamics/temporal_instability/1min_based/stats_tables/overall_cage_change_phase_instability_duration_sensitivity_group_contrasts.csv","history/temporal_instability/1min","stats_tables/overall_cage_change_phase_instability_duration_sensitivity_group_contrasts.csv","0dcc0af7b194df023123c6042cce08758c2447c74692ae9f8a4b0f856b55887f","ready","docs/behavior_output_code_contracts/historical_resolution_readers.csv","6ef2091f8861ccfeed508d9aadc55ca71380fcac97c9b57c47d8c7b9fad182e8"
"history_temporal_instability_1min","06_behavioral_dynamics/temporal_instability/1min_based/stats_tables/overall_cage_change_phase_instability_duration_sensitivity_group_summary.csv","history/temporal_instability/1min","stats_tables/overall_cage_change_phase_instability_duration_sensitivity_group_summary.csv","e88ed9d7f9cd56742b57568a87802debf85a28385ff31a0f5bd8d5424d5579f5","ready","docs/behavior_output_code_contracts/historical_resolution_readers.csv","6ef2091f8861ccfeed508d9aadc55ca71380fcac97c9b57c47d8c7b9fad182e8"
"history_temporal_instability_1min","06_behavioral_dynamics/temporal_instability/1min_based/stats_tables/overall_cage_change_phase_instability_group_contrasts.csv","history/temporal_instability/1min","stats_tables/overall_cage_change_phase_instability_group_contrasts.csv","965ad0f95d3519dbbaf843d51c1686698b934dca6a737cd2c7521b868c68e994","ready","docs/behavior_output_code_contracts/historical_resolution_readers.csv","6ef2091f8861ccfeed508d9aadc55ca71380fcac97c9b57c47d8c7b9fad182e8"
"history_temporal_instability_1min","06_behavioral_dynamics/temporal_instability/1min_based/stats_tables/overall_cage_change_phase_instability_group_summary.csv","history/temporal_instability/1min","stats_tables/overall_cage_change_phase_instability_group_summary.csv","66de6361fac898f17ef617eea13cbc20403594faf3b067fc9074a64f9911ce00","ready","docs/behavior_output_code_contracts/historical_resolution_readers.csv","6ef2091f8861ccfeed508d9aadc55ca71380fcac97c9b57c47d8c7b9fad182e8"
"history_temporal_instability_1min","06_behavioral_dynamics/temporal_instability/1min_based/tables/behavioral_finding_priority_all_tests.csv","history/temporal_instability/1min","tables/behavioral_finding_priority_all_tests.csv","b056d094fa79933127af54bdd76efc3033c2bc1e9f9e71ab83472a25f1c39a62","ready","docs/behavior_output_code_contracts/historical_resolution_readers.csv","6ef2091f8861ccfeed508d9aadc55ca71380fcac97c9b57c47d8c7b9fad182e8"
"history_temporal_instability_1min","06_behavioral_dynamics/temporal_instability/1min_based/tables/behavioral_finding_priority_shortlist.csv","history/temporal_instability/1min","tables/behavioral_finding_priority_shortlist.csv","1efad78197b5646f5e0b083c9362ad7f05e2df1658a51a936b32e26ba4a18a18","ready","docs/behavior_output_code_contracts/historical_resolution_readers.csv","6ef2091f8861ccfeed508d9aadc55ca71380fcac97c9b57c47d8c7b9fad182e8"
"history_temporal_instability_1min","06_behavioral_dynamics/temporal_instability/1min_based/tables/behavioral_key_patterns.csv","history/temporal_instability/1min","tables/behavioral_key_patterns.csv","aa92ffac894852a5e953ec625ad3e24106744305a292c615be708dd4bdca104c","ready","docs/behavior_output_code_contracts/historical_resolution_readers.csv","6ef2091f8861ccfeed508d9aadc55ca71380fcac97c9b57c47d8c7b9fad182e8"
"history_temporal_instability_1min","06_behavioral_dynamics/temporal_instability/1min_based/tables/behavioral_pattern_classification.csv","history/temporal_instability/1min","tables/behavioral_pattern_classification.csv","166a31d9aa9f3092c53d4b08c47737c0496a0700301ea42e6904053bf17eb267","ready","docs/behavior_output_code_contracts/historical_resolution_readers.csv","6ef2091f8861ccfeed508d9aadc55ca71380fcac97c9b57c47d8c7b9fad182e8"
"history_temporal_instability_1min","06_behavioral_dynamics/temporal_instability/1min_based/tables/behavioral_readout_definitions.csv","history/temporal_instability/1min","tables/behavioral_readout_definitions.csv","697c349227106f2802ac20eeb1b88b4d68a63af15c5e671caa66a746f265c2d5","ready","docs/behavior_output_code_contracts/historical_resolution_readers.csv","6ef2091f8861ccfeed508d9aadc55ca71380fcac97c9b57c47d8c7b9fad182e8"
"history_temporal_instability_1min","06_behavioral_dynamics/temporal_instability/1min_based/tables/cage_change_delta_instability_all_metrics.csv","history/temporal_instability/1min","tables/cage_change_delta_instability_all_metrics.csv","1a0215b99a2386dc785e352e71178655bad2eb0491d462c93c8547ad6ce039f7","ready","docs/behavior_output_code_contracts/historical_resolution_readers.csv","6ef2091f8861ccfeed508d9aadc55ca71380fcac97c9b57c47d8c7b9fad182e8"
"history_temporal_instability_1min","06_behavioral_dynamics/temporal_instability/1min_based/tables/cage_change_delta_instability_primary_movement.csv","history/temporal_instability/1min","tables/cage_change_delta_instability_primary_movement.csv","a8c68e7d01ceb2e07c9524aebc566407d3659a49ad378530a054d45f269484e7","ready","docs/behavior_output_code_contracts/historical_resolution_readers.csv","6ef2091f8861ccfeed508d9aadc55ca71380fcac97c9b57c47d8c7b9fad182e8"
"history_temporal_instability_1min","06_behavioral_dynamics/temporal_instability/1min_based/tables/epoch_duration_qc.csv","history/temporal_instability/1min","tables/epoch_duration_qc.csv","72af9c928ee0e95a9e5d1b015e73104375eb87e6713efd2046e1f1feff33f580","ready","docs/behavior_output_code_contracts/historical_resolution_readers.csv","6ef2091f8861ccfeed508d9aadc55ca71380fcac97c9b57c47d8c7b9fad182e8"
"history_temporal_instability_1min","06_behavioral_dynamics/temporal_instability/1min_based/tables/first_active_first_cage_change_instability_all_metrics.csv","history/temporal_instability/1min","tables/first_active_first_cage_change_instability_all_metrics.csv","6eb21209a40e792832b3f000aa2fee5e5afd1f23792063b9244e8f2585479f6a","ready","docs/behavior_output_code_contracts/historical_resolution_readers.csv","6ef2091f8861ccfeed508d9aadc55ca71380fcac97c9b57c47d8c7b9fad182e8"
"history_temporal_instability_1min","06_behavioral_dynamics/temporal_instability/1min_based/tables/first_active_first_cage_change_instability_primary_movement.csv","history/temporal_instability/1min","tables/first_active_first_cage_change_instability_primary_movement.csv","fa849d9b7c49fb6ddb84d4a26c4ee85030d41f762fc0cf0757439cc6f246ef86","ready","docs/behavior_output_code_contracts/historical_resolution_readers.csv","6ef2091f8861ccfeed508d9aadc55ca71380fcac97c9b57c47d8c7b9fad182e8"
"history_temporal_instability_1min","06_behavioral_dynamics/temporal_instability/1min_based/tables/first_active_first_cage_change_rolling_instability_all_metrics.csv","history/temporal_instability/1min","tables/first_active_first_cage_change_rolling_instability_all_metrics.csv","b452d7f3778ef98a612eb939a6e35390c50f9e2629e3f0ac12a01fae4e4832a1","ready","docs/behavior_output_code_contracts/historical_resolution_readers.csv","6ef2091f8861ccfeed508d9aadc55ca71380fcac97c9b57c47d8c7b9fad182e8"
"history_temporal_instability_1min","06_behavioral_dynamics/temporal_instability/1min_based/tables/first_active_first_cage_change_timecourse_all_metrics.csv","history/temporal_instability/1min","tables/first_active_first_cage_change_timecourse_all_metrics.csv","2c8de8c063d88cc5f8602ebde2746a859252a5213ecc98d6d3f9e775fe70f95e","ready","docs/behavior_output_code_contracts/historical_resolution_readers.csv","6ef2091f8861ccfeed508d9aadc55ca71380fcac97c9b57c47d8c7b9fad182e8"
"history_temporal_instability_1min","06_behavioral_dynamics/temporal_instability/1min_based/tables/publication_cage_change_rmssd_summary.csv","history/temporal_instability/1min","tables/publication_cage_change_rmssd_summary.csv","0d33f296b120ff447d05038cca6eec7da0909614a34316e324d1d3699dd25b46","ready","docs/behavior_output_code_contracts/historical_resolution_readers.csv","6ef2091f8861ccfeed508d9aadc55ca71380fcac97c9b57c47d8c7b9fad182e8"
"history_temporal_instability_1min","06_behavioral_dynamics/temporal_instability/1min_based/tables/publication_delta_effect_size_heatmap_data.csv","history/temporal_instability/1min","tables/publication_delta_effect_size_heatmap_data.csv","7f868b13c2d10125ef1e9868a2213b4e8fd2a17df4b5959058bb2a7190b25bfc","ready","docs/behavior_output_code_contracts/historical_resolution_readers.csv","6ef2091f8861ccfeed508d9aadc55ca71380fcac97c9b57c47d8c7b9fad182e8"
"history_temporal_instability_1min","06_behavioral_dynamics/temporal_instability/1min_based/tables/publication_delta_rmssd_summary.csv","history/temporal_instability/1min","tables/publication_delta_rmssd_summary.csv","ebab06ee3ffa1bb7da116d67f6c47989d25fce9a1e8d4fefeaee136603ac8acf","ready","docs/behavior_output_code_contracts/historical_resolution_readers.csv","6ef2091f8861ccfeed508d9aadc55ca71380fcac97c9b57c47d8c7b9fad182e8"
"history_temporal_instability_1min","06_behavioral_dynamics/temporal_instability/1min_based/tables/publication_first_active_rolling_rmssd_summary.csv","history/temporal_instability/1min","tables/publication_first_active_rolling_rmssd_summary.csv","822f152b2d899024f4884ec71fd9a5a66c6836612c47f1cb3b71f529a4d90725","ready","docs/behavior_output_code_contracts/historical_resolution_readers.csv","6ef2091f8861ccfeed508d9aadc55ca71380fcac97c9b57c47d8c7b9fad182e8"
"history_temporal_instability_1min","06_behavioral_dynamics/temporal_instability/1min_based/tables/publication_instability_effect_size_heatmap_data.csv","history/temporal_instability/1min","tables/publication_instability_effect_size_heatmap_data.csv","78173dc7339bd83118b74dcb3af97678112d66bc91b82ae8b87459bd22e22c22","ready","docs/behavior_output_code_contracts/historical_resolution_readers.csv","6ef2091f8861ccfeed508d9aadc55ca71380fcac97c9b57c47d8c7b9fad182e8"
"history_temporal_instability_1min","06_behavioral_dynamics/temporal_instability/1min_based/tables/publication_pairwise_contrast_forest_data.csv","history/temporal_instability/1min","tables/publication_pairwise_contrast_forest_data.csv","0e10e3a2a101a314ba64a3991ee21bd8c5af767d5c928246a4184d8b4691f3a2","ready","docs/behavior_output_code_contracts/historical_resolution_readers.csv","6ef2091f8861ccfeed508d9aadc55ca71380fcac97c9b57c47d8c7b9fad182e8"
"history_temporal_instability_1min","06_behavioral_dynamics/temporal_instability/1min_based/tables/publication_phase_timing_map.csv","history/temporal_instability/1min","tables/publication_phase_timing_map.csv","3c92ee3414a580d4f345564fdaa9bcaa47a000171bed511946b1fc9eba18dcf0","ready","docs/behavior_output_code_contracts/historical_resolution_readers.csv","6ef2091f8861ccfeed508d9aadc55ca71380fcac97c9b57c47d8c7b9fad182e8"
"history_temporal_instability_1min","06_behavioral_dynamics/temporal_instability/1min_based/tables/publication_stress_model_comparisons.csv","history/temporal_instability/1min","tables/publication_stress_model_comparisons.csv","1b16b3b7d3f4e33c34548100c539073fd9dc8cf39341cd1889c0327bdb72c811","ready","docs/behavior_output_code_contracts/historical_resolution_readers.csv","6ef2091f8861ccfeed508d9aadc55ca71380fcac97c9b57c47d8c7b9fad182e8"
"history_temporal_instability_1min","06_behavioral_dynamics/temporal_instability/1min_based/tables/publication_stress_model_timing_map.csv","history/temporal_instability/1min","tables/publication_stress_model_timing_map.csv","7a06c6c941b7bf65a4202b77dd75d1f339b62751c38f3640d8f0157bdaba2a0e","ready","docs/behavior_output_code_contracts/historical_resolution_readers.csv","6ef2091f8861ccfeed508d9aadc55ca71380fcac97c9b57c47d8c7b9fad182e8"
"history_temporal_instability_1min","06_behavioral_dynamics/temporal_instability/1min_based/tables/rolling_instability_metrics_all_metrics.csv","history/temporal_instability/1min","tables/rolling_instability_metrics_all_metrics.csv","89af848573faa61fdaa6f901d3dec4c0842eaa04a34b68398f21cd30a66e518c","ready","docs/behavior_output_code_contracts/historical_resolution_readers.csv","6ef2091f8861ccfeed508d9aadc55ca71380fcac97c9b57c47d8c7b9fad182e8"
"history_temporal_instability_1min","06_behavioral_dynamics/temporal_instability/1min_based/tables/rolling_instability_metrics_primary_movement.csv","history/temporal_instability/1min","tables/rolling_instability_metrics_primary_movement.csv","d15347559c98b4e3cf6223ab3e08fc1576017c527028f7c8104a1760d1ce5672","ready","docs/behavior_output_code_contracts/historical_resolution_readers.csv","6ef2091f8861ccfeed508d9aadc55ca71380fcac97c9b57c47d8c7b9fad182e8"
"history_temporal_instability_1min","06_behavioral_dynamics/temporal_instability/1min_based/tables/temporal_instability_group_summary_all_metrics.csv","history/temporal_instability/1min","tables/temporal_instability_group_summary_all_metrics.csv","ca039d448e342b25ec9ca989352fdb3c7219ba000756f98a8483847d6538eef9","ready","docs/behavior_output_code_contracts/historical_resolution_readers.csv","6ef2091f8861ccfeed508d9aadc55ca71380fcac97c9b57c47d8c7b9fad182e8"
"history_temporal_instability_1min","06_behavioral_dynamics/temporal_instability/1min_based/tables/temporal_instability_group_summary_primary_movement.csv","history/temporal_instability/1min","tables/temporal_instability_group_summary_primary_movement.csv","4256dcbf08eaf5442bdc7c9cb825d5eaa2e081935948a10941fd2a54ec84a760","ready","docs/behavior_output_code_contracts/historical_resolution_readers.csv","6ef2091f8861ccfeed508d9aadc55ca71380fcac97c9b57c47d8c7b9fad182e8"
"history_temporal_instability_1min","06_behavioral_dynamics/temporal_instability/1min_based/tables/temporal_instability_metrics_per_animal_all_metrics_duration_tagged_full.csv","history/temporal_instability/1min","tables/temporal_instability_metrics_per_animal_all_metrics_duration_tagged_full.csv","ec16d6db5695c9f7015573308ebe592735c1141bfe98252aa6d4467f0674ba7d","ready","docs/behavior_output_code_contracts/historical_resolution_readers.csv","6ef2091f8861ccfeed508d9aadc55ca71380fcac97c9b57c47d8c7b9fad182e8"
"history_temporal_instability_1min","06_behavioral_dynamics/temporal_instability/1min_based/tables/temporal_instability_metrics_per_animal_all_metrics_excluding_short_duration.csv","history/temporal_instability/1min","tables/temporal_instability_metrics_per_animal_all_metrics_excluding_short_duration.csv","7fe58be863a6712375607b5197dee9f11755cc92d019ef86bd10679258e48fba","ready","docs/behavior_output_code_contracts/historical_resolution_readers.csv","6ef2091f8861ccfeed508d9aadc55ca71380fcac97c9b57c47d8c7b9fad182e8"
"history_temporal_instability_1min","06_behavioral_dynamics/temporal_instability/1min_based/tables/temporal_instability_metrics_per_animal_all_metrics.csv","history/temporal_instability/1min","tables/temporal_instability_metrics_per_animal_all_metrics.csv","ce06c2e0d75250541556873cf5d87cd29720d85f6f4b3668ee248205cdf0c636","ready","docs/behavior_output_code_contracts/historical_resolution_readers.csv","6ef2091f8861ccfeed508d9aadc55ca71380fcac97c9b57c47d8c7b9fad182e8"
"history_temporal_instability_1min","06_behavioral_dynamics/temporal_instability/1min_based/tables/temporal_instability_metrics_per_animal_primary_movement.csv","history/temporal_instability/1min","tables/temporal_instability_metrics_per_animal_primary_movement.csv","c489c7430b409c3a5b6c13db46e6ed8ccb8b8024b6b8719a01746f27af633484","ready","docs/behavior_output_code_contracts/historical_resolution_readers.csv","6ef2091f8861ccfeed508d9aadc55ca71380fcac97c9b57c47d8c7b9fad182e8"
"history_temporal_instability_1min","06_behavioral_dynamics/temporal_instability/1min_based/tables/temporal_maintext_feature_set.csv","history/temporal_instability/1min","tables/temporal_maintext_feature_set.csv","75f1ccbb6a968bb47b119e2fb04bdf9cc21aa9c11cb45afa3c660bc3e5f40c99","ready","docs/behavior_output_code_contracts/historical_resolution_readers.csv","6ef2091f8861ccfeed508d9aadc55ca71380fcac97c9b57c47d8c7b9fad182e8"
"history_temporal_instability_1min","06_behavioral_dynamics/temporal_instability/1min_based/tables/temporal_organization_interpretation_guide.csv","history/temporal_instability/1min","tables/temporal_organization_interpretation_guide.csv","7d32a06fa1f1a23b37a6da187eefd327f32525162e66538a811daa2dd4fabbaf","ready","docs/behavior_output_code_contracts/historical_resolution_readers.csv","6ef2091f8861ccfeed508d9aadc55ca71380fcac97c9b57c47d8c7b9fad182e8"
"history_temporal_instability_5min","06_behavioral_dynamics/temporal_instability/5min_based/output_manifest.csv","history/temporal_instability/5min","output_manifest.csv","90200bd2095afb0857975307f3686e5462557d04e6ec3661c30206017e15aed2","ready","docs/behavior_output_code_contracts/historical_resolution_readers.csv","6ef2091f8861ccfeed508d9aadc55ca71380fcac97c9b57c47d8c7b9fad182e8"
"history_temporal_instability_5min","06_behavioral_dynamics/temporal_instability/5min_based/figures/cage_change_deltas/delta_rmssd_movement_from_first_cage_change.pdf","history/temporal_instability/5min","figures/cage_change_deltas/delta_rmssd_movement_from_first_cage_change.pdf","2219f1712920e88a91c464c889262ea5fdbe1a8cd76bebddea27a3777d9abaf8","ready","docs/behavior_output_code_contracts/historical_resolution_readers.csv","6ef2091f8861ccfeed508d9aadc55ca71380fcac97c9b57c47d8c7b9fad182e8"
"history_temporal_instability_5min","06_behavioral_dynamics/temporal_instability/5min_based/figures/cage_change_deltas/delta_rmssd_movement_from_first_cage_change.png","history/temporal_instability/5min","figures/cage_change_deltas/delta_rmssd_movement_from_first_cage_change.png","fcbbdcc4177bbfb66038dc6022ce8feabdc15d6f00ca320f75e6cea0121c4209","ready","docs/behavior_output_code_contracts/historical_resolution_readers.csv","6ef2091f8861ccfeed508d9aadc55ca71380fcac97c9b57c47d8c7b9fad182e8"
"history_temporal_instability_5min","06_behavioral_dynamics/temporal_instability/5min_based/figures/cage_change_deltas/delta_rmssd_movement_from_first_cage_change.svg","history/temporal_instability/5min","figures/cage_change_deltas/delta_rmssd_movement_from_first_cage_change.svg","487bd118bb0ad375385ceb66ced9e5d4a29cb0f15006ee3a71706c0cb9f57450","ready","docs/behavior_output_code_contracts/historical_resolution_readers.csv","6ef2091f8861ccfeed508d9aadc55ca71380fcac97c9b57c47d8c7b9fad182e8"
"history_temporal_instability_5min","06_behavioral_dynamics/temporal_instability/5min_based/figures/cage_change_trajectories/rmssd_movement_across_cage_changes.pdf","history/temporal_instability/5min","figures/cage_change_trajectories/rmssd_movement_across_cage_changes.pdf","19d1810fc87dd1ed3ca0a93877a4c1a63d755be23a44ba1abcb771a96e8d9208","ready","docs/behavior_output_code_contracts/historical_resolution_readers.csv","6ef2091f8861ccfeed508d9aadc55ca71380fcac97c9b57c47d8c7b9fad182e8"
"history_temporal_instability_5min","06_behavioral_dynamics/temporal_instability/5min_based/figures/cage_change_trajectories/rmssd_movement_across_cage_changes.png","history/temporal_instability/5min","figures/cage_change_trajectories/rmssd_movement_across_cage_changes.png","ced7528296ef85b75a9c31a347bc50e30c54a5d8bee5cd30f6a67afe781a26ba","ready","docs/behavior_output_code_contracts/historical_resolution_readers.csv","6ef2091f8861ccfeed508d9aadc55ca71380fcac97c9b57c47d8c7b9fad182e8"
"history_temporal_instability_5min","06_behavioral_dynamics/temporal_instability/5min_based/figures/cage_change_trajectories/rmssd_movement_across_cage_changes.svg","history/temporal_instability/5min","figures/cage_change_trajectories/rmssd_movement_across_cage_changes.svg","3fc9b1eca4f692ae0c06a802b0ee11084fa2b6ba26cdba9a5c8ba39a50407d9c","ready","docs/behavior_output_code_contracts/historical_resolution_readers.csv","6ef2091f8861ccfeed508d9aadc55ca71380fcac97c9b57c47d8c7b9fad182e8"
"history_temporal_instability_5min","06_behavioral_dynamics/temporal_instability/5min_based/figures/exploratory/README.txt","history/temporal_instability/5min","figures/exploratory/README.txt","7c55015964e5c3d731055c51390e0cce86dc97a263317edcab388117e11eda54","ready","docs/behavior_output_code_contracts/historical_resolution_readers.csv","6ef2091f8861ccfeed508d9aadc55ca71380fcac97c9b57c47d8c7b9fad182e8"
"history_temporal_instability_5min","06_behavioral_dynamics/temporal_instability/5min_based/figures/first_active_first_cage_change/acf1_movement_first_active_first_cage_change.pdf","history/temporal_instability/5min","figures/first_active_first_cage_change/acf1_movement_first_active_first_cage_change.pdf","27469027e46d075b67dcf878460764b093a0b2d950dc447958a60b785534e7bb","ready","docs/behavior_output_code_contracts/historical_resolution_readers.csv","6ef2091f8861ccfeed508d9aadc55ca71380fcac97c9b57c47d8c7b9fad182e8"
"history_temporal_instability_5min","06_behavioral_dynamics/temporal_instability/5min_based/figures/first_active_first_cage_change/acf1_movement_first_active_first_cage_change.png","history/temporal_instability/5min","figures/first_active_first_cage_change/acf1_movement_first_active_first_cage_change.png","f91d0d7c1da9144114887213b547d8ead5f4c3fc97f533b6dd325bb45d902946","ready","docs/behavior_output_code_contracts/historical_resolution_readers.csv","6ef2091f8861ccfeed508d9aadc55ca71380fcac97c9b57c47d8c7b9fad182e8"
"history_temporal_instability_5min","06_behavioral_dynamics/temporal_instability/5min_based/figures/first_active_first_cage_change/acf1_movement_first_active_first_cage_change.svg","history/temporal_instability/5min","figures/first_active_first_cage_change/acf1_movement_first_active_first_cage_change.svg","0f97ac7d9c9d90c6ec24c143f686f9685dda7a687c3dcbbf525a91bf3cc8ccf4","ready","docs/behavior_output_code_contracts/historical_resolution_readers.csv","6ef2091f8861ccfeed508d9aadc55ca71380fcac97c9b57c47d8c7b9fad182e8"
"history_temporal_instability_5min","06_behavioral_dynamics/temporal_instability/5min_based/figures/first_active_first_cage_change/cv_movement_first_active_first_cage_change.pdf","history/temporal_instability/5min","figures/first_active_first_cage_change/cv_movement_first_active_first_cage_change.pdf","44081ff4ac1df88bc4ab5032f19bc7c145a8db725e6e3ae480746bcd12d12c9f","ready","docs/behavior_output_code_contracts/historical_resolution_readers.csv","6ef2091f8861ccfeed508d9aadc55ca71380fcac97c9b57c47d8c7b9fad182e8"
"history_temporal_instability_5min","06_behavioral_dynamics/temporal_instability/5min_based/figures/first_active_first_cage_change/cv_movement_first_active_first_cage_change.png","history/temporal_instability/5min","figures/first_active_first_cage_change/cv_movement_first_active_first_cage_change.png","385606d5949b92d0c2e727e11de992133b84812ca45da28109bcc6665556e34a","ready","docs/behavior_output_code_contracts/historical_resolution_readers.csv","6ef2091f8861ccfeed508d9aadc55ca71380fcac97c9b57c47d8c7b9fad182e8"
"history_temporal_instability_5min","06_behavioral_dynamics/temporal_instability/5min_based/figures/first_active_first_cage_change/cv_movement_first_active_first_cage_change.svg","history/temporal_instability/5min","figures/first_active_first_cage_change/cv_movement_first_active_first_cage_change.svg","1fef4053dfa8dd51edcd6a64096a723adf0a2ada599a274943a0d561f36b7c43","ready","docs/behavior_output_code_contracts/historical_resolution_readers.csv","6ef2091f8861ccfeed508d9aadc55ca71380fcac97c9b57c47d8c7b9fad182e8"
"history_temporal_instability_5min","06_behavioral_dynamics/temporal_instability/5min_based/figures/first_active_first_cage_change/rmssd_movement_first_active_first_cage_change.pdf","history/temporal_instability/5min","figures/first_active_first_cage_change/rmssd_movement_first_active_first_cage_change.pdf","ad0992c1bd24779634220f96310730e80ca81c52f12822dabafd425f9c2cf2e8","ready","docs/behavior_output_code_contracts/historical_resolution_readers.csv","6ef2091f8861ccfeed508d9aadc55ca71380fcac97c9b57c47d8c7b9fad182e8"
"history_temporal_instability_5min","06_behavioral_dynamics/temporal_instability/5min_based/figures/first_active_first_cage_change/rmssd_movement_first_active_first_cage_change.png","history/temporal_instability/5min","figures/first_active_first_cage_change/rmssd_movement_first_active_first_cage_change.png","cdcf2c7da0804c74e80ebf068a0301815f91e30a708644e14018dcd631527242","ready","docs/behavior_output_code_contracts/historical_resolution_readers.csv","6ef2091f8861ccfeed508d9aadc55ca71380fcac97c9b57c47d8c7b9fad182e8"
"history_temporal_instability_5min","06_behavioral_dynamics/temporal_instability/5min_based/figures/first_active_first_cage_change/rmssd_movement_first_active_first_cage_change.svg","history/temporal_instability/5min","figures/first_active_first_cage_change/rmssd_movement_first_active_first_cage_change.svg","6aa887dd4a0d4f146d25676bcd4cde80058e75a2fe8dc70086ab64aa8a936cf1","ready","docs/behavior_output_code_contracts/historical_resolution_readers.csv","6ef2091f8861ccfeed508d9aadc55ca71380fcac97c9b57c47d8c7b9fad182e8"
"history_temporal_instability_5min","06_behavioral_dynamics/temporal_instability/5min_based/figures/first_active_first_cage_change/rolling_rmssd_movement_first_active_first_cage_change.pdf","history/temporal_instability/5min","figures/first_active_first_cage_change/rolling_rmssd_movement_first_active_first_cage_change.pdf","fb6d97f81b8a54e05d5c1eae182a36327fe438f2d45f2c59f3f67946b41c0136","ready","docs/behavior_output_code_contracts/historical_resolution_readers.csv","6ef2091f8861ccfeed508d9aadc55ca71380fcac97c9b57c47d8c7b9fad182e8"
"history_temporal_instability_5min","06_behavioral_dynamics/temporal_instability/5min_based/figures/first_active_first_cage_change/rolling_rmssd_movement_first_active_first_cage_change.png","history/temporal_instability/5min","figures/first_active_first_cage_change/rolling_rmssd_movement_first_active_first_cage_change.png","91c958fd7910b3ebda441a07fc4370a793da341ff59189c84e83006889608fd6","ready","docs/behavior_output_code_contracts/historical_resolution_readers.csv","6ef2091f8861ccfeed508d9aadc55ca71380fcac97c9b57c47d8c7b9fad182e8"
"history_temporal_instability_5min","06_behavioral_dynamics/temporal_instability/5min_based/figures/first_active_first_cage_change/rolling_rmssd_movement_first_active_first_cage_change.svg","history/temporal_instability/5min","figures/first_active_first_cage_change/rolling_rmssd_movement_first_active_first_cage_change.svg","c2647d11e12da6c1d4c548699072288abef6d6018359c53dd672a92b9c30876e","ready","docs/behavior_output_code_contracts/historical_resolution_readers.csv","6ef2091f8861ccfeed508d9aadc55ca71380fcac97c9b57c47d8c7b9fad182e8"
"history_temporal_instability_5min","06_behavioral_dynamics/temporal_instability/5min_based/figures/interactive/README.txt","history/temporal_instability/5min","figures/interactive/README.txt","04a93a9db626de7962d449170c58971355320ac8caedf223705da54c56ce935b","ready","docs/behavior_output_code_contracts/historical_resolution_readers.csv","6ef2091f8861ccfeed508d9aadc55ca71380fcac97c9b57c47d8c7b9fad182e8"
"history_temporal_instability_5min","06_behavioral_dynamics/temporal_instability/5min_based/figures/primary_movement/acf1_movement_group_comparison.pdf","history/temporal_instability/5min","figures/primary_movement/acf1_movement_group_comparison.pdf","4e6bf96d2788979889ce766c5d0bba38df6eb7059e03a2655735e5162554929c","ready","docs/behavior_output_code_contracts/historical_resolution_readers.csv","6ef2091f8861ccfeed508d9aadc55ca71380fcac97c9b57c47d8c7b9fad182e8"
"history_temporal_instability_5min","06_behavioral_dynamics/temporal_instability/5min_based/figures/primary_movement/acf1_movement_group_comparison.png","history/temporal_instability/5min","figures/primary_movement/acf1_movement_group_comparison.png","d8ebbac4aa0d86876497b78bffd41110628c03a23e63de4cd368d04da136791b","ready","docs/behavior_output_code_contracts/historical_resolution_readers.csv","6ef2091f8861ccfeed508d9aadc55ca71380fcac97c9b57c47d8c7b9fad182e8"
"history_temporal_instability_5min","06_behavioral_dynamics/temporal_instability/5min_based/figures/primary_movement/acf1_movement_group_comparison.svg","history/temporal_instability/5min","figures/primary_movement/acf1_movement_group_comparison.svg","63df360571ac033841fa601fe7f787a7b5690addf170a82b8a2adc9ad5b814b3","ready","docs/behavior_output_code_contracts/historical_resolution_readers.csv","6ef2091f8861ccfeed508d9aadc55ca71380fcac97c9b57c47d8c7b9fad182e8"
"history_temporal_instability_5min","06_behavioral_dynamics/temporal_instability/5min_based/figures/primary_movement/cv_movement_group_comparison.pdf","history/temporal_instability/5min","figures/primary_movement/cv_movement_group_comparison.pdf","f11284dabddf8e06168ad36143ecf7c563f8808584e92bcf28faec8768bc0bb6","ready","docs/behavior_output_code_contracts/historical_resolution_readers.csv","6ef2091f8861ccfeed508d9aadc55ca71380fcac97c9b57c47d8c7b9fad182e8"
"history_temporal_instability_5min","06_behavioral_dynamics/temporal_instability/5min_based/figures/primary_movement/cv_movement_group_comparison.png","history/temporal_instability/5min","figures/primary_movement/cv_movement_group_comparison.png","637e0179dd90719a9bdd7f19d7edb4d01ce623ec11190221501367b1228d4054","ready","docs/behavior_output_code_contracts/historical_resolution_readers.csv","6ef2091f8861ccfeed508d9aadc55ca71380fcac97c9b57c47d8c7b9fad182e8"
"history_temporal_instability_5min","06_behavioral_dynamics/temporal_instability/5min_based/figures/primary_movement/cv_movement_group_comparison.svg","history/temporal_instability/5min","figures/primary_movement/cv_movement_group_comparison.svg","626055929437cffaa318600a6fd7ef42d0f2fb4ccfbdfaf44d7b14c5cce1cf45","ready","docs/behavior_output_code_contracts/historical_resolution_readers.csv","6ef2091f8861ccfeed508d9aadc55ca71380fcac97c9b57c47d8c7b9fad182e8"
"history_temporal_instability_5min","06_behavioral_dynamics/temporal_instability/5min_based/figures/primary_movement/fano_movement_group_comparison.pdf","history/temporal_instability/5min","figures/primary_movement/fano_movement_group_comparison.pdf","77a271ee063cb3371916bdf01c7ceb695b3c754cbe82414ce86242bb69c75381","ready","docs/behavior_output_code_contracts/historical_resolution_readers.csv","6ef2091f8861ccfeed508d9aadc55ca71380fcac97c9b57c47d8c7b9fad182e8"
"history_temporal_instability_5min","06_behavioral_dynamics/temporal_instability/5min_based/figures/primary_movement/fano_movement_group_comparison.png","history/temporal_instability/5min","figures/primary_movement/fano_movement_group_comparison.png","13cb0d6858759dd39fb941b0ef7d4911f995df2e293b74b798e48f997dcddaee","ready","docs/behavior_output_code_contracts/historical_resolution_readers.csv","6ef2091f8861ccfeed508d9aadc55ca71380fcac97c9b57c47d8c7b9fad182e8"
"history_temporal_instability_5min","06_behavioral_dynamics/temporal_instability/5min_based/figures/primary_movement/fano_movement_group_comparison.svg","history/temporal_instability/5min","figures/primary_movement/fano_movement_group_comparison.svg","352531093da4349a018e92b1b90d8bf83f810fcdc0eb253e74637e9a4f9a61a1","ready","docs/behavior_output_code_contracts/historical_resolution_readers.csv","6ef2091f8861ccfeed508d9aadc55ca71380fcac97c9b57c47d8c7b9fad182e8"
"history_temporal_instability_5min","06_behavioral_dynamics/temporal_instability/5min_based/figures/primary_movement/rmssd_movement_group_comparison.pdf","history/temporal_instability/5min","figures/primary_movement/rmssd_movement_group_comparison.pdf","2e8b57eb2c90e4a8473a23720de07b06b50a881829d2fa9642c4e5c2832ccac3","ready","docs/behavior_output_code_contracts/historical_resolution_readers.csv","6ef2091f8861ccfeed508d9aadc55ca71380fcac97c9b57c47d8c7b9fad182e8"
"history_temporal_instability_5min","06_behavioral_dynamics/temporal_instability/5min_based/figures/primary_movement/rmssd_movement_group_comparison.png","history/temporal_instability/5min","figures/primary_movement/rmssd_movement_group_comparison.png","57b479f3f732250e38b536a7d2a7215b98dffd3c0ec16a9637682e3870d73efb","ready","docs/behavior_output_code_contracts/historical_resolution_readers.csv","6ef2091f8861ccfeed508d9aadc55ca71380fcac97c9b57c47d8c7b9fad182e8"
"history_temporal_instability_5min","06_behavioral_dynamics/temporal_instability/5min_based/figures/primary_movement/rmssd_movement_group_comparison.svg","history/temporal_instability/5min","figures/primary_movement/rmssd_movement_group_comparison.svg","4914bae21c3e0335093da47f4473c6a2af7582009b335b050bc3dfa6e02b19f3","ready","docs/behavior_output_code_contracts/historical_resolution_readers.csv","6ef2091f8861ccfeed508d9aadc55ca71380fcac97c9b57c47d8c7b9fad182e8"
"history_temporal_instability_5min","06_behavioral_dynamics/temporal_instability/5min_based/figures/primary_movement/rmssd_movement_pairwise_bars_by_cage_change.pdf","history/temporal_instability/5min","figures/primary_movement/rmssd_movement_pairwise_bars_by_cage_change.pdf","7765bf3bb85339311c7aec0c48be86a19a68176b69dafe2c3d10b2cb731833c2","ready","docs/behavior_output_code_contracts/historical_resolution_readers.csv","6ef2091f8861ccfeed508d9aadc55ca71380fcac97c9b57c47d8c7b9fad182e8"
"history_temporal_instability_5min","06_behavioral_dynamics/temporal_instability/5min_based/figures/primary_movement/rmssd_movement_pairwise_bars_by_cage_change.png","history/temporal_instability/5min","figures/primary_movement/rmssd_movement_pairwise_bars_by_cage_change.png","c9c5205b844c9b702943e43ef2e89ba2232ea8a513e814bb70625f92fd0c72db","ready","docs/behavior_output_code_contracts/historical_resolution_readers.csv","6ef2091f8861ccfeed508d9aadc55ca71380fcac97c9b57c47d8c7b9fad182e8"
"history_temporal_instability_5min","06_behavioral_dynamics/temporal_instability/5min_based/figures/primary_movement/rmssd_movement_pairwise_bars_by_cage_change.svg","history/temporal_instability/5min","figures/primary_movement/rmssd_movement_pairwise_bars_by_cage_change.svg","d767aee0f207e4c2f8933b8228cf744b5e42028deb3139e0e44f5120059494f7","ready","docs/behavior_output_code_contracts/historical_resolution_readers.csv","6ef2091f8861ccfeed508d9aadc55ca71380fcac97c9b57c47d8c7b9fad182e8"
"history_temporal_instability_5min","06_behavioral_dynamics/temporal_instability/5min_based/figures/primary_movement/rolling_rmssd_movement_timecourse.pdf","history/temporal_instability/5min","figures/primary_movement/rolling_rmssd_movement_timecourse.pdf","f4dedcf2068008937cd9ab46c6ac26cc4ea85596d3f45ff63728c7f2702896a0","ready","docs/behavior_output_code_contracts/historical_resolution_readers.csv","6ef2091f8861ccfeed508d9aadc55ca71380fcac97c9b57c47d8c7b9fad182e8"
"history_temporal_instability_5min","06_behavioral_dynamics/temporal_instability/5min_based/figures/primary_movement/rolling_rmssd_movement_timecourse.png","history/temporal_instability/5min","figures/primary_movement/rolling_rmssd_movement_timecourse.png","a61f77ab8104788a6c4c8ba1c50c0551e101940530a1fc8dd92c8fdbb21af9e7","ready","docs/behavior_output_code_contracts/historical_resolution_readers.csv","6ef2091f8861ccfeed508d9aadc55ca71380fcac97c9b57c47d8c7b9fad182e8"
"history_temporal_instability_5min","06_behavioral_dynamics/temporal_instability/5min_based/figures/primary_movement/rolling_rmssd_movement_timecourse.svg","history/temporal_instability/5min","figures/primary_movement/rolling_rmssd_movement_timecourse.svg","3aea6fadbc612e9890f04c362779db02449ac946068648bb3a756d690a173068","ready","docs/behavior_output_code_contracts/historical_resolution_readers.csv","6ef2091f8861ccfeed508d9aadc55ca71380fcac97c9b57c47d8c7b9fad182e8"
"history_temporal_instability_5min","06_behavioral_dynamics/temporal_instability/5min_based/figures/publication/overview/behavioral_pattern_classification.pdf","history/temporal_instability/5min","figures/publication/overview/behavioral_pattern_classification.pdf","585668ceed6151ae7b5c10e391d6d59c1f71c93c0c0f806fecb1ea6b87480f7c","ready","docs/behavior_output_code_contracts/historical_resolution_readers.csv","6ef2091f8861ccfeed508d9aadc55ca71380fcac97c9b57c47d8c7b9fad182e8"
"history_temporal_instability_5min","06_behavioral_dynamics/temporal_instability/5min_based/figures/publication/overview/behavioral_pattern_classification.png","history/temporal_instability/5min","figures/publication/overview/behavioral_pattern_classification.png","ca9b40f972894949115dcd15f146721deb4472389e60bfc7c2c05b7b6ef801c2","ready","docs/behavior_output_code_contracts/historical_resolution_readers.csv","6ef2091f8861ccfeed508d9aadc55ca71380fcac97c9b57c47d8c7b9fad182e8"
"history_temporal_instability_5min","06_behavioral_dynamics/temporal_instability/5min_based/figures/publication/overview/behavioral_pattern_classification.svg","history/temporal_instability/5min","figures/publication/overview/behavioral_pattern_classification.svg","1ddef1aae3507740f6ba30d4680df20396d014ad1dcc384b9b28373a819013ea","ready","docs/behavior_output_code_contracts/historical_resolution_readers.csv","6ef2091f8861ccfeed508d9aadc55ca71380fcac97c9b57c47d8c7b9fad182e8"
"history_temporal_instability_5min","06_behavioral_dynamics/temporal_instability/5min_based/figures/publication/overview/behavioral_readout_priority_shortlist.pdf","history/temporal_instability/5min","figures/publication/overview/behavioral_readout_priority_shortlist.pdf","b6a0aece011aab03bd59886287787428d6117d0d3db41fe10084d6c25de35f5b","ready","docs/behavior_output_code_contracts/historical_resolution_readers.csv","6ef2091f8861ccfeed508d9aadc55ca71380fcac97c9b57c47d8c7b9fad182e8"
"history_temporal_instability_5min","06_behavioral_dynamics/temporal_instability/5min_based/figures/publication/overview/behavioral_readout_priority_shortlist.png","history/temporal_instability/5min","figures/publication/overview/behavioral_readout_priority_shortlist.png","4eb02e5564fdc9f9361b2f03f1bf3b2b3c1aded02a4358d52a7d791373cc89ae","ready","docs/behavior_output_code_contracts/historical_resolution_readers.csv","6ef2091f8861ccfeed508d9aadc55ca71380fcac97c9b57c47d8c7b9fad182e8"
"history_temporal_instability_5min","06_behavioral_dynamics/temporal_instability/5min_based/figures/publication/overview/behavioral_readout_priority_shortlist.svg","history/temporal_instability/5min","figures/publication/overview/behavioral_readout_priority_shortlist.svg","ac339ad44cecae7b4d78b1e22ee6eada31917ee8cbfa2bc5ef9424d0faaf6434","ready","docs/behavior_output_code_contracts/historical_resolution_readers.csv","6ef2091f8861ccfeed508d9aadc55ca71380fcac97c9b57c47d8c7b9fad182e8"
"history_temporal_instability_5min","06_behavioral_dynamics/temporal_instability/5min_based/figures/publication/overview/delta_effect_size_heatmap_all_metrics.pdf","history/temporal_instability/5min","figures/publication/overview/delta_effect_size_heatmap_all_metrics.pdf","dc30d19495337cbb95abafe296a59b0e1351bb2e661ebaecad65469b4d88bd90","ready","docs/behavior_output_code_contracts/historical_resolution_readers.csv","6ef2091f8861ccfeed508d9aadc55ca71380fcac97c9b57c47d8c7b9fad182e8"
"history_temporal_instability_5min","06_behavioral_dynamics/temporal_instability/5min_based/figures/publication/overview/delta_effect_size_heatmap_all_metrics.png","history/temporal_instability/5min","figures/publication/overview/delta_effect_size_heatmap_all_metrics.png","85f7b0a3b087d9c7e6a35d1467aa2c6e08bd76eda29582e013d11103599d307b","ready","docs/behavior_output_code_contracts/historical_resolution_readers.csv","6ef2091f8861ccfeed508d9aadc55ca71380fcac97c9b57c47d8c7b9fad182e8"
"history_temporal_instability_5min","06_behavioral_dynamics/temporal_instability/5min_based/figures/publication/overview/delta_effect_size_heatmap_all_metrics.svg","history/temporal_instability/5min","figures/publication/overview/delta_effect_size_heatmap_all_metrics.svg","ceefc6a8e5659257d6a06814d5b811901dc1d84ec4f471a8154105184b32be97","ready","docs/behavior_output_code_contracts/historical_resolution_readers.csv","6ef2091f8861ccfeed508d9aadc55ca71380fcac97c9b57c47d8c7b9fad182e8"
"history_temporal_instability_5min","06_behavioral_dynamics/temporal_instability/5min_based/figures/publication/overview/effect_size_heatmap_all_metrics.pdf","history/temporal_instability/5min","figures/publication/overview/effect_size_heatmap_all_metrics.pdf","e4ed15c1eac3fdd2ef5b0825be153fde690b8567218e4a6203b6ffe76787b694","ready","docs/behavior_output_code_contracts/historical_resolution_readers.csv","6ef2091f8861ccfeed508d9aadc55ca71380fcac97c9b57c47d8c7b9fad182e8"
"history_temporal_instability_5min","06_behavioral_dynamics/temporal_instability/5min_based/figures/publication/overview/effect_size_heatmap_all_metrics.png","history/temporal_instability/5min","figures/publication/overview/effect_size_heatmap_all_metrics.png","a5c945f83aca1cad10f9f9c3831f8dfd51eff56839f78b4749edceb36ffc1b88","ready","docs/behavior_output_code_contracts/historical_resolution_readers.csv","6ef2091f8861ccfeed508d9aadc55ca71380fcac97c9b57c47d8c7b9fad182e8"
"history_temporal_instability_5min","06_behavioral_dynamics/temporal_instability/5min_based/figures/publication/overview/effect_size_heatmap_all_metrics.svg","history/temporal_instability/5min","figures/publication/overview/effect_size_heatmap_all_metrics.svg","9424a47b60befe9f67c914a727ee23e33405a3e576a853cdab63ef86bc2275d9","ready","docs/behavior_output_code_contracts/historical_resolution_readers.csv","6ef2091f8861ccfeed508d9aadc55ca71380fcac97c9b57c47d8c7b9fad182e8"
"history_temporal_instability_5min","06_behavioral_dynamics/temporal_instability/5min_based/figures/publication/panels/panel_a_timeline_metric_schematic.pdf","history/temporal_instability/5min","figures/publication/panels/panel_a_timeline_metric_schematic.pdf","dbb039d7b25e33943cfc6d70b5cc526fe6ec9840efee805c68ada932aff50e8f","ready","docs/behavior_output_code_contracts/historical_resolution_readers.csv","6ef2091f8861ccfeed508d9aadc55ca71380fcac97c9b57c47d8c7b9fad182e8"
"history_temporal_instability_5min","06_behavioral_dynamics/temporal_instability/5min_based/figures/publication/panels/panel_a_timeline_metric_schematic.png","history/temporal_instability/5min","figures/publication/panels/panel_a_timeline_metric_schematic.png","11f4e7a0b6b052bfffa3d63246fc6dd08e7693c9a6fc09c0a1fd0414281b2f54","ready","docs/behavior_output_code_contracts/historical_resolution_readers.csv","6ef2091f8861ccfeed508d9aadc55ca71380fcac97c9b57c47d8c7b9fad182e8"
"history_temporal_instability_5min","06_behavioral_dynamics/temporal_instability/5min_based/figures/publication/panels/panel_a_timeline_metric_schematic.svg","history/temporal_instability/5min","figures/publication/panels/panel_a_timeline_metric_schematic.svg","d2fb0a7c6ae10c47ac0d833d5fdc09715b628dcf3ca590760811b50d847a8c3b","ready","docs/behavior_output_code_contracts/historical_resolution_readers.csv","6ef2091f8861ccfeed508d9aadc55ca71380fcac97c9b57c47d8c7b9fad182e8"
"history_temporal_instability_5min","06_behavioral_dynamics/temporal_instability/5min_based/figures/publication/panels/panel_b_first_active_rolling_rmssd.pdf","history/temporal_instability/5min","figures/publication/panels/panel_b_first_active_rolling_rmssd.pdf","7af17fe6c5ab2a4a6360e449982d3caf0d6ac4b27ffe80916566d6fb64f2a77a","ready","docs/behavior_output_code_contracts/historical_resolution_readers.csv","6ef2091f8861ccfeed508d9aadc55ca71380fcac97c9b57c47d8c7b9fad182e8"
"history_temporal_instability_5min","06_behavioral_dynamics/temporal_instability/5min_based/figures/publication/panels/panel_b_first_active_rolling_rmssd.png","history/temporal_instability/5min","figures/publication/panels/panel_b_first_active_rolling_rmssd.png","78f7c2d926aabce655371206811f78769d843e6acc0beded59696711de50b7d1","ready","docs/behavior_output_code_contracts/historical_resolution_readers.csv","6ef2091f8861ccfeed508d9aadc55ca71380fcac97c9b57c47d8c7b9fad182e8"
"history_temporal_instability_5min","06_behavioral_dynamics/temporal_instability/5min_based/figures/publication/panels/panel_b_first_active_rolling_rmssd.svg","history/temporal_instability/5min","figures/publication/panels/panel_b_first_active_rolling_rmssd.svg","0817c9adee9d989fb2dae798d0378c57868030f337a53867cb7c245eea82d554","ready","docs/behavior_output_code_contracts/historical_resolution_readers.csv","6ef2091f8861ccfeed508d9aadc55ca71380fcac97c9b57c47d8c7b9fad182e8"
"history_temporal_instability_5min","06_behavioral_dynamics/temporal_instability/5min_based/figures/publication/panels/panel_c_cage_change_rmssd_trajectory.pdf","history/temporal_instability/5min","figures/publication/panels/panel_c_cage_change_rmssd_trajectory.pdf","a93c384ed7d282a84bcfb47570031c2e11fd16bd7c390906a791e8cfa57b103f","ready","docs/behavior_output_code_contracts/historical_resolution_readers.csv","6ef2091f8861ccfeed508d9aadc55ca71380fcac97c9b57c47d8c7b9fad182e8"
"history_temporal_instability_5min","06_behavioral_dynamics/temporal_instability/5min_based/figures/publication/panels/panel_c_cage_change_rmssd_trajectory.png","history/temporal_instability/5min","figures/publication/panels/panel_c_cage_change_rmssd_trajectory.png","c8f9a79e0f24cf9d1de0ff361b3c2838b3c8877b843322cc4a7b8dcb918e4ea4","ready","docs/behavior_output_code_contracts/historical_resolution_readers.csv","6ef2091f8861ccfeed508d9aadc55ca71380fcac97c9b57c47d8c7b9fad182e8"
"history_temporal_instability_5min","06_behavioral_dynamics/temporal_instability/5min_based/figures/publication/panels/panel_c_cage_change_rmssd_trajectory.svg","history/temporal_instability/5min","figures/publication/panels/panel_c_cage_change_rmssd_trajectory.svg","92e76c612f72deef59f30a9fc937efcb0f52fa2d56c5a1f0d7a10ef98b786e5b","ready","docs/behavior_output_code_contracts/historical_resolution_readers.csv","6ef2091f8861ccfeed508d9aadc55ca71380fcac97c9b57c47d8c7b9fad182e8"
"history_temporal_instability_5min","06_behavioral_dynamics/temporal_instability/5min_based/figures/publication/panels/panel_d_delta_rmssd_from_first_cage_change.pdf","history/temporal_instability/5min","figures/publication/panels/panel_d_delta_rmssd_from_first_cage_change.pdf","db2ed2163640a5fbe9a8807cd20cc4e0940056409ab2b4e7ae9a316236142502","ready","docs/behavior_output_code_contracts/historical_resolution_readers.csv","6ef2091f8861ccfeed508d9aadc55ca71380fcac97c9b57c47d8c7b9fad182e8"
"history_temporal_instability_5min","06_behavioral_dynamics/temporal_instability/5min_based/figures/publication/panels/panel_d_delta_rmssd_from_first_cage_change.png","history/temporal_instability/5min","figures/publication/panels/panel_d_delta_rmssd_from_first_cage_change.png","b43a094818f55793be267d623bef14523a7239cb363dd499bf17235148905de0","ready","docs/behavior_output_code_contracts/historical_resolution_readers.csv","6ef2091f8861ccfeed508d9aadc55ca71380fcac97c9b57c47d8c7b9fad182e8"
"history_temporal_instability_5min","06_behavioral_dynamics/temporal_instability/5min_based/figures/publication/panels/panel_d_delta_rmssd_from_first_cage_change.svg","history/temporal_instability/5min","figures/publication/panels/panel_d_delta_rmssd_from_first_cage_change.svg","3c8c34e3c5602d47737a2839446a878fb17813aea3bcf4a4f37d167dd4686384","ready","docs/behavior_output_code_contracts/historical_resolution_readers.csv","6ef2091f8861ccfeed508d9aadc55ca71380fcac97c9b57c47d8c7b9fad182e8"
"history_temporal_instability_5min","06_behavioral_dynamics/temporal_instability/5min_based/figures/publication/panels/panel_e_pairwise_contrast_forest.pdf","history/temporal_instability/5min","figures/publication/panels/panel_e_pairwise_contrast_forest.pdf","3ef97e0953a5d2eea86e160e619fb100a90da15438ec03d6925285b348acb9d2","ready","docs/behavior_output_code_contracts/historical_resolution_readers.csv","6ef2091f8861ccfeed508d9aadc55ca71380fcac97c9b57c47d8c7b9fad182e8"
"history_temporal_instability_5min","06_behavioral_dynamics/temporal_instability/5min_based/figures/publication/panels/panel_e_pairwise_contrast_forest.png","history/temporal_instability/5min","figures/publication/panels/panel_e_pairwise_contrast_forest.png","939b7c2b8ec287694e2ed646fef6d881ef9b2c83387b6e88286a11eee974c3d8","ready","docs/behavior_output_code_contracts/historical_resolution_readers.csv","6ef2091f8861ccfeed508d9aadc55ca71380fcac97c9b57c47d8c7b9fad182e8"
"history_temporal_instability_5min","06_behavioral_dynamics/temporal_instability/5min_based/figures/publication/panels/panel_e_pairwise_contrast_forest.svg","history/temporal_instability/5min","figures/publication/panels/panel_e_pairwise_contrast_forest.svg","e2cef9e7d6e767f6aec1cc25e40f06a549b80344fbcf41ba5bc65b6785410fef","ready","docs/behavior_output_code_contracts/historical_resolution_readers.csv","6ef2091f8861ccfeed508d9aadc55ca71380fcac97c9b57c47d8c7b9fad182e8"
"history_temporal_instability_5min","06_behavioral_dynamics/temporal_instability/5min_based/figures/publication_panels/acf1_all_metrics_group_comparison.pdf","history/temporal_instability/5min","figures/publication_panels/acf1_all_metrics_group_comparison.pdf","873296d615f0db50eb64d954dd9930082ce749c683e933510df6d6bd59e528a8","ready","docs/behavior_output_code_contracts/historical_resolution_readers.csv","6ef2091f8861ccfeed508d9aadc55ca71380fcac97c9b57c47d8c7b9fad182e8"
"history_temporal_instability_5min","06_behavioral_dynamics/temporal_instability/5min_based/figures/publication_panels/acf1_all_metrics_group_comparison.png","history/temporal_instability/5min","figures/publication_panels/acf1_all_metrics_group_comparison.png","a4376ee77f6f3f35ae0263db217dd54f126b025f05df7fea412fd94ea6a1d2dd","ready","docs/behavior_output_code_contracts/historical_resolution_readers.csv","6ef2091f8861ccfeed508d9aadc55ca71380fcac97c9b57c47d8c7b9fad182e8"
"history_temporal_instability_5min","06_behavioral_dynamics/temporal_instability/5min_based/figures/publication_panels/acf1_all_metrics_group_comparison.svg","history/temporal_instability/5min","figures/publication_panels/acf1_all_metrics_group_comparison.svg","df6b78c9af553267900025416cf2590f199e0779a0302330e453b69e1381fc3d","ready","docs/behavior_output_code_contracts/historical_resolution_readers.csv","6ef2091f8861ccfeed508d9aadc55ca71380fcac97c9b57c47d8c7b9fad182e8"
"history_temporal_instability_5min","06_behavioral_dynamics/temporal_instability/5min_based/figures/publication_panels/acf1_movement_first_active_first_cage_change.pdf","history/temporal_instability/5min","figures/publication_panels/acf1_movement_first_active_first_cage_change.pdf","27469027e46d075b67dcf878460764b093a0b2d950dc447958a60b785534e7bb","ready","docs/behavior_output_code_contracts/historical_resolution_readers.csv","6ef2091f8861ccfeed508d9aadc55ca71380fcac97c9b57c47d8c7b9fad182e8"
"history_temporal_instability_5min","06_behavioral_dynamics/temporal_instability/5min_based/figures/publication_panels/acf1_movement_first_active_first_cage_change.png","history/temporal_instability/5min","figures/publication_panels/acf1_movement_first_active_first_cage_change.png","f91d0d7c1da9144114887213b547d8ead5f4c3fc97f533b6dd325bb45d902946","ready","docs/behavior_output_code_contracts/historical_resolution_readers.csv","6ef2091f8861ccfeed508d9aadc55ca71380fcac97c9b57c47d8c7b9fad182e8"
"history_temporal_instability_5min","06_behavioral_dynamics/temporal_instability/5min_based/figures/publication_panels/acf1_movement_first_active_first_cage_change.svg","history/temporal_instability/5min","figures/publication_panels/acf1_movement_first_active_first_cage_change.svg","0f97ac7d9c9d90c6ec24c143f686f9685dda7a687c3dcbbf525a91bf3cc8ccf4","ready","docs/behavior_output_code_contracts/historical_resolution_readers.csv","6ef2091f8861ccfeed508d9aadc55ca71380fcac97c9b57c47d8c7b9fad182e8"
"history_temporal_instability_5min","06_behavioral_dynamics/temporal_instability/5min_based/figures/publication_panels/acf1_movement_group_comparison.pdf","history/temporal_instability/5min","figures/publication_panels/acf1_movement_group_comparison.pdf","4e6bf96d2788979889ce766c5d0bba38df6eb7059e03a2655735e5162554929c","ready","docs/behavior_output_code_contracts/historical_resolution_readers.csv","6ef2091f8861ccfeed508d9aadc55ca71380fcac97c9b57c47d8c7b9fad182e8"
"history_temporal_instability_5min","06_behavioral_dynamics/temporal_instability/5min_based/figures/publication_panels/acf1_movement_group_comparison.png","history/temporal_instability/5min","figures/publication_panels/acf1_movement_group_comparison.png","d8ebbac4aa0d86876497b78bffd41110628c03a23e63de4cd368d04da136791b","ready","docs/behavior_output_code_contracts/historical_resolution_readers.csv","6ef2091f8861ccfeed508d9aadc55ca71380fcac97c9b57c47d8c7b9fad182e8"
"history_temporal_instability_5min","06_behavioral_dynamics/temporal_instability/5min_based/figures/publication_panels/acf1_movement_group_comparison.svg","history/temporal_instability/5min","figures/publication_panels/acf1_movement_group_comparison.svg","63df360571ac033841fa601fe7f787a7b5690addf170a82b8a2adc9ad5b814b3","ready","docs/behavior_output_code_contracts/historical_resolution_readers.csv","6ef2091f8861ccfeed508d9aadc55ca71380fcac97c9b57c47d8c7b9fad182e8"
"history_temporal_instability_5min","06_behavioral_dynamics/temporal_instability/5min_based/figures/publication_panels/behavioral_pattern_classification.pdf","history/temporal_instability/5min","figures/publication_panels/behavioral_pattern_classification.pdf","585668ceed6151ae7b5c10e391d6d59c1f71c93c0c0f806fecb1ea6b87480f7c","ready","docs/behavior_output_code_contracts/historical_resolution_readers.csv","6ef2091f8861ccfeed508d9aadc55ca71380fcac97c9b57c47d8c7b9fad182e8"
"history_temporal_instability_5min","06_behavioral_dynamics/temporal_instability/5min_based/figures/publication_panels/behavioral_pattern_classification.png","history/temporal_instability/5min","figures/publication_panels/behavioral_pattern_classification.png","ca9b40f972894949115dcd15f146721deb4472389e60bfc7c2c05b7b6ef801c2","ready","docs/behavior_output_code_contracts/historical_resolution_readers.csv","6ef2091f8861ccfeed508d9aadc55ca71380fcac97c9b57c47d8c7b9fad182e8"
"history_temporal_instability_5min","06_behavioral_dynamics/temporal_instability/5min_based/figures/publication_panels/behavioral_pattern_classification.svg","history/temporal_instability/5min","figures/publication_panels/behavioral_pattern_classification.svg","1ddef1aae3507740f6ba30d4680df20396d014ad1dcc384b9b28373a819013ea","ready","docs/behavior_output_code_contracts/historical_resolution_readers.csv","6ef2091f8861ccfeed508d9aadc55ca71380fcac97c9b57c47d8c7b9fad182e8"
"history_temporal_instability_5min","06_behavioral_dynamics/temporal_instability/5min_based/figures/publication_panels/behavioral_readout_priority_shortlist.pdf","history/temporal_instability/5min","figures/publication_panels/behavioral_readout_priority_shortlist.pdf","b6a0aece011aab03bd59886287787428d6117d0d3db41fe10084d6c25de35f5b","ready","docs/behavior_output_code_contracts/historical_resolution_readers.csv","6ef2091f8861ccfeed508d9aadc55ca71380fcac97c9b57c47d8c7b9fad182e8"
"history_temporal_instability_5min","06_behavioral_dynamics/temporal_instability/5min_based/figures/publication_panels/behavioral_readout_priority_shortlist.png","history/temporal_instability/5min","figures/publication_panels/behavioral_readout_priority_shortlist.png","4eb02e5564fdc9f9361b2f03f1bf3b2b3c1aded02a4358d52a7d791373cc89ae","ready","docs/behavior_output_code_contracts/historical_resolution_readers.csv","6ef2091f8861ccfeed508d9aadc55ca71380fcac97c9b57c47d8c7b9fad182e8"
"history_temporal_instability_5min","06_behavioral_dynamics/temporal_instability/5min_based/figures/publication_panels/behavioral_readout_priority_shortlist.svg","history/temporal_instability/5min","figures/publication_panels/behavioral_readout_priority_shortlist.svg","ac339ad44cecae7b4d78b1e22ee6eada31917ee8cbfa2bc5ef9424d0faaf6434","ready","docs/behavior_output_code_contracts/historical_resolution_readers.csv","6ef2091f8861ccfeed508d9aadc55ca71380fcac97c9b57c47d8c7b9fad182e8"
"history_temporal_instability_5min","06_behavioral_dynamics/temporal_instability/5min_based/figures/publication_panels/cv_all_metrics_group_comparison.pdf","history/temporal_instability/5min","figures/publication_panels/cv_all_metrics_group_comparison.pdf","18538eada903153bf2d2aa8b2118adc9e8b39618341ccf7de0b0ceb0b029825d","ready","docs/behavior_output_code_contracts/historical_resolution_readers.csv","6ef2091f8861ccfeed508d9aadc55ca71380fcac97c9b57c47d8c7b9fad182e8"
"history_temporal_instability_5min","06_behavioral_dynamics/temporal_instability/5min_based/figures/publication_panels/cv_all_metrics_group_comparison.png","history/temporal_instability/5min","figures/publication_panels/cv_all_metrics_group_comparison.png","071012a93fd9c8807e2126ab95d4b4522c94514cd62c85327b2d04faff612f34","ready","docs/behavior_output_code_contracts/historical_resolution_readers.csv","6ef2091f8861ccfeed508d9aadc55ca71380fcac97c9b57c47d8c7b9fad182e8"
"history_temporal_instability_5min","06_behavioral_dynamics/temporal_instability/5min_based/figures/publication_panels/cv_all_metrics_group_comparison.svg","history/temporal_instability/5min","figures/publication_panels/cv_all_metrics_group_comparison.svg","ab3397e66431482e3e21aa84a99d7a17cf8b09a63a1478d893d7dfb0b0104182","ready","docs/behavior_output_code_contracts/historical_resolution_readers.csv","6ef2091f8861ccfeed508d9aadc55ca71380fcac97c9b57c47d8c7b9fad182e8"
"history_temporal_instability_5min","06_behavioral_dynamics/temporal_instability/5min_based/figures/publication_panels/cv_movement_first_active_first_cage_change.pdf","history/temporal_instability/5min","figures/publication_panels/cv_movement_first_active_first_cage_change.pdf","44081ff4ac1df88bc4ab5032f19bc7c145a8db725e6e3ae480746bcd12d12c9f","ready","docs/behavior_output_code_contracts/historical_resolution_readers.csv","6ef2091f8861ccfeed508d9aadc55ca71380fcac97c9b57c47d8c7b9fad182e8"
"history_temporal_instability_5min","06_behavioral_dynamics/temporal_instability/5min_based/figures/publication_panels/cv_movement_first_active_first_cage_change.png","history/temporal_instability/5min","figures/publication_panels/cv_movement_first_active_first_cage_change.png","385606d5949b92d0c2e727e11de992133b84812ca45da28109bcc6665556e34a","ready","docs/behavior_output_code_contracts/historical_resolution_readers.csv","6ef2091f8861ccfeed508d9aadc55ca71380fcac97c9b57c47d8c7b9fad182e8"
"history_temporal_instability_5min","06_behavioral_dynamics/temporal_instability/5min_based/figures/publication_panels/cv_movement_first_active_first_cage_change.svg","history/temporal_instability/5min","figures/publication_panels/cv_movement_first_active_first_cage_change.svg","1fef4053dfa8dd51edcd6a64096a723adf0a2ada599a274943a0d561f36b7c43","ready","docs/behavior_output_code_contracts/historical_resolution_readers.csv","6ef2091f8861ccfeed508d9aadc55ca71380fcac97c9b57c47d8c7b9fad182e8"
"history_temporal_instability_5min","06_behavioral_dynamics/temporal_instability/5min_based/figures/publication_panels/cv_movement_group_comparison.pdf","history/temporal_instability/5min","figures/publication_panels/cv_movement_group_comparison.pdf","f11284dabddf8e06168ad36143ecf7c563f8808584e92bcf28faec8768bc0bb6","ready","docs/behavior_output_code_contracts/historical_resolution_readers.csv","6ef2091f8861ccfeed508d9aadc55ca71380fcac97c9b57c47d8c7b9fad182e8"
"history_temporal_instability_5min","06_behavioral_dynamics/temporal_instability/5min_based/figures/publication_panels/cv_movement_group_comparison.png","history/temporal_instability/5min","figures/publication_panels/cv_movement_group_comparison.png","637e0179dd90719a9bdd7f19d7edb4d01ce623ec11190221501367b1228d4054","ready","docs/behavior_output_code_contracts/historical_resolution_readers.csv","6ef2091f8861ccfeed508d9aadc55ca71380fcac97c9b57c47d8c7b9fad182e8"
"history_temporal_instability_5min","06_behavioral_dynamics/temporal_instability/5min_based/figures/publication_panels/cv_movement_group_comparison.svg","history/temporal_instability/5min","figures/publication_panels/cv_movement_group_comparison.svg","626055929437cffaa318600a6fd7ef42d0f2fb4ccfbdfaf44d7b14c5cce1cf45","ready","docs/behavior_output_code_contracts/historical_resolution_readers.csv","6ef2091f8861ccfeed508d9aadc55ca71380fcac97c9b57c47d8c7b9fad182e8"
"history_temporal_instability_5min","06_behavioral_dynamics/temporal_instability/5min_based/figures/publication_panels/delta_effect_size_heatmap_all_metrics.pdf","history/temporal_instability/5min","figures/publication_panels/delta_effect_size_heatmap_all_metrics.pdf","dc30d19495337cbb95abafe296a59b0e1351bb2e661ebaecad65469b4d88bd90","ready","docs/behavior_output_code_contracts/historical_resolution_readers.csv","6ef2091f8861ccfeed508d9aadc55ca71380fcac97c9b57c47d8c7b9fad182e8"
"history_temporal_instability_5min","06_behavioral_dynamics/temporal_instability/5min_based/figures/publication_panels/delta_effect_size_heatmap_all_metrics.png","history/temporal_instability/5min","figures/publication_panels/delta_effect_size_heatmap_all_metrics.png","85f7b0a3b087d9c7e6a35d1467aa2c6e08bd76eda29582e013d11103599d307b","ready","docs/behavior_output_code_contracts/historical_resolution_readers.csv","6ef2091f8861ccfeed508d9aadc55ca71380fcac97c9b57c47d8c7b9fad182e8"
"history_temporal_instability_5min","06_behavioral_dynamics/temporal_instability/5min_based/figures/publication_panels/delta_effect_size_heatmap_all_metrics.svg","history/temporal_instability/5min","figures/publication_panels/delta_effect_size_heatmap_all_metrics.svg","ceefc6a8e5659257d6a06814d5b811901dc1d84ec4f471a8154105184b32be97","ready","docs/behavior_output_code_contracts/historical_resolution_readers.csv","6ef2091f8861ccfeed508d9aadc55ca71380fcac97c9b57c47d8c7b9fad182e8"
"history_temporal_instability_5min","06_behavioral_dynamics/temporal_instability/5min_based/figures/publication_panels/delta_rmssd_movement_from_first_cage_change.pdf","history/temporal_instability/5min","figures/publication_panels/delta_rmssd_movement_from_first_cage_change.pdf","2219f1712920e88a91c464c889262ea5fdbe1a8cd76bebddea27a3777d9abaf8","ready","docs/behavior_output_code_contracts/historical_resolution_readers.csv","6ef2091f8861ccfeed508d9aadc55ca71380fcac97c9b57c47d8c7b9fad182e8"
"history_temporal_instability_5min","06_behavioral_dynamics/temporal_instability/5min_based/figures/publication_panels/delta_rmssd_movement_from_first_cage_change.png","history/temporal_instability/5min","figures/publication_panels/delta_rmssd_movement_from_first_cage_change.png","fcbbdcc4177bbfb66038dc6022ce8feabdc15d6f00ca320f75e6cea0121c4209","ready","docs/behavior_output_code_contracts/historical_resolution_readers.csv","6ef2091f8861ccfeed508d9aadc55ca71380fcac97c9b57c47d8c7b9fad182e8"
"history_temporal_instability_5min","06_behavioral_dynamics/temporal_instability/5min_based/figures/publication_panels/delta_rmssd_movement_from_first_cage_change.svg","history/temporal_instability/5min","figures/publication_panels/delta_rmssd_movement_from_first_cage_change.svg","487bd118bb0ad375385ceb66ced9e5d4a29cb0f15006ee3a71706c0cb9f57450","ready","docs/behavior_output_code_contracts/historical_resolution_readers.csv","6ef2091f8861ccfeed508d9aadc55ca71380fcac97c9b57c47d8c7b9fad182e8"
"history_temporal_instability_5min","06_behavioral_dynamics/temporal_instability/5min_based/figures/publication_panels/effect_size_heatmap_all_metrics.pdf","history/temporal_instability/5min","figures/publication_panels/effect_size_heatmap_all_metrics.pdf","e4ed15c1eac3fdd2ef5b0825be153fde690b8567218e4a6203b6ffe76787b694","ready","docs/behavior_output_code_contracts/historical_resolution_readers.csv","6ef2091f8861ccfeed508d9aadc55ca71380fcac97c9b57c47d8c7b9fad182e8"
"history_temporal_instability_5min","06_behavioral_dynamics/temporal_instability/5min_based/figures/publication_panels/effect_size_heatmap_all_metrics.png","history/temporal_instability/5min","figures/publication_panels/effect_size_heatmap_all_metrics.png","a5c945f83aca1cad10f9f9c3831f8dfd51eff56839f78b4749edceb36ffc1b88","ready","docs/behavior_output_code_contracts/historical_resolution_readers.csv","6ef2091f8861ccfeed508d9aadc55ca71380fcac97c9b57c47d8c7b9fad182e8"
"history_temporal_instability_5min","06_behavioral_dynamics/temporal_instability/5min_based/figures/publication_panels/effect_size_heatmap_all_metrics.svg","history/temporal_instability/5min","figures/publication_panels/effect_size_heatmap_all_metrics.svg","9424a47b60befe9f67c914a727ee23e33405a3e576a853cdab63ef86bc2275d9","ready","docs/behavior_output_code_contracts/historical_resolution_readers.csv","6ef2091f8861ccfeed508d9aadc55ca71380fcac97c9b57c47d8c7b9fad182e8"
"history_temporal_instability_5min","06_behavioral_dynamics/temporal_instability/5min_based/figures/publication_panels/fano_all_metrics_group_comparison.pdf","history/temporal_instability/5min","figures/publication_panels/fano_all_metrics_group_comparison.pdf","265217225dd4c321491876dd4d24e3ec7afb2a6bf64f90336e910d740bcaec85","ready","docs/behavior_output_code_contracts/historical_resolution_readers.csv","6ef2091f8861ccfeed508d9aadc55ca71380fcac97c9b57c47d8c7b9fad182e8"
"history_temporal_instability_5min","06_behavioral_dynamics/temporal_instability/5min_based/figures/publication_panels/fano_all_metrics_group_comparison.png","history/temporal_instability/5min","figures/publication_panels/fano_all_metrics_group_comparison.png","bc94d1bb7dc3b0befcad5b5a2d4fc35db6a588b8431b2e9c74b61805028aa6cb","ready","docs/behavior_output_code_contracts/historical_resolution_readers.csv","6ef2091f8861ccfeed508d9aadc55ca71380fcac97c9b57c47d8c7b9fad182e8"
"history_temporal_instability_5min","06_behavioral_dynamics/temporal_instability/5min_based/figures/publication_panels/fano_all_metrics_group_comparison.svg","history/temporal_instability/5min","figures/publication_panels/fano_all_metrics_group_comparison.svg","aceb8bec841b1398d9bb7ae266f27bd15cad92d3c934f21807f91ab3fef3f438","ready","docs/behavior_output_code_contracts/historical_resolution_readers.csv","6ef2091f8861ccfeed508d9aadc55ca71380fcac97c9b57c47d8c7b9fad182e8"
"history_temporal_instability_5min","06_behavioral_dynamics/temporal_instability/5min_based/figures/publication_panels/fano_movement_group_comparison.pdf","history/temporal_instability/5min","figures/publication_panels/fano_movement_group_comparison.pdf","77a271ee063cb3371916bdf01c7ceb695b3c754cbe82414ce86242bb69c75381","ready","docs/behavior_output_code_contracts/historical_resolution_readers.csv","6ef2091f8861ccfeed508d9aadc55ca71380fcac97c9b57c47d8c7b9fad182e8"
"history_temporal_instability_5min","06_behavioral_dynamics/temporal_instability/5min_based/figures/publication_panels/fano_movement_group_comparison.png","history/temporal_instability/5min","figures/publication_panels/fano_movement_group_comparison.png","13cb0d6858759dd39fb941b0ef7d4911f995df2e293b74b798e48f997dcddaee","ready","docs/behavior_output_code_contracts/historical_resolution_readers.csv","6ef2091f8861ccfeed508d9aadc55ca71380fcac97c9b57c47d8c7b9fad182e8"
"history_temporal_instability_5min","06_behavioral_dynamics/temporal_instability/5min_based/figures/publication_panels/fano_movement_group_comparison.svg","history/temporal_instability/5min","figures/publication_panels/fano_movement_group_comparison.svg","352531093da4349a018e92b1b90d8bf83f810fcdc0eb253e74637e9a4f9a61a1","ready","docs/behavior_output_code_contracts/historical_resolution_readers.csv","6ef2091f8861ccfeed508d9aadc55ca71380fcac97c9b57c47d8c7b9fad182e8"
"history_temporal_instability_5min","06_behavioral_dynamics/temporal_instability/5min_based/figures/publication_panels/panel_a_timeline_metric_schematic.pdf","history/temporal_instability/5min","figures/publication_panels/panel_a_timeline_metric_schematic.pdf","dbb039d7b25e33943cfc6d70b5cc526fe6ec9840efee805c68ada932aff50e8f","ready","docs/behavior_output_code_contracts/historical_resolution_readers.csv","6ef2091f8861ccfeed508d9aadc55ca71380fcac97c9b57c47d8c7b9fad182e8"
"history_temporal_instability_5min","06_behavioral_dynamics/temporal_instability/5min_based/figures/publication_panels/panel_a_timeline_metric_schematic.png","history/temporal_instability/5min","figures/publication_panels/panel_a_timeline_metric_schematic.png","11f4e7a0b6b052bfffa3d63246fc6dd08e7693c9a6fc09c0a1fd0414281b2f54","ready","docs/behavior_output_code_contracts/historical_resolution_readers.csv","6ef2091f8861ccfeed508d9aadc55ca71380fcac97c9b57c47d8c7b9fad182e8"
"history_temporal_instability_5min","06_behavioral_dynamics/temporal_instability/5min_based/figures/publication_panels/panel_a_timeline_metric_schematic.svg","history/temporal_instability/5min","figures/publication_panels/panel_a_timeline_metric_schematic.svg","d2fb0a7c6ae10c47ac0d833d5fdc09715b628dcf3ca590760811b50d847a8c3b","ready","docs/behavior_output_code_contracts/historical_resolution_readers.csv","6ef2091f8861ccfeed508d9aadc55ca71380fcac97c9b57c47d8c7b9fad182e8"
"history_temporal_instability_5min","06_behavioral_dynamics/temporal_instability/5min_based/figures/publication_panels/panel_b_first_active_rolling_rmssd.pdf","history/temporal_instability/5min","figures/publication_panels/panel_b_first_active_rolling_rmssd.pdf","7af17fe6c5ab2a4a6360e449982d3caf0d6ac4b27ffe80916566d6fb64f2a77a","ready","docs/behavior_output_code_contracts/historical_resolution_readers.csv","6ef2091f8861ccfeed508d9aadc55ca71380fcac97c9b57c47d8c7b9fad182e8"
"history_temporal_instability_5min","06_behavioral_dynamics/temporal_instability/5min_based/figures/publication_panels/panel_b_first_active_rolling_rmssd.png","history/temporal_instability/5min","figures/publication_panels/panel_b_first_active_rolling_rmssd.png","78f7c2d926aabce655371206811f78769d843e6acc0beded59696711de50b7d1","ready","docs/behavior_output_code_contracts/historical_resolution_readers.csv","6ef2091f8861ccfeed508d9aadc55ca71380fcac97c9b57c47d8c7b9fad182e8"
"history_temporal_instability_5min","06_behavioral_dynamics/temporal_instability/5min_based/figures/publication_panels/panel_b_first_active_rolling_rmssd.svg","history/temporal_instability/5min","figures/publication_panels/panel_b_first_active_rolling_rmssd.svg","0817c9adee9d989fb2dae798d0378c57868030f337a53867cb7c245eea82d554","ready","docs/behavior_output_code_contracts/historical_resolution_readers.csv","6ef2091f8861ccfeed508d9aadc55ca71380fcac97c9b57c47d8c7b9fad182e8"
"history_temporal_instability_5min","06_behavioral_dynamics/temporal_instability/5min_based/figures/publication_panels/panel_c_cage_change_rmssd_trajectory.pdf","history/temporal_instability/5min","figures/publication_panels/panel_c_cage_change_rmssd_trajectory.pdf","a93c384ed7d282a84bcfb47570031c2e11fd16bd7c390906a791e8cfa57b103f","ready","docs/behavior_output_code_contracts/historical_resolution_readers.csv","6ef2091f8861ccfeed508d9aadc55ca71380fcac97c9b57c47d8c7b9fad182e8"
"history_temporal_instability_5min","06_behavioral_dynamics/temporal_instability/5min_based/figures/publication_panels/panel_c_cage_change_rmssd_trajectory.png","history/temporal_instability/5min","figures/publication_panels/panel_c_cage_change_rmssd_trajectory.png","c8f9a79e0f24cf9d1de0ff361b3c2838b3c8877b843322cc4a7b8dcb918e4ea4","ready","docs/behavior_output_code_contracts/historical_resolution_readers.csv","6ef2091f8861ccfeed508d9aadc55ca71380fcac97c9b57c47d8c7b9fad182e8"
"history_temporal_instability_5min","06_behavioral_dynamics/temporal_instability/5min_based/figures/publication_panels/panel_c_cage_change_rmssd_trajectory.svg","history/temporal_instability/5min","figures/publication_panels/panel_c_cage_change_rmssd_trajectory.svg","92e76c612f72deef59f30a9fc937efcb0f52fa2d56c5a1f0d7a10ef98b786e5b","ready","docs/behavior_output_code_contracts/historical_resolution_readers.csv","6ef2091f8861ccfeed508d9aadc55ca71380fcac97c9b57c47d8c7b9fad182e8"
"history_temporal_instability_5min","06_behavioral_dynamics/temporal_instability/5min_based/figures/publication_panels/panel_d_delta_rmssd_from_first_cage_change.pdf","history/temporal_instability/5min","figures/publication_panels/panel_d_delta_rmssd_from_first_cage_change.pdf","db2ed2163640a5fbe9a8807cd20cc4e0940056409ab2b4e7ae9a316236142502","ready","docs/behavior_output_code_contracts/historical_resolution_readers.csv","6ef2091f8861ccfeed508d9aadc55ca71380fcac97c9b57c47d8c7b9fad182e8"
"history_temporal_instability_5min","06_behavioral_dynamics/temporal_instability/5min_based/figures/publication_panels/panel_d_delta_rmssd_from_first_cage_change.png","history/temporal_instability/5min","figures/publication_panels/panel_d_delta_rmssd_from_first_cage_change.png","b43a094818f55793be267d623bef14523a7239cb363dd499bf17235148905de0","ready","docs/behavior_output_code_contracts/historical_resolution_readers.csv","6ef2091f8861ccfeed508d9aadc55ca71380fcac97c9b57c47d8c7b9fad182e8"
"history_temporal_instability_5min","06_behavioral_dynamics/temporal_instability/5min_based/figures/publication_panels/panel_d_delta_rmssd_from_first_cage_change.svg","history/temporal_instability/5min","figures/publication_panels/panel_d_delta_rmssd_from_first_cage_change.svg","3c8c34e3c5602d47737a2839446a878fb17813aea3bcf4a4f37d167dd4686384","ready","docs/behavior_output_code_contracts/historical_resolution_readers.csv","6ef2091f8861ccfeed508d9aadc55ca71380fcac97c9b57c47d8c7b9fad182e8"
"history_temporal_instability_5min","06_behavioral_dynamics/temporal_instability/5min_based/figures/publication_panels/panel_e_pairwise_contrast_forest.pdf","history/temporal_instability/5min","figures/publication_panels/panel_e_pairwise_contrast_forest.pdf","3ef97e0953a5d2eea86e160e619fb100a90da15438ec03d6925285b348acb9d2","ready","docs/behavior_output_code_contracts/historical_resolution_readers.csv","6ef2091f8861ccfeed508d9aadc55ca71380fcac97c9b57c47d8c7b9fad182e8"
"history_temporal_instability_5min","06_behavioral_dynamics/temporal_instability/5min_based/figures/publication_panels/panel_e_pairwise_contrast_forest.png","history/temporal_instability/5min","figures/publication_panels/panel_e_pairwise_contrast_forest.png","939b7c2b8ec287694e2ed646fef6d881ef9b2c83387b6e88286a11eee974c3d8","ready","docs/behavior_output_code_contracts/historical_resolution_readers.csv","6ef2091f8861ccfeed508d9aadc55ca71380fcac97c9b57c47d8c7b9fad182e8"
"history_temporal_instability_5min","06_behavioral_dynamics/temporal_instability/5min_based/figures/publication_panels/panel_e_pairwise_contrast_forest.svg","history/temporal_instability/5min","figures/publication_panels/panel_e_pairwise_contrast_forest.svg","e2cef9e7d6e767f6aec1cc25e40f06a549b80344fbcf41ba5bc65b6785410fef","ready","docs/behavior_output_code_contracts/historical_resolution_readers.csv","6ef2091f8861ccfeed508d9aadc55ca71380fcac97c9b57c47d8c7b9fad182e8"
"history_temporal_instability_5min","06_behavioral_dynamics/temporal_instability/5min_based/figures/publication_panels/README.txt","history/temporal_instability/5min","figures/publication_panels/README.txt","9b957880bf142e8e7ee5034d698dc3cf630f411fae5bfd345d64fabf57540a90","ready","docs/behavior_output_code_contracts/historical_resolution_readers.csv","6ef2091f8861ccfeed508d9aadc55ca71380fcac97c9b57c47d8c7b9fad182e8"
"history_temporal_instability_5min","06_behavioral_dynamics/temporal_instability/5min_based/figures/publication_panels/rmssd_all_metrics_group_comparison.pdf","history/temporal_instability/5min","figures/publication_panels/rmssd_all_metrics_group_comparison.pdf","0b564068fca681a3e6433783347bc8dc75d18c147fdcdbcb36bc6986512abe3d","ready","docs/behavior_output_code_contracts/historical_resolution_readers.csv","6ef2091f8861ccfeed508d9aadc55ca71380fcac97c9b57c47d8c7b9fad182e8"
"history_temporal_instability_5min","06_behavioral_dynamics/temporal_instability/5min_based/figures/publication_panels/rmssd_all_metrics_group_comparison.png","history/temporal_instability/5min","figures/publication_panels/rmssd_all_metrics_group_comparison.png","838c851960ec0d81476e0cf4a786b0f9b5d64827c8f5f28de6ceb28b029e7a12","ready","docs/behavior_output_code_contracts/historical_resolution_readers.csv","6ef2091f8861ccfeed508d9aadc55ca71380fcac97c9b57c47d8c7b9fad182e8"
"history_temporal_instability_5min","06_behavioral_dynamics/temporal_instability/5min_based/figures/publication_panels/rmssd_all_metrics_group_comparison.svg","history/temporal_instability/5min","figures/publication_panels/rmssd_all_metrics_group_comparison.svg","10b005129df470c7383b65994e08babf91ccbd012b7a275de445f4f76b67039a","ready","docs/behavior_output_code_contracts/historical_resolution_readers.csv","6ef2091f8861ccfeed508d9aadc55ca71380fcac97c9b57c47d8c7b9fad182e8"
"history_temporal_instability_5min","06_behavioral_dynamics/temporal_instability/5min_based/figures/publication_panels/rmssd_movement_across_cage_changes.pdf","history/temporal_instability/5min","figures/publication_panels/rmssd_movement_across_cage_changes.pdf","19d1810fc87dd1ed3ca0a93877a4c1a63d755be23a44ba1abcb771a96e8d9208","ready","docs/behavior_output_code_contracts/historical_resolution_readers.csv","6ef2091f8861ccfeed508d9aadc55ca71380fcac97c9b57c47d8c7b9fad182e8"
"history_temporal_instability_5min","06_behavioral_dynamics/temporal_instability/5min_based/figures/publication_panels/rmssd_movement_across_cage_changes.png","history/temporal_instability/5min","figures/publication_panels/rmssd_movement_across_cage_changes.png","ced7528296ef85b75a9c31a347bc50e30c54a5d8bee5cd30f6a67afe781a26ba","ready","docs/behavior_output_code_contracts/historical_resolution_readers.csv","6ef2091f8861ccfeed508d9aadc55ca71380fcac97c9b57c47d8c7b9fad182e8"
"history_temporal_instability_5min","06_behavioral_dynamics/temporal_instability/5min_based/figures/publication_panels/rmssd_movement_across_cage_changes.svg","history/temporal_instability/5min","figures/publication_panels/rmssd_movement_across_cage_changes.svg","3fc9b1eca4f692ae0c06a802b0ee11084fa2b6ba26cdba9a5c8ba39a50407d9c","ready","docs/behavior_output_code_contracts/historical_resolution_readers.csv","6ef2091f8861ccfeed508d9aadc55ca71380fcac97c9b57c47d8c7b9fad182e8"
"history_temporal_instability_5min","06_behavioral_dynamics/temporal_instability/5min_based/figures/publication_panels/rmssd_movement_first_active_first_cage_change.pdf","history/temporal_instability/5min","figures/publication_panels/rmssd_movement_first_active_first_cage_change.pdf","ad0992c1bd24779634220f96310730e80ca81c52f12822dabafd425f9c2cf2e8","ready","docs/behavior_output_code_contracts/historical_resolution_readers.csv","6ef2091f8861ccfeed508d9aadc55ca71380fcac97c9b57c47d8c7b9fad182e8"
"history_temporal_instability_5min","06_behavioral_dynamics/temporal_instability/5min_based/figures/publication_panels/rmssd_movement_first_active_first_cage_change.png","history/temporal_instability/5min","figures/publication_panels/rmssd_movement_first_active_first_cage_change.png","cdcf2c7da0804c74e80ebf068a0301815f91e30a708644e14018dcd631527242","ready","docs/behavior_output_code_contracts/historical_resolution_readers.csv","6ef2091f8861ccfeed508d9aadc55ca71380fcac97c9b57c47d8c7b9fad182e8"
"history_temporal_instability_5min","06_behavioral_dynamics/temporal_instability/5min_based/figures/publication_panels/rmssd_movement_first_active_first_cage_change.svg","history/temporal_instability/5min","figures/publication_panels/rmssd_movement_first_active_first_cage_change.svg","6aa887dd4a0d4f146d25676bcd4cde80058e75a2fe8dc70086ab64aa8a936cf1","ready","docs/behavior_output_code_contracts/historical_resolution_readers.csv","6ef2091f8861ccfeed508d9aadc55ca71380fcac97c9b57c47d8c7b9fad182e8"
"history_temporal_instability_5min","06_behavioral_dynamics/temporal_instability/5min_based/figures/publication_panels/rmssd_movement_group_comparison.pdf","history/temporal_instability/5min","figures/publication_panels/rmssd_movement_group_comparison.pdf","2e8b57eb2c90e4a8473a23720de07b06b50a881829d2fa9642c4e5c2832ccac3","ready","docs/behavior_output_code_contracts/historical_resolution_readers.csv","6ef2091f8861ccfeed508d9aadc55ca71380fcac97c9b57c47d8c7b9fad182e8"
"history_temporal_instability_5min","06_behavioral_dynamics/temporal_instability/5min_based/figures/publication_panels/rmssd_movement_group_comparison.png","history/temporal_instability/5min","figures/publication_panels/rmssd_movement_group_comparison.png","57b479f3f732250e38b536a7d2a7215b98dffd3c0ec16a9637682e3870d73efb","ready","docs/behavior_output_code_contracts/historical_resolution_readers.csv","6ef2091f8861ccfeed508d9aadc55ca71380fcac97c9b57c47d8c7b9fad182e8"
"history_temporal_instability_5min","06_behavioral_dynamics/temporal_instability/5min_based/figures/publication_panels/rmssd_movement_group_comparison.svg","history/temporal_instability/5min","figures/publication_panels/rmssd_movement_group_comparison.svg","4914bae21c3e0335093da47f4473c6a2af7582009b335b050bc3dfa6e02b19f3","ready","docs/behavior_output_code_contracts/historical_resolution_readers.csv","6ef2091f8861ccfeed508d9aadc55ca71380fcac97c9b57c47d8c7b9fad182e8"
"history_temporal_instability_5min","06_behavioral_dynamics/temporal_instability/5min_based/figures/publication_panels/rmssd_movement_pairwise_bars_by_cage_change.pdf","history/temporal_instability/5min","figures/publication_panels/rmssd_movement_pairwise_bars_by_cage_change.pdf","7765bf3bb85339311c7aec0c48be86a19a68176b69dafe2c3d10b2cb731833c2","ready","docs/behavior_output_code_contracts/historical_resolution_readers.csv","6ef2091f8861ccfeed508d9aadc55ca71380fcac97c9b57c47d8c7b9fad182e8"
"history_temporal_instability_5min","06_behavioral_dynamics/temporal_instability/5min_based/figures/publication_panels/rmssd_movement_pairwise_bars_by_cage_change.png","history/temporal_instability/5min","figures/publication_panels/rmssd_movement_pairwise_bars_by_cage_change.png","c9c5205b844c9b702943e43ef2e89ba2232ea8a513e814bb70625f92fd0c72db","ready","docs/behavior_output_code_contracts/historical_resolution_readers.csv","6ef2091f8861ccfeed508d9aadc55ca71380fcac97c9b57c47d8c7b9fad182e8"
"history_temporal_instability_5min","06_behavioral_dynamics/temporal_instability/5min_based/figures/publication_panels/rmssd_movement_pairwise_bars_by_cage_change.svg","history/temporal_instability/5min","figures/publication_panels/rmssd_movement_pairwise_bars_by_cage_change.svg","d767aee0f207e4c2f8933b8228cf744b5e42028deb3139e0e44f5120059494f7","ready","docs/behavior_output_code_contracts/historical_resolution_readers.csv","6ef2091f8861ccfeed508d9aadc55ca71380fcac97c9b57c47d8c7b9fad182e8"
"history_temporal_instability_5min","06_behavioral_dynamics/temporal_instability/5min_based/figures/publication_panels/rolling_rmssd_all_metrics_timecourse.pdf","history/temporal_instability/5min","figures/publication_panels/rolling_rmssd_all_metrics_timecourse.pdf","a9d5fd3a5071d365956572486f3e05a0c892ee0c897f734f2b9b7160cef8108f","ready","docs/behavior_output_code_contracts/historical_resolution_readers.csv","6ef2091f8861ccfeed508d9aadc55ca71380fcac97c9b57c47d8c7b9fad182e8"
"history_temporal_instability_5min","06_behavioral_dynamics/temporal_instability/5min_based/figures/publication_panels/rolling_rmssd_all_metrics_timecourse.png","history/temporal_instability/5min","figures/publication_panels/rolling_rmssd_all_metrics_timecourse.png","438466b72535dd903dc7fe666aa63a03e79fae069c1808df5b05be510e001217","ready","docs/behavior_output_code_contracts/historical_resolution_readers.csv","6ef2091f8861ccfeed508d9aadc55ca71380fcac97c9b57c47d8c7b9fad182e8"
"history_temporal_instability_5min","06_behavioral_dynamics/temporal_instability/5min_based/figures/publication_panels/rolling_rmssd_all_metrics_timecourse.svg","history/temporal_instability/5min","figures/publication_panels/rolling_rmssd_all_metrics_timecourse.svg","02cf010f57993f0b52fb8843a2376db5027048a8764be693ba2eec3952a79b7b","ready","docs/behavior_output_code_contracts/historical_resolution_readers.csv","6ef2091f8861ccfeed508d9aadc55ca71380fcac97c9b57c47d8c7b9fad182e8"
"history_temporal_instability_5min","06_behavioral_dynamics/temporal_instability/5min_based/figures/publication_panels/rolling_rmssd_movement_first_active_first_cage_change.pdf","history/temporal_instability/5min","figures/publication_panels/rolling_rmssd_movement_first_active_first_cage_change.pdf","fb6d97f81b8a54e05d5c1eae182a36327fe438f2d45f2c59f3f67946b41c0136","ready","docs/behavior_output_code_contracts/historical_resolution_readers.csv","6ef2091f8861ccfeed508d9aadc55ca71380fcac97c9b57c47d8c7b9fad182e8"
"history_temporal_instability_5min","06_behavioral_dynamics/temporal_instability/5min_based/figures/publication_panels/rolling_rmssd_movement_first_active_first_cage_change.png","history/temporal_instability/5min","figures/publication_panels/rolling_rmssd_movement_first_active_first_cage_change.png","91c958fd7910b3ebda441a07fc4370a793da341ff59189c84e83006889608fd6","ready","docs/behavior_output_code_contracts/historical_resolution_readers.csv","6ef2091f8861ccfeed508d9aadc55ca71380fcac97c9b57c47d8c7b9fad182e8"
"history_temporal_instability_5min","06_behavioral_dynamics/temporal_instability/5min_based/figures/publication_panels/rolling_rmssd_movement_first_active_first_cage_change.svg","history/temporal_instability/5min","figures/publication_panels/rolling_rmssd_movement_first_active_first_cage_change.svg","c2647d11e12da6c1d4c548699072288abef6d6018359c53dd672a92b9c30876e","ready","docs/behavior_output_code_contracts/historical_resolution_readers.csv","6ef2091f8861ccfeed508d9aadc55ca71380fcac97c9b57c47d8c7b9fad182e8"
"history_temporal_instability_5min","06_behavioral_dynamics/temporal_instability/5min_based/figures/publication_panels/rolling_rmssd_movement_timecourse.pdf","history/temporal_instability/5min","figures/publication_panels/rolling_rmssd_movement_timecourse.pdf","f4dedcf2068008937cd9ab46c6ac26cc4ea85596d3f45ff63728c7f2702896a0","ready","docs/behavior_output_code_contracts/historical_resolution_readers.csv","6ef2091f8861ccfeed508d9aadc55ca71380fcac97c9b57c47d8c7b9fad182e8"
"history_temporal_instability_5min","06_behavioral_dynamics/temporal_instability/5min_based/figures/publication_panels/rolling_rmssd_movement_timecourse.png","history/temporal_instability/5min","figures/publication_panels/rolling_rmssd_movement_timecourse.png","a61f77ab8104788a6c4c8ba1c50c0551e101940530a1fc8dd92c8fdbb21af9e7","ready","docs/behavior_output_code_contracts/historical_resolution_readers.csv","6ef2091f8861ccfeed508d9aadc55ca71380fcac97c9b57c47d8c7b9fad182e8"
"history_temporal_instability_5min","06_behavioral_dynamics/temporal_instability/5min_based/figures/publication_panels/rolling_rmssd_movement_timecourse.svg","history/temporal_instability/5min","figures/publication_panels/rolling_rmssd_movement_timecourse.svg","3aea6fadbc612e9890f04c362779db02449ac946068648bb3a756d690a173068","ready","docs/behavior_output_code_contracts/historical_resolution_readers.csv","6ef2091f8861ccfeed508d9aadc55ca71380fcac97c9b57c47d8c7b9fad182e8"
"history_temporal_instability_5min","06_behavioral_dynamics/temporal_instability/5min_based/figures/qc/README.txt","history/temporal_instability/5min","figures/qc/README.txt","fcc7347cfbb2d92ffff45d2d214694895194bd3da990013d0d8e3d556a6ef029","ready","docs/behavior_output_code_contracts/historical_resolution_readers.csv","6ef2091f8861ccfeed508d9aadc55ca71380fcac97c9b57c47d8c7b9fad182e8"
"history_temporal_instability_5min","06_behavioral_dynamics/temporal_instability/5min_based/figures/supplementary/README.txt","history/temporal_instability/5min","figures/supplementary/README.txt","72409480a7f9877bca1f93d2796bfdde2cf350a81c01a1dd3acfbcd060f10849","ready","docs/behavior_output_code_contracts/historical_resolution_readers.csv","6ef2091f8861ccfeed508d9aadc55ca71380fcac97c9b57c47d8c7b9fad182e8"
"history_temporal_instability_5min","06_behavioral_dynamics/temporal_instability/5min_based/figures/supplementary_all_metrics/acf1_all_metrics_group_comparison.pdf","history/temporal_instability/5min","figures/supplementary_all_metrics/acf1_all_metrics_group_comparison.pdf","873296d615f0db50eb64d954dd9930082ce749c683e933510df6d6bd59e528a8","ready","docs/behavior_output_code_contracts/historical_resolution_readers.csv","6ef2091f8861ccfeed508d9aadc55ca71380fcac97c9b57c47d8c7b9fad182e8"
"history_temporal_instability_5min","06_behavioral_dynamics/temporal_instability/5min_based/figures/supplementary_all_metrics/acf1_all_metrics_group_comparison.png","history/temporal_instability/5min","figures/supplementary_all_metrics/acf1_all_metrics_group_comparison.png","a4376ee77f6f3f35ae0263db217dd54f126b025f05df7fea412fd94ea6a1d2dd","ready","docs/behavior_output_code_contracts/historical_resolution_readers.csv","6ef2091f8861ccfeed508d9aadc55ca71380fcac97c9b57c47d8c7b9fad182e8"
"history_temporal_instability_5min","06_behavioral_dynamics/temporal_instability/5min_based/figures/supplementary_all_metrics/acf1_all_metrics_group_comparison.svg","history/temporal_instability/5min","figures/supplementary_all_metrics/acf1_all_metrics_group_comparison.svg","df6b78c9af553267900025416cf2590f199e0779a0302330e453b69e1381fc3d","ready","docs/behavior_output_code_contracts/historical_resolution_readers.csv","6ef2091f8861ccfeed508d9aadc55ca71380fcac97c9b57c47d8c7b9fad182e8"
"history_temporal_instability_5min","06_behavioral_dynamics/temporal_instability/5min_based/figures/supplementary_all_metrics/cv_all_metrics_group_comparison.pdf","history/temporal_instability/5min","figures/supplementary_all_metrics/cv_all_metrics_group_comparison.pdf","18538eada903153bf2d2aa8b2118adc9e8b39618341ccf7de0b0ceb0b029825d","ready","docs/behavior_output_code_contracts/historical_resolution_readers.csv","6ef2091f8861ccfeed508d9aadc55ca71380fcac97c9b57c47d8c7b9fad182e8"
"history_temporal_instability_5min","06_behavioral_dynamics/temporal_instability/5min_based/figures/supplementary_all_metrics/cv_all_metrics_group_comparison.png","history/temporal_instability/5min","figures/supplementary_all_metrics/cv_all_metrics_group_comparison.png","071012a93fd9c8807e2126ab95d4b4522c94514cd62c85327b2d04faff612f34","ready","docs/behavior_output_code_contracts/historical_resolution_readers.csv","6ef2091f8861ccfeed508d9aadc55ca71380fcac97c9b57c47d8c7b9fad182e8"
"history_temporal_instability_5min","06_behavioral_dynamics/temporal_instability/5min_based/figures/supplementary_all_metrics/cv_all_metrics_group_comparison.svg","history/temporal_instability/5min","figures/supplementary_all_metrics/cv_all_metrics_group_comparison.svg","ab3397e66431482e3e21aa84a99d7a17cf8b09a63a1478d893d7dfb0b0104182","ready","docs/behavior_output_code_contracts/historical_resolution_readers.csv","6ef2091f8861ccfeed508d9aadc55ca71380fcac97c9b57c47d8c7b9fad182e8"
"history_temporal_instability_5min","06_behavioral_dynamics/temporal_instability/5min_based/figures/supplementary_all_metrics/fano_all_metrics_group_comparison.pdf","history/temporal_instability/5min","figures/supplementary_all_metrics/fano_all_metrics_group_comparison.pdf","265217225dd4c321491876dd4d24e3ec7afb2a6bf64f90336e910d740bcaec85","ready","docs/behavior_output_code_contracts/historical_resolution_readers.csv","6ef2091f8861ccfeed508d9aadc55ca71380fcac97c9b57c47d8c7b9fad182e8"
"history_temporal_instability_5min","06_behavioral_dynamics/temporal_instability/5min_based/figures/supplementary_all_metrics/fano_all_metrics_group_comparison.png","history/temporal_instability/5min","figures/supplementary_all_metrics/fano_all_metrics_group_comparison.png","bc94d1bb7dc3b0befcad5b5a2d4fc35db6a588b8431b2e9c74b61805028aa6cb","ready","docs/behavior_output_code_contracts/historical_resolution_readers.csv","6ef2091f8861ccfeed508d9aadc55ca71380fcac97c9b57c47d8c7b9fad182e8"
"history_temporal_instability_5min","06_behavioral_dynamics/temporal_instability/5min_based/figures/supplementary_all_metrics/fano_all_metrics_group_comparison.svg","history/temporal_instability/5min","figures/supplementary_all_metrics/fano_all_metrics_group_comparison.svg","aceb8bec841b1398d9bb7ae266f27bd15cad92d3c934f21807f91ab3fef3f438","ready","docs/behavior_output_code_contracts/historical_resolution_readers.csv","6ef2091f8861ccfeed508d9aadc55ca71380fcac97c9b57c47d8c7b9fad182e8"
"history_temporal_instability_5min","06_behavioral_dynamics/temporal_instability/5min_based/figures/supplementary_all_metrics/rmssd_all_metrics_group_comparison.pdf","history/temporal_instability/5min","figures/supplementary_all_metrics/rmssd_all_metrics_group_comparison.pdf","0b564068fca681a3e6433783347bc8dc75d18c147fdcdbcb36bc6986512abe3d","ready","docs/behavior_output_code_contracts/historical_resolution_readers.csv","6ef2091f8861ccfeed508d9aadc55ca71380fcac97c9b57c47d8c7b9fad182e8"
"history_temporal_instability_5min","06_behavioral_dynamics/temporal_instability/5min_based/figures/supplementary_all_metrics/rmssd_all_metrics_group_comparison.png","history/temporal_instability/5min","figures/supplementary_all_metrics/rmssd_all_metrics_group_comparison.png","838c851960ec0d81476e0cf4a786b0f9b5d64827c8f5f28de6ceb28b029e7a12","ready","docs/behavior_output_code_contracts/historical_resolution_readers.csv","6ef2091f8861ccfeed508d9aadc55ca71380fcac97c9b57c47d8c7b9fad182e8"
"history_temporal_instability_5min","06_behavioral_dynamics/temporal_instability/5min_based/figures/supplementary_all_metrics/rmssd_all_metrics_group_comparison.svg","history/temporal_instability/5min","figures/supplementary_all_metrics/rmssd_all_metrics_group_comparison.svg","10b005129df470c7383b65994e08babf91ccbd012b7a275de445f4f76b67039a","ready","docs/behavior_output_code_contracts/historical_resolution_readers.csv","6ef2091f8861ccfeed508d9aadc55ca71380fcac97c9b57c47d8c7b9fad182e8"
"history_temporal_instability_5min","06_behavioral_dynamics/temporal_instability/5min_based/figures/supplementary_all_metrics/rolling_rmssd_all_metrics_timecourse.pdf","history/temporal_instability/5min","figures/supplementary_all_metrics/rolling_rmssd_all_metrics_timecourse.pdf","a9d5fd3a5071d365956572486f3e05a0c892ee0c897f734f2b9b7160cef8108f","ready","docs/behavior_output_code_contracts/historical_resolution_readers.csv","6ef2091f8861ccfeed508d9aadc55ca71380fcac97c9b57c47d8c7b9fad182e8"
"history_temporal_instability_5min","06_behavioral_dynamics/temporal_instability/5min_based/figures/supplementary_all_metrics/rolling_rmssd_all_metrics_timecourse.png","history/temporal_instability/5min","figures/supplementary_all_metrics/rolling_rmssd_all_metrics_timecourse.png","438466b72535dd903dc7fe666aa63a03e79fae069c1808df5b05be510e001217","ready","docs/behavior_output_code_contracts/historical_resolution_readers.csv","6ef2091f8861ccfeed508d9aadc55ca71380fcac97c9b57c47d8c7b9fad182e8"
"history_temporal_instability_5min","06_behavioral_dynamics/temporal_instability/5min_based/figures/supplementary_all_metrics/rolling_rmssd_all_metrics_timecourse.svg","history/temporal_instability/5min","figures/supplementary_all_metrics/rolling_rmssd_all_metrics_timecourse.svg","02cf010f57993f0b52fb8843a2376db5027048a8764be693ba2eec3952a79b7b","ready","docs/behavior_output_code_contracts/historical_resolution_readers.csv","6ef2091f8861ccfeed508d9aadc55ca71380fcac97c9b57c47d8c7b9fad182e8"
"history_temporal_instability_5min","06_behavioral_dynamics/temporal_instability/5min_based/stats_tables/delta_from_first_cage_change_instability_duration_sensitivity_consistency.csv","history/temporal_instability/5min","stats_tables/delta_from_first_cage_change_instability_duration_sensitivity_consistency.csv","1d1ad0c92f57e6dcf278e6cfa562fabcbdfee7ca7e5f923409d604eec60caa85","ready","docs/behavior_output_code_contracts/historical_resolution_readers.csv","6ef2091f8861ccfeed508d9aadc55ca71380fcac97c9b57c47d8c7b9fad182e8"
"history_temporal_instability_5min","06_behavioral_dynamics/temporal_instability/5min_based/stats_tables/delta_from_first_cage_change_instability_duration_sensitivity_group_contrasts.csv","history/temporal_instability/5min","stats_tables/delta_from_first_cage_change_instability_duration_sensitivity_group_contrasts.csv","47a7a4710cb691c77304579cca8d73b353e71e6f5f451fa3e4cac2e44fdf24dd","ready","docs/behavior_output_code_contracts/historical_resolution_readers.csv","6ef2091f8861ccfeed508d9aadc55ca71380fcac97c9b57c47d8c7b9fad182e8"
"history_temporal_instability_5min","06_behavioral_dynamics/temporal_instability/5min_based/stats_tables/delta_from_first_cage_change_instability_duration_sensitivity_group_summary.csv","history/temporal_instability/5min","stats_tables/delta_from_first_cage_change_instability_duration_sensitivity_group_summary.csv","ae81fb13c21c667c17da62f32fd2151e9d7a164f996ee5927be8fe7bbc343caa","ready","docs/behavior_output_code_contracts/historical_resolution_readers.csv","6ef2091f8861ccfeed508d9aadc55ca71380fcac97c9b57c47d8c7b9fad182e8"
"history_temporal_instability_5min","06_behavioral_dynamics/temporal_instability/5min_based/stats_tables/delta_from_first_cage_change_instability_group_contrasts.csv","history/temporal_instability/5min","stats_tables/delta_from_first_cage_change_instability_group_contrasts.csv","304d9ae936234f1450f7cfe4af95abfecb7b02d4e30dadbc500e126435d9414e","ready","docs/behavior_output_code_contracts/historical_resolution_readers.csv","6ef2091f8861ccfeed508d9aadc55ca71380fcac97c9b57c47d8c7b9fad182e8"
"history_temporal_instability_5min","06_behavioral_dynamics/temporal_instability/5min_based/stats_tables/delta_from_first_cage_change_instability_group_summary.csv","history/temporal_instability/5min","stats_tables/delta_from_first_cage_change_instability_group_summary.csv","6a8cd0bcee5c4e505ae7c4bb198fb139baa2b3eb83888f9e55de82d393aa765e","ready","docs/behavior_output_code_contracts/historical_resolution_readers.csv","6ef2091f8861ccfeed508d9aadc55ca71380fcac97c9b57c47d8c7b9fad182e8"
"history_temporal_instability_5min","06_behavioral_dynamics/temporal_instability/5min_based/stats_tables/first_active_first_cage_change_instability_duration_sensitivity_consistency.csv","history/temporal_instability/5min","stats_tables/first_active_first_cage_change_instability_duration_sensitivity_consistency.csv","cb925bbd91b5afc5276141c48e659bad4255db34ff3d8e01114dd8e4b0ae1b4e","ready","docs/behavior_output_code_contracts/historical_resolution_readers.csv","6ef2091f8861ccfeed508d9aadc55ca71380fcac97c9b57c47d8c7b9fad182e8"
"history_temporal_instability_5min","06_behavioral_dynamics/temporal_instability/5min_based/stats_tables/first_active_first_cage_change_instability_duration_sensitivity_group_contrasts.csv","history/temporal_instability/5min","stats_tables/first_active_first_cage_change_instability_duration_sensitivity_group_contrasts.csv","295066bfcbaedd04e011d80e798ea3f9853969a458460e147d351ad41571ab2a","ready","docs/behavior_output_code_contracts/historical_resolution_readers.csv","6ef2091f8861ccfeed508d9aadc55ca71380fcac97c9b57c47d8c7b9fad182e8"
"history_temporal_instability_5min","06_behavioral_dynamics/temporal_instability/5min_based/stats_tables/first_active_first_cage_change_instability_duration_sensitivity_group_summary.csv","history/temporal_instability/5min","stats_tables/first_active_first_cage_change_instability_duration_sensitivity_group_summary.csv","2a1c9fe94db0b05a87e01292dd5f1ed7eb7f2b9618cd7bcae4b8118460d573ee","ready","docs/behavior_output_code_contracts/historical_resolution_readers.csv","6ef2091f8861ccfeed508d9aadc55ca71380fcac97c9b57c47d8c7b9fad182e8"
"history_temporal_instability_5min","06_behavioral_dynamics/temporal_instability/5min_based/stats_tables/first_active_first_cage_change_instability_group_contrasts.csv","history/temporal_instability/5min","stats_tables/first_active_first_cage_change_instability_group_contrasts.csv","e78d790bccc8aed1d9ee24532536ce2e74a18dc41bdcdab790e6952c51220824","ready","docs/behavior_output_code_contracts/historical_resolution_readers.csv","6ef2091f8861ccfeed508d9aadc55ca71380fcac97c9b57c47d8c7b9fad182e8"
"history_temporal_instability_5min","06_behavioral_dynamics/temporal_instability/5min_based/stats_tables/first_active_first_cage_change_instability_group_summary.csv","history/temporal_instability/5min","stats_tables/first_active_first_cage_change_instability_group_summary.csv","08362552e8298bf0b3d80e104a245d34e348bf2ff6c882c8158239558e662905","ready","docs/behavior_output_code_contracts/historical_resolution_readers.csv","6ef2091f8861ccfeed508d9aadc55ca71380fcac97c9b57c47d8c7b9fad182e8"
"history_temporal_instability_5min","06_behavioral_dynamics/temporal_instability/5min_based/stats_tables/overall_cage_change_phase_instability_duration_sensitivity_consistency.csv","history/temporal_instability/5min","stats_tables/overall_cage_change_phase_instability_duration_sensitivity_consistency.csv","4209281eb5b754b67ddad078f0795e341501882a72fdeaadf6b3e056681bcae9","ready","docs/behavior_output_code_contracts/historical_resolution_readers.csv","6ef2091f8861ccfeed508d9aadc55ca71380fcac97c9b57c47d8c7b9fad182e8"
"history_temporal_instability_5min","06_behavioral_dynamics/temporal_instability/5min_based/stats_tables/overall_cage_change_phase_instability_duration_sensitivity_group_contrasts.csv","history/temporal_instability/5min","stats_tables/overall_cage_change_phase_instability_duration_sensitivity_group_contrasts.csv","698122de1650c17637758319aeb7ee944bb0c8c7bdaebc29d6dbad9cb9012a80","ready","docs/behavior_output_code_contracts/historical_resolution_readers.csv","6ef2091f8861ccfeed508d9aadc55ca71380fcac97c9b57c47d8c7b9fad182e8"
"history_temporal_instability_5min","06_behavioral_dynamics/temporal_instability/5min_based/stats_tables/overall_cage_change_phase_instability_duration_sensitivity_group_summary.csv","history/temporal_instability/5min","stats_tables/overall_cage_change_phase_instability_duration_sensitivity_group_summary.csv","8e5452a7279da366354a3bc74354a8f2f7828e67f9e47c5bb6dd321bef55abcb","ready","docs/behavior_output_code_contracts/historical_resolution_readers.csv","6ef2091f8861ccfeed508d9aadc55ca71380fcac97c9b57c47d8c7b9fad182e8"
"history_temporal_instability_5min","06_behavioral_dynamics/temporal_instability/5min_based/stats_tables/overall_cage_change_phase_instability_group_contrasts.csv","history/temporal_instability/5min","stats_tables/overall_cage_change_phase_instability_group_contrasts.csv","9b3cc4d72287d429f2af37360b7f449f0ada8449fe2910e18387b4e475f3d051","ready","docs/behavior_output_code_contracts/historical_resolution_readers.csv","6ef2091f8861ccfeed508d9aadc55ca71380fcac97c9b57c47d8c7b9fad182e8"
"history_temporal_instability_5min","06_behavioral_dynamics/temporal_instability/5min_based/stats_tables/overall_cage_change_phase_instability_group_summary.csv","history/temporal_instability/5min","stats_tables/overall_cage_change_phase_instability_group_summary.csv","a575acff75a46c5b847cc64e6cc293bccfbdae6b1908caacbd313da3ffc303e3","ready","docs/behavior_output_code_contracts/historical_resolution_readers.csv","6ef2091f8861ccfeed508d9aadc55ca71380fcac97c9b57c47d8c7b9fad182e8"
"history_temporal_instability_5min","06_behavioral_dynamics/temporal_instability/5min_based/tables/behavioral_finding_priority_all_tests.csv","history/temporal_instability/5min","tables/behavioral_finding_priority_all_tests.csv","8cb16ac325d17fdea59e722355babf6ac3a613d0ac128af9b272b42567c3fa5a","ready","docs/behavior_output_code_contracts/historical_resolution_readers.csv","6ef2091f8861ccfeed508d9aadc55ca71380fcac97c9b57c47d8c7b9fad182e8"
"history_temporal_instability_5min","06_behavioral_dynamics/temporal_instability/5min_based/tables/behavioral_finding_priority_shortlist.csv","history/temporal_instability/5min","tables/behavioral_finding_priority_shortlist.csv","563948c9e39512eb2fa8bfc7984b4b8eb2a4b306e1706723c79830953c3ed92f","ready","docs/behavior_output_code_contracts/historical_resolution_readers.csv","6ef2091f8861ccfeed508d9aadc55ca71380fcac97c9b57c47d8c7b9fad182e8"
"history_temporal_instability_5min","06_behavioral_dynamics/temporal_instability/5min_based/tables/behavioral_key_patterns.csv","history/temporal_instability/5min","tables/behavioral_key_patterns.csv","f36411225e1d184abba19045f4ace42ab1b442f98d5a6bf6427da89cbcfbd0ee","ready","docs/behavior_output_code_contracts/historical_resolution_readers.csv","6ef2091f8861ccfeed508d9aadc55ca71380fcac97c9b57c47d8c7b9fad182e8"
"history_temporal_instability_5min","06_behavioral_dynamics/temporal_instability/5min_based/tables/behavioral_pattern_classification.csv","history/temporal_instability/5min","tables/behavioral_pattern_classification.csv","a581909bedded86d62a79f2462304472e5b5edaa490b6be65a4e0c372563d9e5","ready","docs/behavior_output_code_contracts/historical_resolution_readers.csv","6ef2091f8861ccfeed508d9aadc55ca71380fcac97c9b57c47d8c7b9fad182e8"
"history_temporal_instability_5min","06_behavioral_dynamics/temporal_instability/5min_based/tables/behavioral_readout_definitions.csv","history/temporal_instability/5min","tables/behavioral_readout_definitions.csv","697c349227106f2802ac20eeb1b88b4d68a63af15c5e671caa66a746f265c2d5","ready","docs/behavior_output_code_contracts/historical_resolution_readers.csv","6ef2091f8861ccfeed508d9aadc55ca71380fcac97c9b57c47d8c7b9fad182e8"
"history_temporal_instability_5min","06_behavioral_dynamics/temporal_instability/5min_based/tables/cage_change_delta_instability_all_metrics.csv","history/temporal_instability/5min","tables/cage_change_delta_instability_all_metrics.csv","2955871225ffd4a98ee2bddbb2f58cdd73d0f92363982745554d918404b740f7","ready","docs/behavior_output_code_contracts/historical_resolution_readers.csv","6ef2091f8861ccfeed508d9aadc55ca71380fcac97c9b57c47d8c7b9fad182e8"
"history_temporal_instability_5min","06_behavioral_dynamics/temporal_instability/5min_based/tables/cage_change_delta_instability_primary_movement.csv","history/temporal_instability/5min","tables/cage_change_delta_instability_primary_movement.csv","3ea6ce6e318b6b1d0eb83632be4159642b881fe9365b290ae97200f55a59e170","ready","docs/behavior_output_code_contracts/historical_resolution_readers.csv","6ef2091f8861ccfeed508d9aadc55ca71380fcac97c9b57c47d8c7b9fad182e8"
"history_temporal_instability_5min","06_behavioral_dynamics/temporal_instability/5min_based/tables/epoch_duration_qc.csv","history/temporal_instability/5min","tables/epoch_duration_qc.csv","311211606bdd3524c8e4558995fb9c00be7e1fcde3d5d6551e5200b00272fb90","ready","docs/behavior_output_code_contracts/historical_resolution_readers.csv","6ef2091f8861ccfeed508d9aadc55ca71380fcac97c9b57c47d8c7b9fad182e8"
"history_temporal_instability_5min","06_behavioral_dynamics/temporal_instability/5min_based/tables/first_active_first_cage_change_instability_all_metrics.csv","history/temporal_instability/5min","tables/first_active_first_cage_change_instability_all_metrics.csv","50e0448538615c866f1ef137fcd02fef0511fcefba8c0c4852ea0a99de3a54ad","ready","docs/behavior_output_code_contracts/historical_resolution_readers.csv","6ef2091f8861ccfeed508d9aadc55ca71380fcac97c9b57c47d8c7b9fad182e8"
"history_temporal_instability_5min","06_behavioral_dynamics/temporal_instability/5min_based/tables/first_active_first_cage_change_instability_primary_movement.csv","history/temporal_instability/5min","tables/first_active_first_cage_change_instability_primary_movement.csv","c80d30bd496079fe47f5cfa5f5204b9dc7f87240d38485c908d52ef1e8cf1a6e","ready","docs/behavior_output_code_contracts/historical_resolution_readers.csv","6ef2091f8861ccfeed508d9aadc55ca71380fcac97c9b57c47d8c7b9fad182e8"
"history_temporal_instability_5min","06_behavioral_dynamics/temporal_instability/5min_based/tables/first_active_first_cage_change_rolling_instability_all_metrics.csv","history/temporal_instability/5min","tables/first_active_first_cage_change_rolling_instability_all_metrics.csv","18b3dbda6e16b94550cb8f534777b69e3aa39347e732f11c71ff6a1059107f70","ready","docs/behavior_output_code_contracts/historical_resolution_readers.csv","6ef2091f8861ccfeed508d9aadc55ca71380fcac97c9b57c47d8c7b9fad182e8"
"history_temporal_instability_5min","06_behavioral_dynamics/temporal_instability/5min_based/tables/first_active_first_cage_change_timecourse_all_metrics.csv","history/temporal_instability/5min","tables/first_active_first_cage_change_timecourse_all_metrics.csv","d93507f1013dc70159adc2e6d0df15e8a4b68881257ff79584178896072cbe46","ready","docs/behavior_output_code_contracts/historical_resolution_readers.csv","6ef2091f8861ccfeed508d9aadc55ca71380fcac97c9b57c47d8c7b9fad182e8"
"history_temporal_instability_5min","06_behavioral_dynamics/temporal_instability/5min_based/tables/output_figure_inventory.csv","history/temporal_instability/5min","tables/output_figure_inventory.csv","ab4d30ef583a3cdbfb1c7c4321a28dda8718cae28e3d42e0835bb5df96a343d8","ready","docs/behavior_output_code_contracts/historical_resolution_readers.csv","6ef2091f8861ccfeed508d9aadc55ca71380fcac97c9b57c47d8c7b9fad182e8"
"history_temporal_instability_5min","06_behavioral_dynamics/temporal_instability/5min_based/tables/output_folder_summary.csv","history/temporal_instability/5min","tables/output_folder_summary.csv","7b41438a7032be50c98c12c18a746d3b9a7a42faf5558f7dd8bb71185fff4e67","ready","docs/behavior_output_code_contracts/historical_resolution_readers.csv","6ef2091f8861ccfeed508d9aadc55ca71380fcac97c9b57c47d8c7b9fad182e8"
"history_temporal_instability_5min","06_behavioral_dynamics/temporal_instability/5min_based/tables/publication_cage_change_rmssd_summary.csv","history/temporal_instability/5min","tables/publication_cage_change_rmssd_summary.csv","d271b8fadb034b33ed7cd111eaf3c7776b8807d4806251aff60bcdf873dd2845","ready","docs/behavior_output_code_contracts/historical_resolution_readers.csv","6ef2091f8861ccfeed508d9aadc55ca71380fcac97c9b57c47d8c7b9fad182e8"
"history_temporal_instability_5min","06_behavioral_dynamics/temporal_instability/5min_based/tables/publication_delta_effect_size_heatmap_data.csv","history/temporal_instability/5min","tables/publication_delta_effect_size_heatmap_data.csv","35360fa67ba1384a6aa52810319188af92cea587e7f49e329a051a2943738aff","ready","docs/behavior_output_code_contracts/historical_resolution_readers.csv","6ef2091f8861ccfeed508d9aadc55ca71380fcac97c9b57c47d8c7b9fad182e8"
"history_temporal_instability_5min","06_behavioral_dynamics/temporal_instability/5min_based/tables/publication_delta_rmssd_summary.csv","history/temporal_instability/5min","tables/publication_delta_rmssd_summary.csv","b11aa7684ae7346324d5863efd11fcce83531c88989e84b793aa758b3bf10e70","ready","docs/behavior_output_code_contracts/historical_resolution_readers.csv","6ef2091f8861ccfeed508d9aadc55ca71380fcac97c9b57c47d8c7b9fad182e8"
"history_temporal_instability_5min","06_behavioral_dynamics/temporal_instability/5min_based/tables/publication_first_active_rolling_rmssd_summary.csv","history/temporal_instability/5min","tables/publication_first_active_rolling_rmssd_summary.csv","0f776b4b49cc0f650209a882b2fe733ddae0627b4a023d66f8f824f291057100","ready","docs/behavior_output_code_contracts/historical_resolution_readers.csv","6ef2091f8861ccfeed508d9aadc55ca71380fcac97c9b57c47d8c7b9fad182e8"
"history_temporal_instability_5min","06_behavioral_dynamics/temporal_instability/5min_based/tables/publication_instability_effect_size_heatmap_data.csv","history/temporal_instability/5min","tables/publication_instability_effect_size_heatmap_data.csv","df36aee19322b8bc1ef00479ed9b133c1af54cdccfbe7790029d8668162fa3dc","ready","docs/behavior_output_code_contracts/historical_resolution_readers.csv","6ef2091f8861ccfeed508d9aadc55ca71380fcac97c9b57c47d8c7b9fad182e8"
"history_temporal_instability_5min","06_behavioral_dynamics/temporal_instability/5min_based/tables/publication_pairwise_contrast_forest_data.csv","history/temporal_instability/5min","tables/publication_pairwise_contrast_forest_data.csv","6a90e4b9b77f16f4441378a30c5d9391c5b7f449b335cd8094b0252c1a9305c0","ready","docs/behavior_output_code_contracts/historical_resolution_readers.csv","6ef2091f8861ccfeed508d9aadc55ca71380fcac97c9b57c47d8c7b9fad182e8"
"history_temporal_instability_5min","06_behavioral_dynamics/temporal_instability/5min_based/tables/publication_phase_timing_map.csv","history/temporal_instability/5min","tables/publication_phase_timing_map.csv","3c92ee3414a580d4f345564fdaa9bcaa47a000171bed511946b1fc9eba18dcf0","ready","docs/behavior_output_code_contracts/historical_resolution_readers.csv","6ef2091f8861ccfeed508d9aadc55ca71380fcac97c9b57c47d8c7b9fad182e8"
"history_temporal_instability_5min","06_behavioral_dynamics/temporal_instability/5min_based/tables/publication_stress_model_comparisons.csv","history/temporal_instability/5min","tables/publication_stress_model_comparisons.csv","1b16b3b7d3f4e33c34548100c539073fd9dc8cf39341cd1889c0327bdb72c811","ready","docs/behavior_output_code_contracts/historical_resolution_readers.csv","6ef2091f8861ccfeed508d9aadc55ca71380fcac97c9b57c47d8c7b9fad182e8"
"history_temporal_instability_5min","06_behavioral_dynamics/temporal_instability/5min_based/tables/publication_stress_model_timing_map.csv","history/temporal_instability/5min","tables/publication_stress_model_timing_map.csv","7a06c6c941b7bf65a4202b77dd75d1f339b62751c38f3640d8f0157bdaba2a0e","ready","docs/behavior_output_code_contracts/historical_resolution_readers.csv","6ef2091f8861ccfeed508d9aadc55ca71380fcac97c9b57c47d8c7b9fad182e8"
"history_temporal_instability_5min","06_behavioral_dynamics/temporal_instability/5min_based/tables/rolling_instability_metrics_all_metrics.csv","history/temporal_instability/5min","tables/rolling_instability_metrics_all_metrics.csv","60018d84a2f54bf9959a8ff64ae2c58cfbef447f9b3a8599a5ddb6c9712dae51","ready","docs/behavior_output_code_contracts/historical_resolution_readers.csv","6ef2091f8861ccfeed508d9aadc55ca71380fcac97c9b57c47d8c7b9fad182e8"
"history_temporal_instability_5min","06_behavioral_dynamics/temporal_instability/5min_based/tables/rolling_instability_metrics_primary_movement.csv","history/temporal_instability/5min","tables/rolling_instability_metrics_primary_movement.csv","8a860e5748f309ad49e837b69cbb49cf6f151823d425653fd335f824b76b7440","ready","docs/behavior_output_code_contracts/historical_resolution_readers.csv","6ef2091f8861ccfeed508d9aadc55ca71380fcac97c9b57c47d8c7b9fad182e8"
"history_temporal_instability_5min","06_behavioral_dynamics/temporal_instability/5min_based/tables/temporal_instability_group_summary_all_metrics.csv","history/temporal_instability/5min","tables/temporal_instability_group_summary_all_metrics.csv","72da11b063e0f76b96eda18e8738ba7c4075e6f1470af4c65fc4cbd9b7b1bb79","ready","docs/behavior_output_code_contracts/historical_resolution_readers.csv","6ef2091f8861ccfeed508d9aadc55ca71380fcac97c9b57c47d8c7b9fad182e8"
"history_temporal_instability_5min","06_behavioral_dynamics/temporal_instability/5min_based/tables/temporal_instability_group_summary_primary_movement.csv","history/temporal_instability/5min","tables/temporal_instability_group_summary_primary_movement.csv","9eb824ad7ffea4098050df4865381945c8597c9ef21a8c8c5bbb1cfb5a779310","ready","docs/behavior_output_code_contracts/historical_resolution_readers.csv","6ef2091f8861ccfeed508d9aadc55ca71380fcac97c9b57c47d8c7b9fad182e8"
"history_temporal_instability_5min","06_behavioral_dynamics/temporal_instability/5min_based/tables/temporal_instability_metrics_per_animal_all_metrics_duration_tagged_full.csv","history/temporal_instability/5min","tables/temporal_instability_metrics_per_animal_all_metrics_duration_tagged_full.csv","d579e42b3916c0adeff057daf58b7b14499e54ef820106118a61dc8f585af84d","ready","docs/behavior_output_code_contracts/historical_resolution_readers.csv","6ef2091f8861ccfeed508d9aadc55ca71380fcac97c9b57c47d8c7b9fad182e8"
"history_temporal_instability_5min","06_behavioral_dynamics/temporal_instability/5min_based/tables/temporal_instability_metrics_per_animal_all_metrics_excluding_short_duration.csv","history/temporal_instability/5min","tables/temporal_instability_metrics_per_animal_all_metrics_excluding_short_duration.csv","8e7d40463ac36caf4936a1da31a31fd72b301bee6d5c2952717d0291624dcde5","ready","docs/behavior_output_code_contracts/historical_resolution_readers.csv","6ef2091f8861ccfeed508d9aadc55ca71380fcac97c9b57c47d8c7b9fad182e8"
"history_temporal_instability_5min","06_behavioral_dynamics/temporal_instability/5min_based/tables/temporal_instability_metrics_per_animal_all_metrics.csv","history/temporal_instability/5min","tables/temporal_instability_metrics_per_animal_all_metrics.csv","856b6d189774efead14341ffcb63d8409ba1189037534864110dce9b2dd56e15","ready","docs/behavior_output_code_contracts/historical_resolution_readers.csv","6ef2091f8861ccfeed508d9aadc55ca71380fcac97c9b57c47d8c7b9fad182e8"
"history_temporal_instability_5min","06_behavioral_dynamics/temporal_instability/5min_based/tables/temporal_instability_metrics_per_animal_primary_movement.csv","history/temporal_instability/5min","tables/temporal_instability_metrics_per_animal_primary_movement.csv","b502fa9d6bffb32189b5410d051380ee374fd014142850130effd95b54f4c127","ready","docs/behavior_output_code_contracts/historical_resolution_readers.csv","6ef2091f8861ccfeed508d9aadc55ca71380fcac97c9b57c47d8c7b9fad182e8"
"history_temporal_instability_5min","06_behavioral_dynamics/temporal_instability/5min_based/tables/temporal_maintext_feature_set.csv","history/temporal_instability/5min","tables/temporal_maintext_feature_set.csv","75f1ccbb6a968bb47b119e2fb04bdf9cc21aa9c11cb45afa3c660bc3e5f40c99","ready","docs/behavior_output_code_contracts/historical_resolution_readers.csv","6ef2091f8861ccfeed508d9aadc55ca71380fcac97c9b57c47d8c7b9fad182e8"
"history_temporal_instability_5min","06_behavioral_dynamics/temporal_instability/5min_based/tables/temporal_organization_interpretation_guide.csv","history/temporal_instability/5min","tables/temporal_organization_interpretation_guide.csv","7d32a06fa1f1a23b37a6da187eefd327f32525162e66538a811daa2dd4fabbaf","ready","docs/behavior_output_code_contracts/historical_resolution_readers.csv","6ef2091f8861ccfeed508d9aadc55ca71380fcac97c9b57c47d8c7b9fad182e8"
"history_gamm_features_30min","06_behavioral_dynamics/gamm_features/30min_based/output_manifest.csv","history/gamm_features/30min","output_manifest.csv","f7c7613eb72b2de0d8618aca16c3f2830e3af663dabbbc67832561229c1f892d","ready","docs/behavior_output_code_contracts/historical_resolution_readers.csv","6ef2091f8861ccfeed508d9aadc55ca71380fcac97c9b57c47d8c7b9fad182e8"
"history_gamm_features_30min","06_behavioral_dynamics/gamm_features/30min_based/tables/combined_gamm_features.csv","history/gamm_features/30min","tables/combined_gamm_features.csv","6cd6179692210cbd378df159f1a4e3d9839fa1b30137b3b88085dcd0fe5da254","ready","docs/behavior_output_code_contracts/historical_resolution_readers.csv","6ef2091f8861ccfeed508d9aadc55ca71380fcac97c9b57c47d8c7b9fad182e8"
"history_gamm_features_30min","06_behavioral_dynamics/gamm_features/30min_based/tables/entropy_gamm_features.csv","history/gamm_features/30min","tables/entropy_gamm_features.csv","934bcde665ea95ebb511014fb2ad425f712261bd3833c6b25048e504621551bb","ready","docs/behavior_output_code_contracts/historical_resolution_readers.csv","6ef2091f8861ccfeed508d9aadc55ca71380fcac97c9b57c47d8c7b9fad182e8"
"history_gamm_features_30min","06_behavioral_dynamics/gamm_features/30min_based/tables/epoch_duration_qc.csv","history/gamm_features/30min","tables/epoch_duration_qc.csv","01b321ec65d668cc94b8aaf7c17174d11a036954a7631a2af435fa517f603baf","ready","docs/behavior_output_code_contracts/historical_resolution_readers.csv","6ef2091f8861ccfeed508d9aadc55ca71380fcac97c9b57c47d8c7b9fad182e8"
"history_gamm_features_30min","06_behavioral_dynamics/gamm_features/30min_based/tables/gamm_model_qc.csv","history/gamm_features/30min","tables/gamm_model_qc.csv","fe444a64845af9c03b494f8550d07a574c8fd718e90bb42cf99651ad133de3ca","ready","docs/behavior_output_code_contracts/historical_resolution_readers.csv","6ef2091f8861ccfeed508d9aadc55ca71380fcac97c9b57c47d8c7b9fad182e8"
"history_gamm_features_30min","06_behavioral_dynamics/gamm_features/30min_based/tables/gamm_trajectory_interpretation_guide.csv","history/gamm_features/30min","tables/gamm_trajectory_interpretation_guide.csv","c1f47990469dcb155c664e46c1f3e7e8deeb7526c22fa4410a3e52bf424a6852","ready","docs/behavior_output_code_contracts/historical_resolution_readers.csv","6ef2091f8861ccfeed508d9aadc55ca71380fcac97c9b57c47d8c7b9fad182e8"
"history_gamm_features_30min","06_behavioral_dynamics/gamm_features/30min_based/tables/gamm_trajectory_robustness_summary.csv","history/gamm_features/30min","tables/gamm_trajectory_robustness_summary.csv","e1caa102ad1562a7387e96aedf69c70ba153583b24d800942bfcea939ef5328b","ready","docs/behavior_output_code_contracts/historical_resolution_readers.csv","6ef2091f8861ccfeed508d9aadc55ca71380fcac97c9b57c47d8c7b9fad182e8"
"history_gamm_features_30min","06_behavioral_dynamics/gamm_features/30min_based/tables/movement_gamm_features.csv","history/gamm_features/30min","tables/movement_gamm_features.csv","72f878df6a9104030b301da316009de740e7692b915adc7b50d3f58fc43fc082","ready","docs/behavior_output_code_contracts/historical_resolution_readers.csv","6ef2091f8861ccfeed508d9aadc55ca71380fcac97c9b57c47d8c7b9fad182e8"
"history_gamm_features_30min","06_behavioral_dynamics/gamm_features/30min_based/tables/proximity_gamm_features.csv","history/gamm_features/30min","tables/proximity_gamm_features.csv","5f1168cbf3f3d51ffde59e54a66a6f549c2ffdfbc8c52a60470fd4ac4b6b3854","ready","docs/behavior_output_code_contracts/historical_resolution_readers.csv","6ef2091f8861ccfeed508d9aadc55ca71380fcac97c9b57c47d8c7b9fad182e8"
